season,week,game_id,date,status,home_team,home_abbr,home_score,home_record,away_team,away_abbr,away_score,away_record,home_win,total_points,point_differential,venue,city,neutral_site,network,away_win,home_ppg_L3,home_ppg_allowed_L3,home_win_rate_L3,home_ppg_L5,home_ppg_allowed_L5,home_win_rate_L5,home_ppg_L10,home_ppg_allowed_L10,home_win_rate_L10,away_ppg_L3,away_ppg_allowed_L3,away_win_rate_L3,away_ppg_L5,away_ppg_allowed_L5,away_win_rate_L5,away_ppg_L10,away_ppg_allowed_L10,away_win_rate_L10,elo_home_before,elo_away_before,elo_diff,elo_home_prob,home_rest_days,away_rest_days,rest_advantage,home_b2b,away_b2b,season_progress,target_home_win,target_spread,target_total,home_cover_spread
2021,1,401326322,2021-09-10 00:20:00+00:00,STATUS_FINAL,Tampa Bay Buccaneers,TB,31,1-0,Dallas Cowboys,DAL,29,0-1,True,60,2,Raymond James Stadium,Tampa,False,NBC,False,,,,,,,,,,,,,,,,,,,1500.0,1500.0,0.0,0.5924662305843318,,,,0,0,0.25,1,2,60,0
2021,1,401326311,2021-09-12 17:00:00+00:00,STATUS_FINAL,Tennessee Titans,TEN,13,0-1,Arizona Cardinals,ARI,38,1-0,False,51,25,Nissan Stadium,Nashville,False,CBS,True,,,,,,,,,,,,,,,,,,,1500.0,1500.0,0.0,0.5924662305843318,,,,0,0,0.0,0,-25,51,0
2021,1,401326312,2021-09-12 17:00:00+00:00,STATUS_FINAL,Washington,WSH,16,0-1,Los Angeles Chargers,LAC,20,1-0,False,36,4,Northwest Stadium,Landover,False,CBS,True,,,,,,,,,,,,,,,,,,,1500.0,1500.0,0.0,0.5924662305843318,,,,0,0,0.4963235294117647,0,-4,36,0
2021,1,401326308,2021-09-12 17:00:00+00:00,STATUS_FINAL,Buffalo Bills,BUF,16,0-1,Pittsburgh Steelers,PIT,23,1-0,False,39,7,Highmark Stadium,Orchard Park,False,CBS,True,,,,,,,,,,,,,,,,,,,1500.0,1500.0,0.0,0.5924662305843318,,,,0,0,0.8088235294117647,0,-7,39,0
2021,1,401326318,2021-09-12 17:00:00+00:00,STATUS_FINAL,Indianapolis Colts,IND,16,0-1,Seattle Seahawks,SEA,28,1-0,False,44,12,Lucas Oil Stadium,Indianapolis,False,FOX,True,,,,,,,,,,,,,,,,,,,1500.0,1500.0,0.0,0.5924662305843318,,,,0,0,0.8382352941176471,0,-12,44,0
2021,1,401326310,2021-09-12 17:00:00+00:00,STATUS_FINAL,Houston Texans,HOU,37,1-0,Jacksonville Jaguars,JAX,21,0-1,True,58,16,NRG Stadium,Houston,False,CBS,False,,,,,,,,,,,,,,,,,,,1500.0,1500.0,0.0,0.5924662305843318,,,,0,0,0.4375,1,16,58,1
2021,1,401326316,2021-09-12 17:00:00+00:00,STATUS_FINAL,Cincinnati Bengals,CIN,27,1-0,Minnesota Vikings,MIN,24,0-1,True,51,3,Paycor Stadium,Cincinnati,False,FOX,False,,,,,,,,,,,,,,,,,,,1500.0,1500.0,0.0,0.5924662305843318,,,,0,0,0.6176470588235294,1,3,51,0
2021,1,401326309,2021-09-12 17:00:00+00:00,STATUS_FINAL,Carolina Panthers,CAR,19,1-0,New York Jets,NYJ,14,0-1,True,33,5,Bank of America Stadium,Charlotte,False,CBS,False,,,,,,,,,,,,,,,,,,,1500.0,1500.0,0.0,0.5924662305843318,,,,0,0,0.7463235294117647,1,5,33,1
2021,1,401326317,2021-09-12 17:00:00+00:00,STATUS_FINAL,Detroit Lions,DET,33,0-1,San Francisco 49ers,SF,41,1-0,False,74,8,Ford Field,Detroit,False,FOX,True,,,,,,,,,,,,,,,,,,,1500.0,1500.0,0.0,0.5924662305843318,,,,0,0,0.8713235294117647,0,-8,74,0
2021,1,401326315,2021-09-12 17:00:00+00:00,STATUS_FINAL,Atlanta Falcons,ATL,6,0-1,Philadelphia Eagles,PHI,32,1-0,False,38,26,Mercedes-Benz Stadium,Atlanta,False,FOX,True,,,,,,,,,,,,,,,,,,,1500.0,1500.0,0.0,0.5924662305843318,,,,0,0,0.7757352941176471,0,-26,38,0
2021,1,401326313,2021-09-12 20:25:00+00:00,STATUS_FINAL,New England Patriots,NE,16,0-1,Miami Dolphins,MIA,17,1-0,False,33,1,Gillette Stadium,Foxborough,False,CBS,True,,,,,,,,,,,,,,,,,,,1500.0,1500.0,0.0,0.5924662305843318,,,,0,0,0.5882352941176471,0,-1,33,0
2021,1,401326319,2021-09-12 20:25:00+00:00,STATUS_FINAL,New Orleans Saints,NO,38,1-0,Green Bay Packers,GB,3,0-1,True,41,35,EverBank Stadium,Jacksonville,False,FOX,False,,,,,,,,,,,,,,,,,,,1500.0,1500.0,0.0,0.5924662305843318,,,,0,0,0.34558823529411764,1,35,41,1
2021,1,401326314,2021-09-12 20:25:00+00:00,STATUS_FINAL,Kansas City Chiefs,KC,33,1-0,Cleveland Browns,CLE,29,0-1,True,62,4,GEHA Field at Arrowhead Stadium,Kansas City,False,CBS,False,,,,,,,,,,,,,,,,,,,1500.0,1500.0,0.0,0.5924662305843318,,,,0,0,0.22058823529411764,1,4,62,1
2021,1,401326320,2021-09-12 20:25:00+00:00,STATUS_FINAL,New York Giants,NYG,13,0-1,Denver Broncos,DEN,27,1-0,False,40,14,MetLife Stadium,East Rutherford,False,FOX,True,,,,,,,,,,,,,,,,,,,1500.0,1500.0,0.0,0.5924662305843318,,,,0,0,0.28308823529411764,0,-14,40,0
2021,1,401326323,2021-09-13 00:20:00+00:00,STATUS_FINAL,Los Angeles Rams,LAR,34,1-0,Chicago Bears,CHI,14,0-1,True,48,20,SoFi Stadium,Inglewood,False,NBC,False,,,,,,,,,,,,,,,,,,,1500.0,1500.0,0.0,0.5924662305843318,,,,0,0,0.15808823529411764,1,20,48,1
2021,1,401326321,2021-09-14 00:15:00+00:00,STATUS_FINAL,Las Vegas Raiders,LV,33,1-0,Baltimore Ravens,BAL,27,0-1,True,60,6,Allegiant Stadium,Las Vegas,False,ESPN,False,,,,,,,,,,,,,,,,,,,1500.0,1500.0,0.0,0.5924662305843318,,,,0,0,0.0661764705882353,1,6,60,1
2021,2,401326127,2021-09-17 00:20:00+00:00,STATUS_FINAL,Washington,WSH,30,1-1,New York Giants,NYG,29,0-2,True,59,1,Northwest Stadium,Landover,False,NFL Net,False,16.0,20.0,0.0,16.0,20.0,0.0,16.0,20.0,0.0,,,,,,,,,,1488.1506753883134,1488.1506753883134,0.0,0.5924662305843318,4.0,,,0,0,0.7132352941176471,1,1,59,0
2021,2,401326129,2021-09-19 17:00:00+00:00,STATUS_FINAL,Chicago Bears,CHI,20,1-1,Cincinnati Bengals,CIN,17,1-1,True,37,3,Soldier Field,Chicago,False,FOX,False,,,,,,,,,,,,,,,,,,,1491.8493246116866,1508.1506753883134,-16.301350776626805,0.5696276063234539,,,,0,0,0.19117647058823528,1,3,37,0
2021,2,401326354,2021-09-19 17:00:00+00:00,STATUS_FINAL,New York Jets,NYJ,6,0-2,New England Patriots,NE,25,1-1,False,31,19,MetLife Stadium,East Rutherford,False,CBS,True,,,,,,,,,,,,,,,,,,,1491.8493246116866,1488.1506753883134,3.698649223373195,0.5975966812089413,,,,0,0,0.6507352941176471,0,-19,31,0
2021,2,401326128,2021-09-19 17:00:00+00:00,STATUS_FINAL,Carolina Panthers,CAR,26,2-0,New Orleans Saints,NO,7,1-1,True,33,19,Bank of America Stadium,Charlotte,False,FOX,False,19.0,14.0,1.0,19.0,14.0,1.0,19.0,14.0,1.0,,,,,,,,,,1508.1506753883134,1508.1506753883134,0.0,0.5924662305843318,7.0,,,0,0,0.6801470588235294,1,19,33,1
2021,2,401326353,2021-09-19 17:00:00+00:00,STATUS_FINAL,Miami Dolphins,MIA,0,1-1,Buffalo Bills,BUF,35,1-1,False,35,35,Hard Rock Stadium,Miami Gardens,False,FOX,True,,,,,,,,,,,,,,,,,,,1511.8493246116866,1488.1506753883134,23.698649223373195,0.6249448839059613,,,,0,0,0.09558823529411764,0,-35,35,0
2021,2,401326131,2021-09-19 17:00:00+00:00,STATUS_FINAL,Indianapolis Colts,IND,24,0-2,Los Angeles Rams,LAR,27,2-0,False,51,3,Lucas Oil Stadium,Indianapolis,False,FOX,True,16.0,28.0,0.0,16.0,28.0,0.0,16.0,28.0,0.0,,,,,,,,,,1488.1506753883134,1508.1506753883134,-20.0,0.5644004902404213,7.0,,,0,0,0.5257352941176471,0,-3,51,0
2021,2,401326132,2021-09-19 17:00:00+00:00,STATUS_FINAL,Jacksonville Jaguars,JAX,13,0-2,Denver Broncos,DEN,23,2-0,False,36,10,EverBank Stadium,Jacksonville,False,CBS,True,,,,,,,,,,27.0,13.0,1.0,27.0,13.0,1.0,27.0,13.0,1.0,1491.8493246116866,1511.8493246116866,-20.0,0.5644004902404213,,6.0,,0,0,0.2867647058823529,0,-10,36,0
2021,2,401326355,2021-09-19 17:00:00+00:00,STATUS_FINAL,Philadelphia Eagles,PHI,11,1-1,San Francisco 49ers,SF,17,2-0,False,28,6,Lincoln Financial Field,Philadelphia,False,FOX,True,,,,,,,,,,41.0,33.0,1.0,41.0,33.0,1.0,41.0,33.0,1.0,1511.8493246116866,1511.8493246116866,0.0,0.5924662305843318,,7.0,,0,0,0.875,0,-6,28,0
2021,2,401326356,2021-09-19 17:00:00+00:00,STATUS_FINAL,Pittsburgh Steelers,PIT,17,1-1,Las Vegas Raiders,LV,26,2-0,False,43,9,Acrisure Stadium,Pittsburgh,False,CBS,True,,,,,,,,,,,,,,,,,,,1511.8493246116866,1508.1506753883134,3.698649223373195,0.5975966812089413,,,,0,0,0.5588235294117647,0,-9,43,0
2021,2,401326130,2021-09-19 17:00:00+00:00,STATUS_FINAL,Cleveland Browns,CLE,31,1-1,Houston Texans,HOU,21,1-1,True,52,10,Huntington Bank Field,Cleveland,False,CBS,False,,,,,,,,,,,,,,,,,,,1491.8493246116866,1508.1506753883134,-16.301350776626805,0.5696276063234539,,,,0,0,0.3786764705882353,1,10,52,1
2021,2,401326357,2021-09-19 20:05:00+00:00,STATUS_FINAL,Arizona Cardinals,ARI,34,2-0,Minnesota Vikings,MIN,33,0-2,True,67,1,State Farm Stadium,Glendale,False,FOX,False,,,,,,,,,,24.0,27.0,0.0,24.0,27.0,0.0,24.0,27.0,0.0,1511.8493246116866,1491.8493246116866,20.0,0.6199413590445233,,7.0,,0,0,0.6213235294117647,1,1,67,0
2021,2,401326358,2021-09-19 20:05:00+00:00,STATUS_FINAL,Tampa Bay Buccaneers,TB,48,2-0,Atlanta Falcons,ATL,25,0-2,True,73,23,Raymond James Stadium,Tampa,False,FOX,False,31.0,29.0,1.0,31.0,29.0,1.0,31.0,29.0,1.0,,,,,,,,,,1508.1506753883134,1488.1506753883134,20.0,0.6199413590445233,9.0,,,0,0,0.03308823529411765,1,23,73,1
2021,2,401326359,2021-09-19 20:25:00+00:00,STATUS_FINAL,Los Angeles Chargers,LAC,17,1-1,Dallas Cowboys,DAL,20,1-1,False,37,3,SoFi Stadium,Inglewood,False,CBS,True,,,,,,,,,,29.0,31.0,0.0,29.0,31.0,0.0,29.0,31.0,0.0,1511.8493246116866,1491.8493246116866,20.0,0.6199413590445233,,9.0,,0,0,0.2536764705882353,0,-3,37,0
2021,2,401326360,2021-09-19 20:25:00+00:00,STATUS_FINAL,Seattle Seahawks,SEA,30,1-1,Tennessee Titans,TEN,33,1-1,False,63,3,Lumen Field,Seattle,False,CBS,True,,,,,,,,,,,,,,,,,,,1511.8493246116866,1488.1506753883134,23.698649223373195,0.6249448839059613,,,,0,0,0.9375,0,-3,63,0
2021,2,401326361,2021-09-20 00:20:00+00:00,STATUS_FINAL,Baltimore Ravens,BAL,36,1-1,Kansas City Chiefs,KC,35,1-1,True,71,1,M&T Bank Stadium,Baltimore,False,NBC,False,,,,,,,,,,,,,,,,,,,1491.8493246116866,1508.1506753883134,-16.301350776626805,0.5696276063234539,,,,0,0,0.46691176470588236,1,1,71,0
2021,2,401326362,2021-09-21 00:15:00+00:00,STATUS_FINAL,Green Bay Packers,GB,35,1-1,Detroit Lions,DET,17,0-2,True,52,18,Lambeau Field,Green Bay,False,ESPN,False,,,,,,,,,,,,,,,,,,,1491.8493246116866,1488.1506753883134,3.698649223373195,0.5975966812089413,,,,0,0,0.3125,1,18,52,1
2021,3,401326363,2021-09-24 00:20:00+00:00,STATUS_FINAL,Houston Texans,HOU,9,1-2,Carolina Panthers,CAR,24,3-0,False,33,15,NRG Stadium,Houston,False,NFL Net,True,37.0,21.0,1.0,37.0,21.0,1.0,37.0,21.0,1.0,,,,,,,,,,1499.5432275147825,1516.3013507766268,-16.758123261844275,0.5689828875241785,11.0,,,0,0,0.125,0,-15,33,0
2021,3,401326365,2021-09-26 17:00:00+00:00,STATUS_FINAL,Cleveland Browns,CLE,26,2-1,Chicago Bears,CHI,6,1-2,True,32,20,Huntington Bank Field,Cleveland,False,FOX,False,31.0,21.0,1.0,31.0,21.0,1.0,31.0,21.0,1.0,14.0,34.0,0.0,14.0,34.0,0.0,14.0,34.0,0.0,1500.4567724852175,1500.4567724852175,0.0,0.5924662305843318,7.0,13.0,-6.0,0,0,0.16176470588235295,1,20,32,1
2021,3,401326368,2021-09-26 17:00:00+00:00,STATUS_FINAL,Kansas City Chiefs,KC,24,1-2,Los Angeles Chargers,LAC,30,2-1,False,54,6,GEHA Field at Arrowhead Stadium,Kansas City,False,CBS,True,33.0,29.0,1.0,33.0,29.0,1.0,33.0,29.0,1.0,20.0,16.0,1.0,20.0,16.0,1.0,20.0,16.0,1.0,1499.5432275147825,1499.450497430796,0.09273008398645288,0.5925951095694874,13.0,14.0,-1.0,0,0,0.5,0,-6,54,0
2021,3,401326371,2021-09-26 17:00:00+00:00,STATUS_FINAL,Pittsburgh Steelers,PIT,10,1-2,Cincinnati Bengals,CIN,24,2-1,False,34,14,Acrisure Stadium,Pittsburgh,False,CBS,True,17.0,26.0,0.0,17.0,26.0,0.0,17.0,26.0,0.0,17.0,20.0,0.0,17.0,20.0,0.0,17.0,20.0,0.0,1499.8973909875078,1499.5432275147825,0.354163472725304,0.5929583887041101,7.0,7.0,0.0,0,0,0.1948529411764706,0,-14,34,0
2021,3,401326364,2021-09-26 17:00:00+00:00,STATUS_FINAL,Buffalo Bills,BUF,43,2-1,Washington,WSH,21,1-2,True,64,22,Highmark Stadium,Orchard Park,False,FOX,False,16.0,23.0,0.0,16.0,23.0,0.0,16.0,23.0,0.0,,,,,,,,,,1500.6495730664326,1496.3013507766268,4.34822228980579,0.5984955462086367,14.0,,,0,0,0.9669117647058824,1,22,64,1
2021,3,401326369,2021-09-26 17:00:00+00:00,STATUS_FINAL,New England Patriots,NE,13,1-2,New Orleans Saints,NO,28,2-1,False,41,15,Gillette Stadium,Foxborough,False,FOX,True,16.0,17.0,0.0,16.0,17.0,0.0,16.0,17.0,0.0,7.0,26.0,0.0,7.0,26.0,0.0,7.0,26.0,0.0,1500.1026090124922,1500.0,0.10260901249216658,0.5926088388428987,13.0,7.0,6.0,0,0,0.6838235294117647,0,-15,41,0
2021,3,401326366,2021-09-26 17:00:00+00:00,STATUS_FINAL,Detroit Lions,DET,17,0-3,Baltimore Ravens,BAL,19,2-1,False,36,2,Ford Field,Detroit,False,CBS,True,33.0,41.0,0.0,33.0,41.0,0.0,33.0,41.0,0.0,27.0,33.0,0.0,27.0,33.0,0.0,27.0,33.0,0.0,1480.1026090124922,1500.4567724852175,-20.354163472725304,0.5638991978599541,14.0,12.0,2.0,0,0,0.06985294117647059,0,-2,36,0
2021,3,401326372,2021-09-26 17:00:00+00:00,STATUS_FINAL,Tennessee Titans,TEN,25,2-1,Indianapolis Colts,IND,16,0-3,True,41,9,Nissan Stadium,Nashville,False,CBS,False,13.0,38.0,0.0,13.0,38.0,0.0,13.0,38.0,0.0,,,,,,,,,,1500.6495730664326,1476.862665583505,23.786907482927518,0.6250639588237628,14.0,,,0,0,0.40808823529411764,1,9,41,1
2021,3,401326370,2021-09-26 17:00:00+00:00,STATUS_FINAL,New York Giants,NYG,14,0-3,Atlanta Falcons,ATL,17,1-2,False,31,3,MetLife Stadium,East Rutherford,False,FOX,True,13.0,27.0,0.0,13.0,27.0,0.0,13.0,27.0,0.0,25.0,48.0,0.0,25.0,48.0,0.0,25.0,48.0,0.0,1480.0,1480.549502569204,-0.5495025692039235,0.5917022552978017,13.0,6.0,7.0,0,0,0.03676470588235294,0,-3,31,0
2021,3,401326367,2021-09-26 17:00:00+00:00,STATUS_FINAL,Jacksonville Jaguars,JAX,19,0-3,Arizona Cardinals,ARI,31,3-0,False,50,12,EverBank Stadium,Jacksonville,False,FOX,True,13.0,23.0,0.0,13.0,23.0,0.0,13.0,23.0,0.0,38.0,13.0,1.0,38.0,13.0,1.0,38.0,13.0,1.0,1480.5613148068783,1519.450497430796,-38.889182623917804,0.5375059026273173,7.0,14.0,-7.0,0,0,0.003676470588235294,0,-12,50,0
2021,3,401326373,2021-09-26 20:05:00+00:00,STATUS_FINAL,Denver Broncos,DEN,26,3-0,New York Jets,NYJ,0,0-3,True,26,26,Empower Field at Mile High,Denver,False,CBS,False,,,,,,,,,,14.0,19.0,0.0,14.0,19.0,0.0,14.0,19.0,0.0,1523.137334416495,1479.8973909875078,43.23994342898709,0.6509185403211265,,14.0,,0,0,0.75,1,26,26,1
2021,3,401326374,2021-09-26 20:05:00+00:00,STATUS_FINAL,Las Vegas Raiders,LV,31,3-0,Miami Dolphins,MIA,28,1-2,True,59,3,Allegiant Stadium,Las Vegas,False,CBS,False,33.0,27.0,1.0,33.0,27.0,1.0,33.0,27.0,1.0,17.0,16.0,1.0,17.0,16.0,1.0,17.0,16.0,1.0,1520.1026090124922,1499.3504269335674,20.75218207892476,0.6209610151814124,12.0,13.0,-1.0,0,0,0.5919117647058824,1,3,59,0
2021,3,401326376,2021-09-26 20:25:00+00:00,STATUS_FINAL,Minnesota Vikings,MIN,30,1-2,Seattle Seahawks,SEA,17,1-2,True,47,13,U.S. Bank Stadium,Minneapolis,False,FOX,False,,,,,,,,,,28.0,16.0,1.0,28.0,16.0,1.0,28.0,16.0,1.0,1484.2481517925771,1499.3504269335674,-15.102275140990287,0.5713189322840333,,14.0,,0,0,0.8419117647058824,1,13,47,1
2021,3,401326375,2021-09-26 20:25:00+00:00,STATUS_FINAL,Los Angeles Rams,LAR,34,3-0,Tampa Bay Buccaneers,TB,24,2-1,True,58,10,SoFi Stadium,Inglewood,False,FOX,False,34.0,14.0,1.0,34.0,14.0,1.0,34.0,14.0,1.0,,,,,,,,,,1519.4386851931217,1515.7518482074229,3.6868369856988465,0.5975803296001966,13.0,,,0,0,0.9044117647058824,1,10,58,1
2021,3,401326377,2021-09-27 00:20:00+00:00,STATUS_FINAL,San Francisco 49ers,SF,28,2-1,Green Bay Packers,GB,30,2-1,False,58,2,Levi's Stadium,Santa Clara,False,NBC,True,,,,,,,,,,3.0,38.0,0.0,3.0,38.0,0.0,3.0,38.0,0.0,1523.6986492233732,1499.8973909875078,23.80125823586536,0.6250833189215089,,14.0,,0,0,0.3492647058823529,0,-2,58,0
2021,3,401326378,2021-09-28 00:15:00+00:00,STATUS_FINAL,Dallas Cowboys,DAL,41,2-1,Philadelphia Eagles,PHI,21,1-2,True,62,20,AT&T Stadium,Arlington,False,ESPN,False,,,,,,,,,,32.0,6.0,1.0,32.0,6.0,1.0,32.0,6.0,1.0,1504.2481517925771,1500.0,4.248151792577119,0.5983571138319859,,15.0,,0,0,0.7794117647058824,1,20,62,1
2021,4,401326379,2021-10-01 00:20:00+00:00,STATUS_FINAL,Cincinnati Bengals,CIN,24,3-1,Jacksonville Jaguars,JAX,21,0-4,True,45,3,Paycor Stadium,Cincinnati,False,NFL Net,False,27.0,24.0,1.0,27.0,24.0,1.0,27.0,24.0,1.0,21.0,37.0,0.0,21.0,37.0,0.0,21.0,37.0,0.0,1511.4023952888647,1469.8111967543318,41.59119853453285,0.6487588979828476,18.0,18.0,0.0,0,0,0.4411764705882353,1,3,45,0
2021,4,401326381,2021-10-03 17:00:00+00:00,STATUS_FINAL,Buffalo Bills,BUF,40,3-1,Houston Texans,HOU,0,1-3,True,40,40,Highmark Stadium,Orchard Park,False,CBS,False,29.5,22.0,0.5,29.5,22.0,0.5,29.5,22.0,0.5,21.0,31.0,0.0,21.0,31.0,0.0,21.0,31.0,0.0,1508.6796621422598,1488.163569764299,20.51609237796083,0.6206410871540496,7.0,14.0,-7.0,0,0,0.38235294117647056,1,40,40,1
2021,4,401326384,2021-10-03 17:00:00+00:00,STATUS_FINAL,Miami Dolphins,MIA,17,1-3,Indianapolis Colts,IND,27,1-3,False,44,10,Hard Rock Stadium,Miami Gardens,False,CBS,True,0.0,35.0,0.0,0.0,35.0,0.0,0.0,35.0,0.0,16.0,25.0,0.0,16.0,25.0,0.0,16.0,25.0,0.0,1491.7696472371956,1469.3639447599803,22.4057024772153,0.623198759450497,14.0,7.0,7.0,0,0,0.4117647058823529,0,-10,44,0
2021,4,401326385,2021-10-03 17:00:00+00:00,STATUS_FINAL,Minnesota Vikings,MIN,7,1-3,Cleveland Browns,CLE,14,3-1,False,21,7,U.S. Bank Stadium,Minneapolis,False,CBS,True,30.0,17.0,1.0,30.0,17.0,1.0,30.0,17.0,1.0,29.0,33.0,0.0,29.0,33.0,0.0,29.0,33.0,0.0,1492.8217731468965,1508.6074478735309,-15.785674726634397,0.5703551817464624,6.0,20.0,-14.0,0,0,0.22426470588235295,0,-7,21,0
2021,4,401326388,2021-10-03 17:00:00+00:00,STATUS_FINAL,Philadelphia Eagles,PHI,30,1-3,Kansas City Chiefs,KC,42,2-2,False,72,12,Lincoln Financial Field,Philadelphia,False,CBS,True,11.0,17.0,0.0,11.0,17.0,0.0,11.0,17.0,0.0,35.0,36.0,0.0,35.0,36.0,0.0,35.0,36.0,0.0,1491.9671422766396,1487.6913253233927,4.275816953246931,0.5983953859615799,14.0,13.0,1.0,0,0,0.47058823529411764,0,-12,72,0
2021,4,401326380,2021-10-03 17:00:00+00:00,STATUS_FINAL,Atlanta Falcons,ATL,30,1-3,Washington,WSH,34,2-2,False,64,4,Mercedes-Benz Stadium,Atlanta,False,FOX,True,6.0,32.0,0.0,6.0,32.0,0.0,6.0,32.0,0.0,21.0,43.0,0.0,21.0,43.0,0.0,21.0,43.0,0.0,1492.38354767516,1488.2712617007996,4.112285974360248,0.598169138945424,21.0,7.0,14.0,0,0,0.9705882352941176,0,-4,64,0
2021,4,401326387,2021-10-03 17:00:00+00:00,STATUS_FINAL,New York Jets,NYJ,27,1-3,Tennessee Titans,TEN,24,2-2,True,51,3,MetLife Stadium,East Rutherford,False,CBS,False,6.0,25.0,0.0,6.0,25.0,0.0,6.0,25.0,0.0,33.0,30.0,1.0,33.0,30.0,1.0,33.0,30.0,1.0,1472.9157617939304,1508.1482938899574,-35.232532096026944,0.5427343149985319,14.0,13.0,1.0,0,0,0.9411764705882353,1,3,51,0
2021,4,401326383,2021-10-03 17:00:00+00:00,STATUS_FINAL,Dallas Cowboys,DAL,36,3-1,Carolina Panthers,CAR,28,3-1,True,64,8,AT&T Stadium,Arlington,False,FOX,False,41.0,21.0,1.0,41.0,21.0,1.0,41.0,21.0,1.0,24.0,9.0,1.0,24.0,9.0,1.0,24.0,9.0,1.0,1512.2810095159375,1527.6810085271104,-15.399999011172895,0.5708991392254041,5.0,9.0,-4.0,0,0,0.12867647058823528,1,8,64,1
2021,4,401326382,2021-10-03 17:00:00+00:00,STATUS_FINAL,Chicago Bears,CHI,24,2-2,Detroit Lions,DET,14,0-4,True,38,10,Soldier Field,Chicago,False,FOX,False,20.0,17.0,1.0,20.0,17.0,1.0,20.0,17.0,1.0,17.0,35.0,0.0,17.0,35.0,0.0,17.0,35.0,0.0,1492.306097096904,1468.8246250552932,23.481472041610914,0.6246518117978668,14.0,12.0,2.0,0,0,0.3161764705882353,1,10,38,1
2021,4,401326386,2021-10-03 17:00:00+00:00,STATUS_FINAL,New Orleans Saints,NO,21,2-2,New York Giants,NYG,27,1-3,False,48,6,Caesars Superdome,New Orleans,False,FOX,True,38.0,3.0,1.0,38.0,3.0,1.0,38.0,3.0,1.0,29.0,30.0,0.0,29.0,30.0,0.0,29.0,30.0,0.0,1511.852176776858,1468.165954894044,43.686221882813925,0.651502047840466,20.0,16.0,4.0,0,0,0.7169117647058824,0,-6,48,0
2021,4,401326389,2021-10-03 20:05:00+00:00,STATUS_FINAL,Los Angeles Rams,LAR,20,3-1,Arizona Cardinals,ARI,37,4-0,False,57,17,SoFi Stadium,Inglewood,False,FOX,True,34.0,19.0,1.0,34.0,19.0,1.0,34.0,19.0,1.0,34.5,16.0,1.0,34.5,16.0,1.0,34.5,16.0,1.0,1527.487078601118,1530.2006154833425,-2.7135368822246164,0.5886893129348424,6.0,7.0,-1.0,0,0,0.007352941176470588,0,-17,57,0
2021,4,401326390,2021-10-03 20:05:00+00:00,STATUS_FINAL,San Francisco 49ers,SF,21,2-2,Seattle Seahawks,SEA,28,2-2,False,49,7,Levi's Stadium,Santa Clara,False,FOX,True,28.0,30.0,0.0,28.0,30.0,0.0,28.0,30.0,0.0,22.5,23.0,0.5,22.5,23.0,0.5,22.5,23.0,0.5,1511.196982844943,1490.776805579248,20.420177265694974,0.6205110814312895,6.0,6.0,0.0,0,0,0.8455882352941176,0,-7,49,0
2021,4,401326391,2021-10-03 20:25:00+00:00,STATUS_FINAL,Denver Broncos,DEN,7,3-1,Baltimore Ravens,BAL,23,3-1,False,30,16,Empower Field at Mile High,Denver,False,CBS,True,26.0,0.0,1.0,26.0,0.0,1.0,26.0,0.0,1.0,23.0,25.0,0.5,23.0,25.0,0.5,23.0,25.0,0.5,1530.1189636100723,1511.7347564424165,18.38420716765586,0.6177474216343155,7.0,7.0,0.0,0,0,0.07352941176470588,0,-16,30,0
2021,4,401326392,2021-10-03 20:25:00+00:00,STATUS_FINAL,Green Bay Packers,GB,27,3-1,Pittsburgh Steelers,PIT,17,1-3,True,44,10,Lambeau Field,Green Bay,False,CBS,False,35.0,17.0,1.0,35.0,17.0,1.0,35.0,17.0,1.0,23.0,16.0,1.0,23.0,16.0,1.0,23.0,16.0,1.0,1512.399057365938,1488.0382232134257,24.360834152512325,0.6258379106862961,12.0,21.0,-9.0,0,0,0.8125,1,10,44,1
2021,4,401326393,2021-10-04 00:20:00+00:00,STATUS_FINAL,New England Patriots,NE,17,1-3,Tampa Bay Buccaneers,TB,19,3-1,False,36,2,Gillette Stadium,Foxborough,False,NBC,True,14.5,22.5,0.0,14.5,22.5,0.0,14.5,22.5,0.0,24.0,34.0,0.0,24.0,34.0,0.0,24.0,34.0,0.0,1488.2504322356342,1507.7034547994267,-19.4530225637925,0.5651744376650683,7.0,7.0,0.0,0,0,0.9080882352941176,0,-2,36,0
2021,4,401326394,2021-10-05 00:50:00+00:00,STATUS_FINAL,Los Angeles Chargers,LAC,28,3-1,Las Vegas Raiders,LV,14,3-1,True,42,14,SoFi Stadium,Inglewood,False,ESPN,False,17.0,20.0,0.0,17.0,20.0,0.0,17.0,20.0,0.0,26.0,17.0,1.0,26.0,17.0,1.0,26.0,17.0,1.0,1511.302399622186,1527.683388708864,-16.380989086678028,0.5695152164913352,15.0,15.0,0.0,0,0,0.5625,1,14,42,1
2021,5,401326395,2021-10-08 00:20:00+00:00,STATUS_FINAL,Seattle Seahawks,SEA,17,2-3,Los Angeles Rams,LAR,26,4-1,False,43,9,Lumen Field,Seattle,False,FOX,True,30.0,33.0,0.0,30.0,33.0,0.0,30.0,33.0,0.0,27.0,24.0,1.0,27.0,24.0,1.0,27.0,24.0,1.0,1503.1870272078738,1515.713292342421,-12.526265134547202,0.5749467809309302,18.0,18.0,0.0,0,0,0.5294117647058824,0,-9,43,0
2021,5,401326324,2021-10-10 13:30:00+00:00,STATUS_FINAL,Atlanta Falcons,ATL,27,2-3,New York Jets,NYJ,20,1-4,True,47,7,Tottenham Hotspur Stadium,London,True,NFL Net,False,18.0,33.0,0.0,18.0,33.0,0.0,18.0,33.0,0.0,7.0,22.5,0.0,7.0,22.5,0.0,7.0,22.5,0.0,1480.4201648962514,1482.0610754939598,-1.6409105977083982,0.5901835556179655,6.0,13.0,-7.0,0,0,0.7536764705882353,1,7,47,1
2021,5,401326403,2021-10-10 17:00:00+00:00,STATUS_FINAL,Washington,WSH,22,2-3,New Orleans Saints,NO,33,3-2,False,55,11,Northwest Stadium,Landover,False,CBS,True,23.0,24.5,0.5,23.0,24.5,0.5,23.0,24.5,0.5,17.5,19.5,0.5,17.5,19.5,0.5,17.5,19.5,0.5,1500.234644479708,1498.8221358200487,1.412508659659352,0.5944279876598746,23.0,14.0,9.0,0,0,0.6875,0,-11,55,0
2021,5,401326400,2021-10-10 17:00:00+00:00,STATUS_FINAL,Minnesota Vikings,MIN,19,2-3,Detroit Lions,DET,17,0-5,True,36,2,U.S. Bank Stadium,Minneapolis,False,FOX,False,18.5,15.5,0.5,18.5,15.5,0.5,18.5,15.5,0.5,15.5,29.5,0.0,15.5,29.5,0.0,15.5,29.5,0.0,1481.4146695119673,1461.3176612912505,20.097008220716816,0.6200729228296913,7.0,7.0,0.0,0,0,0.31985294117647056,1,2,36,0
2021,5,401326401,2021-10-10 17:00:00+00:00,STATUS_FINAL,Pittsburgh Steelers,PIT,27,2-3,Denver Broncos,DEN,19,3-2,True,46,8,Acrisure Stadium,Pittsburgh,False,FOX,False,13.5,25.0,0.0,13.5,25.0,0.0,13.5,25.0,0.0,25.0,13.0,1.0,25.0,13.0,1.0,25.0,13.0,1.0,1480.5549814271517,1517.764015177386,-37.20903375023431,0.5399093355193776,14.0,21.0,-7.0,0,0,0.29044117647058826,1,8,46,1
2021,5,401326402,2021-10-10 17:00:00+00:00,STATUS_FINAL,Tampa Bay Buccaneers,TB,45,4-1,Miami Dolphins,MIA,17,1-4,True,62,28,Raymond James Stadium,Tampa,False,CBS,False,39.5,27.0,1.0,39.5,27.0,1.0,39.5,27.0,1.0,22.5,23.5,0.5,22.5,23.5,0.5,22.5,23.5,0.5,1519.006943552728,1479.3056720481857,39.70127150454232,0.6462758304588675,20.0,13.0,7.0,0,0,0.5955882352941176,1,28,62,1
2021,5,401326399,2021-10-10 17:00:00+00:00,STATUS_FINAL,Jacksonville Jaguars,JAX,19,0-5,Tennessee Titans,TEN,37,3-2,False,56,18,EverBank Stadium,Jacksonville,False,CBS,True,16.0,27.0,0.0,16.0,27.0,0.0,16.0,27.0,0.0,28.5,28.5,0.5,28.5,28.5,0.5,28.5,28.5,0.5,1462.7863747139888,1499.002980189928,-36.216605475939105,0.5413281280611862,14.0,7.0,7.0,0,0,0.9448529411764706,0,-18,56,0
2021,5,401326397,2021-10-10 17:00:00+00:00,STATUS_FINAL,Cincinnati Bengals,CIN,22,3-2,Green Bay Packers,GB,25,4-1,False,47,3,Paycor Stadium,Cincinnati,False,FOX,True,25.5,22.5,1.0,25.5,22.5,1.0,25.5,22.5,1.0,16.5,33.0,0.5,16.5,33.0,0.5,16.5,33.0,0.5,1518.4272173292077,1519.882299152212,-1.4550818230043205,0.5904422596574993,9.0,13.0,-4.0,0,0,0.35294117647058826,0,-3,47,0
2021,5,401326398,2021-10-10 17:00:00+00:00,STATUS_FINAL,Houston Texans,HOU,22,1-4,New England Patriots,NE,25,2-3,False,47,3,NRG Stadium,Houston,False,CBS,True,23.0,22.5,0.5,23.0,22.5,0.5,23.0,22.5,0.5,25.0,6.0,1.0,25.0,6.0,1.0,25.0,6.0,1.0,1480.5763915073799,1476.946943482333,3.6294480250469405,0.5975008833236459,16.0,21.0,-5.0,0,0,0.6544117647058824,0,-3,47,0
2021,5,401326396,2021-10-10 17:00:00+00:00,STATUS_FINAL,Carolina Panthers,CAR,18,3-2,Philadelphia Eagles,PHI,21,2-3,False,39,3,Bank of America Stadium,Charlotte,False,FOX,True,22.5,10.5,1.0,22.5,10.5,1.0,22.5,10.5,1.0,26.5,23.5,0.5,26.5,23.5,0.5,26.5,23.5,0.5,1519.0989913116184,1479.999234557408,39.099756754210375,0.6454838686876964,21.0,12.0,9.0,0,0,0.7830882352941176,0,-3,39,0
2021,5,401326405,2021-10-10 20:05:00+00:00,STATUS_FINAL,Las Vegas Raiders,LV,9,3-2,Chicago Bears,CHI,20,3-2,False,29,11,Allegiant Stadium,Las Vegas,False,CBS,True,32.0,27.5,1.0,32.0,27.5,1.0,32.0,27.5,1.0,10.0,30.0,0.0,10.0,30.0,0.0,10.0,30.0,0.0,1519.0736930386906,1499.8130608609467,19.2606321777439,0.6189380411272503,14.0,14.0,0.0,0,0,0.16544117647058823,0,-11,29,0
2021,5,401326404,2021-10-10 20:05:00+00:00,STATUS_FINAL,Los Angeles Chargers,LAC,47,4-1,Cleveland Browns,CLE,42,3-2,True,89,5,SoFi Stadium,Inglewood,False,CBS,False,22.5,17.0,0.5,22.5,17.0,0.5,22.5,17.0,0.5,21.5,20.0,0.5,21.5,20.0,0.5,21.5,20.0,0.5,1519.9120952923593,1520.01455150846,-0.1024562161007907,0.5923238191419171,5.0,7.0,-2.0,0,0,0.22794117647058823,1,5,89,1
2021,5,401326407,2021-10-10 20:25:00+00:00,STATUS_FINAL,Dallas Cowboys,DAL,44,4-1,New York Giants,NYG,20,1-4,True,64,24,AT&T Stadium,Arlington,False,FOX,False,38.5,24.5,1.0,38.5,24.5,1.0,38.5,24.5,1.0,28.0,25.5,0.5,28.0,25.5,0.5,28.0,25.5,0.5,1520.8630267314295,1481.1959958508533,39.66703088057625,0.6462307703187514,7.0,7.0,0.0,0,0,0.7205882352941176,1,24,64,1
2021,5,401326406,2021-10-10 20:25:00+00:00,STATUS_FINAL,Arizona Cardinals,ARI,17,5-0,San Francisco 49ers,SF,10,2-3,True,27,7,State Farm Stadium,Glendale,False,FOX,False,34.0,33.0,1.0,34.0,33.0,1.0,34.0,33.0,1.0,29.0,22.0,1.0,29.0,22.0,1.0,29.0,22.0,1.0,1541.9744017420394,1498.7867612163172,43.187640525722145,0.6508501247983179,21.0,21.0,0.0,0,0,0.8786764705882353,1,7,27,1
2021,5,401326408,2021-10-11 00:20:00+00:00,STATUS_FINAL,Kansas City Chiefs,KC,20,2-3,Buffalo Bills,BUF,38,4-1,False,58,18,GEHA Field at Arrowhead Stadium,Kansas City,False,NBC,True,28.5,29.5,0.5,28.5,29.5,0.5,28.5,29.5,0.5,35.0,0.0,1.0,35.0,0.0,1.0,35.0,0.0,1.0,1499.6592330426242,1516.2668403991788,-16.60760735655458,0.5691953615401194,14.0,21.0,-7.0,0,0,0.09926470588235294,0,-18,58,0
2021,5,401326409,2021-10-12 00:15:00+00:00,STATUS_FINAL,Baltimore Ravens,BAL,31,4-1,Indianapolis Colts,IND,25,1-4,True,56,6,M&T Bank Stadium,Baltimore,False,ESPN,False,36.0,35.0,1.0,36.0,35.0,1.0,36.0,35.0,1.0,21.5,21.0,0.5,21.5,21.0,0.5,21.5,21.0,0.5,1524.0897048751028,1481.8279199489903,42.26178492611257,0.6496380201584393,21.0,8.0,13.0,0,0,0.41544117647058826,1,6,56,1
2021,6,401326410,2021-10-15 00:20:00+00:00,STATUS_FINAL,Philadelphia Eagles,PHI,22,2-4,Tampa Bay Buccaneers,TB,28,5-1,False,50,6,Lincoln Financial Field,Philadelphia,False,FOX,True,20.5,29.5,0.0,20.5,29.5,0.0,20.5,29.5,0.0,21.5,25.5,0.5,21.5,25.5,0.5,21.5,25.5,0.5,1492.908911931162,1526.0814269435507,-33.17251501238866,0.5456757367357594,11.0,11.0,0.0,0,0,0.9117647058823529,0,-6,50,0
2021,6,401326325,2021-10-17 13:30:00+00:00,STATUS_FINAL,Jacksonville Jaguars,JAX,23,1-5,Miami Dolphins,MIA,20,1-5,True,43,3,Tottenham Hotspur Stadium,London,True,CBS,False,17.0,30.333333333333332,0.0,17.0,30.333333333333332,0.0,17.0,30.333333333333332,0.0,20.666666666666668,30.666666666666668,0.3333333333333333,20.666666666666668,30.666666666666668,0.3333333333333333,20.666666666666668,30.666666666666668,0.3333333333333333,1451.9598121527652,1472.231188657363,-20.27137650459781,0.5640163884671615,6.0,6.0,0.0,0,0,0.5992647058823529,1,3,43,0
2021,6,401326412,2021-10-17 17:00:00+00:00,STATUS_FINAL,Carolina Panthers,CAR,28,3-3,Minnesota Vikings,MIN,34,3-3,False,62,6,Bank of America Stadium,Charlotte,False,FOX,True,21.0,14.0,0.6666666666666666,21.0,14.0,0.6666666666666666,21.0,14.0,0.6666666666666666,28.5,30.5,0.0,28.5,30.5,0.0,28.5,30.5,0.0,1506.1893139378644,1489.0132110553734,17.176102882491023,0.6161038996834952,7.0,27.0,-20.0,0,0,0.625,0,-6,62,0
2021,6,401326416,2021-10-17 17:00:00+00:00,STATUS_FINAL,New York Giants,NYG,11,1-5,Los Angeles Rams,LAR,38,5-1,False,49,27,MetLife Stadium,East Rutherford,False,FOX,True,13.5,22.0,0.0,13.5,22.0,0.0,13.5,22.0,0.0,26.5,20.5,1.0,26.5,20.5,1.0,26.5,20.5,1.0,1474.1206112572283,1527.2122279610396,-53.09161670381127,0.5171308333601129,21.0,9.0,12.0,0,0,0.5330882352941176,0,-27,49,0
2021,6,401326414,2021-10-17 17:00:00+00:00,STATUS_FINAL,Detroit Lions,DET,11,0-6,Cincinnati Bengals,CIN,34,4-2,False,45,23,Ford Field,Detroit,False,FOX,True,25.0,30.0,0.0,25.0,30.0,0.0,25.0,30.0,0.0,20.5,15.0,0.5,20.5,15.0,0.5,20.5,15.0,0.5,1453.7191197478444,1506.6183721360576,-52.8992523882132,0.5174073376246769,21.0,21.0,0.0,0,0,0.19852941176470587,0,-23,45,0
2021,6,401326415,2021-10-17 17:00:00+00:00,STATUS_FINAL,Indianapolis Colts,IND,31,2-4,Houston Texans,HOU,3,1-5,True,34,28,Lucas Oil Stadium,Indianapolis,False,CBS,False,20.0,27.5,0.0,20.0,27.5,0.0,20.0,27.5,0.0,10.5,35.5,0.0,10.5,35.5,0.0,10.5,35.5,0.0,1474.8206803521591,1468.626373840907,6.19430651125208,0.6010464852173732,28.0,14.0,14.0,0,0,0.3860294117647059,1,28,34,1
2021,6,401326413,2021-10-17 17:00:00+00:00,STATUS_FINAL,Chicago Bears,CHI,14,3-3,Green Bay Packers,GB,24,5-1,False,38,10,Soldier Field,Chicago,False,FOX,True,22.0,15.5,1.0,22.0,15.5,1.0,22.0,15.5,1.0,19.333333333333332,29.333333333333332,0.6666666666666666,19.333333333333332,29.333333333333332,0.6666666666666666,19.333333333333332,29.333333333333332,0.6666666666666666,1512.1918216834918,1531.691144345362,-19.499322661870337,0.5651089374497027,14.0,7.0,7.0,0,0,0.35661764705882354,0,-10,38,0
2021,6,401326417,2021-10-17 17:00:00+00:00,STATUS_FINAL,Washington,WSH,13,2-4,Kansas City Chiefs,KC,31,3-3,False,44,18,Northwest Stadium,Landover,False,CBS,True,22.666666666666668,27.333333333333332,0.3333333333333333,22.666666666666668,27.333333333333332,0.3333333333333333,22.666666666666668,27.333333333333332,0.3333333333333333,38.5,33.0,0.5,38.5,33.0,0.5,38.5,33.0,0.5,1488.3460847265105,1488.2753258118219,0.07075891468866757,0.5925645745462782,7.0,14.0,-7.0,0,0,0.4742647058823529,0,-18,44,0
2021,6,401326411,2021-10-17 17:00:00+00:00,STATUS_FINAL,Baltimore Ravens,BAL,34,5-1,Los Angeles Chargers,LAC,6,4-2,True,40,28,M&T Bank Stadium,Baltimore,False,CBS,False,33.5,30.0,1.0,33.5,30.0,1.0,33.5,30.0,1.0,25.0,20.0,1.0,25.0,20.0,1.0,25.0,20.0,1.0,1531.096944471934,1528.065618909521,3.0313255624130306,0.5966725699328634,5.0,21.0,-16.0,0,0,0.5036764705882353,1,28,40,1
2021,6,401326418,2021-10-17 20:05:00+00:00,STATUS_FINAL,Cleveland Browns,CLE,14,3-3,Arizona Cardinals,ARI,37,6-0,False,51,23,Huntington Bank Field,Cleveland,False,FOX,True,28.5,13.5,1.0,28.5,13.5,1.0,28.5,13.5,1.0,35.333333333333336,17.333333333333332,1.0,35.333333333333336,17.333333333333332,1.0,35.333333333333336,17.333333333333332,1.0,1511.8610278912984,1548.957399246073,-37.09637135477465,0.5400704326039119,21.0,14.0,7.0,0,0,0.011029411764705883,0,-23,51,0
2021,6,401326420,2021-10-17 20:25:00+00:00,STATUS_FINAL,New England Patriots,NE,29,2-4,Dallas Cowboys,DAL,35,5-1,False,64,6,Gillette Stadium,Foxborough,False,CBS,True,15.333333333333334,21.333333333333332,0.0,15.333333333333334,21.333333333333332,0.0,15.333333333333334,21.333333333333332,0.0,24.5,24.0,0.5,24.5,24.0,0.5,24.5,24.0,0.5,1488.8969611488058,1527.9384113250544,-39.041450176248645,0.5372879978529266,13.0,28.0,-15.0,0,0,0.25735294117647056,0,-6,64,0
2021,6,401326419,2021-10-17 20:25:00+00:00,STATUS_FINAL,Denver Broncos,DEN,24,3-3,Las Vegas Raiders,LV,34,4-2,False,58,10,Empower Field at Mile High,Denver,False,CBS,True,16.5,11.5,0.5,16.5,11.5,0.5,16.5,11.5,0.5,20.0,22.5,0.5,20.0,22.5,0.5,20.0,22.5,0.5,1508.5622018877737,1506.6949322161456,1.867269671628037,0.5950589429099509,14.0,12.0,2.0,0,0,0.5661764705882353,0,-10,58,0
2021,6,401326421,2021-10-18 00:20:00+00:00,STATUS_FINAL,Pittsburgh Steelers,PIT,23,3-3,Seattle Seahawks,SEA,20,2-4,True,43,3,Acrisure Stadium,Pittsburgh,False,NBC,False,18.0,23.0,0.3333333333333333,18.0,23.0,0.3333333333333333,18.0,23.0,0.3333333333333333,24.333333333333332,22.333333333333332,0.6666666666666666,24.333333333333332,22.333333333333332,0.6666666666666666,24.333333333333332,22.333333333333332,0.6666666666666666,1489.756794716764,1491.6880915892552,-1.9312968724912025,0.5897791905394868,7.0,14.0,-7.0,0,0,0.8492647058823529,1,3,43,0
2021,6,401326422,2021-10-19 00:15:00+00:00,STATUS_FINAL,Tennessee Titans,TEN,34,4-2,Buffalo Bills,BUF,31,4-2,True,65,3,Nissan Stadium,Nashville,False,ESPN,False,19.0,27.0,0.5,19.0,27.0,0.5,19.0,27.0,0.5,36.5,10.0,1.0,36.5,10.0,1.0,36.5,10.0,1.0,1509.8295427511516,1527.6507476299812,-17.821204878829576,0.5674814818853104,22.0,7.0,15.0,0,0,0.10294117647058823,1,3,65,0
2021,7,401326423,2021-10-22 00:20:00+00:00,STATUS_FINAL,Cleveland Browns,CLE,17,4-3,Denver Broncos,DEN,14,3-4,True,31,3,Huntington Bank Field,Cleveland,False,FOX,False,23.666666666666668,21.333333333333332,0.6666666666666666,23.666666666666668,21.333333333333332,0.6666666666666666,23.666666666666668,21.333333333333332,0.6666666666666666,23.0,17.666666666666668,0.6666666666666666,23.0,17.666666666666668,0.6666666666666666,23.0,17.666666666666668,0.6666666666666666,1501.0596192392202,1496.6610230295746,4.398596209645575,0.5985652249548223,4.0,11.0,-7.0,0,0,0.29411764705882354,1,3,31,0
2021,7,401326429,2021-10-24 17:00:00+00:00,STATUS_FINAL,Tennessee Titans,TEN,27,5-2,Kansas City Chiefs,KC,3,3-4,True,30,24,Nissan Stadium,Nashville,False,CBS,False,24.0,28.333333333333332,0.6666666666666666,24.0,28.333333333333332,0.6666666666666666,24.0,28.333333333333332,0.6666666666666666,36.0,26.333333333333332,0.6666666666666666,36.0,26.333333333333332,0.6666666666666666,36.0,26.333333333333332,0.6666666666666666,1518.4799131134455,1500.1266173027475,18.353295810698,0.6177054027776704,5.0,7.0,-2.0,0,0,0.47794117647058826,1,24,30,1
2021,7,401326428,2021-10-24 17:00:00+00:00,STATUS_FINAL,New York Giants,NYG,25,2-5,Carolina Panthers,CAR,3,3-4,True,28,22,MetLife Stadium,East Rutherford,False,FOX,False,12.666666666666666,27.333333333333332,0.0,12.666666666666666,27.333333333333332,0.0,12.666666666666666,27.333333333333332,0.0,26.0,22.5,0.5,26.0,22.5,0.5,26.0,22.5,0.5,1463.777994590026,1493.8672359441946,-30.089241354168507,0.5500722158931363,7.0,21.0,-14.0,0,0,0.1323529411764706,1,22,28,1
2021,7,401326427,2021-10-24 17:00:00+00:00,STATUS_FINAL,New England Patriots,NE,54,3-4,New York Jets,NYJ,13,1-5,True,67,41,Gillette Stadium,Foxborough,False,CBS,False,19.666666666666668,27.333333333333332,0.0,18.75,24.75,0.0,18.75,24.75,0.0,11.333333333333334,24.0,0.0,11.333333333333334,24.0,0.0,11.333333333333334,24.0,0.0,1478.1512011917473,1473.8647466063192,4.286454585428146,0.5984101017989633,6.0,14.0,-8.0,0,0,0.7573529411764706,1,41,67,1
2021,7,401326424,2021-10-24 17:00:00+00:00,STATUS_FINAL,Baltimore Ravens,BAL,17,5-2,Cincinnati Bengals,CIN,41,5-2,False,58,24,M&T Bank Stadium,Baltimore,False,CBS,True,33.666666666666664,22.0,1.0,33.666666666666664,22.0,1.0,33.666666666666664,22.0,1.0,25.0,13.666666666666666,0.6666666666666666,25.0,13.666666666666666,0.6666666666666666,25.0,13.666666666666666,0.6666666666666666,1539.1634930732766,1516.966518888551,22.196974184725605,0.6229165703975529,7.0,7.0,0.0,0,0,0.20220588235294118,0,-24,58,0
2021,7,401326425,2021-10-24 17:00:00+00:00,STATUS_FINAL,Green Bay Packers,GB,24,6-1,Washington,WSH,10,2-5,True,34,14,Lambeau Field,Green Bay,False,FOX,False,31.0,17.0,1.0,31.0,17.0,1.0,31.0,17.0,1.0,27.5,36.5,0.5,27.5,36.5,0.5,27.5,36.5,0.5,1542.9933230943561,1476.494793235585,66.49852985877124,0.6806947414225433,20.0,21.0,-1.0,0,0,0.9742647058823529,1,14,34,1
2021,7,401326426,2021-10-24 17:00:00+00:00,STATUS_FINAL,Miami Dolphins,MIA,28,1-6,Atlanta Falcons,ATL,30,3-3,False,58,2,Hard Rock Stadium,Miami Gardens,False,FOX,True,8.5,31.0,0.0,8.5,31.0,0.0,8.5,31.0,0.0,21.0,31.0,0.5,21.0,31.0,0.5,21.0,31.0,0.5,1463.5115164267063,1488.616493783892,-25.104977357185817,0.557162538934215,21.0,28.0,-7.0,0,0,0.04044117647058824,0,-2,58,0
2021,7,401326430,2021-10-24 20:05:00+00:00,STATUS_FINAL,Los Angeles Rams,LAR,28,6-1,Detroit Lions,DET,19,0-7,True,47,9,SoFi Stadium,Inglewood,False,FOX,False,29.333333333333332,25.0,0.6666666666666666,29.333333333333332,25.0,0.6666666666666666,29.333333333333332,25.0,0.6666666666666666,16.0,26.0,0.0,16.0,26.0,0.0,16.0,26.0,0.0,1537.5548446282419,1443.370972995351,94.18387163289094,0.7142949576231997,21.0,14.0,7.0,0,0,0.3235294117647059,1,9,47,1
2021,7,401326431,2021-10-24 20:05:00+00:00,STATUS_FINAL,Las Vegas Raiders,LV,33,5-2,Philadelphia Eagles,PHI,22,2-5,True,55,11,Allegiant Stadium,Las Vegas,False,FOX,False,24.333333333333332,25.0,0.6666666666666666,24.333333333333332,25.0,0.6666666666666666,24.333333333333332,25.0,0.6666666666666666,24.666666666666668,21.666666666666668,0.6666666666666666,24.666666666666668,21.666666666666668,0.6666666666666666,24.666666666666668,21.666666666666668,0.6666666666666666,1518.5961110743447,1481.995397196447,36.60071387789776,0.6421850900559749,14.0,14.0,0.0,0,0,0.7867647058823529,1,11,55,1
2021,7,401326433,2021-10-24 20:25:00+00:00,STATUS_FINAL,Tampa Bay Buccaneers,TB,38,6-1,Chicago Bears,CHI,3,3-4,True,41,35,Raymond James Stadium,Tampa,False,CBS,False,41.333333333333336,23.666666666666668,1.0,41.333333333333336,23.666666666666668,1.0,41.333333333333336,23.666666666666668,1.0,13.333333333333334,23.0,0.3333333333333333,13.333333333333334,23.0,0.3333333333333333,13.333333333333334,23.0,0.3333333333333333,1536.9949416782658,1500.8896429344977,36.10529874376812,0.6415295194674119,14.0,14.0,0.0,0,0,0.16911764705882354,1,35,41,1
2021,7,401326432,2021-10-24 20:25:00+00:00,STATUS_FINAL,Arizona Cardinals,ARI,31,7-0,Houston Texans,HOU,5,1-6,True,36,26,State Farm Stadium,Glendale,False,CBS,False,25.5,21.5,1.0,25.5,21.5,1.0,25.5,21.5,1.0,8.0,34.0,0.0,8.0,34.0,0.0,8.0,34.0,0.0,1559.7588078981512,1460.6473035452545,99.11150435289665,0.7200484116696695,14.0,7.0,7.0,0,0,0.3897058823529412,1,26,36,1
2021,7,401326434,2021-10-25 00:20:00+00:00,STATUS_FINAL,San Francisco 49ers,SF,18,2-4,Indianapolis Colts,IND,30,3-4,False,48,12,Levi's Stadium,Santa Clara,False,NBC,True,24.5,29.0,0.0,24.5,29.0,0.0,24.5,29.0,0.0,22.666666666666668,24.333333333333332,0.3333333333333333,22.666666666666668,24.333333333333332,0.3333333333333333,22.666666666666668,24.333333333333332,0.3333333333333333,1491.8037637122836,1482.7997506478116,9.00401306447202,0.6049184229918082,21.0,13.0,8.0,0,0,0.41911764705882354,0,-12,48,0
2021,7,401326435,2021-10-26 00:15:00+00:00,STATUS_FINAL,Seattle Seahawks,SEA,10,2-5,New Orleans Saints,NO,13,4-2,False,23,3,Lumen Field,Seattle,False,ESPN,True,23.5,29.5,0.0,23.5,29.5,0.0,23.5,29.5,0.0,22.666666666666668,20.333333333333332,0.6666666666666666,22.666666666666668,20.333333333333332,0.6666666666666666,22.666666666666668,20.333333333333332,0.6666666666666666,1483.483675400045,1510.7106955732463,-27.227020173201254,0.5541465200543967,17.0,15.0,2.0,0,0,0.6911764705882353,0,-3,23,0
2021,8,401326436,2021-10-29 00:20:00+00:00,STATUS_FINAL,Arizona Cardinals,ARI,21,7-1,Green Bay Packers,GB,24,7-1,False,45,3,State Farm Stadium,Glendale,False,FOX,True,27.333333333333332,16.0,1.0,27.333333333333332,16.0,1.0,27.333333333333332,16.0,1.0,26.333333333333332,21.333333333333332,1.0,20.5,25.5,0.75,20.5,25.5,0.75,1565.3578396647579,1549.3794282659053,15.978411398852586,0.6144719213968479,4.0,11.0,-7.0,0,0,0.3602941176470588,0,-3,45,0
2021,8,401326438,2021-10-31 17:00:00+00:00,STATUS_FINAL,Buffalo Bills,BUF,26,5-2,Miami Dolphins,MIA,11,1-7,True,37,15,Highmark Stadium,Orchard Park,False,CBS,False,33.0,14.666666666666666,0.6666666666666666,33.0,14.666666666666666,0.6666666666666666,33.0,14.666666666666666,0.6666666666666666,21.666666666666668,33.0,0.0,20.5,28.75,0.25,20.5,28.75,0.25,1519.0003772676873,1452.368265648022,66.63211161966524,0.6808618508560331,28.0,14.0,14.0,0,0,0.6029411764705882,1,15,37,1
2021,8,401326437,2021-10-31 17:00:00+00:00,STATUS_FINAL,Atlanta Falcons,ATL,13,3-4,Carolina Panthers,CAR,19,4-4,False,32,6,Mercedes-Benz Stadium,Atlanta,False,FOX,True,21.0,28.666666666666668,0.3333333333333333,21.0,28.666666666666668,0.3333333333333333,21.0,28.666666666666668,0.3333333333333333,18.333333333333332,23.333333333333332,0.3333333333333333,18.333333333333332,23.333333333333332,0.3333333333333333,18.333333333333332,23.333333333333332,0.3333333333333333,1499.7597445625763,1484.8686802620573,14.89106430051902,0.6129880651722125,21.0,7.0,14.0,0,0,0.13602941176470587,0,-6,32,0
2021,8,401326441,2021-10-31 17:00:00+00:00,STATUS_FINAL,Detroit Lions,DET,6,0-8,Philadelphia Eagles,PHI,44,3-5,False,50,38,Ford Field,Detroit,False,FOX,True,20.333333333333332,31.333333333333332,0.0,20.333333333333332,31.333333333333332,0.0,20.333333333333332,31.333333333333332,0.0,21.333333333333332,30.666666666666668,0.3333333333333333,24.0,24.5,0.5,24.0,24.5,0.5,1437.656872147815,1474.8390989975665,-37.18222684975149,0.5399476677314421,14.0,6.0,8.0,0,0,0.7904411764705882,0,-38,50,0
2021,8,401326439,2021-10-31 17:00:00+00:00,STATUS_FINAL,Chicago Bears,CHI,22,3-5,San Francisco 49ers,SF,33,3-4,False,55,11,Soldier Field,Chicago,False,FOX,True,19.333333333333332,18.333333333333332,0.6666666666666666,19.333333333333332,18.333333333333332,0.6666666666666666,19.333333333333332,18.333333333333332,0.6666666666666666,22.666666666666668,20.333333333333332,0.6666666666666666,22.666666666666668,20.333333333333332,0.6666666666666666,22.666666666666668,20.333333333333332,0.6666666666666666,1493.720233323846,1479.7053952524475,14.014838071398572,0.6117907872318135,14.0,20.0,-6.0,0,0,0.8823529411764706,0,-11,55,0
2021,8,401326442,2021-10-31 17:00:00+00:00,STATUS_FINAL,Houston Texans,HOU,22,1-7,Los Angeles Rams,LAR,38,7-1,False,60,16,NRG Stadium,Houston,False,FOX,True,22.666666666666668,23.333333333333332,0.3333333333333333,22.666666666666668,23.333333333333332,0.3333333333333333,22.666666666666668,23.333333333333332,0.3333333333333333,30.333333333333332,17.333333333333332,1.0,30.333333333333332,17.333333333333332,1.0,30.333333333333332,17.333333333333332,1.0,1455.0482717786479,1543.2689454757779,-88.22067369713,0.46663243212311994,21.0,14.0,7.0,0,0,0.5367647058823529,0,-16,60,0
2021,8,401326440,2021-10-31 17:00:00+00:00,STATUS_FINAL,Cleveland Browns,CLE,10,4-4,Pittsburgh Steelers,PIT,15,4-3,False,25,5,Huntington Bank Field,Cleveland,False,CBS,True,19.0,19.0,0.6666666666666666,22.0,19.5,0.75,22.0,19.5,0.75,20.0,21.5,0.5,20.0,21.5,0.5,20.0,21.5,0.5,1509.0883147401237,1497.9612109059742,11.127103834149466,0.6078354868007926,9.0,27.0,-18.0,0,0,0.8161764705882353,0,-5,25,0
2021,8,401326443,2021-10-31 17:00:00+00:00,STATUS_FINAL,Indianapolis Colts,IND,31,3-5,Tennessee Titans,TEN,34,6-2,False,65,3,Lucas Oil Stadium,Indianapolis,False,CBS,True,23.666666666666668,19.333333333333332,0.3333333333333333,23.666666666666668,19.333333333333332,0.3333333333333333,23.666666666666668,19.333333333333332,0.3333333333333333,31.333333333333332,25.333333333333332,0.6666666666666666,31.333333333333332,25.333333333333332,0.6666666666666666,31.333333333333332,25.333333333333332,0.6666666666666666,1494.8981191076477,1526.1258050578922,-31.22768595024445,0.548449766725276,14.0,21.0,-7.0,0,0,0.9485294117647058,0,-3,65,0
2021,8,401326444,2021-10-31 17:00:00+00:00,STATUS_FINAL,New York Jets,NYJ,34,2-5,Cincinnati Bengals,CIN,31,5-3,True,65,3,MetLife Stadium,East Rutherford,False,CBS,False,16.5,24.5,0.5,16.5,24.5,0.5,16.5,24.5,0.5,33.0,12.666666666666666,1.0,29.0,14.5,0.75,29.0,14.5,0.75,1465.8329486422983,1529.4248502965022,-63.591901654203866,0.5020264053179487,28.0,7.0,21.0,0,0,0.20588235294117646,1,3,65,0
2021,8,401326446,2021-10-31 20:05:00+00:00,STATUS_FINAL,Seattle Seahawks,SEA,31,3-5,Jacksonville Jaguars,JAX,7,1-6,True,38,24,Lumen Field,Seattle,False,CBS,False,19.0,24.0,0.0,19.0,24.0,0.0,19.0,24.0,0.0,21.0,30.5,0.0,21.0,30.5,0.0,21.0,30.5,0.0,1472.4007449989572,1460.6794843834218,11.721260615535357,0.6086504735123427,5.0,30.0,-25.0,0,0,0.44485294117647056,1,24,38,1
2021,8,401326445,2021-10-31 20:05:00+00:00,STATUS_FINAL,Los Angeles Chargers,LAC,24,4-3,New England Patriots,NE,27,4-4,False,51,3,SoFi Stadium,Inglewood,False,CBS,True,30.666666666666668,25.333333333333332,0.6666666666666666,30.666666666666668,25.333333333333332,0.6666666666666666,30.666666666666668,25.333333333333332,0.6666666666666666,25.0,14.0,1.0,25.0,14.0,1.0,25.0,14.0,1.0,1519.9990703081783,1486.1829991557681,33.81607115241013,0.6384933979135176,21.0,21.0,0.0,0,0,0.6580882352941176,0,-3,51,0
2021,8,401326447,2021-10-31 20:25:00+00:00,STATUS_FINAL,Denver Broncos,DEN,17,4-4,Washington,WSH,10,2-6,True,27,7,Empower Field at Mile High,Denver,False,FOX,False,19.0,19.0,0.3333333333333333,19.0,19.0,0.3333333333333333,19.0,19.0,0.3333333333333333,21.666666666666668,32.333333333333336,0.3333333333333333,21.666666666666668,32.333333333333336,0.3333333333333333,21.666666666666668,32.333333333333336,0.3333333333333333,1488.632327528671,1470.1086880640357,18.52363946463538,0.6179369347965377,14.0,7.0,7.0,0,0,0.9779411764705882,1,7,27,1
2021,8,401326448,2021-10-31 20:25:00+00:00,STATUS_FINAL,New Orleans Saints,NO,36,5-2,Tampa Bay Buccaneers,TB,27,6-2,True,63,9,Caesars Superdome,New Orleans,False,FOX,False,29.5,15.0,0.5,29.5,15.0,0.5,29.5,15.0,0.5,23.666666666666668,24.333333333333332,0.6666666666666666,23.666666666666668,24.333333333333332,0.6666666666666666,23.666666666666668,24.333333333333332,0.6666666666666666,1521.7936259743342,1544.1643512889175,-22.370725314583296,0.5610424429297933,28.0,16.0,12.0,0,0,0.9154411764705882,1,9,63,1
2021,8,401326449,2021-11-01 00:20:00+00:00,STATUS_FINAL,Minnesota Vikings,MIN,16,3-4,Dallas Cowboys,DAL,20,6-1,False,36,4,U.S. Bank Stadium,Minneapolis,False,NBC,True,18.666666666666668,16.0,0.6666666666666666,18.666666666666668,16.0,0.6666666666666666,18.666666666666668,16.0,0.6666666666666666,28.0,25.666666666666668,0.6666666666666666,28.0,25.666666666666668,0.6666666666666666,28.0,25.666666666666668,0.6666666666666666,1501.3352890490432,1538.6841712821129,-37.34888223306962,0.5397093531798892,21.0,14.0,7.0,0,0,0.2610294117647059,0,-4,36,0
2021,8,401326450,2021-11-02 00:15:00+00:00,STATUS_FINAL,Kansas City Chiefs,KC,20,4-4,New York Giants,NYG,17,2-6,True,37,3,GEHA Field at Arrowhead Stadium,Kansas City,False,ESPN,False,25.666666666666668,32.333333333333336,0.3333333333333333,25.666666666666668,32.333333333333336,0.3333333333333333,25.666666666666668,32.333333333333336,0.3333333333333333,25.333333333333332,31.666666666666668,0.3333333333333333,25.333333333333332,31.666666666666668,0.3333333333333333,25.333333333333332,31.666666666666668,0.3333333333333333,1492.4807253583008,1472.7765502721634,19.70417508613741,0.6195400487741687,21.0,22.0,-1.0,0,0,0.7242647058823529,1,3,37,0
2021,9,401326451,2021-11-05 00:20:00+00:00,STATUS_FINAL,Indianapolis Colts,IND,45,4-5,New York Jets,NYJ,30,2-6,True,75,15,Lucas Oil Stadium,Indianapolis,False,FOX,False,28.666666666666668,21.333333333333332,0.3333333333333333,25.5,23.0,0.25,25.5,23.0,0.25,11.0,35.666666666666664,0.0,11.75,31.5,0.0,11.75,31.5,0.0,1483.9291237731422,1475.7924205359393,8.136703237202937,0.6037245992719514,4.0,11.0,-7.0,0,0,0.7610294117647058,1,15,75,1
2021,9,401326458,2021-11-07 18:00:00+00:00,STATUS_FINAL,New Orleans Saints,NO,25,5-3,Atlanta Falcons,ATL,27,4-4,False,52,2,Caesars Superdome,New Orleans,False,FOX,True,31.666666666666668,19.0,0.6666666666666666,31.666666666666668,19.0,0.6666666666666666,31.666666666666668,19.0,0.6666666666666666,24.0,30.0,0.6666666666666666,24.0,30.0,0.6666666666666666,24.0,30.0,0.6666666666666666,1530.5727771157383,1487.499983259132,43.07279385660627,0.6506998762506133,6.0,14.0,-8.0,0,0,0.04411764705882353,0,-2,52,0
2021,9,401326452,2021-11-07 18:00:00+00:00,STATUS_FINAL,Baltimore Ravens,BAL,34,6-2,Minnesota Vikings,MIN,31,3-5,True,65,3,M&T Bank Stadium,Baltimore,False,FOX,False,27.333333333333332,24.0,0.6666666666666666,29.5,26.75,0.75,29.5,26.75,0.75,30.333333333333332,29.666666666666668,0.3333333333333333,30.333333333333332,29.666666666666668,0.3333333333333333,30.333333333333332,29.666666666666668,0.3333333333333333,1526.7051616653255,1490.5411019854455,36.16405967987998,0.6416073040725593,14.0,21.0,-7.0,0,0,0.6286764705882353,1,3,65,0
2021,9,401326457,2021-11-07 18:00:00+00:00,STATUS_FINAL,Miami Dolphins,MIA,17,2-7,Houston Texans,HOU,9,1-8,True,26,8,Hard Rock Stadium,Miami Gardens,False,FOX,False,15.0,30.666666666666668,0.0,15.0,30.666666666666668,0.0,15.0,30.666666666666668,0.0,2.6666666666666665,34.0,0.0,7.25,33.25,0.0,7.25,33.25,0.0,1445.9855026651428,1445.7156231361855,0.26987952895728995,0.5928412816242956,14.0,13.0,1.0,0,0,0.39338235294117646,1,8,26,1
2021,9,401326454,2021-11-07 18:00:00+00:00,STATUS_FINAL,Cincinnati Bengals,CIN,16,5-4,Cleveland Browns,CLE,41,5-4,False,57,25,Paycor Stadium,Cincinnati,False,CBS,True,24.333333333333332,23.333333333333332,0.6666666666666666,24.333333333333332,23.333333333333332,0.6666666666666666,24.333333333333332,23.333333333333332,0.6666666666666666,28.333333333333332,29.0,0.3333333333333333,28.333333333333332,29.0,0.3333333333333333,28.333333333333332,29.0,0.3333333333333333,1519.4653784028612,1496.9316050041077,22.53377339875351,0.6233718628802091,28.0,27.0,1.0,0,0,0.23161764705882354,0,-25,57,0
2021,9,401326455,2021-11-07 18:00:00+00:00,STATUS_FINAL,Dallas Cowboys,DAL,16,6-2,Denver Broncos,DEN,30,5-4,False,46,14,AT&T Stadium,Arlington,False,FOX,True,40.333333333333336,23.0,1.0,40.333333333333336,23.0,1.0,40.333333333333336,23.0,1.0,18.666666666666668,19.0,0.3333333333333333,20.75,17.5,0.5,20.75,17.5,0.5,1549.4783583457106,1496.2735888327404,53.20476951297019,0.663837195144216,27.0,16.0,11.0,0,0,0.2977941176470588,0,-14,46,0
2021,9,401326459,2021-11-07 18:00:00+00:00,STATUS_FINAL,New York Giants,NYG,23,3-6,Las Vegas Raiders,LV,16,5-3,True,39,7,MetLife Stadium,East Rutherford,False,CBS,False,16.666666666666668,19.333333333333332,0.3333333333333333,15.75,21.25,0.25,15.75,21.25,0.25,24.666666666666668,23.0,0.6666666666666666,24.666666666666668,23.0,0.6666666666666666,24.666666666666668,23.0,0.6666666666666666,1465.1673512476468,1525.752409273225,-60.58505802557829,0.5063532702774319,14.0,20.0,-6.0,0,0,0.5698529411764706,1,7,39,1
2021,9,401326453,2021-11-07 18:00:00+00:00,STATUS_FINAL,Carolina Panthers,CAR,6,4-5,New England Patriots,NE,24,5-4,False,30,18,Bank of America Stadium,Charlotte,False,CBS,True,24.0,20.666666666666668,0.3333333333333333,22.75,19.0,0.5,22.75,19.0,0.5,25.666666666666668,17.333333333333332,1.0,25.666666666666668,17.333333333333332,1.0,25.666666666666668,17.333333333333332,1.0,1497.1284415655016,1498.9528671140386,-1.824425548536965,0.5899280238079432,21.0,6.0,15.0,0,0,0.6617647058823529,0,-18,30,0
2021,9,401326456,2021-11-07 18:00:00+00:00,STATUS_FINAL,Jacksonville Jaguars,JAX,9,2-6,Buffalo Bills,BUF,6,5-3,True,15,3,EverBank Stadium,Jacksonville,False,CBS,False,20.333333333333332,29.333333333333332,0.3333333333333333,18.5,27.75,0.25,18.5,27.75,0.25,34.666666666666664,18.0,0.6666666666666666,34.666666666666664,18.0,0.6666666666666666,34.666666666666664,18.0,0.6666666666666666,1452.8524938536686,1525.3831402505666,-72.53064639689796,0.4891642255066645,21.0,19.0,2.0,0,0,0.10661764705882353,1,3,15,0
2021,9,401326460,2021-11-07 21:05:00+00:00,STATUS_FINAL,Philadelphia Eagles,PHI,24,3-6,Los Angeles Chargers,LAC,27,5-3,False,51,3,Lincoln Financial Field,Philadelphia,False,CBS,True,21.0,29.0,0.0,21.0,29.0,0.0,21.0,29.0,0.0,18.666666666666668,24.666666666666668,0.6666666666666666,18.666666666666668,24.666666666666668,0.6666666666666666,18.666666666666668,24.666666666666668,0.6666666666666666,1485.6380523521952,1507.2292023499078,-21.59114999771259,0.5621473158874735,23.0,21.0,2.0,0,0,0.5073529411764706,0,-3,51,0
2021,9,401326462,2021-11-07 21:25:00+00:00,STATUS_FINAL,San Francisco 49ers,SF,17,3-5,Arizona Cardinals,ARI,31,8-1,False,48,14,Levi's Stadium,Santa Clara,False,FOX,True,22.333333333333332,29.333333333333332,0.0,22.333333333333332,29.333333333333332,0.0,22.333333333333332,29.333333333333332,0.0,35.0,17.666666666666668,1.0,35.75,16.5,1.0,35.75,16.5,1.0,1491.9412109970838,1553.0684012368208,-61.12719023973705,0.5055731904387828,13.0,21.0,-8.0,0,0,0.014705882352941176,0,-14,48,0
2021,9,401326461,2021-11-07 21:25:00+00:00,STATUS_FINAL,Kansas City Chiefs,KC,13,5-4,Green Bay Packers,GB,7,7-2,True,20,6,GEHA Field at Arrowhead Stadium,Kansas City,False,FOX,False,21.333333333333332,28.333333333333332,0.3333333333333333,24.25,28.5,0.5,24.25,28.5,0.5,24.333333333333332,19.0,1.0,21.2,24.6,0.8,21.2,24.6,0.8,1500.0899243828173,1561.6688666938423,-61.578942311025,0.5049231386657302,5.0,9.0,-4.0,0,0,0.3639705882352941,1,6,20,1
2021,9,401326463,2021-11-08 01:20:00+00:00,STATUS_FINAL,Los Angeles Rams,LAR,16,7-2,Tennessee Titans,TEN,28,7-2,False,44,12,SoFi Stadium,Inglewood,False,NBC,True,27.333333333333332,26.666666666666668,0.6666666666666666,29.0,23.5,0.75,29.0,23.5,0.75,31.666666666666668,25.666666666666668,0.6666666666666666,32.0,26.75,0.75,32.0,26.75,0.75,1552.6015941182402,1537.0948003923977,15.506793725842499,0.6138285843719541,14.0,7.0,7.0,0,0,0.9522058823529411,0,-12,44,0
2021,9,401326464,2021-11-09 01:15:00+00:00,STATUS_FINAL,Pittsburgh Steelers,PIT,29,5-3,Chicago Bears,CHI,27,3-6,True,56,2,Acrisure Stadium,Pittsburgh,False,ESPN,False,20.0,21.0,0.6666666666666666,19.25,22.25,0.5,19.25,22.25,0.5,9.666666666666666,24.333333333333332,0.3333333333333333,10.75,26.75,0.25,10.75,26.75,0.25,1510.1179206419902,1481.4844175792098,28.63350306278039,0.6315792429181226,22.0,15.0,7.0,0,0,0.17279411764705882,1,2,56,0
2021,10,401326465,2021-11-12 01:20:00+00:00,STATUS_FINAL,Miami Dolphins,MIA,22,3-7,Baltimore Ravens,BAL,10,6-3,True,32,12,Hard Rock Stadium,Miami Gardens,False,FOX,False,20.666666666666668,22.0,0.3333333333333333,15.5,25.25,0.25,15.5,25.25,0.25,23.0,19.0,0.6666666666666666,23.0,19.0,0.6666666666666666,23.0,19.0,0.6666666666666666,1454.128677032657,1533.8730155838743,-79.74433855121742,0.4787939199986265,4.0,39.0,-35.0,0,0,0.07720588235294118,1,12,32,1
2021,10,401326466,2021-11-14 18:00:00+00:00,STATUS_FINAL,Dallas Cowboys,DAL,43,7-2,Atlanta Falcons,ATL,3,4-5,True,46,40,AT&T Stadium,Arlington,False,FOX,False,32.0,26.0,0.6666666666666666,34.25,24.75,0.75,34.25,24.75,0.75,24.666666666666668,22.333333333333332,1.0,24.75,28.75,0.75,24.75,28.75,0.75,1536.2016144428262,1500.5139807841442,35.68763365868199,0.6409764222065054,7.0,7.0,0.0,0,0,0.04779411764705882,1,40,46,1
2021,10,401326471,2021-11-14 18:00:00+00:00,STATUS_FINAL,Tennessee Titans,TEN,23,8-2,New Orleans Saints,NO,21,5-4,True,44,2,Nissan Stadium,Nashville,False,CBS,False,28.666666666666668,16.666666666666668,1.0,24.75,22.0,0.75,24.75,22.0,0.75,24.666666666666668,15.0,1.0,20.25,17.75,0.75,20.25,17.75,0.75,1549.3713720798369,1517.558779590726,31.812592489110784,0.6358271380956817,21.0,19.0,2.0,0,0,0.6948529411764706,1,2,44,0
2021,10,401326469,2021-11-14 18:00:00+00:00,STATUS_FINAL,New York Jets,NYJ,17,2-7,Buffalo Bills,BUF,45,6-3,False,62,28,MetLife Stadium,East Rutherford,False,CBS,True,22.333333333333332,26.666666666666668,0.6666666666666666,22.333333333333332,26.666666666666668,0.6666666666666666,22.333333333333332,26.666666666666668,0.6666666666666666,25.0,21.0,0.3333333333333333,27.5,15.75,0.5,27.5,15.75,0.5,1467.8669125213783,1515.1664247607,-47.29951223932176,0.5254510339157655,14.0,7.0,7.0,0,0,0.11029411764705882,0,-28,62,0
2021,10,401326467,2021-11-14 18:00:00+00:00,STATUS_FINAL,Indianapolis Colts,IND,23,5-5,Jacksonville Jaguars,JAX,17,2-7,True,40,6,Lucas Oil Stadium,Indianapolis,False,CBS,False,35.666666666666664,22.333333333333332,0.6666666666666666,29.4,24.4,0.4,29.4,24.4,0.4,16.333333333333332,30.666666666666668,0.0,16.333333333333332,30.666666666666668,0.0,16.333333333333332,30.666666666666668,0.0,1491.8546317877033,1463.0692093435352,28.785422444168034,0.6317827084374555,9.0,13.0,-4.0,0,0,0.4485294117647059,1,6,40,1
2021,10,401326470,2021-11-14 18:00:00+00:00,STATUS_FINAL,Pittsburgh Steelers,PIT,16,5-3-1,Detroit Lions,DET,16,0-8-1,False,32,0,Acrisure Stadium,Pittsburgh,False,FOX,True,26.333333333333332,22.0,1.0,21.2,23.2,0.6,21.2,23.2,0.6,16.666666666666668,23.666666666666668,0.0,16.75,26.5,0.0,16.75,26.5,0.0,1517.4863357836277,1426.8579187931862,90.62841699044156,0.7100998792150105,5.0,20.0,-15.0,0,0,0.3272058823529412,0,0,32,0
2021,10,401326468,2021-11-14 18:00:00+00:00,STATUS_FINAL,New England Patriots,NE,45,6-4,Cleveland Browns,CLE,7,5-5,True,52,38,Gillette Stadium,Foxborough,False,CBS,False,33.333333333333336,22.333333333333332,0.3333333333333333,25.8,22.4,0.2,25.8,22.4,0.2,32.333333333333336,23.333333333333332,0.6666666666666666,31.5,25.75,0.5,31.5,25.75,0.5,1510.7514275901974,1509.3990422617119,1.352385328485525,0.59434454653534,21.0,7.0,14.0,0,0,0.23529411764705882,1,38,52,1
2021,10,401326472,2021-11-14 18:00:00+00:00,STATUS_FINAL,Washington,WSH,29,3-6,Tampa Bay Buccaneers,TB,19,6-3,True,48,10,Northwest Stadium,Landover,False,FOX,False,21.666666666666668,31.0,0.3333333333333333,20.25,28.25,0.25,20.25,28.25,0.25,24.666666666666668,25.0,0.6666666666666666,24.5,27.25,0.5,24.5,27.25,0.5,1462.4674267599664,1535.3852001475134,-72.91777338754696,0.48860738031484996,28.0,13.0,15.0,0,0,0.9191176470588235,1,10,48,1
2021,10,401326474,2021-11-14 21:05:00+00:00,STATUS_FINAL,Los Angeles Chargers,LAC,20,5-4,Minnesota Vikings,MIN,27,4-5,False,47,7,SoFi Stadium,Inglewood,False,FOX,True,33.0,27.666666666666668,0.6666666666666666,29.0,25.75,0.5,29.0,25.75,0.5,32.666666666666664,32.0,0.3333333333333333,30.5,30.75,0.25,30.5,30.75,0.25,1518.4721486676574,1483.3732480668966,35.09890060076077,0.6401961497575214,14.0,7.0,7.0,0,0,0.6323529411764706,0,-7,47,0
2021,10,401326473,2021-11-14 21:05:00+00:00,STATUS_FINAL,Arizona Cardinals,ARI,10,8-2,Carolina Panthers,CAR,34,5-5,False,44,24,State Farm Stadium,Glendale,False,FOX,True,23.0,13.0,0.6666666666666666,25.75,18.0,0.75,25.75,18.0,0.75,16.666666666666668,24.666666666666668,0.3333333333333333,18.5,20.75,0.5,18.5,20.75,0.5,1563.1798650455964,1485.3298810893427,77.84998395625371,0.6947265980137552,16.0,14.0,2.0,0,0,0.13970588235294118,0,-24,44,0
2021,10,401326476,2021-11-14 21:25:00+00:00,STATUS_FINAL,Green Bay Packers,GB,17,8-2,Seattle Seahawks,SEA,0,3-6,True,17,17,Lambeau Field,Green Bay,False,CBS,False,28.666666666666668,14.666666666666666,1.0,28.666666666666668,14.666666666666666,1.0,28.666666666666668,14.666666666666666,1.0,21.666666666666668,24.666666666666668,0.3333333333333333,23.25,22.5,0.5,23.25,22.5,0.5,1551.767329467157,1480.2277355287104,71.53959393844661,0.6869686008177652,21.0,27.0,-6.0,0,0,0.8529411764705882,1,17,17,1
2021,10,401326475,2021-11-14 21:25:00+00:00,STATUS_FINAL,Denver Broncos,DEN,13,5-5,Philadelphia Eagles,PHI,30,4-6,False,43,17,Empower Field at Mile High,Denver,False,CBS,True,16.0,22.333333333333332,0.3333333333333333,18.5,16.75,0.5,18.5,16.75,0.5,29.0,19.0,0.6666666666666666,28.0,20.8,0.6,28.0,20.8,0.6,1509.5503327356248,1474.3951060344457,35.15522670117912,0.6402708332298241,14.0,14.0,0.0,0,0,0.7941176470588235,0,-17,43,0
2021,10,401326477,2021-11-15 01:20:00+00:00,STATUS_FINAL,Las Vegas Raiders,LV,14,5-4,Kansas City Chiefs,KC,41,6-4,False,55,27,Allegiant Stadium,Las Vegas,False,NBC,True,24.333333333333332,23.333333333333332,0.6666666666666666,26.5,24.25,0.75,26.5,24.25,0.75,25.333333333333332,23.333333333333332,0.6666666666666666,27.75,26.5,0.5,27.75,26.5,0.5,1515.8794746787737,1509.9914616095027,5.888013069270983,0.6006236209169958,21.0,21.0,0.0,0,0,0.48161764705882354,0,-27,55,0
2021,10,401326478,2021-11-16 01:15:00+00:00,STATUS_FINAL,San Francisco 49ers,SF,31,4-5,Los Angeles Rams,LAR,10,7-3,True,41,21,Levi's Stadium,Santa Clara,False,ESPN,False,18.666666666666668,29.666666666666668,0.0,21.0,29.75,0.0,21.0,29.75,0.0,34.0,16.666666666666668,1.0,32.25,18.5,1.0,32.25,18.5,1.0,1481.8297471883081,1540.325022430801,-58.49527524249288,0.5093599578299385,8.0,15.0,-7.0,0,0,0.5404411764705882,1,21,41,1
2021,11,401326479,2021-11-19 01:20:00+00:00,STATUS_FINAL,Atlanta Falcons,ATL,0,4-6,New England Patriots,NE,25,7-4,False,25,25,Mercedes-Benz Stadium,Atlanta,False,FOX,True,23.333333333333332,24.333333333333332,0.3333333333333333,19.0,26.25,0.25,19.0,26.25,0.25,25.333333333333332,17.333333333333332,1.0,25.25,14.5,1.0,25.25,14.5,1.0,1493.3335092282744,1518.8645366594906,-25.531027431216216,0.5565573328642182,18.0,11.0,7.0,0,0,0.6654411764705882,0,-25,25,0
2021,11,401326485,2021-11-21 18:00:00+00:00,STATUS_FINAL,Minnesota Vikings,MIN,34,5-5,Green Bay Packers,GB,31,8-3,True,65,3,U.S. Bank Stadium,Minneapolis,False,FOX,False,14.0,17.0,0.3333333333333333,18.0,17.0,0.5,18.0,17.0,0.5,18.333333333333332,16.0,0.6666666666666666,22.0,19.6,0.8,18.833333333333332,22.666666666666668,0.6666666666666666,1496.1771710620471,1558.0279574508018,-61.850786388754614,0.5045319585842512,20.0,13.0,7.0,0,0,0.36764705882352944,1,3,65,0
2021,11,401326483,2021-11-21 18:00:00+00:00,STATUS_FINAL,Cleveland Browns,CLE,13,6-5,Detroit Lions,DET,10,0-9-1,True,23,3,Huntington Bank Field,Cleveland,False,FOX,False,13.666666666666666,22.0,0.3333333333333333,19.6,18.6,0.6,19.6,18.6,0.6,17.333333333333332,21.0,0.3333333333333333,16.6,24.4,0.2,16.6,24.4,0.2,1501.2859331924187,1431.0599163774864,70.22601681493234,0.685340248337928,21.0,7.0,14.0,0,0,0.33088235294117646,1,3,23,0
2021,11,401326487,2021-11-21 18:00:00+00:00,STATUS_FINAL,Philadelphia Eagles,PHI,40,5-6,New Orleans Saints,NO,29,5-5,True,69,11,Lincoln Financial Field,Philadelphia,False,FOX,False,25.333333333333332,32.333333333333336,0.0,21.75,28.5,0.0,21.75,28.5,0.0,22.333333333333332,18.333333333333332,0.6666666666666666,20.4,18.8,0.6,20.4,18.8,0.6,1487.2005226990423,1510.2753223526397,-23.074799653597438,0.5600440549920525,13.0,7.0,6.0,0,0,0.6985294117647058,1,11,69,1
2021,11,401326488,2021-11-21 18:00:00+00:00,STATUS_FINAL,Tennessee Titans,TEN,13,8-3,Houston Texans,HOU,22,2-8,False,35,9,Nissan Stadium,Nashville,False,CBS,True,28.0,18.333333333333332,1.0,24.4,21.8,0.8,24.4,21.8,0.8,5.666666666666667,26.333333333333332,0.0,7.6,30.0,0.0,7.6,30.0,0.0,1556.6548293179233,1437.5724487686714,119.08238054925187,0.7426262083437586,7.0,14.0,-7.0,0,0,0.39705882352941174,0,-9,35,0
2021,11,401326482,2021-11-21 18:00:00+00:00,STATUS_FINAL,Chicago Bears,CHI,13,3-7,Baltimore Ravens,BAL,16,7-3,False,29,3,Soldier Field,Chicago,False,CBS,True,20.0,23.666666666666668,0.3333333333333333,20.0,22.0,0.5,20.0,22.0,0.5,17.333333333333332,15.333333333333334,0.6666666666666666,19.75,19.75,0.5,19.75,19.75,0.5,1474.1160024375722,1523.4488939838468,-49.332891546274595,0.5225315114753835,21.0,9.0,12.0,0,0,0.08088235294117647,0,-3,29,0
2021,11,401326486,2021-11-21 18:00:00+00:00,STATUS_FINAL,New York Jets,NYJ,17,2-8,Miami Dolphins,MIA,24,4-7,False,41,7,MetLife Stadium,East Rutherford,False,CBS,True,26.0,33.333333333333336,0.6666666666666666,21.0,31.25,0.5,21.0,31.25,0.5,16.0,31.333333333333332,0.0,18.6,28.2,0.2,18.6,28.2,0.2,1457.357891843063,1464.5527986326845,-7.194906789621427,0.5824290401111798,7.0,21.0,-14.0,0,0,0.6066176470588235,0,-7,41,0
2021,11,401326480,2021-11-21 18:00:00+00:00,STATUS_FINAL,Buffalo Bills,BUF,15,6-4,Indianapolis Colts,IND,41,6-5,False,56,26,Highmark Stadium,Orchard Park,False,CBS,True,36.333333333333336,10.666666666666666,1.0,31.25,13.75,0.75,31.25,13.75,0.75,27.333333333333332,22.0,0.6666666666666666,24.5,22.75,0.5,24.5,22.75,0.5,1525.6754454390152,1499.218977618954,26.456467820061107,0.6286584274124413,21.0,27.0,-6.0,0,0,0.4227941176470588,0,-26,56,0
2021,11,401326484,2021-11-21 18:00:00+00:00,STATUS_FINAL,Jacksonville Jaguars,JAX,10,2-8,San Francisco 49ers,SF,30,5-5,False,40,20,EverBank Stadium,Jacksonville,False,FOX,True,17.0,21.0,0.6666666666666666,16.6,23.4,0.4,16.6,23.4,0.4,20.0,16.666666666666668,0.6666666666666666,25.25,20.75,0.75,25.25,20.75,0.75,1455.7048635122844,1491.6425480317093,-35.93768451942492,0.5417267586624526,14.0,21.0,-7.0,0,0,0.8860294117647058,0,-20,40,0
2021,11,401326481,2021-11-21 18:00:00+00:00,STATUS_FINAL,Carolina Panthers,CAR,21,5-6,Washington,WSH,27,4-6,False,48,6,Bank of America Stadium,Charlotte,False,FOX,True,17.333333333333332,26.333333333333332,0.0,19.4,20.0,0.4,19.4,20.0,0.4,18.0,23.666666666666668,0.3333333333333333,18.75,28.5,0.25,18.75,28.5,0.25,1499.2244130496179,1472.6952791536694,26.529133895948462,0.6287560729366026,14.0,20.0,-6.0,0,0,0.9816176470588235,0,-6,48,0
2021,11,401326489,2021-11-21 21:05:00+00:00,STATUS_FINAL,Las Vegas Raiders,LV,13,5-5,Cincinnati Bengals,CIN,32,6-4,False,45,19,Allegiant Stadium,Las Vegas,False,CBS,True,18.666666666666668,27.666666666666668,0.3333333333333333,24.0,27.6,0.6,24.0,27.6,0.6,35.333333333333336,20.666666666666668,0.6666666666666666,29.4,18.4,0.6,29.4,18.4,0.6,1503.8670022604338,1506.997941145257,-3.1309388848233084,0.588107399049846,6.0,21.0,-15.0,0,0,0.20955882352941177,0,-19,45,0
2021,11,401326490,2021-11-21 21:25:00+00:00,STATUS_FINAL,Kansas City Chiefs,KC,19,7-4,Dallas Cowboys,DAL,9,7-3,True,28,10,GEHA Field at Arrowhead Stadium,Kansas City,False,FOX,False,17.666666666666668,20.666666666666668,0.6666666666666666,22.0,24.2,0.6,22.0,24.2,0.6,25.0,20.666666666666668,1.0,26.0,23.25,0.75,26.0,23.25,0.75,1522.0039340278427,1543.382085998696,-21.378151970853423,0.5624490860446714,14.0,20.0,-6.0,0,0,0.2647058823529412,1,10,28,1
2021,11,401326491,2021-11-21 21:25:00+00:00,STATUS_FINAL,Seattle Seahawks,SEA,13,3-7,Arizona Cardinals,ARI,23,9-2,False,36,10,Lumen Field,Seattle,False,FOX,True,19.333333333333332,15.333333333333334,0.3333333333333333,22.0,19.75,0.25,22.0,19.75,0.25,35.0,17.0,1.0,34.8,16.6,1.0,34.8,16.6,1.0,1473.9671075450656,1549.2853330853213,-75.31822554025575,0.485155243832918,21.0,14.0,7.0,0,0,0.01838235294117647,0,-10,36,0
2021,11,401326492,2021-11-22 01:20:00+00:00,STATUS_FINAL,Los Angeles Chargers,LAC,41,6-4,Pittsburgh Steelers,PIT,37,5-4-1,True,78,4,SoFi Stadium,Inglewood,False,NBC,False,30.333333333333332,32.0,0.3333333333333333,27.2,26.0,0.4,27.2,26.0,0.4,18.333333333333332,17.666666666666668,0.6666666666666666,18.333333333333332,17.666666666666668,0.6666666666666666,18.333333333333332,17.666666666666668,0.6666666666666666,1505.6682256725069,1513.2843381993275,-7.616112526820643,0.5818392331703102,7.0,21.0,-14.0,0,0,0.8198529411764706,1,4,78,1
2021,11,401326493,2021-11-23 01:15:00+00:00,STATUS_FINAL,Tampa Bay Buccaneers,TB,30,7-3,New York Giants,NYG,10,3-7,True,40,20,Raymond James Stadium,Tampa,False,ESPN,False,43.666666666666664,15.0,1.0,40.5,18.5,1.0,40.5,18.5,1.0,21.333333333333332,28.333333333333332,0.3333333333333333,23.25,28.75,0.25,23.25,28.75,0.25,1525.1573477538104,1475.0402858420982,50.1170619117122,0.6598592555218251,29.0,21.0,8.0,0,0,0.7279411764705882,1,20,40,1
2021,12,401326494,2021-11-25 17:30:00+00:00,STATUS_FINAL,Detroit Lions,DET,14,0-10-1,Chicago Bears,CHI,16,4-7,False,30,2,Ford Field,Detroit,False,FOX,True,11.333333333333334,32.333333333333336,0.0,16.75,34.5,0.0,16.75,34.5,0.0,16.666666666666668,25.333333333333332,0.3333333333333333,14.0,27.2,0.2,14.0,27.2,0.2,1424.7667213442448,1463.6653722080646,-38.89865086381974,0.5374923533768647,25.0,16.0,9.0,0,0,0.17647058823529413,0,-2,30,0
2021,12,401326495,2021-11-25 21:30:00+00:00,STATUS_FINAL,Dallas Cowboys,DAL,33,7-4,Las Vegas Raiders,LV,36,6-5,False,69,3,AT&T Stadium,Arlington,False,CBS,True,34.333333333333336,17.666666666666668,0.6666666666666666,36.0,20.4,0.8,36.0,20.4,0.8,21.333333333333332,25.0,0.3333333333333333,22.5,23.0,0.5,22.5,23.0,0.5,1534.6310677195895,1492.104854279437,42.52621344015256,0.6499844006257639,11.0,18.0,-7.0,0,0,0.5735294117647058,0,-3,69,0
2021,12,401326496,2021-11-26 01:20:00+00:00,STATUS_FINAL,New Orleans Saints,NO,6,5-6,Buffalo Bills,BUF,31,7-4,False,37,25,Caesars Superdome,New Orleans,False,NBC,True,27.333333333333332,27.0,0.3333333333333333,30.0,21.0,0.5,30.0,21.0,0.5,27.333333333333332,20.0,0.3333333333333333,31.0,16.0,0.6,31.0,16.0,0.6,1501.4762034524808,1513.1022768907665,-11.62607343828563,0.5762126595113203,18.0,11.0,7.0,0,0,0.11397058823529412,0,-25,37,0
2021,12,401326498,2021-11-28 18:00:00+00:00,STATUS_FINAL,Houston Texans,HOU,14,2-9,New York Jets,NYJ,21,3-8,False,35,7,NRG Stadium,Houston,False,CBS,True,17.666666666666668,29.0,0.0,22.5,27.0,0.25,22.5,27.0,0.25,21.0,42.0,0.0,15.4,34.2,0.0,15.4,34.2,0.0,1452.4249729355465,1445.7093110408393,6.715661894707182,0.6017659141648324,28.0,23.0,5.0,0,0,0.7647058823529411,0,-7,35,0
2021,12,401326503,2021-11-28 18:00:00+00:00,STATUS_FINAL,New York Giants,NYG,13,4-7,Philadelphia Eagles,PHI,7,5-7,True,20,6,MetLife Stadium,East Rutherford,False,FOX,False,19.666666666666668,19.0,0.6666666666666666,17.2,20.2,0.4,17.2,20.2,0.4,32.0,17.333333333333332,0.6666666666666666,27.6,22.2,0.6,28.333333333333332,19.5,0.6666666666666666,1468.2374709525347,1495.9996415992011,-27.76217064666639,0.5533852820076363,21.0,13.0,8.0,0,0,0.7977941176470589,1,6,20,1
2021,12,401326502,2021-11-28 18:00:00+00:00,STATUS_FINAL,New England Patriots,NE,36,8-4,Tennessee Titans,TEN,13,8-4,True,49,23,Gillette Stadium,Foxborough,False,CBS,False,42.666666666666664,18.333333333333332,0.6666666666666666,31.6,20.4,0.4,29.0,19.833333333333332,0.3333333333333333,33.0,22.0,1.0,31.2,24.6,0.8,31.2,24.6,0.8,1529.9956833167748,1541.8023051510481,-11.806621834273301,0.5759588461567616,14.0,20.0,-6.0,0,0,0.9558823529411765,1,23,49,1
2021,12,401326499,2021-11-28 18:00:00+00:00,STATUS_FINAL,Indianapolis Colts,IND,31,6-6,Tampa Bay Buccaneers,TB,38,8-3,False,69,7,Lucas Oil Stadium,Indianapolis,False,FOX,True,33.0,27.0,0.6666666666666666,30.8,22.2,0.6,28.333333333333332,23.166666666666668,0.5,24.666666666666668,29.0,0.3333333333333333,23.4,27.6,0.4,23.4,27.6,0.4,1511.7921461672029,1531.960162643374,-20.168016476171033,0.5641626916084732,14.0,14.0,0.0,0,0,0.9227941176470589,0,-7,69,0
2021,12,401326501,2021-11-28 18:00:00+00:00,STATUS_FINAL,Miami Dolphins,MIA,33,5-7,Carolina Panthers,CAR,10,5-7,True,43,23,Hard Rock Stadium,Miami Gardens,False,FOX,False,22.333333333333332,16.333333333333332,0.6666666666666666,16.8,22.2,0.4,16.8,22.2,0.4,18.666666666666668,16.0,0.6666666666666666,21.6,18.6,0.6,21.6,18.6,0.6,1476.2013794349082,1486.6492915908857,-10.44791215597752,0.5778679153780748,16.0,13.0,3.0,0,0,0.14338235294117646,1,23,43,1
2021,12,401326500,2021-11-28 18:00:00+00:00,STATUS_FINAL,Jacksonville Jaguars,JAX,14,2-9,Atlanta Falcons,ATL,21,5-6,False,35,7,EverBank Stadium,Jacksonville,False,CBS,True,14.0,18.666666666666668,0.6666666666666666,16.0,24.8,0.4,15.5,24.5,0.3333333333333333,20.0,32.0,0.6666666666666666,20.4,31.6,0.6,20.4,31.6,0.6,1444.8703283390353,1482.20236257099,-37.33203423195482,0.5397334463807661,7.0,14.0,-7.0,0,0,0.051470588235294115,0,-7,35,0
2021,12,401326497,2021-11-28 18:00:00+00:00,STATUS_FINAL,Cincinnati Bengals,CIN,41,7-4,Pittsburgh Steelers,PIT,10,5-5-1,True,51,31,Paycor Stadium,Cincinnati,False,CBS,False,20.666666666666668,29.0,0.3333333333333333,22.25,27.75,0.5,22.25,27.75,0.5,23.0,26.0,0.3333333333333333,23.0,23.5,0.5,23.0,23.5,0.5,1518.760089126254,1504.9211228627337,13.838966263520206,0.6115503122981912,21.0,6.0,15.0,0,0,0.8235294117647058,1,31,51,1
2021,12,401326504,2021-11-28 21:05:00+00:00,STATUS_FINAL,Denver Broncos,DEN,28,6-5,Los Angeles Chargers,LAC,13,6-5,True,41,15,Empower Field at Mile High,Denver,False,CBS,False,18.0,24.666666666666668,0.3333333333333333,17.4,19.4,0.4,17.4,19.4,0.4,21.0,27.333333333333332,0.6666666666666666,20.75,24.5,0.75,20.75,24.5,0.75,1496.7449160710282,1514.0314410091007,-17.28652493807249,0.5682367748740608,13.0,21.0,-8.0,0,0,0.5110294117647058,1,15,41,1
2021,12,401326505,2021-11-28 21:25:00+00:00,STATUS_FINAL,Green Bay Packers,GB,36,9-3,Los Angeles Rams,LAR,28,7-4,True,64,8,Lambeau Field,Green Bay,False,FOX,False,22.666666666666668,9.0,1.0,25.75,11.0,1.0,25.75,11.0,1.0,28.666666666666668,21.333333333333332,0.6666666666666666,27.8,21.0,0.8,27.8,21.0,0.8,1548.1185966224868,1530.5122215873998,17.606375035087012,0.6166895542044225,14.0,12.0,2.0,0,0,0.5441176470588235,1,8,64,1
2021,12,401326506,2021-11-28 21:25:00+00:00,STATUS_FINAL,San Francisco 49ers,SF,34,6-5,Minnesota Vikings,MIN,26,5-6,True,60,8,Levi's Stadium,Santa Clara,False,FOX,False,22.0,23.666666666666668,0.3333333333333333,23.0,25.8,0.2,23.0,25.8,0.2,30.666666666666668,27.333333333333332,0.6666666666666666,29.8,28.6,0.4,29.8,28.6,0.4,1502.4770832049585,1506.086531890362,-3.6094486854035495,0.5874399896680841,12.0,14.0,-2.0,0,0,0.6360294117647058,1,8,60,1
2021,12,401326507,2021-11-29 01:20:00+00:00,STATUS_FINAL,Baltimore Ravens,BAL,16,8-3,Cleveland Browns,CLE,10,6-6,True,26,6,M&T Bank Stadium,Baltimore,False,NBC,False,28.333333333333332,26.0,0.6666666666666666,30.4,27.6,0.8,30.4,27.6,0.8,30.0,36.0,0.3333333333333333,26.6,29.6,0.4,26.6,29.6,0.4,1533.8995242133544,1507.5791282256603,26.320395987694155,0.6284755517166386,21.0,14.0,7.0,0,0,0.23897058823529413,1,6,26,1
2021,12,401326508,2021-11-30 01:15:00+00:00,STATUS_FINAL,Washington,WSH,17,5-6,Seattle Seahawks,SEA,15,3-8,True,32,2,Northwest Stadium,Landover,False,ESPN,False,21.333333333333332,27.666666666666668,0.3333333333333333,22.0,26.4,0.4,22.0,26.4,0.4,16.0,20.333333333333332,0.3333333333333333,18.6,21.4,0.4,18.6,21.4,0.4,1485.2704006124015,1464.264002668407,21.006397943994443,0.6213053885963316,15.0,15.0,0.0,0,0,0.8566176470588235,1,2,32,0
2021,13,401326509,2021-12-03 01:20:00+00:00,STATUS_FINAL,New Orleans Saints,NO,17,5-7,Dallas Cowboys,DAL,27,8-4,False,44,10,Caesars Superdome,New Orleans,False,FOX,True,22.333333333333332,28.333333333333332,0.3333333333333333,25.2,23.0,0.4,25.2,23.0,0.4,21.333333333333332,21.333333333333332,0.6666666666666666,22.6,22.4,0.6,22.6,22.4,0.6,1489.9519502622545,1521.6313797070743,-31.67942944481979,0.5478056790225868,7.0,11.0,-4.0,0,0,0.26838235294117646,0,-10,44,0
2021,13,401326513,2021-12-05 18:00:00+00:00,STATUS_FINAL,Detroit Lions,DET,29,1-10-1,Minnesota Vikings,MIN,27,5-7,True,56,2,Ford Field,Detroit,False,CBS,False,10.333333333333334,31.333333333333332,0.0,16.2,30.8,0.0,16.2,30.8,0.0,28.0,29.333333333333332,0.3333333333333333,30.2,30.0,0.4,29.166666666666668,29.5,0.3333333333333333,1414.0168742767075,1497.8353316837238,-83.81845740701624,0.4729445154266161,10.0,6.0,4.0,0,0,0.6397058823529411,1,2,56,0
2021,13,401326511,2021-12-05 18:00:00+00:00,STATUS_FINAL,Chicago Bears,CHI,22,4-8,Arizona Cardinals,ARI,33,10-2,False,55,11,Soldier Field,Chicago,False,FOX,True,16.333333333333332,24.333333333333332,0.0,18.6,20.8,0.4,18.6,20.8,0.4,30.333333333333332,14.666666666666666,1.0,31.8,16.6,1.0,32.833333333333336,16.0,1.0,1474.4152192756019,1558.9884379619798,-84.57321868637791,0.4718616359853249,14.0,13.0,1.0,0,0,0.022058823529411766,0,-11,55,0
2021,13,401326514,2021-12-05 18:00:00+00:00,STATUS_FINAL,Houston Texans,HOU,0,2-10,Indianapolis Colts,IND,31,7-6,False,31,31,NRG Stadium,Houston,False,CBS,True,19.333333333333332,28.0,0.0,20.8,25.8,0.2,20.8,25.8,0.2,32.0,21.333333333333332,0.6666666666666666,27.8,21.2,0.6,27.8,21.2,0.6,1440.3896546522499,1500.5088923350334,-60.11923768278348,0.5070235195829162,7.0,14.0,-7.0,0,0,0.4264705882352941,0,-31,31,0
2021,13,401326512,2021-12-05 18:00:00+00:00,STATUS_FINAL,Cincinnati Bengals,CIN,22,7-5,Los Angeles Chargers,LAC,41,7-5,False,63,19,Paycor Stadium,Cincinnati,False,CBS,True,26.333333333333332,25.333333333333332,0.3333333333333333,26.0,24.2,0.6,26.0,24.2,0.6,15.333333333333334,28.666666666666668,0.3333333333333333,19.2,25.2,0.6,19.2,25.2,0.6,1526.5290828802902,1505.396176506582,21.132906373708238,0.6214767176536254,7.0,6.0,1.0,0,0,0.5147058823529411,0,-19,63,0
2021,13,401326510,2021-12-05 18:00:00+00:00,STATUS_FINAL,Atlanta Falcons,ATL,17,5-7,Tampa Bay Buccaneers,TB,30,9-3,False,47,13,Mercedes-Benz Stadium,Atlanta,False,FOX,True,13.333333333333334,21.333333333333332,0.3333333333333333,15.2,26.0,0.2,15.2,26.0,0.2,28.0,32.0,0.3333333333333333,26.2,27.0,0.6,25.833333333333332,28.166666666666668,0.5,1492.9970314986053,1543.2434164755434,-50.24638497693809,0.5212194058886824,16.0,7.0,9.0,0,0,0.9264705882352942,0,-13,47,0
2021,13,401326517,2021-12-05 18:00:00+00:00,STATUS_FINAL,New York Jets,NYJ,18,3-9,Philadelphia Eagles,PHI,33,6-7,False,51,15,MetLife Stadium,East Rutherford,False,CBS,True,22.666666666666668,33.333333333333336,0.3333333333333333,20.2,29.8,0.4,20.2,29.8,0.4,27.0,10.666666666666666,0.6666666666666666,24.8,16.6,0.6,25.285714285714285,18.571428571428573,0.5714285714285714,1457.744629324136,1487.067347239354,-29.322717915217936,0.5511640257506593,14.0,7.0,7.0,0,0,0.8014705882352942,0,-15,51,0
2021,13,401326516,2021-12-05 18:00:00+00:00,STATUS_FINAL,Miami Dolphins,MIA,20,6-7,New York Giants,NYG,9,4-8,True,29,11,Hard Rock Stadium,Miami Gardens,False,FOX,False,24.0,9.666666666666666,1.0,23.4,17.2,0.6,19.5,20.166666666666668,0.5,15.666666666666666,31.333333333333332,0.0,20.6,29.0,0.2,20.6,29.0,0.2,1484.6440211273466,1477.169765312382,7.474255814964636,0.6028119279899182,7.0,12.0,-5.0,0,0,0.7316176470588235,1,11,29,1
2021,13,401326518,2021-12-05 21:05:00+00:00,STATUS_FINAL,Las Vegas Raiders,LV,15,6-6,Washington,WSH,17,6-6,False,32,2,Allegiant Stadium,Las Vegas,False,FOX,True,20.0,31.666666666666668,0.3333333333333333,20.0,28.6,0.4,22.166666666666668,28.333333333333332,0.5,15.666666666666666,20.666666666666668,0.3333333333333333,20.4,27.0,0.4,20.4,27.0,0.4,1505.1045422919522,1492.844292840475,12.260249451477193,0.6093892643775164,14.0,14.0,0.0,0,0,0.9852941176470589,0,-2,32,0
2021,13,401326519,2021-12-05 21:05:00+00:00,STATUS_FINAL,Los Angeles Rams,LAR,37,8-4,Jacksonville Jaguars,JAX,7,2-10,True,44,30,SoFi Stadium,Inglewood,False,FOX,False,21.333333333333332,28.0,0.3333333333333333,26.4,24.4,0.6,26.4,24.4,0.6,15.0,26.0,0.0,16.5,28.75,0.0,16.5,28.75,0.0,1522.8460126714883,1434.07565941142,88.7703532600683,0.7078931094025935,27.0,21.0,6.0,0,0,0.4522058823529412,1,30,44,1
2021,13,401326520,2021-12-05 21:25:00+00:00,STATUS_FINAL,Pittsburgh Steelers,PIT,20,6-5-1,Baltimore Ravens,BAL,19,8-4,True,39,1,Acrisure Stadium,Pittsburgh,False,CBS,False,22.666666666666668,21.0,0.6666666666666666,21.0,21.2,0.6,20.333333333333332,22.0,0.5,16.333333333333332,14.0,0.6666666666666666,19.0,18.4,0.6,19.0,18.4,0.6,1497.1521291086974,1541.3300131790218,-44.17788407032435,0.5299296093531272,21.0,14.0,7.0,0,0,0.08455882352941177,1,1,39,0
2021,13,401326521,2021-12-05 21:25:00+00:00,STATUS_FINAL,Seattle Seahawks,SEA,30,4-8,San Francisco 49ers,SF,23,6-6,True,53,7,Lumen Field,Seattle,False,CBS,False,18.0,14.333333333333334,0.3333333333333333,20.2,20.4,0.2,20.2,20.4,0.2,24.333333333333332,16.333333333333332,0.6666666666666666,26.2,18.6,0.8,26.2,18.6,0.8,1456.6901104403337,1510.7282834115967,-54.038172971263066,0.5157701047823435,14.0,14.0,0.0,0,0,0.8897058823529411,1,7,53,1
2021,13,401326515,2021-12-06 01:20:00+00:00,STATUS_FINAL,Kansas City Chiefs,KC,22,8-4,Denver Broncos,DEN,9,6-6,True,31,13,GEHA Field at Arrowhead Stadium,Kansas City,False,NBC,False,17.333333333333332,11.0,1.0,19.2,20.2,0.6,21.5,21.666666666666668,0.6666666666666666,21.0,20.0,0.3333333333333333,22.6,17.2,0.6,22.6,17.2,0.6,1530.7549523069492,1505.380180573547,25.374771733402213,0.627203652080192,14.0,28.0,-14.0,0,0,0.3014705882352941,1,13,31,1
2021,13,401326522,2021-12-07 01:15:00+00:00,STATUS_FINAL,Buffalo Bills,BUF,10,7-5,New England Patriots,NE,14,9-4,False,24,4,Highmark Stadium,Orchard Park,False,ESPN,True,27.0,17.333333333333332,0.6666666666666666,28.0,19.2,0.6,28.0,19.2,0.6,25.333333333333332,10.0,1.0,25.2,11.6,1.0,25.2,11.6,1.0,1524.6265300809928,1538.4765063936395,-13.849976312646731,0.5730835534629807,15.0,17.0,-2.0,0,0,0.6691176470588235,0,-4,24,0
2021,14,401326523,2021-12-10 01:20:00+00:00,STATUS_FINAL,Minnesota Vikings,MIN,36,6-7,Pittsburgh Steelers,PIT,28,6-6-1,True,64,8,U.S. Bank Stadium,Minneapolis,False,FOX,False,23.0,22.666666666666668,0.6666666666666666,21.2,19.8,0.6,21.2,19.8,0.6,20.666666666666668,30.666666666666668,0.3333333333333333,20.4,27.0,0.4,20.4,27.0,0.4,1487.294221992256,1506.5535369216348,-19.25931492937866,0.5654484489234635,18.0,11.0,7.0,0,0,0.8272058823529411,1,8,64,1
2021,14,401326524,2021-12-12 18:00:00+00:00,STATUS_FINAL,Carolina Panthers,CAR,21,5-8,Atlanta Falcons,ATL,29,6-7,False,50,8,Bank of America Stadium,Charlotte,False,FOX,True,18.333333333333332,28.333333333333332,0.0,19.8,22.6,0.2,19.666666666666668,21.166666666666668,0.3333333333333333,17.0,27.333333333333332,0.6666666666666666,19.6,24.8,0.8,20.5,28.666666666666668,0.6666666666666666,1478.2066498984473,1482.5726433808318,-4.365993482384511,0.5863841311971429,21.0,14.0,7.0,0,0,0.05514705882352941,0,-8,50,0
2021,14,401326526,2021-12-12 18:00:00+00:00,STATUS_FINAL,Cleveland Browns,CLE,24,7-6,Baltimore Ravens,BAL,22,8-5,True,46,2,Huntington Bank Field,Cleveland,False,CBS,False,13.333333333333334,13.0,0.6666666666666666,16.0,16.4,0.6,18.5,17.166666666666668,0.6666666666666666,15.0,18.333333333333332,0.3333333333333333,17.4,15.8,0.6,19.0,18.666666666666668,0.5,1500.148639259993,1531.9286053660844,-31.77996610609148,0.5476623138065029,21.0,6.0,15.0,0,0,0.08823529411764706,1,2,46,0
2021,14,401326531,2021-12-12 18:00:00+00:00,STATUS_FINAL,Washington,WSH,20,6-7,Dallas Cowboys,DAL,27,9-4,False,47,7,Northwest Stadium,Landover,False,FOX,True,19.666666666666668,21.666666666666668,0.6666666666666666,22.2,25.4,0.6,21.166666666666668,24.5,0.5,18.666666666666668,17.333333333333332,0.6666666666666666,22.2,19.6,0.8,23.333333333333332,21.5,0.6666666666666666,1505.0320781280252,1532.587493287526,-27.555415159500853,0.5536794163484792,12.0,9.0,3.0,0,0,0.27205882352941174,0,-7,47,0
2021,14,401326528,2021-12-12 18:00:00+00:00,STATUS_FINAL,Kansas City Chiefs,KC,48,9-4,Las Vegas Raiders,LV,9,6-7,True,57,39,GEHA Field at Arrowhead Stadium,Kansas City,False,CBS,False,18.0,8.333333333333334,1.0,18.8,16.0,0.8,21.571428571428573,19.857142857142858,0.7142857142857143,28.666666666666668,26.666666666666668,0.6666666666666666,25.2,25.0,0.6,25.2,25.0,0.6,1538.2108792653453,1492.916757004402,45.29412226094337,0.6536005971595931,6.0,16.0,-10.0,0,0,0.5772058823529411,1,39,57,1
2021,14,401326527,2021-12-12 18:00:00+00:00,STATUS_FINAL,Houston Texans,HOU,13,2-11,Seattle Seahawks,SEA,33,5-8,False,46,20,NRG Stadium,Houston,False,FOX,True,12.0,30.0,0.0,13.4,27.8,0.0,17.333333333333332,26.666666666666668,0.16666666666666666,11.666666666666666,19.0,0.0,16.0,21.6,0.2,18.0,20.666666666666668,0.3333333333333333,1430.2491842605916,1466.3747083446867,-36.125524084095105,0.5414583063736977,7.0,12.0,-5.0,0,0,0.8602941176470589,0,-20,46,0
2021,14,401326529,2021-12-12 18:00:00+00:00,STATUS_FINAL,New York Jets,NYJ,9,3-10,New Orleans Saints,NO,30,6-7,False,39,21,MetLife Stadium,East Rutherford,False,CBS,True,17.333333333333332,34.0,0.0,22.6,31.4,0.4,19.833333333333332,30.333333333333332,0.3333333333333333,21.0,24.333333333333332,0.3333333333333333,24.8,21.6,0.6,21.833333333333332,22.333333333333332,0.5,1446.721348809123,1478.9958366818028,-32.274487872679856,0.546957011385973,7.0,21.0,-14.0,0,0,0.7022058823529411,0,-21,39,0
2021,14,401326530,2021-12-12 18:00:00+00:00,STATUS_FINAL,Tennessee Titans,TEN,20,9-4,Jacksonville Jaguars,JAX,0,2-11,True,20,20,Nissan Stadium,Nashville,False,CBS,False,21.0,15.333333333333334,0.6666666666666666,24.4,18.6,0.8,22.5,21.833333333333332,0.6666666666666666,10.333333333333334,30.333333333333332,0.0,14.6,30.4,0.0,14.6,30.4,0.0,1533.3214820741835,1428.233521599472,105.08796047471151,0.7269305938207542,21.0,6.0,15.0,0,0,0.45588235294117646,1,20,20,1
2021,14,401326533,2021-12-12 21:05:00+00:00,STATUS_FINAL,Los Angeles Chargers,LAC,37,8-5,New York Giants,NYG,21,4-9,True,58,16,SoFi Stadium,Inglewood,False,FOX,False,28.333333333333332,30.333333333333332,0.3333333333333333,32.0,29.4,0.6,29.5,27.833333333333332,0.5,12.0,23.333333333333332,0.0,16.6,27.0,0.2,18.666666666666668,27.5,0.16666666666666666,1517.8257108596545,1469.2260038721804,48.599706987474065,0.6578960900219749,20.0,7.0,13.0,0,0,0.7352941176470589,1,16,58,1
2021,14,401326532,2021-12-12 21:05:00+00:00,STATUS_FINAL,Denver Broncos,DEN,38,7-6,Detroit Lions,DET,10,1-11-1,True,48,28,Empower Field at Mile High,Denver,False,FOX,False,19.333333333333332,17.666666666666668,0.6666666666666666,17.8,22.0,0.4,19.166666666666668,18.333333333333332,0.5,15.0,19.0,0.3333333333333333,15.2,20.0,0.2,15.5,22.5,0.16666666666666666,1497.924253615151,1424.5579839681752,73.36626964697575,0.6892253586454852,14.0,21.0,-7.0,0,0,0.33455882352941174,1,28,48,1
2021,14,401326534,2021-12-12 21:25:00+00:00,STATUS_FINAL,Tampa Bay Buccaneers,TB,33,10-3,Buffalo Bills,BUF,27,7-6,True,60,6,Raymond James Stadium,Tampa,False,CBS,False,37.666666666666664,10.0,1.0,38.4,16.8,1.0,38.4,16.8,1.0,27.333333333333332,10.666666666666666,0.6666666666666666,30.2,17.2,0.6,31.0,14.333333333333334,0.6666666666666666,1553.667804593317,1513.1648590117331,40.502945581583845,0.64733007740755,19.0,16.0,3.0,0,0,0.11764705882352941,1,6,60,1
2021,14,401326525,2021-12-12 21:25:00+00:00,STATUS_FINAL,Cincinnati Bengals,CIN,23,7-6,San Francisco 49ers,SF,26,7-6,False,49,3,Paycor Stadium,Cincinnati,False,CBS,True,26.333333333333332,30.666666666666668,0.3333333333333333,25.0,27.6,0.4,25.333333333333332,27.0,0.5,28.666666666666668,20.666666666666668,0.6666666666666666,22.6,18.0,0.6,25.666666666666668,20.5,0.6666666666666666,1514.0995485272176,1501.0436855072437,13.055863019973913,0.6104788931673285,7.0,7.0,0.0,0,0,0.8933823529411765,0,-3,49,0
2021,14,401326535,2021-12-13 01:20:00+00:00,STATUS_FINAL,Green Bay Packers,GB,45,10-3,Chicago Bears,CHI,30,4-9,True,75,15,Lambeau Field,Green Bay,False,NBC,False,25.666666666666668,12.666666666666666,1.0,27.8,14.4,1.0,27.8,14.4,1.0,15.333333333333334,27.0,0.3333333333333333,14.4,23.2,0.4,14.333333333333334,25.0,0.3333333333333333,1555.7848055383984,1464.9779865558953,90.80681898250305,0.7103112424747774,14.0,17.0,-3.0,0,0,0.1801470588235294,1,15,75,1
2021,14,401326536,2021-12-14 01:15:00+00:00,STATUS_FINAL,Arizona Cardinals,ARI,23,10-3,Los Angeles Rams,LAR,30,9-4,False,53,7,State Farm Stadium,Glendale,False,ESPN,True,20.666666666666668,21.0,0.3333333333333333,22.6,21.2,0.6,22.6,21.2,0.6,25.333333333333332,29.666666666666668,0.3333333333333333,28.0,23.4,0.6,27.833333333333332,23.5,0.6666666666666666,1568.4256706816864,1528.6881504834364,39.73752019824997,0.6463235303569173,29.0,15.0,14.0,0,0,0.5477941176470589,0,-7,53,0
2021,15,401326537,2021-12-17 01:20:00+00:00,STATUS_FINAL,Los Angeles Chargers,LAC,28,8-6,Kansas City Chiefs,KC,34,10-4,False,62,6,SoFi Stadium,Inglewood,False,FOX,True,32.666666666666664,28.333333333333332,0.6666666666666666,33.8,30.8,0.6,30.571428571428573,26.857142857142858,0.5714285714285714,25.0,18.0,0.6666666666666666,30.4,24.0,0.6,30.4,24.0,0.6,1524.667789059215,1545.1388673221534,-20.471078262938363,0.5637336848352722,4.0,32.0,-28.0,0,0,0.4852941176470588,0,-6,62,0
2021,15,401326540,2021-12-19 01:15:00+00:00,STATUS_FINAL,Indianapolis Colts,IND,27,8-6,New England Patriots,NE,17,9-5,True,44,10,Lucas Oil Stadium,Indianapolis,False,NFL Net,False,33.0,28.333333333333332,0.6666666666666666,32.2,24.4,0.6,28.714285714285715,25.285714285714285,0.42857142857142855,21.0,5.333333333333333,1.0,23.0,12.4,1.0,23.333333333333332,11.333333333333334,1.0,1510.6493627266916,1549.9381774628991,-39.28881473620754,0.536933972743245,20.0,12.0,8.0,0,0,0.6727941176470589,1,10,44,1
2021,15,401326544,2021-12-19 18:00:00+00:00,STATUS_FINAL,Detroit Lions,DET,30,2-11-1,Arizona Cardinals,ARI,12,10-4,True,42,18,Ford Field,Detroit,False,FOX,False,16.333333333333332,29.0,0.3333333333333333,15.4,28.0,0.2,18.333333333333332,30.166666666666668,0.16666666666666666,29.0,17.333333333333332,1.0,32.2,17.2,1.0,32.857142857142854,16.857142857142858,1.0,1418.342491141085,1555.499200074548,-137.15670893346305,0.3976258189210321,14.0,14.0,0.0,0,0,0.025735294117647058,1,18,42,1
2021,15,401326546,2021-12-19 18:00:00+00:00,STATUS_FINAL,New York Giants,NYG,6,4-10,Dallas Cowboys,DAL,21,10-4,False,27,15,MetLife Stadium,East Rutherford,False,FOX,True,20.333333333333332,8.666666666666666,1.0,17.2,16.2,0.6,16.5,18.0,0.5,21.0,18.666666666666668,0.6666666666666666,23.6,20.2,0.8,23.857142857142858,21.285714285714285,0.7142857142857143,1462.3839256726199,1543.6610816144957,-81.27715594187589,0.47659241262534846,21.0,7.0,14.0,0,0,0.2757352941176471,0,-15,27,0
2021,15,401326545,2021-12-19 18:00:00+00:00,STATUS_FINAL,Jacksonville Jaguars,JAX,16,2-12,Houston Texans,HOU,30,3-11,False,46,14,EverBank Stadium,Jacksonville,False,CBS,True,11.0,19.0,0.3333333333333333,15.0,22.8,0.4,15.285714285714286,24.0,0.2857142857142857,12.0,20.333333333333332,0.3333333333333333,7.8,26.4,0.2,10.0,27.166666666666668,0.16666666666666666,1422.7721334758871,1419.4200181331178,3.352115342769366,0.5971168863990559,21.0,28.0,-7.0,0,0,0.4007352941176471,0,-14,46,0
2021,15,401326547,2021-12-19 18:00:00+00:00,STATUS_FINAL,Pittsburgh Steelers,PIT,19,7-6-1,Tennessee Titans,TEN,13,9-5,True,32,6,Acrisure Stadium,Pittsburgh,False,CBS,False,21.666666666666668,20.666666666666668,0.6666666666666666,23.0,20.2,0.8,20.285714285714285,21.571428571428573,0.5714285714285714,25.0,27.666666666666668,0.6666666666666666,27.2,25.8,0.6,28.166666666666668,26.5,0.6666666666666666,1497.862505900104,1538.7828701977683,-40.920364297664264,0.5345980027833346,13.0,21.0,-8.0,0,0,0.9595588235294118,1,6,32,1
2021,15,401326541,2021-12-19 18:00:00+00:00,STATUS_FINAL,Miami Dolphins,MIA,31,7-7,New York Jets,NYJ,24,3-11,True,55,7,Hard Rock Stadium,Miami Gardens,False,CBS,False,25.0,9.666666666666666,1.0,24.0,13.6,0.8,19.571428571428573,18.571428571428573,0.5714285714285714,21.333333333333332,37.666666666666664,0.3333333333333333,16.8,33.2,0.2,16.333333333333332,30.833333333333332,0.16666666666666666,1492.5877825675482,1435.7822085814034,56.805573986144736,0.6684469583385249,14.0,21.0,-7.0,0,0,0.7683823529411765,1,7,55,1
2021,15,401326538,2021-12-19 18:00:00+00:00,STATUS_FINAL,Buffalo Bills,BUF,31,8-6,Carolina Panthers,CAR,14,5-9,True,45,17,Highmark Stadium,Orchard Park,False,FOX,False,17.0,22.0,0.3333333333333333,26.8,17.4,0.6,25.0,18.333333333333332,0.5,21.0,18.666666666666668,0.6666666666666666,18.8,23.4,0.4,19.666666666666668,21.0,0.5,1506.111460559884,1466.4789672745044,39.632493285379724,0.646185316737532,12.0,21.0,-9.0,0,0,0.14705882352941177,1,17,45,1
2021,15,401326549,2021-12-19 21:05:00+00:00,STATUS_FINAL,San Francisco 49ers,SF,31,8-6,Atlanta Falcons,ATL,13,6-8,True,44,18,Levi's Stadium,Santa Clara,False,CBS,False,27.333333333333332,22.333333333333332,0.6666666666666666,24.2,25.0,0.4,24.833333333333332,25.833333333333332,0.3333333333333333,17.666666666666668,26.0,0.6666666666666666,22.0,26.2,0.8,21.714285714285715,27.571428571428573,0.7142857142857143,1513.2532633705903,1494.3003260047747,18.952937365815615,0.618520201110388,20.0,7.0,13.0,0,0,0.058823529411764705,1,18,44,1
2021,15,401326548,2021-12-19 21:05:00+00:00,STATUS_FINAL,Denver Broncos,DEN,10,7-7,Cincinnati Bengals,CIN,15,8-6,False,25,5,Empower Field at Mile High,Denver,False,CBS,True,26.333333333333332,17.666666666666668,0.6666666666666666,24.0,19.4,0.6,21.857142857142858,17.142857142857142,0.5714285714285714,34.666666666666664,21.333333333333332,0.6666666666666666,32.4,17.0,0.8,29.833333333333332,17.5,0.6666666666666666,1504.1397464422412,1501.889970663871,2.2497757783701218,0.5955894055490927,7.0,28.0,-21.0,0,0,0.21323529411764705,0,-5,25,0
2021,15,401326543,2021-12-19 21:25:00+00:00,STATUS_FINAL,Baltimore Ravens,BAL,30,8-6,Green Bay Packers,GB,31,11-3,False,61,1,M&T Bank Stadium,Baltimore,False,FOX,True,22.333333333333332,27.333333333333332,0.6666666666666666,26.4,22.6,0.8,28.0,24.666666666666668,0.8333333333333334,20.666666666666668,22.666666666666668,0.3333333333333333,22.2,20.8,0.6,20.571428571428573,24.285714285714285,0.5714285714285714,1522.8818516422145,1561.5785806889028,-38.69672904668823,0.5377812957104227,20.0,28.0,-8.0,0,0,0.3713235294117647,0,-1,61,0
2021,15,401326551,2021-12-20 01:20:00+00:00,STATUS_FINAL,Tampa Bay Buccaneers,TB,0,10-4,New Orleans Saints,NO,9,7-7,False,9,9,Raymond James Stadium,Tampa,False,NBC,True,33.666666666666664,13.333333333333334,1.0,38.8,16.4,1.0,37.5,18.5,1.0,26.666666666666668,24.0,0.3333333333333333,25.2,20.8,0.6,23.0,20.428571428571427,0.5714285714285714,1560.721203045166,1489.9349769095222,70.7862261356438,0.6860352623955843,7.0,7.0,0.0,0,0,0.7058823529411765,0,-9,9,0
2021,15,401326539,2021-12-20 22:00:00+00:00,STATUS_FINAL,Cleveland Browns,CLE,14,7-7,Las Vegas Raiders,LV,16,7-7,False,30,2,Huntington Bank Field,Cleveland,False,NFL Net,True,15.666666666666666,15.666666666666666,0.6666666666666666,15.6,19.6,0.6,19.285714285714285,17.857142857142858,0.7142857142857143,20.333333333333332,34.666666666666664,0.3333333333333333,21.8,31.2,0.4,22.5,28.833333333333332,0.5,1509.1953929838628,1485.9887689475938,23.206624036268977,0.6242807842267359,8.0,8.0,0.0,0,0,0.5808823529411765,0,-2,30,0
2021,15,401326552,2021-12-21 01:15:00+00:00,STATUS_FINAL,Chicago Bears,CHI,9,4-10,Minnesota Vikings,MIN,17,7-7,False,26,8,Soldier Field,Chicago,False,ESPN,True,19.0,27.333333333333332,0.0,19.0,24.0,0.2,19.166666666666668,22.833333333333332,0.3333333333333333,26.666666666666668,27.666666666666668,0.3333333333333333,29.0,29.0,0.4,28.857142857142858,29.428571428571427,0.2857142857142857,1459.184211405391,1495.9852530137869,-36.80104160839596,0.5404926877320233,15.0,15.0,0.0,0,0,0.6433823529411765,0,-8,26,0
2021,15,401326550,2021-12-22 00:00:00+00:00,STATUS_FINAL,Los Angeles Rams,LAR,20,10-4,Seattle Seahawks,SEA,10,5-9,True,30,10,SoFi Stadium,Inglewood,False,FOX,False,27.0,18.0,0.6666666666666666,27.0,23.0,0.6,28.166666666666668,21.5,0.6666666666666666,16.0,15.666666666666666,0.3333333333333333,19.2,18.2,0.4,20.142857142857142,19.571428571428573,0.42857142857142855,1541.6146210905747,1477.2038744721606,64.41074661841412,0.6780769292290775,16.0,9.0,7.0,0,0,0.8639705882352942,1,10,30,1
2021,15,401326542,2021-12-22 00:00:00+00:00,STATUS_FINAL,Philadelphia Eagles,PHI,27,7-7,Washington,WSH,17,6-8,True,44,10,Lincoln Financial Field,Philadelphia,False,FOX,False,28.666666666666668,28.0,0.3333333333333333,25.4,28.6,0.2,25.4,28.6,0.2,18.0,17.666666666666668,0.6666666666666666,19.6,21.4,0.6,19.833333333333332,25.0,0.5,1498.090627754367,1493.9584898010555,4.132137953311485,0.5981966066217914,30.0,16.0,14.0,0,0,0.9889705882352942,1,10,44,1
2021,16,401326553,2021-12-24 01:20:00+00:00,STATUS_FINAL,Tennessee Titans,TEN,20,10-5,San Francisco 49ers,SF,17,8-7,True,37,3,Nissan Stadium,Nashville,False,NFL Net,False,18.666666666666668,14.333333333333334,0.6666666666666666,23.4,15.4,0.8,22.142857142857142,18.714285714285715,0.7142857142857143,26.333333333333332,21.0,0.6666666666666666,24.4,20.4,0.6,25.714285714285715,20.857142857142858,0.7142857142857143,1529.474830253435,1520.8828593483825,8.591970905052449,0.6043514154589454,11.0,11.0,0.0,0,0,0.8970588235294118,1,3,37,0
2021,16,401326554,2021-12-25 21:30:00+00:00,STATUS_FINAL,Green Bay Packers,GB,24,12-3,Cleveland Browns,CLE,22,7-8,True,46,2,Lambeau Field,Green Bay,False,FOX,False,32.666666666666664,19.333333333333332,1.0,29.8,17.0,1.0,30.666666666666668,17.0,1.0,19.333333333333332,25.666666666666668,0.3333333333333333,22.8,26.2,0.4,23.833333333333332,27.333333333333332,0.3333333333333333,1572.3342066031112,1496.7097772993282,75.62442930378302,0.692002795041441,12.0,26.0,-14.0,0,0,0.2426470588235294,1,2,46,0
2021,16,401326555,2021-12-26 01:15:00+00:00,STATUS_FINAL,Arizona Cardinals,ARI,16,10-5,Indianapolis Colts,IND,22,9-6,False,38,6,State Farm Stadium,Glendale,False,NFL Net,True,18.0,29.333333333333332,0.0,20.4,20.6,0.4,22.666666666666668,22.666666666666668,0.5,34.0,11.0,1.0,30.8,16.2,0.8,28.333333333333332,17.666666666666668,0.6666666666666666,1543.4517164529686,1519.9106832718267,23.541033181141984,0.6247321963244732,12.0,20.0,-8.0,0,0,0.43014705882352944,0,-6,38,0
2021,16,401326563,2021-12-26 18:00:00+00:00,STATUS_FINAL,Philadelphia Eagles,PHI,34,8-7,New York Giants,NYG,10,4-11,True,44,24,Lincoln Financial Field,Philadelphia,False,FOX,False,30.333333333333332,24.333333333333332,0.6666666666666666,28.6,28.6,0.4,25.666666666666668,26.666666666666668,0.3333333333333333,13.333333333333334,29.0,0.0,15.4,30.2,0.0,19.0,28.857142857142858,0.14285714285714285,1506.1266956219313,1452.852077420113,53.274618201818384,0.6639269166559331,4.0,13.0,-9.0,0,0,0.7389705882352942,1,24,44,1
2021,16,401326561,2021-12-26 18:00:00+00:00,STATUS_FINAL,New England Patriots,NE,21,9-6,Buffalo Bills,BUF,33,9-6,False,54,12,Gillette Stadium,Foxborough,False,CBS,True,45.0,11.0,1.0,36.2,17.4,0.6,30.0,18.857142857142858,0.42857142857142855,34.333333333333336,18.666666666666668,0.6666666666666666,28.0,19.8,0.4,30.428571428571427,17.0,0.5714285714285714,1540.676856917764,1513.1877542251334,27.489102692630695,0.6300450475558734,28.0,13.0,15.0,0,0,0.1213235294117647,0,-12,54,0
2021,16,401326559,2021-12-26 18:00:00+00:00,STATUS_FINAL,Houston Texans,HOU,41,4-11,Los Angeles Chargers,LAC,29,8-7,True,70,12,NRG Stadium,Houston,False,CBS,False,9.0,28.333333333333332,0.0,14.2,29.6,0.0,16.714285714285715,27.571428571428573,0.14285714285714285,27.0,24.666666666666668,0.6666666666666666,23.4,26.4,0.6,22.833333333333332,24.666666666666668,0.6666666666666666,1431.3623558610989,1513.3931153625097,-82.03075950141078,0.4755103784008708,14.0,21.0,-7.0,0,0,0.5183823529411765,1,12,70,1
2021,16,401326557,2021-12-26 18:00:00+00:00,STATUS_FINAL,Carolina Panthers,CAR,6,5-10,Tampa Bay Buccaneers,TB,32,11-4,False,38,26,Bank of America Stadium,Charlotte,False,FOX,True,16.0,26.666666666666668,0.0,18.8,27.0,0.0,19.857142857142858,22.285714285714285,0.2857142857142857,29.0,25.666666666666668,0.6666666666666666,28.4,27.0,0.6,26.428571428571427,26.571428571428573,0.5714285714285714,1459.402673609255,1547.0004977972544,-87.59782418799932,0.46752489845926876,14.0,21.0,-7.0,0,0,0.9301470588235294,0,-26,38,0
2021,16,401326558,2021-12-26 18:00:00+00:00,STATUS_FINAL,Cincinnati Bengals,CIN,41,9-6,Baltimore Ravens,BAL,21,8-7,True,62,20,Paycor Stadium,Cincinnati,False,CBS,False,28.666666666666668,25.666666666666668,0.3333333333333333,24.8,28.6,0.2,25.0,26.857142857142858,0.42857142857142855,19.0,19.0,0.3333333333333333,18.0,17.2,0.4,19.428571428571427,19.428571428571427,0.42857142857142855,1513.801758774853,1512.1262257280061,1.6755330468467946,0.5947929573266351,13.0,14.0,-1.0,0,0,0.09191176470588236,1,20,62,1
2021,16,401326562,2021-12-26 18:00:00+00:00,STATUS_FINAL,New York Jets,NYJ,26,4-11,Jacksonville Jaguars,JAX,21,2-13,True,47,5,MetLife Stadium,East Rutherford,False,CBS,False,14.666666666666666,29.0,0.0,19.0,32.6,0.2,18.285714285714285,30.285714285714285,0.2857142857142857,8.0,26.666666666666668,0.0,10.4,27.0,0.0,12.166666666666666,28.666666666666668,0.0,1429.151147748174,1410.829795747906,18.321352000268007,0.6176619786226527,14.0,14.0,0.0,0,0,0.45955882352941174,1,5,47,1
2021,16,401326556,2021-12-26 18:00:00+00:00,STATUS_FINAL,Atlanta Falcons,ATL,20,7-8,Detroit Lions,DET,16,2-12-1,True,36,4,Mercedes-Benz Stadium,Atlanta,False,FOX,False,10.0,24.666666666666668,0.0,17.4,25.6,0.2,15.5,26.666666666666668,0.16666666666666666,12.0,22.333333333333332,0.3333333333333333,14.4,22.8,0.2,14.714285714285714,24.714285714285715,0.14285714285714285,1486.6707300269825,1430.3899747626645,56.28075526431803,0.6677770649052871,21.0,13.0,8.0,0,0,0.3382352941176471,1,4,36,1
2021,16,401326560,2021-12-26 18:00:00+00:00,STATUS_FINAL,Minnesota Vikings,MIN,23,7-8,Los Angeles Rams,LAR,30,11-4,False,53,7,U.S. Bank Stadium,Minneapolis,False,FOX,True,28.666666666666668,26.333333333333332,0.6666666666666666,22.4,22.0,0.6,23.666666666666668,21.166666666666668,0.6666666666666666,22.666666666666668,30.0,0.3333333333333333,28.8,24.6,0.6,28.142857142857142,23.428571428571427,0.7142857142857143,1506.7951067684273,1548.0530825059932,-41.25797573756586,0.5341144348519759,16.0,12.0,4.0,0,0,0.5514705882352942,0,-7,53,0
2021,16,401326564,2021-12-26 21:05:00+00:00,STATUS_FINAL,Seattle Seahawks,SEA,24,5-10,Chicago Bears,CHI,25,5-10,False,49,1,Lumen Field,Seattle,False,FOX,True,24.666666666666668,17.666666666666668,0.6666666666666666,20.2,18.4,0.4,21.833333333333332,20.833333333333332,0.3333333333333333,24.333333333333332,29.333333333333332,0.3333333333333333,19.2,27.0,0.4,16.571428571428573,27.857142857142858,0.2857142857142857,1470.765413056742,1448.3743576507504,22.391055405991665,0.6231789601473174,20.0,13.0,7.0,0,0,0.18382352941176472,0,-1,49,0
2021,16,401326565,2021-12-26 21:25:00+00:00,STATUS_FINAL,Kansas City Chiefs,KC,36,11-4,Pittsburgh Steelers,PIT,10,7-7-1,True,46,26,GEHA Field at Arrowhead Stadium,Kansas City,False,CBS,False,29.666666666666668,9.0,1.0,24.4,10.2,1.0,24.875,18.5,0.75,25.0,39.333333333333336,0.0,21.4,31.0,0.2,21.666666666666668,28.5,0.3333333333333333,1556.4135410188587,1507.1705458444374,49.24299517442137,0.6587290464102845,14.0,16.0,-2.0,0,0,0.8308823529411765,1,26,46,1
2021,16,401326566,2021-12-26 21:25:00+00:00,STATUS_FINAL,Las Vegas Raiders,LV,17,8-7,Denver Broncos,DEN,13,7-8,True,30,4,Allegiant Stadium,Las Vegas,False,CBS,False,14.0,30.0,0.0,16.8,26.4,0.2,21.142857142857142,26.714285714285715,0.42857142857142855,17.666666666666668,18.333333333333332,0.3333333333333333,19.0,19.0,0.4,20.333333333333332,18.0,0.5,1498.4743846321285,1492.2279583312593,6.246426300869189,0.6011184260631658,21.0,20.0,1.0,0,0,0.30514705882352944,1,4,30,1
2021,16,401326567,2021-12-27 01:20:00+00:00,STATUS_FINAL,Dallas Cowboys,DAL,56,11-4,Washington,WSH,14,6-9,True,70,42,AT&T Stadium,Arlington,False,NBC,False,30.666666666666668,23.0,0.3333333333333333,34.4,23.4,0.6,35.5,23.0,0.6666666666666666,20.333333333333332,21.0,0.6666666666666666,16.2,20.8,0.4,19.428571428571427,25.285714285714285,0.42857142857142855,1553.1929298670027,1485.9224219334913,67.27050793351145,0.6816598358870471,31.0,5.0,26.0,0,0,0.9926470588235294,1,42,70,1
2021,16,401326568,2021-12-28 01:15:00+00:00,STATUS_FINAL,New Orleans Saints,NO,3,7-8,Miami Dolphins,MIA,20,8-7,False,23,17,Caesars Superdome,New Orleans,False,ESPN,True,16.0,28.333333333333332,0.0,21.0,27.8,0.2,23.833333333333332,23.666666666666668,0.3333333333333333,18.333333333333332,22.0,0.3333333333333333,20.0,28.4,0.2,19.5,26.333333333333332,0.3333333333333333,1503.6556821574338,1499.2188434007776,4.436838756656243,0.5986181205556734,24.0,36.0,-12.0,0,0,0.6102941176470589,0,-17,23,0
2021,17,401326577,2022-01-02 18:00:00+00:00,STATUS_FINAL,Tennessee Titans,TEN,34,11-5,Miami Dolphins,MIA,3,8-8,True,37,31,Nissan Stadium,Nashville,False,CBS,False,17.666666666666668,13.0,0.6666666666666666,20.6,12.6,0.8,21.875,18.5,0.75,18.333333333333332,15.333333333333334,0.6666666666666666,18.4,22.8,0.4,19.571428571428573,23.0,0.42857142857142855,1537.387801944256,1511.191205811891,26.196596132364903,0.6283091371390601,9.0,5.0,4.0,0,0,0.6139705882352942,1,31,37,1
2021,17,401326574,2022-01-02 18:00:00+00:00,STATUS_FINAL,New England Patriots,NE,50,10-6,Jacksonville Jaguars,JAX,10,2-14,True,60,40,Gillette Stadium,Foxborough,False,CBS,False,34.0,17.666666666666668,0.6666666666666666,37.0,20.2,0.6,28.875,20.625,0.375,9.333333333333334,27.666666666666668,0.0,10.4,27.4,0.0,13.428571428571429,28.285714285714285,0.0,1528.0759559666467,1403.183035320359,124.89292064628762,0.7489671883265334,7.0,7.0,0.0,0,0,0.4632352941176471,1,40,60,1
2021,17,401326576,2022-01-02 18:00:00+00:00,STATUS_FINAL,New York Jets,NYJ,24,4-12,Tampa Bay Buccaneers,TB,28,12-4,False,52,4,MetLife Stadium,East Rutherford,False,FOX,True,17.666666666666668,28.0,0.3333333333333333,17.4,30.6,0.2,19.25,29.125,0.375,33.333333333333336,18.0,1.0,29.2,23.8,0.6,27.125,24.0,0.625,1436.797908175721,1556.3509957664398,-119.55308759071886,0.4221306807663698,7.0,7.0,0.0,0,0,0.9338235294117647,0,-4,52,0
2021,17,401326571,2022-01-02 18:00:00+00:00,STATUS_FINAL,Cincinnati Bengals,CIN,34,10-6,Kansas City Chiefs,KC,31,11-5,True,65,3,Paycor Stadium,Cincinnati,False,CBS,False,28.666666666666668,29.333333333333332,0.3333333333333333,28.6,27.8,0.4,27.0,26.125,0.5,26.0,23.0,0.6666666666666666,30.2,22.4,0.8,31.0,24.666666666666668,0.6666666666666666,1521.9058996283202,1563.238960090653,-41.333060462332924,0.5340068806809328,7.0,16.0,-9.0,0,0,0.4889705882352941,1,3,65,0
2021,17,401326570,2022-01-02 18:00:00+00:00,STATUS_FINAL,Chicago Bears,CHI,29,6-10,New York Giants,NYG,3,4-12,True,32,26,Soldier Field,Chicago,False,CBS,False,14.666666666666666,22.0,0.0,16.0,24.6,0.0,17.714285714285715,22.0,0.2857142857142857,13.333333333333334,30.333333333333332,0.0,13.4,28.2,0.0,17.875,29.5,0.125,1460.8379368536969,1446.1306157532315,14.707321100465379,0.6127371105409699,12.0,7.0,5.0,0,0,0.7426470588235294,1,26,32,1
2021,17,401326578,2022-01-02 18:00:00+00:00,STATUS_FINAL,Washington,WSH,16,6-10,Philadelphia Eagles,PHI,20,9-7,False,36,4,Northwest Stadium,Landover,False,FOX,True,22.0,20.333333333333332,0.6666666666666666,20.2,25.0,0.4,21.0,24.857142857142858,0.42857142857142855,23.333333333333332,14.666666666666666,0.6666666666666666,27.2,16.6,0.6,26.25,18.5,0.625,1479.5556186512322,1512.8481572888127,-33.29253863758049,0.5455044448856149,21.0,28.0,-7.0,0,0,0.8051470588235294,0,-4,36,0
2021,17,401326569,2022-01-02 18:00:00+00:00,STATUS_FINAL,Buffalo Bills,BUF,29,10-6,Atlanta Falcons,ATL,15,7-9,True,44,14,Highmark Stadium,Orchard Park,False,FOX,False,18.666666666666668,23.0,0.3333333333333333,24.4,16.0,0.6,25.857142857142858,17.714285714285715,0.5714285714285714,21.0,22.0,0.6666666666666666,18.6,26.8,0.6,20.625,28.0,0.625,1525.7886551762508,1493.3151887288768,32.473466447373994,0.6367075706625499,14.0,13.0,1.0,0,0,0.0625,1,14,44,1
2021,17,401326581,2022-01-02 18:00:00+00:00,STATUS_FINAL,Baltimore Ravens,BAL,19,8-8,Los Angeles Rams,LAR,20,12-4,False,39,1,M&T Bank Stadium,Baltimore,False,FOX,True,26.666666666666668,24.0,0.6666666666666666,26.2,23.8,0.6,28.285714285714285,25.571428571428573,0.7142857142857143,29.333333333333332,27.333333333333332,0.6666666666666666,27.2,27.0,0.6,28.375,23.375,0.75,1504.022084874539,1558.7353712030326,-54.71328632849372,0.514799446794527,13.0,7.0,6.0,0,0,0.5551470588235294,0,-1,39,0
2021,17,401326573,2022-01-02 18:00:00+00:00,STATUS_FINAL,Indianapolis Colts,IND,20,9-7,Las Vegas Raiders,LV,23,9-7,False,43,3,Lucas Oil Stadium,Indianapolis,False,FOX,True,27.0,24.0,0.6666666666666666,31.4,27.2,0.6,28.5,24.25,0.5,20.333333333333332,31.666666666666668,0.6666666666666666,22.2,28.4,0.6,21.571428571428573,26.714285714285715,0.5714285714285714,1532.4053271983162,1506.452016110865,25.953311087451084,0.627982019211393,14.0,12.0,2.0,0,0,0.5845588235294118,0,-3,43,0
2021,17,401326580,2022-01-02 21:05:00+00:00,STATUS_FINAL,San Francisco 49ers,SF,23,9-7,Houston Texans,HOU,7,4-12,True,30,16,Levi's Stadium,Santa Clara,False,CBS,False,32.0,16.333333333333332,1.0,26.2,22.0,0.6,25.714285714285715,24.0,0.42857142857142855,20.333333333333332,15.333333333333334,0.6666666666666666,13.8,21.6,0.4,12.857142857142858,25.571428571428573,0.2857142857142857,1512.9698876575615,1441.8521482930814,71.11773936448003,0.686446156193844,14.0,14.0,0.0,0,0,0.40441176470588236,1,16,30,1
2021,17,401326579,2022-01-02 21:05:00+00:00,STATUS_FINAL,Los Angeles Chargers,LAC,34,9-7,Denver Broncos,DEN,13,7-9,True,47,21,SoFi Stadium,Inglewood,False,CBS,False,35.333333333333336,30.666666666666668,0.6666666666666666,30.0,29.2,0.4,30.25,27.75,0.5,17.333333333333332,18.333333333333332,0.3333333333333333,17.0,19.8,0.2,19.285714285714285,17.857142857142858,0.42857142857142855,1502.903322930527,1484.2503268525227,18.652996078004435,0.6181127212426297,16.0,6.0,10.0,0,0,0.3088235294117647,1,21,47,1
2021,17,401326572,2022-01-02 21:25:00+00:00,STATUS_FINAL,Dallas Cowboys,DAL,22,11-5,Arizona Cardinals,ARI,25,11-5,False,47,3,AT&T Stadium,Arlington,False,FOX,True,44.0,17.666666666666668,0.6666666666666666,38.4,20.6,0.6,38.42857142857143,21.714285714285715,0.7142857142857143,22.666666666666668,21.666666666666668,0.6666666666666666,27.2,19.2,0.8,30.25,18.5,0.875,1559.5597331492618,1530.9570725264791,28.60266062278265,0.6315379299393924,6.0,14.0,-8.0,0,0,0.029411764705882353,0,-3,47,0
2021,17,401326582,2022-01-02 21:25:00+00:00,STATUS_FINAL,Seattle Seahawks,SEA,51,6-10,Detroit Lions,DET,29,2-13-1,True,80,22,Lumen Field,Seattle,False,FOX,False,22.333333333333332,23.666666666666668,0.3333333333333333,21.6,18.2,0.4,22.142857142857142,21.428571428571427,0.2857142857142857,12.0,23.666666666666668,0.0,14.2,23.0,0.2,14.875,24.125,0.125,1458.3018338537956,1423.7455160607701,34.55631779302553,0.639476385214354,7.0,7.0,0.0,0,0,0.34191176470588236,1,22,80,1
2021,17,401326575,2022-01-02 21:25:00+00:00,STATUS_FINAL,New Orleans Saints,NO,18,8-8,Carolina Panthers,CAR,10,5-11,True,28,8,Caesars Superdome,New Orleans,False,FOX,False,8.666666666666666,26.0,0.0,17.4,26.4,0.2,20.857142857142858,23.142857142857142,0.2857142857142857,19.333333333333332,24.666666666666668,0.3333333333333333,16.0,22.4,0.4,18.857142857142858,22.428571428571427,0.42857142857142855,1491.6833197463204,1450.0521756400697,41.63114410625076,0.6488112939836242,5.0,14.0,-9.0,0,0,0.15073529411764705,1,8,28,1
2021,17,401326583,2022-01-03 01:20:00+00:00,STATUS_FINAL,Green Bay Packers,GB,37,13-3,Minnesota Vikings,MIN,10,7-9,True,47,27,Lambeau Field,Green Bay,False,NBC,False,35.0,26.666666666666668,1.0,29.2,18.0,1.0,29.714285714285715,17.714285714285715,1.0,23.333333333333332,24.0,0.3333333333333333,25.6,25.2,0.4,27.375,26.875,0.375,1578.4941507022822,1496.112818071388,82.38133263089435,0.7002303799752028,8.0,13.0,-5.0,0,0,0.6470588235294118,1,27,47,1
2021,17,401326584,2022-01-04 01:15:00+00:00,STATUS_FINAL,Pittsburgh Steelers,PIT,26,8-7-1,Cleveland Browns,CLE,14,7-9,True,40,12,Acrisure Stadium,Pittsburgh,False,ESPN,False,18.333333333333332,16.0,0.6666666666666666,21.4,19.0,0.8,20.125,20.5,0.625,13.0,28.333333333333332,0.0,24.4,29.6,0.2,23.571428571428573,26.857142857142858,0.2857142857142857,1500.345126772643,1490.549833200157,9.795293572485889,0.6060065046871063,15.0,9.0,6.0,0,0,0.24632352941176472,1,12,40,1
2021,18,401326598,2022-01-08 21:30:00+00:00,STATUS_FINAL,Denver Broncos,DEN,24,7-10,Kansas City Chiefs,KC,28,12-5,False,52,4,Empower Field at Mile High,Denver,False,ESPN,True,25.333333333333332,12.666666666666666,0.6666666666666666,21.2,15.6,0.6,20.375,16.875,0.5,35.333333333333336,25.333333333333332,0.6666666666666666,28.0,23.2,0.6,31.0,26.0,0.5714285714285714,1476.6125812773753,1553.9190977042717,-77.30651642689645,0.48229690230116024,20.0,6.0,14.0,0,0,0.49264705882352944,0,-4,52,0
2021,18,401326595,2022-01-09 01:15:00+00:00,STATUS_FINAL,Philadelphia Eagles,PHI,26,9-8,Dallas Cowboys,DAL,51,12-5,False,77,25,Lincoln Financial Field,Philadelphia,False,ESPN,True,33.666666666666664,18.666666666666668,1.0,29.4,22.2,0.6,26.857142857142858,24.285714285714285,0.42857142857142855,25.0,14.333333333333334,1.0,20.8,15.6,0.8,23.5,19.375,0.75,1523.758246186525,1546.9289745504739,-23.17072836394891,0.559907988848997,13.0,20.0,-7.0,0,0,0.27941176470588236,0,-25,77,0
2021,18,401326588,2022-01-09 18:00:00+00:00,STATUS_FINAL,Cleveland Browns,CLE,21,8-9,Cincinnati Bengals,CIN,16,10-7,True,37,5,Huntington Bank Field,Cleveland,False,FOX,False,17.0,16.0,0.6666666666666666,15.6,15.4,0.6,18.625,17.625,0.625,26.0,19.0,0.6666666666666666,30.6,17.0,0.8,27.714285714285715,16.428571428571427,0.7142857142857143,1482.6699632938992,1531.2257620147016,-48.555798720802386,0.5236474526520235,19.0,20.0,-1.0,0,0,0.21691176470588236,1,5,37,1
2021,18,401326590,2022-01-09 18:00:00+00:00,STATUS_FINAL,Houston Texans,HOU,25,4-13,Tennessee Titans,TEN,28,12-5,False,53,3,NRG Stadium,Houston,False,CBS,True,18.0,31.0,0.3333333333333333,18.0,30.4,0.2,19.75,27.75,0.25,18.0,23.666666666666668,0.3333333333333333,25.0,24.2,0.6,26.0,25.428571428571427,0.5714285714285714,1435.5810714169584,1544.8216192014747,-109.24054778451637,0.43667461879912073,14.0,21.0,-7.0,0,0,0.9632352941176471,0,-3,53,0
2021,18,401326591,2022-01-09 18:00:00+00:00,STATUS_FINAL,Jacksonville Jaguars,JAX,26,3-14,Indianapolis Colts,IND,11,9-8,True,37,15,EverBank Stadium,Jacksonville,False,CBS,False,13.333333333333334,27.0,0.0,14.4,21.4,0.4,15.375,24.75,0.25,31.333333333333332,10.333333333333334,1.0,29.8,16.0,0.8,27.428571428571427,17.428571428571427,0.7142857142857143,1398.1623790868898,1519.8456868140884,-121.68330772719855,0.41914229401501507,21.0,14.0,7.0,0,0,0.4338235294117647,1,15,37,1
2021,18,401326589,2022-01-09 18:00:00+00:00,STATUS_FINAL,Detroit Lions,DET,37,3-13-1,Green Bay Packers,GB,30,13-4,True,67,7,Ford Field,Detroit,False,FOX,False,24.333333333333332,18.333333333333332,0.6666666666666666,18.0,26.6,0.4,20.0,27.571428571428573,0.2857142857142857,23.0,25.666666666666668,0.3333333333333333,23.4,22.4,0.6,21.875,25.0,0.625,1416.5350437650573,1584.4895431027783,-167.95449933772102,0.35602619537285735,21.0,20.0,1.0,0,0,0.375,1,7,67,1
2021,18,401326586,2022-01-09 18:00:00+00:00,STATUS_FINAL,Baltimore Ravens,BAL,13,8-9,Pittsburgh Steelers,PIT,16,9-7-1,False,29,3,M&T Bank Stadium,Baltimore,False,CBS,True,21.666666666666668,20.333333333333332,0.3333333333333333,23.2,26.6,0.4,27.125,24.875,0.625,16.0,37.666666666666664,0.0,20.0,32.8,0.2,20.0,29.571428571428573,0.2857142857142857,1493.7260959386483,1508.2249966789009,-14.498900740252566,0.5721693797555428,7.0,13.0,-6.0,0,0,0.8345588235294118,0,-3,29,0
2021,18,401326593,2022-01-09 18:00:00+00:00,STATUS_FINAL,Minnesota Vikings,MIN,31,8-9,Chicago Bears,CHI,17,6-11,True,48,14,U.S. Bank Stadium,Minneapolis,False,FOX,False,31.0,29.666666666666668,0.6666666666666666,25.6,25.2,0.6,23.571428571428573,22.428571428571427,0.5714285714285714,23.666666666666668,27.666666666666668,0.6666666666666666,20.2,30.0,0.4,17.625,27.375,0.375,1490.1174256708919,1468.5831946428775,21.534231028014347,0.6220200267088197,14.0,13.0,1.0,0,0,0.1875,1,14,48,1
2021,18,401326594,2022-01-09 18:00:00+00:00,STATUS_FINAL,New York Giants,NYG,7,4-13,Washington,WSH,22,7-10,False,29,15,MetLife Stadium,East Rutherford,False,FOX,True,14.0,14.666666666666666,0.6666666666666666,15.6,17.0,0.6,15.0,18.428571428571427,0.42857142857142855,16.0,32.666666666666664,0.3333333333333333,17.0,27.2,0.4,18.75,29.125,0.375,1438.3853579640509,1468.64552975352,-30.26017178946904,0.549828682241562,21.0,13.0,8.0,0,0,0.9963235294117647,0,-15,29,0
2021,18,401326597,2022-01-09 21:25:00+00:00,STATUS_FINAL,Arizona Cardinals,ARI,30,11-6,Seattle Seahawks,SEA,38,7-10,False,68,8,State Farm Stadium,Glendale,False,FOX,True,16.333333333333332,28.666666666666668,0.0,20.2,23.0,0.2,21.714285714285715,22.571428571428573,0.42857142857142855,19.333333333333332,16.666666666666668,0.3333333333333333,15.6,18.0,0.2,18.875,19.625,0.375,1543.587831125267,1465.5123061495085,78.07552497575853,0.695001877776513,14.0,18.0,-4.0,0,0,0.8676470588235294,0,-8,68,0
2021,18,401326592,2022-01-09 21:25:00+00:00,STATUS_FINAL,Miami Dolphins,MIA,33,9-8,New England Patriots,NE,24,10-7,True,57,9,Hard Rock Stadium,Miami Gardens,False,CBS,False,28.0,14.333333333333334,1.0,24.6,12.4,1.0,21.0,19.25,0.625,18.666666666666668,12.333333333333334,0.6666666666666666,21.4,13.4,0.8,22.428571428571427,13.571428571428571,0.8571428571428571,1503.7573885546722,1533.096612200116,-29.33922364544378,0.5511405207064213,21.0,21.0,0.0,0,0,0.6764705882352942,1,9,57,1
2021,18,401326585,2022-01-09 21:25:00+00:00,STATUS_FINAL,Atlanta Falcons,ATL,20,7-10,New Orleans Saints,NO,30,9-8,False,50,10,Mercedes-Benz Stadium,Atlanta,False,FOX,True,12.333333333333334,23.666666666666668,0.3333333333333333,15.4,22.0,0.4,16.142857142857142,25.142857142857142,0.2857142857142857,22.666666666666668,16.333333333333332,0.6666666666666666,20.4,16.4,0.6,21.25,17.875,0.625,1486.049340142128,1498.707093866648,-12.657753724520035,0.5747617947278137,14.0,20.0,-6.0,0,0,0.7095588235294118,0,-10,50,0
2021,18,401326596,2022-01-09 21:25:00+00:00,STATUS_FINAL,Tampa Bay Buccaneers,TB,41,13-4,Carolina Panthers,CAR,17,5-12,True,58,24,Raymond James Stadium,Tampa,False,CBS,False,21.0,15.333333333333334,0.6666666666666666,29.2,13.2,0.8,32.142857142857146,17.142857142857142,0.8571428571428571,11.333333333333334,27.333333333333332,0.0,17.4,21.0,0.4,17.75,21.875,0.375,1564.7936093817673,1443.0284015197421,121.76520786202514,0.7455669044083167,20.0,7.0,13.0,0,0,0.15441176470588236,1,24,58,1
2021,18,401326587,2022-01-09 21:25:00+00:00,STATUS_FINAL,Buffalo Bills,BUF,27,11-6,New York Jets,NYJ,10,4-13,True,37,17,Highmark Stadium,Orchard Park,False,CBS,False,23.333333333333332,14.333333333333334,0.6666666666666666,22.2,19.0,0.6,26.25,17.375,0.625,25.0,30.0,0.3333333333333333,21.6,34.2,0.2,17.428571428571427,30.857142857142858,0.14285714285714285,1533.0545037629997,1428.3552945603935,104.6992092026062,0.7264861530039113,7.0,21.0,-14.0,0,0,0.7720588235294118,1,17,37,1
2021,18,401326599,2022-01-09 21:25:00+00:00,STATUS_FINAL,Los Angeles Rams,LAR,24,12-5,San Francisco 49ers,SF,27,10-7,False,51,3,SoFi Stadium,Inglewood,False,FOX,True,24.333333333333332,15.0,0.6666666666666666,24.2,20.2,0.6,27.0,19.857142857142858,0.7142857142857143,22.0,24.333333333333332,0.3333333333333333,25.8,21.0,0.6,24.625,20.75,0.625,1569.0313601389232,1519.2409645336845,49.7903956052387,0.6594370728021025,18.0,16.0,2.0,0,0,0.9007352941176471,0,-3,51,0
2021,18,401326600,2022-01-10 01:20:00+00:00,STATUS_FINAL,Las Vegas Raiders,LV,35,10-7,Los Angeles Chargers,LAC,32,9-8,True,67,3,Allegiant Stadium,Las Vegas,False,NBC,False,15.0,20.666666666666668,0.3333333333333333,18.4,25.0,0.4,20.625,25.0,0.5,27.666666666666668,30.333333333333332,0.3333333333333333,23.2,29.8,0.4,23.714285714285715,27.0,0.5714285714285714,1519.011656495093,1510.5410685056745,8.47058798941839,0.6041843279162225,14.0,14.0,0.0,0,0,0.5220588235294118,1,3,67,0
2022,1,401437654,2022-09-09 00:20:00+00:00,STATUS_FINAL,Los Angeles Rams,LAR,10,0-1,Buffalo Bills,BUF,31,1-0,False,41,21,SoFi Stadium,Inglewood,False,NBC,True,27.0,14.666666666666666,0.6666666666666666,25.0,18.2,0.6,26.625,20.75,0.625,30.333333333333332,20.0,0.6666666666666666,28.4,17.2,0.6,30.75,17.5,0.625,1500.0,1500.0,0.0,0.5924662305843318,242.0,256.0,-14.0,0,0,0.09191176470588236,0,-21,41,0
2022,1,401437646,2022-09-11 17:00:00+00:00,STATUS_FINAL,Washington Commanders,WSH,28,1-0,Jacksonville Jaguars,JAX,22,0-1,True,50,6,Northwest Stadium,Landover,False,FOX,False,17.666666666666668,20.666666666666668,0.3333333333333333,19.0,22.4,0.4,20.375,24.25,0.375,10.333333333333334,32.0,0.0,11.0,31.2,0.0,13.0,31.0,0.0,1500.0,1500.0,0.0,0.5924662305843318,251.0,251.0,0.0,0,0,0.4375,1,6,50,1
2022,1,401437650,2022-09-11 17:00:00+00:00,STATUS_FINAL,Atlanta Falcons,ATL,26,0-1,New Orleans Saints,NO,27,1-0,False,53,1,Mercedes-Benz Stadium,Atlanta,False,FOX,True,19.0,25.333333333333332,0.3333333333333333,14.0,24.0,0.2,16.625,25.75,0.25,23.0,9.666666666666666,1.0,23.8,18.4,0.6,22.22222222222222,18.11111111111111,0.6666666666666666,1500.0,1500.0,0.0,0.5924662305843318,244.0,244.0,0.0,0,0,0.6948529411764706,0,-1,53,0
2022,1,401437637,2022-09-11 17:00:00+00:00,STATUS_FINAL,Houston Texans,HOU,20,0-0-1,Indianapolis Colts,IND,20,0-0-1,False,40,0,NRG Stadium,Houston,False,CBS,True,26.333333333333332,30.0,0.3333333333333333,18.6,28.4,0.2,20.333333333333332,27.77777777777778,0.2222222222222222,21.333333333333332,14.0,0.6666666666666666,27.0,15.0,0.8,25.375,18.5,0.625,1500.0,1500.0,0.0,0.5924662305843318,244.0,244.0,0.0,0,0,0.40441176470588236,0,0,40,0
2022,1,401437648,2022-09-11 17:00:00+00:00,STATUS_FINAL,Detroit Lions,DET,35,0-1,Philadelphia Eagles,PHI,38,1-0,False,73,3,Ford Field,Detroit,False,FOX,True,32.0,23.0,1.0,23.2,25.8,0.6,22.125,27.875,0.375,20.0,15.666666666666666,0.6666666666666666,26.8,13.2,0.8,25.555555555555557,18.22222222222222,0.6666666666666666,1500.0,1500.0,0.0,0.5924662305843318,244.0,251.0,-7.0,0,0,0.7867647058823529,0,-3,73,0
2022,1,401437651,2022-09-11 17:00:00+00:00,STATUS_FINAL,Carolina Panthers,CAR,24,0-1,Cleveland Browns,CLE,26,1-0,False,50,2,Bank of America Stadium,Charlotte,False,CBS,True,16.0,29.333333333333332,0.0,16.4,29.2,0.0,18.125,23.5,0.25,15.333333333333334,22.0,0.0,18.8,25.4,0.2,22.375,26.75,0.25,1500.0,1500.0,0.0,0.5924662305843318,258.0,250.0,8.0,0,0,0.21691176470588236,0,-2,50,0
2022,1,401437647,2022-09-11 17:00:00+00:00,STATUS_FINAL,Chicago Bears,CHI,19,1-0,San Francisco 49ers,SF,10,0-1,True,29,9,Soldier Field,Chicago,False,FOX,False,20.0,17.666666666666668,0.3333333333333333,19.0,20.4,0.2,19.125,19.625,0.375,23.333333333333332,22.333333333333332,0.6666666666666666,24.6,21.4,0.6,24.88888888888889,21.11111111111111,0.6666666666666666,1500.0,1500.0,0.0,0.5924662305843318,251.0,244.0,7.0,0,0,0.8786764705882353,1,9,29,1
2022,1,401437634,2022-09-11 17:00:00+00:00,STATUS_FINAL,Cincinnati Bengals,CIN,20,0-1,Pittsburgh Steelers,PIT,23,1-0,False,43,3,Paycor Stadium,Cincinnati,False,CBS,True,32.666666666666664,26.0,0.6666666666666666,32.2,25.8,0.6,27.77777777777778,26.666666666666668,0.5555555555555556,18.0,28.333333333333332,0.3333333333333333,20.2,33.4,0.2,19.5,27.5,0.375,1500.0,1500.0,0.0,0.5924662305843318,251.0,244.0,7.0,0,0,0.8161764705882353,0,-3,43,0
2022,1,401437632,2022-09-11 17:00:00+00:00,STATUS_FINAL,New York Jets,NYJ,9,0-1,Baltimore Ravens,BAL,24,1-0,False,33,15,MetLife Stadium,East Rutherford,False,CBS,True,19.666666666666668,26.333333333333332,0.3333333333333333,18.8,27.2,0.2,19.77777777777778,29.0,0.3333333333333333,20.666666666666668,28.333333333333332,0.0,17.6,24.0,0.2,19.625,22.125,0.375,1500.0,1500.0,0.0,0.5924662305843318,251.0,258.0,-7.0,0,0,0.058823529411764705,0,-15,33,0
2022,1,401437630,2022-09-11 17:00:00+00:00,STATUS_FINAL,Miami Dolphins,MIA,20,1-0,New England Patriots,NE,7,0-1,True,27,13,Hard Rock Stadium,Miami Gardens,False,CBS,False,28.0,19.0,1.0,27.8,15.4,1.0,22.333333333333332,19.77777777777778,0.6666666666666666,18.333333333333332,23.333333333333332,0.3333333333333333,20.8,15.2,0.6,22.625,16.0,0.75,1500.0,1500.0,0.0,0.5924662305843318,244.0,244.0,0.0,0,0,0.6617647058823529,1,13,27,1
2022,1,401437640,2022-09-11 20:25:00+00:00,STATUS_FINAL,Tennessee Titans,TEN,20,0-1,New York Giants,NYG,21,1-0,False,41,1,Nissan Stadium,Nashville,False,FOX,True,24.666666666666668,6.666666666666667,1.0,22.0,12.6,0.8,23.22222222222222,16.77777777777778,0.7777777777777778,11.333333333333334,33.333333333333336,0.0,10.6,30.0,0.0,16.22222222222222,29.444444444444443,0.1111111111111111,1500.0,1500.0,0.0,0.5924662305843318,252.0,252.0,0.0,0,0,0.7242647058823529,0,-1,41,0
2022,1,401437653,2022-09-11 20:25:00+00:00,STATUS_FINAL,Arizona Cardinals,ARI,21,0-1,Kansas City Chiefs,KC,44,1-0,False,65,23,State Farm Stadium,Glendale,False,CBS,True,23.0,30.0,0.0,20.0,29.6,0.0,22.75,24.5,0.375,31.0,28.666666666666668,0.6666666666666666,27.4,25.4,0.6,30.625,25.75,0.625,1500.0,1500.0,0.0,0.5924662305843318,244.0,245.0,-1.0,0,0,0.47058823529411764,0,-23,65,0
2022,1,401437649,2022-09-11 20:25:00+00:00,STATUS_FINAL,Minnesota Vikings,MIN,23,1-0,Green Bay Packers,GB,7,0-1,True,30,16,U.S. Bank Stadium,Minneapolis,False,FOX,False,30.0,25.0,0.6666666666666666,28.0,25.2,0.6,24.5,21.75,0.625,30.666666666666668,33.666666666666664,0.3333333333333333,24.6,27.0,0.4,22.77777777777778,26.333333333333332,0.5555555555555556,1500.0,1500.0,0.0,0.5924662305843318,245.0,245.0,0.0,0,0,0.34191176470588236,1,16,30,1
2022,1,401437643,2022-09-11 20:25:00+00:00,STATUS_FINAL,Los Angeles Chargers,LAC,24,1-0,Las Vegas Raiders,LV,19,0-1,True,43,5,SoFi Stadium,Inglewood,False,CBS,False,33.0,22.666666666666668,0.6666666666666666,32.0,26.4,0.6,30.666666666666668,26.11111111111111,0.5555555555555556,16.0,27.333333333333332,0.6666666666666666,20.0,27.6,0.6,21.75,25.875,0.625,1500.0,1500.0,0.0,0.5924662305843318,251.0,252.0,-1.0,0,0,0.5661764705882353,1,5,43,1
2022,1,401437644,2022-09-12 00:20:00+00:00,STATUS_FINAL,Dallas Cowboys,DAL,3,0-1,Tampa Bay Buccaneers,TB,19,1-0,False,22,16,AT&T Stadium,Arlington,False,NBC,True,37.0,25.0,0.3333333333333333,34.0,21.6,0.4,36.375,22.125,0.625,30.0,15.666666666666666,1.0,29.4,21.4,0.8,27.22222222222222,24.0,0.6666666666666666,1500.0,1500.0,0.0,0.5924662305843318,252.0,252.0,0.0,0,0,0.9080882352941176,0,-16,22,0
2022,1,401437655,2022-09-13 00:15:00+00:00,STATUS_FINAL,Seattle Seahawks,SEA,17,1-0,Denver Broncos,DEN,16,0-1,True,33,1,Lumen Field,Seattle,False,ESPN,False,35.0,25.666666666666668,0.6666666666666666,29.8,21.4,0.6,25.75,22.375,0.375,11.666666666666666,24.333333333333332,0.0,15.8,21.2,0.2,18.5,19.875,0.375,1500.0,1500.0,0.0,0.5924662305843318,253.0,253.0,0.0,0,0,0.27941176470588236,1,1,33,0
2022,2,401434030,2022-09-16 00:15:00+00:00,STATUS_FINAL,Kansas City Chiefs,KC,27,2-0,Los Angeles Chargers,LAC,24,1-1,True,51,3,GEHA Field at Arrowhead Stadium,Kansas City,False,Prime Video,False,35.333333333333336,9.333333333333334,1.0,27.6,8.8,1.0,26.11111111111111,17.555555555555557,0.7777777777777778,34.0,32.666666666666664,0.3333333333333333,28.4,30.0,0.4,24.75,28.0,0.5,1511.8493246116866,1508.1506753883134,3.698649223373195,0.5975966812089413,263.0,248.0,15.0,0,0,0.5036764705882353,1,3,51,0
2022,2,401437645,2022-09-18 17:00:00+00:00,STATUS_FINAL,New York Giants,NYG,19,2-0,Carolina Panthers,CAR,16,0-2,True,35,3,MetLife Stadium,East Rutherford,False,FOX,False,8.666666666666666,16.666666666666668,0.3333333333333333,14.8,13.8,0.6,14.0,18.875,0.375,13.666666666666666,30.0,0.0,17.0,26.6,0.2,17.666666666666668,24.0,0.3333333333333333,1511.8493246116866,1488.1506753883134,23.698649223373195,0.6249448839059613,251.0,251.0,0.0,0,0,0.125,1,3,35,0
2022,2,401437636,2022-09-18 17:00:00+00:00,STATUS_FINAL,Pittsburgh Steelers,PIT,14,1-1,New England Patriots,NE,17,1-1,False,31,3,Acrisure Stadium,Pittsburgh,False,CBS,True,21.666666666666668,15.333333333333334,1.0,22.0,17.8,0.8,20.77777777777778,19.77777777777778,0.6666666666666666,16.0,26.666666666666668,0.0,17.4,18.0,0.4,20.88888888888889,16.444444444444443,0.6666666666666666,1511.8493246116866,1491.8493246116866,20.0,0.6199413590445233,257.0,7.0,250.0,0,0,0.6654411764705882,0,-3,31,0
2022,2,401437732,2022-09-18 17:00:00+00:00,STATUS_FINAL,Detroit Lions,DET,36,1-1,Washington Commanders,WSH,27,1-1,True,63,9,Ford Field,Detroit,False,FOX,False,34.0,26.666666666666668,0.6666666666666666,29.0,24.6,0.6,23.555555555555557,29.0,0.3333333333333333,17.666666666666668,30.0,0.3333333333333333,19.4,25.2,0.6,19.11111111111111,26.666666666666668,0.4444444444444444,1488.1506753883134,1508.1506753883134,-20.0,0.5644004902404213,7.0,251.0,-244.0,0,0,0.9705882352941176,1,9,63,1
2022,2,401437633,2022-09-18 17:00:00+00:00,STATUS_FINAL,Baltimore Ravens,BAL,38,1-1,Miami Dolphins,MIA,42,2-0,False,80,4,M&T Bank Stadium,Baltimore,False,CBS,True,20.666666666666668,22.333333333333332,0.0,22.4,21.6,0.4,25.555555555555557,23.88888888888889,0.5555555555555556,15.666666666666666,18.0,0.6666666666666666,15.6,20.6,0.4,17.5,24.375,0.375,1511.8493246116866,1508.1506753883134,3.698649223373195,0.5975966812089413,251.0,258.0,-7.0,0,0,0.5992647058823529,0,-4,80,0
2022,2,401437635,2022-09-18 17:00:00+00:00,STATUS_FINAL,Cleveland Browns,CLE,30,1-1,New York Jets,NYJ,31,1-1,False,61,1,Huntington Bank Field,Cleveland,False,CBS,True,19.666666666666668,18.0,0.6666666666666666,16.4,15.8,0.6,18.88888888888889,17.444444444444443,0.6666666666666666,18.333333333333332,24.0,0.3333333333333333,19.6,34.2,0.2,16.5,30.375,0.125,1511.8493246116866,1488.1506753883134,23.698649223373195,0.6249448839059613,251.0,251.0,0.0,0,0,0.7536764705882353,0,-1,61,0
2022,2,401437639,2022-09-18 17:00:00+00:00,STATUS_FINAL,Jacksonville Jaguars,JAX,24,1-1,Indianapolis Colts,IND,0,0-1-1,True,24,24,EverBank Stadium,Jacksonville,False,CBS,False,18.666666666666668,20.666666666666668,0.3333333333333333,15.0,19.6,0.4,16.555555555555557,23.22222222222222,0.3333333333333333,17.666666666666668,20.666666666666668,0.6666666666666666,25.0,15.4,0.8,24.77777777777778,18.666666666666668,0.6666666666666666,1491.8493246116866,1501.8493246116866,-10.0,0.5784967523447427,251.0,7.0,244.0,0,0,0.40808823529411764,1,24,24,1
2022,2,401437652,2022-09-18 17:00:00+00:00,STATUS_FINAL,New Orleans Saints,NO,10,1-1,Tampa Bay Buccaneers,TB,20,2-0,False,30,10,Caesars Superdome,New Orleans,False,FOX,True,12.666666666666666,19.0,0.3333333333333333,13.8,23.0,0.2,20.5,21.5,0.375,26.333333333333332,11.0,1.0,29.4,16.2,1.0,26.4,21.9,0.7,1511.8493246116866,1511.8493246116866,0.0,0.5924662305843318,258.0,6.0,252.0,0,0,0.9117647058823529,0,-10,30,0
2022,2,401437733,2022-09-18 20:05:00+00:00,STATUS_FINAL,Los Angeles Rams,LAR,31,1-1,Atlanta Falcons,ATL,27,0-2,True,58,4,SoFi Stadium,Inglewood,False,FOX,False,18.0,22.666666666666668,0.3333333333333333,21.4,20.6,0.4,24.77777777777778,21.88888888888889,0.5555555555555556,19.0,27.0,0.3333333333333333,16.2,27.6,0.4,20.0,28.11111111111111,0.5555555555555556,1488.1506753883134,1488.1506753883134,0.0,0.5924662305843318,9.0,259.0,-250.0,0,0,0.029411764705882353,1,4,58,1
2022,2,401437605,2022-09-18 20:05:00+00:00,STATUS_FINAL,San Francisco 49ers,SF,27,1-1,Seattle Seahawks,SEA,7,1-1,True,34,20,Levi's Stadium,Santa Clara,False,FOX,False,29.333333333333332,15.333333333333334,1.0,27.2,17.4,0.8,25.375,21.875,0.5,27.0,21.0,0.6666666666666666,19.2,19.4,0.4,21.0,20.77777777777778,0.4444444444444444,1491.8493246116866,1508.1506753883134,-16.301350776626805,0.5696276063234539,258.0,251.0,7.0,0,0,0.8492647058823529,1,20,34,1
2022,2,401437734,2022-09-18 20:25:00+00:00,STATUS_FINAL,Dallas Cowboys,DAL,20,1-1,Cincinnati Bengals,CIN,17,0-2,True,37,3,AT&T Stadium,Arlington,False,CBS,False,27.0,19.333333333333332,0.3333333333333333,31.4,19.4,0.4,32.666666666666664,21.77777777777778,0.5555555555555556,21.0,14.666666666666666,0.6666666666666666,27.0,19.0,0.6,26.25,17.0,0.625,1488.1506753883134,1488.1506753883134,0.0,0.5924662305843318,6.0,252.0,-246.0,0,0,0.18382352941176472,1,3,37,0
2022,2,401437641,2022-09-18 20:25:00+00:00,STATUS_FINAL,Denver Broncos,DEN,16,1-1,Houston Texans,HOU,9,0-1-1,True,25,7,Empower Field at Mile High,Denver,False,CBS,False,24.0,17.666666666666668,0.3333333333333333,22.6,19.2,0.4,20.77777777777778,18.11111111111111,0.4444444444444444,19.666666666666668,17.333333333333332,0.6666666666666666,14.6,20.0,0.4,12.125,25.25,0.25,1491.8493246116866,1498.1506753883134,-6.301350776626805,0.5836794883877312,252.0,258.0,-6.0,0,0,0.3713235294117647,1,7,25,1
2022,2,401437642,2022-09-18 20:25:00+00:00,STATUS_FINAL,Las Vegas Raiders,LV,23,0-2,Arizona Cardinals,ARI,29,1-1,False,52,6,Allegiant Stadium,Las Vegas,False,CBS,True,22.333333333333332,20.666666666666668,0.6666666666666666,18.8,27.0,0.4,22.22222222222222,25.77777777777778,0.5555555555555556,23.333333333333332,24.666666666666668,0.6666666666666666,24.8,20.8,0.8,29.666666666666668,18.88888888888889,0.8888888888888888,1491.8493246116866,1488.1506753883134,3.698649223373195,0.5975966812089413,251.0,258.0,-7.0,0,0,0.0,0,-6,52,0
2022,2,401437606,2022-09-19 00:20:00+00:00,STATUS_FINAL,Green Bay Packers,GB,27,1-1,Chicago Bears,CHI,10,1-1,True,37,17,Lambeau Field,Green Bay,False,NBC,False,35.333333333333336,20.666666666666668,1.0,31.8,18.0,1.0,30.625,16.75,1.0,24.0,33.333333333333336,0.3333333333333333,23.0,28.6,0.4,17.555555555555557,27.77777777777778,0.3333333333333333,1491.8493246116866,1508.1506753883134,-16.301350776626805,0.5696276063234539,258.0,252.0,6.0,0,0,0.15441176470588236,1,17,37,1
2022,2,401436831,2022-09-19 23:15:00+00:00,STATUS_FINAL,Buffalo Bills,BUF,41,2-0,Tennessee Titans,TEN,7,0-2,True,48,34,Highmark Stadium,Orchard Park,False,ESPN,False,29.0,13.0,1.0,22.4,18.8,0.6,26.333333333333332,16.555555555555557,0.6666666666666666,18.0,26.666666666666668,0.3333333333333333,23.2,25.4,0.6,26.25,25.375,0.625,1511.8493246116866,1488.1506753883134,23.698649223373195,0.6249448839059613,253.0,253.0,0.0,0,0,0.9375,1,34,48,1
2022,2,401436832,2022-09-20 00:30:00+00:00,STATUS_FINAL,Philadelphia Eagles,PHI,24,2-0,Minnesota Vikings,MIN,7,1-1,True,31,17,Lincoln Financial Field,Philadelphia,False,ABC,False,29.0,26.0,0.6666666666666666,30.2,26.8,0.6,26.75,27.625,0.375,18.0,25.0,0.3333333333333333,21.4,25.8,0.4,25.444444444444443,28.0,0.3333333333333333,1511.8493246116866,1508.1506753883134,3.698649223373195,0.5975966812089413,253.0,259.0,-6.0,0,0,0.6323529411764706,1,17,31,1
2022,3,401437735,2022-09-23 00:15:00+00:00,STATUS_FINAL,Cleveland Browns,CLE,29,2-1,Pittsburgh Steelers,PIT,17,1-2,True,46,12,Huntington Bank Field,Cleveland,False,Prime Video,False,21.666666666666668,21.0,0.3333333333333333,20.4,19.0,0.6,20.0,18.8,0.6,16.333333333333332,23.0,0.6666666666666666,17.4,29.2,0.4,19.88888888888889,26.666666666666668,0.4444444444444444,1499.3504269335674,1499.450497430796,-0.10007049722867123,0.5923271354047829,4.0,11.0,-7.0,0,0,0.8198529411764706,1,12,46,1
2022,3,401437638,2022-09-25 17:00:00+00:00,STATUS_FINAL,Indianapolis Colts,IND,20,1-1-1,Kansas City Chiefs,KC,17,2-1,True,37,3,Lucas Oil Stadium,Indianapolis,False,CBS,False,26.0,26.0,0.3333333333333333,29.2,25.0,0.6,27.555555555555557,24.11111111111111,0.4444444444444444,34.333333333333336,26.333333333333332,0.6666666666666666,35.6,24.2,0.8,32.111111111111114,25.22222222222222,0.6666666666666666,1493.4192596585815,1519.8973909875078,-26.478131328926338,0.5552113684838377,265.0,13.0,252.0,0,0,0.4742647058823529,1,3,37,0
2022,3,401437631,2022-09-25 17:00:00+00:00,STATUS_FINAL,New England Patriots,NE,26,1-2,Baltimore Ravens,BAL,37,2-1,False,63,11,Gillette Stadium,Foxborough,False,FOX,True,35.666666666666664,18.666666666666668,0.6666666666666666,41.2,15.2,0.8,31.22222222222222,19.444444444444443,0.4444444444444444,22.333333333333332,24.666666666666668,0.3333333333333333,20.4,21.4,0.4,20.11111111111111,20.666666666666668,0.4444444444444444,1504.2481517925771,1499.8973909875078,4.350760805069285,0.5984990576558276,265.0,14.0,251.0,0,0,0.0625,0,-11,63,0
2022,3,401437739,2022-09-25 17:00:00+00:00,STATUS_FINAL,Minnesota Vikings,MIN,28,2-1,Detroit Lions,DET,24,1-2,True,52,4,U.S. Bank Stadium,Minneapolis,False,FOX,False,25.666666666666668,18.0,0.6666666666666666,29.4,22.6,0.8,24.333333333333332,20.11111111111111,0.6666666666666666,18.333333333333332,36.333333333333336,0.0,16.2,27.6,0.2,16.444444444444443,27.11111111111111,0.1111111111111111,1500.1026090124922,1496.862665583505,3.2399434289870896,0.5969615384710695,13.0,265.0,-252.0,0,0,0.3125,1,4,52,1
2022,3,401437741,2022-09-25 17:00:00+00:00,STATUS_FINAL,Tennessee Titans,TEN,24,1-2,Las Vegas Raiders,LV,22,0-3,True,46,2,Nissan Stadium,Nashville,False,FOX,False,24.666666666666668,13.666666666666666,0.6666666666666666,21.4,12.6,0.6,22.9,17.2,0.7,19.333333333333332,19.333333333333332,0.6666666666666666,20.6,27.8,0.6,21.444444444444443,25.666666666666668,0.5555555555555556,1480.6495730664326,1479.8973909875078,0.7521820789247613,0.5935112668457616,13.0,13.0,0.0,0,0,0.5698529411764706,1,2,46,0
2022,3,401437738,2022-09-25 17:00:00+00:00,STATUS_FINAL,Miami Dolphins,MIA,21,3-0,Buffalo Bills,BUF,19,2-1,True,40,2,Hard Rock Stadium,Miami Gardens,False,CBS,False,28.0,18.333333333333332,1.0,27.4,14.8,1.0,22.1,18.5,0.7,30.333333333333332,21.333333333333332,0.6666666666666666,33.4,17.4,0.8,30.77777777777778,16.666666666666668,0.6666666666666666,1520.1026090124922,1519.3504269335674,0.7521820789247613,0.5935112668457616,14.0,16.0,-2.0,0,0,0.09558823529411764,1,2,40,0
2022,3,401437742,2022-09-25 17:00:00+00:00,STATUS_FINAL,Washington Commanders,WSH,8,1-2,Philadelphia Eagles,PHI,24,3-0,False,32,16,Northwest Stadium,Landover,False,FOX,True,21.333333333333332,23.0,0.3333333333333333,22.0,20.6,0.6,21.22222222222222,24.0,0.4444444444444444,30.333333333333332,23.0,1.0,25.6,19.0,0.8,26.8,19.9,0.7,1499.4386851931217,1519.8973909875078,-20.458705794386105,0.5637512008681695,14.0,14.0,0.0,0,0,0.7904411764705882,0,-16,32,0
2022,3,401437740,2022-09-25 17:00:00+00:00,STATUS_FINAL,New York Jets,NYJ,12,1-2,Cincinnati Bengals,CIN,27,1-2,False,39,15,MetLife Stadium,East Rutherford,False,CBS,True,19.666666666666668,24.333333333333332,0.3333333333333333,17.2,27.2,0.2,18.7,28.5,0.3,16.0,17.0,0.3333333333333333,22.2,19.6,0.4,25.22222222222222,17.333333333333332,0.5555555555555556,1500.6495730664326,1480.0,20.649573066432595,0.6208219813667375,14.0,6.0,8.0,0,0,0.1875,0,-15,39,0
2022,3,401437737,2022-09-25 17:00:00+00:00,STATUS_FINAL,Chicago Bears,CHI,23,2-1,Houston Texans,HOU,20,0-2-1,True,43,3,Soldier Field,Chicago,False,CBS,False,19.0,10.0,0.6666666666666666,18.4,15.8,0.4,19.11111111111111,18.555555555555557,0.4444444444444444,15.333333333333334,18.333333333333332,0.3333333333333333,15.4,17.0,0.4,11.777777777777779,24.22222222222222,0.2222222222222222,1499.5432275147825,1489.8242651560681,9.718962358714407,0.6059015880345134,14.0,6.0,8.0,0,0,0.375,1,3,43,0
2022,3,401437736,2022-09-25 17:00:00+00:00,STATUS_FINAL,Carolina Panthers,CAR,22,1-2,New Orleans Saints,NO,14,1-2,True,36,8,Bank of America Stadium,Charlotte,False,FOX,False,17.0,29.0,0.0,15.6,27.6,0.0,18.77777777777778,23.77777777777778,0.2222222222222222,22.0,15.333333333333334,1.0,25.0,19.0,0.8,22.7,18.9,0.7,1480.6495730664326,1500.0,-19.350426933567405,0.5653195704103458,14.0,14.0,0.0,0,0,0.6985294117647058,1,8,36,1
2022,3,401437743,2022-09-25 20:05:00+00:00,STATUS_FINAL,Los Angeles Chargers,LAC,10,1-2,Jacksonville Jaguars,JAX,38,2-1,False,48,28,SoFi Stadium,Inglewood,False,CBS,True,28.666666666666668,22.0,0.6666666666666666,32.8,24.8,0.8,30.0,25.4,0.6,17.666666666666668,34.666666666666664,0.0,12.0,32.2,0.0,14.0,30.666666666666668,0.0,1500.1026090124922,1500.2793895647917,-0.17678055229953316,0.592220500563943,13.0,14.0,-1.0,0,0,0.4411764705882353,0,-28,48,0
2022,3,401437607,2022-09-25 20:25:00+00:00,STATUS_FINAL,Tampa Bay Buccaneers,TB,12,2-1,Green Bay Packers,GB,14,2-1,False,26,2,Raymond James Stadium,Tampa,False,FOX,True,24.666666666666668,17.666666666666668,0.6666666666666666,28.4,13.2,0.8,33.25,17.125,0.875,22.666666666666668,30.0,0.3333333333333333,21.2,27.4,0.2,21.2,26.0,0.5,1523.6986492233732,1500.4567724852175,23.241876738155725,0.6243283813303514,258.0,14.0,244.0,0,0,0.34558823529411764,0,-2,26,0
2022,3,401437744,2022-09-25 20:25:00+00:00,STATUS_FINAL,Arizona Cardinals,ARI,12,1-2,Los Angeles Rams,LAR,20,2-1,False,32,8,State Farm Stadium,Glendale,False,FOX,True,22.333333333333332,34.666666666666664,0.0,20.0,33.6,0.0,22.555555555555557,26.666666666666668,0.3333333333333333,26.666666666666668,21.666666666666668,1.0,23.6,26.4,0.6,27.444444444444443,22.88888888888889,0.7777777777777778,1500.1026090124922,1496.3013507766268,3.8012582358653617,0.5977387131062422,14.0,266.0,-252.0,0,0,0.5367647058823529,0,-8,32,0
2022,3,401437745,2022-09-25 20:25:00+00:00,STATUS_FINAL,Seattle Seahawks,SEA,23,1-2,Atlanta Falcons,ATL,27,1-2,False,50,4,Lumen Field,Seattle,False,FOX,True,30.666666666666668,23.333333333333332,0.6666666666666666,27.0,23.2,0.6,24.77777777777778,21.666666666666668,0.4444444444444444,18.333333333333332,30.333333333333332,0.0,21.0,25.2,0.4,20.7,28.4,0.5,1499.5432275147825,1480.0,19.54322751478253,0.6193216417862984,12.0,7.0,5.0,0,0,0.03308823529411765,0,-4,50,0
2022,3,401437746,2022-09-26 00:20:00+00:00,STATUS_FINAL,Denver Broncos,DEN,11,2-1,San Francisco 49ers,SF,10,1-2,True,21,1,Empower Field at Mile High,Denver,False,NBC,False,16.666666666666668,17.333333333333332,0.3333333333333333,23.2,15.0,0.6,20.3,17.2,0.5,18.0,21.0,0.3333333333333333,20.6,23.2,0.4,23.4,20.9,0.6,1500.1757348439319,1500.4567724852175,-0.28103764128559305,0.592075558599992,7.0,14.0,-7.0,0,0,0.8823529411764706,1,1,21,0
2022,3,401437747,2022-09-27 00:15:00+00:00,STATUS_FINAL,New York Giants,NYG,16,2-1,Dallas Cowboys,DAL,23,2-1,False,39,7,MetLife Stadium,East Rutherford,False,ESPN,True,10.666666666666666,19.666666666666668,0.3333333333333333,13.6,16.4,0.6,14.555555555555555,18.555555555555557,0.4444444444444444,33.0,17.333333333333332,1.0,27.0,17.6,0.8,26.555555555555557,20.11111111111111,0.7777777777777778,1519.3504269335674,1496.3013507766268,23.0490761569406,0.6240680386413382,8.0,260.0,-252.0,0,0,0.25,0,-7,39,0
2022,4,401437748,2022-09-30 00:15:00+00:00,STATUS_FINAL,Cincinnati Bengals,CIN,27,2-2,Miami Dolphins,MIA,15,3-1,True,42,12,Paycor Stadium,Cincinnati,False,Prime Video,False,31.666666666666668,25.0,0.6666666666666666,28.0,28.4,0.4,27.0,26.3,0.5,21.666666666666668,25.0,0.6666666666666666,20.0,23.6,0.6,20.22222222222222,25.88888888888889,0.4444444444444444,1492.4164396273347,1528.232383675577,-35.81594404824227,0.5419007320204053,18.0,11.0,7.0,0,0,0.6029411764705882,1,12,42,1
2022,4,401435639,2022-10-02 13:30:00+00:00,STATUS_FINAL,New Orleans Saints,NO,25,1-3,Minnesota Vikings,MIN,28,3-1,False,53,3,Tottenham Hotspur Stadium,London,True,NFL Net,True,10.333333333333334,16.666666666666668,0.3333333333333333,10.8,21.6,0.2,19.333333333333332,21.333333333333332,0.3333333333333333,11.333333333333334,23.333333333333332,0.3333333333333333,17.4,26.6,0.2,23.6,27.6,0.3,1491.306391408207,1508.1633782430708,-16.856986834863847,0.5688433140926976,13.0,12.0,1.0,0,0,0.6360294117647058,0,-3,53,0
2022,4,401437751,2022-10-02 17:00:00+00:00,STATUS_FINAL,Dallas Cowboys,DAL,25,3-1,Washington Commanders,WSH,10,1-3,True,35,15,AT&T Stadium,Arlington,False,FOX,False,15.0,20.333333333333332,0.3333333333333333,26.8,22.2,0.4,31.4,21.3,0.6,21.0,33.0,0.3333333333333333,19.4,28.2,0.4,19.9,27.6,0.4,1508.7827115494536,1488.1636611757583,20.619050373695245,0.6207806197030462,13.0,14.0,-1.0,0,0,0.9742647058823529,1,15,35,1
2022,4,401437757,2022-10-02 17:00:00+00:00,STATUS_FINAL,Pittsburgh Steelers,PIT,20,1-3,New York Jets,NYJ,24,2-2,False,44,4,Acrisure Stadium,Pittsburgh,False,CBS,True,19.666666666666668,14.666666666666666,0.6666666666666666,19.0,15.8,0.6,20.1,19.5,0.6,21.666666666666668,29.333333333333332,0.3333333333333333,23.2,29.4,0.4,18.11111111111111,30.333333333333332,0.2222222222222222,1491.2970401388918,1488.2331334390979,3.063906699793961,0.5967177043559038,14.0,14.0,0.0,0,0,0.7573529411764706,0,-4,44,0
2022,4,401437755,2022-10-02 17:00:00+00:00,STATUS_FINAL,New York Giants,NYG,20,3-1,Chicago Bears,CHI,12,2-2,True,32,8,MetLife Stadium,East Rutherford,False,FOX,False,14.0,20.333333333333332,0.3333333333333333,12.2,17.8,0.4,14.7,19.0,0.4,17.333333333333332,27.333333333333332,0.3333333333333333,19.6,28.2,0.4,16.8,27.7,0.3,1506.8690661607407,1507.4251957540923,-0.5561295933516703,0.5916930390111225,5.0,13.0,-8.0,0,0,0.15808823529411764,1,8,32,1
2022,4,401437754,2022-10-02 17:00:00+00:00,STATUS_FINAL,Indianapolis Colts,IND,17,1-2-1,Tennessee Titans,TEN,24,2-2,False,41,7,Lucas Oil Stadium,Indianapolis,False,FOX,True,22.333333333333332,19.0,0.6666666666666666,24.2,22.4,0.6,26.8,23.4,0.5,16.0,28.333333333333332,0.3333333333333333,17.8,27.4,0.4,24.11111111111111,27.11111111111111,0.5555555555555556,1502.3150322889048,1488.7793477295174,13.535684559387391,0.6111354983474758,7.0,12.0,-5.0,0,0,0.9411764705882353,0,-7,41,0
2022,4,401437756,2022-10-02 17:00:00+00:00,STATUS_FINAL,Philadelphia Eagles,PHI,29,4-0,Jacksonville Jaguars,JAX,21,2-2,True,50,8,Lincoln Financial Field,Philadelphia,False,CBS,False,28.0,22.666666666666668,0.6666666666666666,30.2,22.8,0.8,26.444444444444443,25.333333333333332,0.4444444444444444,23.333333333333332,29.333333333333332,0.3333333333333333,18.2,26.8,0.2,16.4,28.6,0.1,1531.1724150048713,1512.1237995760705,19.04861542880076,0.6186501477776605,12.0,6.0,6.0,0,0,0.44485294117647056,1,8,50,1
2022,4,401437750,2022-10-02 17:00:00+00:00,STATUS_FINAL,Baltimore Ravens,BAL,20,2-2,Buffalo Bills,BUF,23,3-1,False,43,3,M&T Bank Stadium,Baltimore,False,CBS,True,23.333333333333332,26.0,0.0,23.2,23.8,0.2,26.8,25.7,0.5,27.666666666666668,17.333333333333332,0.6666666666666666,28.2,18.2,0.6,29.6,17.1,0.6,1511.8673721406244,1511.2206522704826,0.6467198701418511,0.5933647948218171,14.0,7.0,7.0,0,0,0.09926470588235294,0,-3,43,0
2022,4,401437753,2022-10-02 17:00:00+00:00,STATUS_FINAL,Houston Texans,HOU,24,0-3-1,Los Angeles Chargers,LAC,34,2-2,False,58,10,NRG Stadium,Houston,False,CBS,True,28.666666666666668,25.666666666666668,0.3333333333333333,19.8,28.2,0.2,20.3,27.0,0.2,28.333333333333332,34.333333333333336,0.0,27.8,30.6,0.2,24.666666666666668,27.88888888888889,0.4444444444444444,1481.9422969167583,1488.2581990012134,-6.315902084455047,0.5836591337672306,21.0,16.0,5.0,0,0,0.5073529411764706,0,-10,58,0
2022,4,401437749,2022-10-02 17:00:00+00:00,STATUS_FINAL,Atlanta Falcons,ATL,23,2-2,Cleveland Browns,CLE,20,2-2,True,43,3,Mercedes-Benz Stadium,Atlanta,False,CBS,False,22.0,24.333333333333332,0.3333333333333333,16.6,25.6,0.2,17.666666666666668,25.88888888888889,0.2222222222222222,20.666666666666668,24.666666666666668,0.3333333333333333,15.8,27.0,0.2,22.77777777777778,26.444444444444443,0.3333333333333333,1492.386432835726,1507.5038842254717,-15.11745138974561,0.5712975361278645,21.0,21.0,0.0,0,0,0.22058823529411764,1,3,43,0
2022,4,401437752,2022-10-02 17:00:00+00:00,STATUS_FINAL,Detroit Lions,DET,45,1-3,Seattle Seahawks,SEA,48,2-2,False,93,3,Ford Field,Detroit,False,FOX,True,36.0,31.666666666666668,0.6666666666666666,33.4,26.8,0.8,24.8,28.8,0.4,18.333333333333332,25.666666666666668,0.3333333333333333,20.6,21.4,0.4,19.6,21.4,0.4,1488.8018963529264,1487.1567946790565,1.645101673869931,0.5947507364489137,14.0,13.0,1.0,0,0,0.8529411764705882,0,-3,93,0
2022,4,401437758,2022-10-02 20:05:00+00:00,STATUS_FINAL,Carolina Panthers,CAR,16,1-3,Arizona Cardinals,ARI,26,2-2,False,42,10,Bank of America Stadium,Charlotte,False,FOX,True,17.333333333333332,24.0,0.3333333333333333,18.8,25.6,0.2,19.1,22.8,0.3,22.0,25.0,0.6666666666666666,24.4,22.0,0.8,29.6,19.3,0.9,1489.3431816582256,1488.1478347503673,1.1953469078582657,0.5941265777879325,7.0,13.0,-6.0,0,0,0.003676470588235294,0,-10,42,0
2022,4,401437760,2022-10-02 20:25:00+00:00,STATUS_FINAL,Las Vegas Raiders,LV,32,1-3,Denver Broncos,DEN,23,2-2,True,55,9,Allegiant Stadium,Las Vegas,False,CBS,False,25.0,24.666666666666668,0.6666666666666666,20.6,24.6,0.4,22.3,26.1,0.5,14.0,22.666666666666668,0.0,16.2,21.2,0.2,18.22222222222222,19.555555555555557,0.3333333333333333,1471.767616324423,1508.334223671932,-36.566607347509034,0.5408278346504715,14.0,19.0,-5.0,0,0,0.28308823529411764,1,9,55,1
2022,4,401437759,2022-10-02 20:25:00+00:00,STATUS_FINAL,Green Bay Packers,GB,27,3-1,New England Patriots,NE,24,1-3,True,51,3,Lambeau Field,Green Bay,False,CBS,False,29.333333333333332,14.0,1.0,33.8,20.0,1.0,30.22222222222222,16.0,1.0,16.0,22.333333333333332,0.3333333333333333,15.8,20.8,0.4,20.5,16.2,0.7,1512.9433401118245,1492.2781706394605,20.665169472363914,0.6208431155639005,13.0,14.0,-1.0,0,0,0.6691176470588235,1,3,51,0
2022,4,401437470,2022-10-03 00:20:00+00:00,STATUS_FINAL,Tampa Bay Buccaneers,TB,31,2-2,Kansas City Chiefs,KC,41,3-1,False,72,10,Raymond James Stadium,Tampa,False,NBC,True,17.666666666666668,13.333333333333334,0.3333333333333333,23.2,15.4,0.6,30.88888888888889,16.77777777777778,0.7777777777777778,29.666666666666668,21.666666666666668,0.6666666666666666,30.8,25.4,0.6,30.6,24.7,0.6,1511.2120815967662,1511.0016183571845,0.21046323958171342,0.592758720198147,7.0,7.0,0.0,0,0,0.47794117647058826,0,-10,72,0
2022,4,401437761,2022-10-04 00:15:00+00:00,STATUS_FINAL,San Francisco 49ers,SF,24,2-2,Los Angeles Rams,LAR,9,2-2,True,33,15,Levi's Stadium,Santa Clara,False,ESPN,False,27.0,9.0,1.0,29.2,12.6,1.0,25.555555555555557,20.22222222222222,0.5555555555555556,23.333333333333332,18.0,1.0,25.6,22.6,0.8,26.7,21.8,0.8,1492.2982836572173,1508.2561250387516,-15.957841381534308,0.5701123027519884,15.0,8.0,7.0,0,0,0.5404411764705882,1,15,33,1
2022,5,401437762,2022-10-07 00:15:00+00:00,STATUS_FINAL,Denver Broncos,DEN,9,2-3,Indianapolis Colts,IND,12,2-2-1,False,21,3,Empower Field at Mile High,Denver,False,Prime Video,True,17.0,15.666666666666666,0.6666666666666666,19.8,14.4,0.6,18.8,18.2,0.5,10.333333333333334,23.333333333333332,0.3333333333333333,16.8,17.2,0.6,22.3,19.2,0.6,1499.1507803649415,1490.0923223219554,9.058458042986103,0.6049933231670876,10.0,18.0,-8.0,0,0,0.4117647058823529,0,-3,21,0
2022,5,401435640,2022-10-09 13:30:00+00:00,STATUS_FINAL,Green Bay Packers,GB,22,3-2,New York Giants,NYG,27,4-1,False,49,5,Tottenham Hotspur Stadium,London,True,NFL Net,True,30.333333333333332,14.666666666666666,1.0,32.0,19.2,1.0,29.9,16.8,1.0,11.333333333333334,27.666666666666668,0.3333333333333333,12.8,28.0,0.2,16.7,28.5,0.2,1520.5264778005464,1515.0352053805182,5.491272420028281,0.6000756635042598,6.0,27.0,-21.0,0,0,0.7279411764705882,0,-5,49,0
2022,5,401437767,2022-10-09 17:00:00+00:00,STATUS_FINAL,New England Patriots,NE,29,2-3,Detroit Lions,DET,0,1-4,True,29,29,Gillette Stadium,Foxborough,False,FOX,False,32.333333333333336,26.666666666666668,0.3333333333333333,35.6,20.0,0.6,30.7,21.2,0.4,23.0,33.0,0.0,17.8,30.0,0.0,17.2,27.2,0.1,1484.6950329507386,1476.906881623948,7.788151326790512,0.6032444797138049,14.0,14.0,0.0,0,0,0.3161764705882353,1,29,29,1
2022,5,401437766,2022-10-09 17:00:00+00:00,STATUS_FINAL,Minnesota Vikings,MIN,29,4-1,Chicago Bears,CHI,22,2-3,True,51,7,U.S. Bank Stadium,Minneapolis,False,FOX,False,27.333333333333332,16.0,1.0,28.2,21.2,0.8,24.7,20.5,0.7,13.0,26.0,0.0,18.8,29.4,0.2,16.6,26.3,0.3,1519.540244524925,1499.2590565343148,20.28118799061008,0.6203226612224612,14.0,7.0,7.0,0,0,0.16176470588235295,1,7,51,1
2022,5,401437764,2022-10-09 17:00:00+00:00,STATUS_FINAL,Cleveland Browns,CLE,28,2-3,Los Angeles Chargers,LAC,30,3-2,False,58,2,Huntington Bank Field,Cleveland,False,CBS,True,26.666666666666668,21.333333333333332,0.6666666666666666,23.6,20.4,0.6,19.8,18.4,0.6,30.0,28.666666666666668,0.3333333333333333,32.0,29.8,0.4,25.6,27.5,0.5,1498.9298349480289,1499.931381676558,-1.0015467285290924,0.5910734442458836,16.0,7.0,9.0,0,0,0.5110294117647058,0,-2,58,0
2022,5,401437771,2022-10-09 17:00:00+00:00,STATUS_FINAL,Washington Commanders,WSH,17,1-4,Tennessee Titans,TEN,21,3-2,False,38,4,Northwest Stadium,Landover,False,CBS,True,17.333333333333332,22.0,0.3333333333333333,17.8,21.6,0.4,19.9,24.0,0.4,19.666666666666668,27.666666666666668,0.6666666666666666,17.0,27.6,0.4,24.1,26.1,0.6,1480.5792735698192,1501.0020576964669,-20.422784126647684,0.5638020552274201,14.0,7.0,7.0,0,0,0.9448529411764706,0,-4,38,0
2022,5,401437768,2022-10-09 17:00:00+00:00,STATUS_FINAL,New Orleans Saints,NO,39,2-3,Seattle Seahawks,SEA,32,2-3,True,71,7,Caesars Superdome,New Orleans,False,FOX,False,17.666666666666668,19.333333333333332,0.3333333333333333,14.6,21.0,0.2,19.9,22.0,0.3,31.0,34.0,0.6666666666666666,27.2,27.0,0.6,21.6,24.3,0.4,1479.929525126353,1499.0518094080348,-19.122284281681914,0.5656422629866429,7.0,7.0,0.0,0,0,0.8566176470588235,1,7,71,1
2022,5,401437763,2022-10-09 17:00:00+00:00,STATUS_FINAL,Buffalo Bills,BUF,38,4-1,Pittsburgh Steelers,PIT,3,1-4,True,41,35,Highmark Stadium,Orchard Park,False,CBS,False,32.333333333333336,10.666666666666666,1.0,27.6,12.0,0.8,27.8,15.6,0.7,18.666666666666668,20.666666666666668,0.6666666666666666,18.8,26.8,0.4,19.6,26.9,0.4,1523.087948166919,1479.3626860517738,43.72526211514514,0.6515530712314547,19.0,16.0,3.0,0,0,0.8235294117647058,1,35,41,1
2022,5,401437765,2022-10-09 17:00:00+00:00,STATUS_FINAL,Jacksonville Jaguars,JAX,6,2-3,Houston Texans,HOU,13,1-3-1,False,19,7,EverBank Stadium,Jacksonville,False,CBS,True,22.0,13.666666666666666,0.6666666666666666,18.0,18.4,0.4,17.3,20.9,0.4,12.0,20.666666666666668,0.0,17.6,18.2,0.4,12.6,24.1,0.2,1504.4968025316236,1470.2691142414137,34.227688290209926,0.6390401357054615,21.0,14.0,7.0,0,0,0.3786764705882353,0,-7,19,0
2022,5,401437769,2022-10-09 17:00:00+00:00,STATUS_FINAL,New York Jets,NYJ,40,3-2,Miami Dolphins,MIA,17,3-2,True,57,23,MetLife Stadium,East Rutherford,False,CBS,False,15.0,26.333333333333332,0.0,16.0,26.0,0.2,19.3,28.7,0.3,20.0,33.0,0.3333333333333333,20.8,23.8,0.6,19.7,26.0,0.4,1500.1674875262158,1519.0703983159851,-18.902910789769294,0.5659524997078808,14.0,9.0,5.0,0,0,0.6066176470588235,1,23,57,1
2022,5,401437770,2022-10-09 17:00:00+00:00,STATUS_FINAL,Tampa Bay Buccaneers,TB,21,3-2,Atlanta Falcons,ATL,15,2-3,True,36,6,Raymond James Stadium,Tampa,False,FOX,False,28.0,24.0,0.3333333333333333,23.4,21.6,0.4,30.9,19.2,0.7,23.0,27.666666666666668,0.3333333333333333,22.2,27.0,0.4,20.9,25.9,0.6,1499.3569071928032,1500.9604821131688,-1.603574920365645,0.5902355369971735,6.0,13.0,-7.0,0,0,0.03676470588235294,1,6,36,1
2022,5,401437772,2022-10-09 20:05:00+00:00,STATUS_FINAL,Carolina Panthers,CAR,15,1-4,San Francisco 49ers,SF,37,3-2,False,52,22,Bank of America Stadium,Charlotte,False,CBS,True,20.666666666666668,22.0,0.3333333333333333,17.8,25.4,0.2,18.8,24.0,0.2,15.666666666666666,18.0,0.3333333333333333,18.0,19.4,0.4,20.3,18.7,0.5,1477.4606501024668,1500.8960376021776,-23.435387499710714,0.5595325473352102,7.0,13.0,-6.0,0,0,0.8860294117647058,0,-22,52,0
2022,5,401437773,2022-10-09 20:25:00+00:00,STATUS_FINAL,Arizona Cardinals,ARI,17,2-3,Philadelphia Eagles,PHI,20,5-0,False,37,3,State Farm Stadium,Glendale,False,FOX,True,21.0,34.0,0.0,20.4,30.8,0.0,21.5,26.0,0.3,27.333333333333332,19.666666666666668,1.0,24.4,18.0,0.8,26.0,20.1,0.7,1500.030366306126,1538.799412049318,-38.76904574319201,0.537677816213278,14.0,14.0,0.0,0,0,0.7941176470588235,0,-3,37,0
2022,5,401437774,2022-10-09 20:25:00+00:00,STATUS_FINAL,Los Angeles Rams,LAR,10,2-3,Dallas Cowboys,DAL,22,4-1,False,32,12,SoFi Stadium,Inglewood,False,FOX,True,21.666666666666668,28.333333333333332,0.3333333333333333,24.4,20.4,0.6,25.4,22.4,0.6,31.666666666666668,16.0,1.0,29.8,17.0,1.0,26.2,19.7,0.8,1499.6583710937914,1516.3670991553927,-16.708728061601278,0.5690526184841952,21.0,12.0,9.0,0,0,0.2536764705882353,0,-12,32,0
2022,5,401437775,2022-10-10 00:20:00+00:00,STATUS_FINAL,Baltimore Ravens,BAL,19,3-2,Cincinnati Bengals,CIN,17,2-3,True,36,2,M&T Bank Stadium,Baltimore,False,NBC,False,23.666666666666668,27.0,0.0,24.0,26.4,0.0,25.2,24.5,0.4,20.0,17.666666666666668,0.3333333333333333,21.4,15.2,0.6,25.4,16.8,0.6,1500.000076244188,1501.5784249869266,-1.5783487427386262,0.5902706575303688,7.0,14.0,-7.0,0,0,0.19117647058823528,1,2,36,0
2022,5,401437776,2022-10-11 00:15:00+00:00,STATUS_FINAL,Kansas City Chiefs,KC,30,4-1,Las Vegas Raiders,LV,29,1-4,True,59,1,GEHA Field at Arrowhead Stadium,Kansas City,False,ESPN,False,37.0,14.333333333333334,1.0,30.4,12.2,1.0,26.2,18.2,0.8,21.333333333333332,22.666666666666668,0.3333333333333333,17.8,26.0,0.4,21.5,25.5,0.5,1522.8567927611475,1480.9510596314135,41.90573312973402,0.6491713711470343,25.0,15.0,10.0,0,0,0.5735294117647058,1,1,59,0
2022,6,401437777,2022-10-14 00:15:00+00:00,STATUS_FINAL,Chicago Bears,CHI,7,2-4,Washington Commanders,WSH,12,2-4,False,19,5,Soldier Field,Chicago,False,Prime Video,True,23.666666666666668,11.0,1.0,20.4,16.6,0.6,19.5,18.7,0.5,19.666666666666668,22.666666666666668,0.3333333333333333,18.0,30.2,0.2,18.8,25.8,0.4,1491.665509758764,1469.3032324652709,22.362277293493207,0.6231400578910443,18.0,11.0,7.0,0,0,0.9779411764705882,0,-5,19,0
2022,6,401437784,2022-10-16 17:00:00+00:00,STATUS_FINAL,New York Giants,NYG,24,5-1,Baltimore Ravens,BAL,20,3-3,True,44,4,MetLife Stadium,East Rutherford,False,CBS,False,18.333333333333332,17.0,0.6666666666666666,13.6,18.8,0.4,15.4,17.5,0.5,27.333333333333332,25.333333333333332,0.6666666666666666,24.6,24.0,0.4,21.8,21.2,0.5,1527.0367186506035,1508.1946630935806,18.84205555702283,0.6183695840131158,14.0,21.0,-7.0,0,0,0.0661764705882353,1,4,44,1
2022,6,401437778,2022-10-16 17:00:00+00:00,STATUS_FINAL,Atlanta Falcons,ATL,28,3-3,San Francisco 49ers,SF,14,3-3,True,42,14,Mercedes-Benz Stadium,Atlanta,False,FOX,False,23.0,25.666666666666668,0.3333333333333333,21.2,24.6,0.4,18.2,25.3,0.3,19.0,15.0,0.3333333333333333,20.2,17.8,0.4,22.3,19.1,0.5,1492.7651928531122,1512.0866885488817,-19.3214956957695,0.5653604947890409,14.0,6.0,8.0,0,0,0.8897058823529411,1,14,42,1
2022,6,401437782,2022-10-16 17:00:00+00:00,STATUS_FINAL,Miami Dolphins,MIA,16,3-3,Minnesota Vikings,MIN,24,5-1,False,40,8,Hard Rock Stadium,Miami Gardens,False,FOX,True,24.666666666666668,16.666666666666668,1.0,25.0,16.6,1.0,24.2,16.9,0.8,15.0,28.666666666666668,0.3333333333333333,17.8,24.8,0.4,24.0,27.4,0.4,1510.3894483101428,1527.1337913004757,-16.744342990332825,0.5690023413405966,21.0,14.0,7.0,0,0,0.6397058823529411,0,-8,40,0
2022,6,401437780,2022-10-16 17:00:00+00:00,STATUS_FINAL,Green Bay Packers,GB,10,3-3,New York Jets,NYJ,27,4-2,False,37,17,Lambeau Field,Green Bay,False,FOX,True,25.333333333333332,20.333333333333332,0.6666666666666666,27.4,18.6,0.8,28.6,17.8,0.9,21.666666666666668,25.666666666666668,0.6666666666666666,22.0,24.4,0.6,18.7,29.3,0.3,1508.5249645304611,1508.8484375320581,-0.32347300159699444,0.5920165588436066,7.0,14.0,-7.0,0,0,0.7610294117647058,0,-17,37,0
2022,6,401437785,2022-10-16 17:00:00+00:00,STATUS_FINAL,Pittsburgh Steelers,PIT,20,2-4,Tampa Bay Buccaneers,TB,18,3-3,True,38,2,Acrisure Stadium,Pittsburgh,False,FOX,False,20.0,18.333333333333332,0.3333333333333333,19.8,17.4,0.6,20.4,19.3,0.6,22.333333333333332,12.333333333333334,1.0,25.8,12.0,1.0,26.0,19.5,0.8,1472.393747476403,1507.5521964528598,-35.15844897645684,0.5428401484429102,14.0,28.0,-14.0,0,0,0.9154411764705882,1,2,38,0
2022,6,401437783,2022-10-16 17:00:00+00:00,STATUS_FINAL,New Orleans Saints,NO,26,2-4,Cincinnati Bengals,CIN,30,3-3,False,56,4,Caesars Superdome,New Orleans,False,CBS,True,24.666666666666668,26.666666666666668,0.3333333333333333,19.0,22.0,0.4,20.0,24.9,0.3,20.333333333333332,17.0,0.3333333333333333,18.4,16.4,0.4,25.4,16.7,0.6,1488.61667986662,1493.383838137534,-4.767158270914024,0.5858239295818594,7.0,6.0,1.0,0,0,0.1948529411764706,0,-4,56,0
2022,6,401437779,2022-10-16 17:00:00+00:00,STATUS_FINAL,Cleveland Browns,CLE,15,2-4,New England Patriots,NE,38,3-3,False,53,23,Huntington Bank Field,Cleveland,False,CBS,True,29.0,26.0,0.3333333333333333,24.4,22.0,0.4,20.0,20.8,0.5,16.0,20.333333333333332,0.3333333333333333,17.8,24.2,0.2,20.4,18.3,0.6,1487.1083660631111,1492.6301433564624,-5.521777293351306,0.5847695504180411,7.0,13.0,-6.0,0,0,0.6727941176470589,0,-23,53,0
2022,6,401437781,2022-10-16 17:00:00+00:00,STATUS_FINAL,Indianapolis Colts,IND,34,3-2-1,Jacksonville Jaguars,JAX,27,2-4,True,61,7,Lucas Oil Stadium,Indianapolis,False,CBS,False,19.0,21.333333333333332,0.3333333333333333,23.0,23.8,0.4,26.9,23.0,0.5,27.0,22.333333333333332,0.3333333333333333,22.4,28.6,0.2,16.4,27.8,0.1,1502.192188785297,1491.7159998175143,10.476188967782718,0.6069419565959374,14.0,14.0,0.0,0,0,0.4485294117647059,1,7,61,1
2022,6,401437787,2022-10-16 20:05:00+00:00,STATUS_FINAL,Seattle Seahawks,SEA,19,3-3,Arizona Cardinals,ARI,9,2-4,True,28,10,Lumen Field,Seattle,False,FOX,False,30.333333333333332,24.0,0.6666666666666666,29.0,24.0,0.6,24.6,22.2,0.4,26.666666666666668,20.333333333333332,1.0,25.0,22.6,0.8,28.4,19.6,0.9,1490.3646546677678,1489.2768099818604,1.0878446859073847,0.5939773437067538,20.0,14.0,6.0,0,0,0.007352941176470588,1,10,28,1
2022,6,401437786,2022-10-16 20:05:00+00:00,STATUS_FINAL,Los Angeles Rams,LAR,24,3-3,Carolina Panthers,CAR,10,1-5,True,34,14,SoFi Stadium,Inglewood,False,FOX,False,17.0,26.666666666666668,0.3333333333333333,19.0,23.4,0.4,23.0,23.2,0.5,14.333333333333334,26.0,0.0,13.4,28.4,0.0,17.5,23.5,0.3,1488.2773187241075,1466.2699991557627,22.007319568344883,0.6226600956045938,6.0,28.0,-22.0,0,0,0.12867647058823528,1,14,34,1
2022,6,401437788,2022-10-16 20:25:00+00:00,STATUS_FINAL,Kansas City Chiefs,KC,20,4-2,Buffalo Bills,BUF,24,5-1,False,44,4,GEHA Field at Arrowhead Stadium,Kansas City,False,CBS,True,31.0,21.0,1.0,32.6,16.2,1.0,25.9,18.2,0.8,24.333333333333332,17.0,0.6666666666666666,26.6,21.0,0.6,28.4,19.1,0.6,1529.873365338207,1530.0568867422899,-0.1835214040829669,0.5922111296736192,5.0,14.0,-9.0,0,0,0.10294117647058823,0,-4,44,0
2022,6,401437789,2022-10-17 00:20:00+00:00,STATUS_FINAL,Philadelphia Eagles,PHI,26,6-0,Dallas Cowboys,DAL,17,4-2,True,43,9,Lincoln Financial Field,Philadelphia,False,NBC,False,26.333333333333332,26.333333333333332,0.6666666666666666,28.0,21.2,0.8,26.7,24.9,0.5,32.0,17.333333333333332,1.0,28.8,15.6,1.0,25.5,17.6,0.9,1549.5529683735836,1527.7481515250765,21.804816848507016,0.6223861701570627,14.0,7.0,7.0,0,0,0.25735294117647056,1,9,43,1
2022,6,401437790,2022-10-18 00:15:00+00:00,STATUS_FINAL,Los Angeles Chargers,LAC,19,4-2,Denver Broncos,DEN,16,2-4,True,35,3,SoFi Stadium,Inglewood,False,ESPN,False,22.666666666666668,23.333333333333332,0.6666666666666666,26.6,25.0,0.6,29.3,27.2,0.6,17.333333333333332,27.666666666666668,0.0,14.8,24.4,0.0,18.7,20.8,0.3,1511.7528505614757,1487.0509139015999,24.701936659875855,0.6262975898549936,22.0,15.0,7.0,0,0,0.2867647058823529,1,3,35,0
2022,7,401437791,2022-10-21 00:15:00+00:00,STATUS_FINAL,Arizona Cardinals,ARI,42,3-4,New Orleans Saints,NO,34,2-5,True,76,8,State Farm Stadium,Glendale,False,Prime Video,False,16.666666666666668,28.0,0.0,19.2,28.8,0.0,19.8,24.7,0.2,23.666666666666668,22.666666666666668,0.6666666666666666,22.0,15.4,0.8,23.4,18.5,0.7,1481.1563568559955,1476.9002012749827,4.256155581012763,0.5983681864385209,11.0,25.0,-14.0,0,0,0.7022058823529411,1,8,76,1
2022,7,401437796,2022-10-23 17:00:00+00:00,STATUS_FINAL,Jacksonville Jaguars,JAX,17,2-5,New York Giants,NYG,23,6-1,False,40,6,EverBank Stadium,Jacksonville,False,FOX,True,18.666666666666668,8.0,0.6666666666666666,17.2,15.0,0.4,16.6,19.9,0.4,17.0,23.666666666666668,0.6666666666666666,16.4,28.4,0.4,16.5,27.7,0.3,1483.854838949433,1534.6693269703412,-50.81448802090813,0.5204032564602271,14.0,14.0,0.0,0,0,0.7316176470588235,0,-6,40,0
2022,7,401437797,2022-10-23 17:00:00+00:00,STATUS_FINAL,Tennessee Titans,TEN,19,4-2,Indianapolis Colts,IND,10,3-3-1,True,29,9,Nissan Stadium,Nashville,False,CBS,False,26.0,15.333333333333334,0.6666666666666666,23.6,12.6,0.8,24.0,15.6,0.8,10.666666666666666,17.666666666666668,0.6666666666666666,13.0,19.0,0.6,21.9,17.6,0.7,1512.2780988010152,1510.0533496533783,2.224749147636885,0.595554705223382,28.0,16.0,12.0,0,0,0.41544117647058826,1,9,29,1
2022,7,401437794,2022-10-23 17:00:00+00:00,STATUS_FINAL,Cincinnati Bengals,CIN,35,4-3,Atlanta Falcons,ATL,17,3-4,True,52,18,Paycor Stadium,Cincinnati,False,FOX,False,27.0,23.0,0.6666666666666666,29.0,23.2,0.6,27.0,25.4,0.5,23.0,25.0,0.3333333333333333,19.4,27.0,0.2,20.7,26.6,0.5,1505.1003167291713,1501.4579829573315,3.6423337718397306,0.5975187221234911,23.0,14.0,9.0,0,0,0.04044117647058824,1,18,52,1
2022,7,401437798,2022-10-23 17:00:00+00:00,STATUS_FINAL,Washington Commanders,WSH,23,3-4,Green Bay Packers,GB,21,3-4,True,44,2,Northwest Stadium,Landover,False,FOX,False,17.666666666666668,22.333333333333332,0.3333333333333333,17.8,22.8,0.2,20.0,24.1,0.4,17.0,24.0,0.3333333333333333,22.6,27.2,0.4,22.3,23.4,0.6,1481.7660336230917,1496.684633353589,-14.918599730497363,0.5715778649531081,14.0,27.0,-13.0,0,0,0.3492647058823529,1,2,44,0
2022,7,401437793,2022-10-23 17:00:00+00:00,STATUS_FINAL,Carolina Panthers,CAR,21,2-5,Tampa Bay Buccaneers,TB,3,3-4,True,24,18,Bank of America Stadium,Charlotte,False,FOX,False,17.666666666666668,25.666666666666668,0.3333333333333333,16.6,27.0,0.2,17.7,27.0,0.1,19.0,11.0,0.6666666666666666,23.4,12.6,0.8,25.9,19.8,0.7,1458.7232010678545,1498.408999421718,-39.68579835386345,0.5363657369924447,13.0,7.0,6.0,0,0,0.9191176470588235,1,18,24,1
2022,7,401437795,2022-10-23 17:00:00+00:00,STATUS_FINAL,Dallas Cowboys,DAL,24,5-2,Detroit Lions,DET,6,1-5,True,30,18,AT&T Stadium,Arlington,False,CBS,False,16.0,15.333333333333334,0.6666666666666666,25.2,17.0,0.6,29.8,20.2,0.6,17.666666666666668,36.0,0.0,15.8,33.2,0.0,15.5,26.6,0.1,1520.1958749282178,1468.9717712182241,51.22410370999364,0.661288103473279,21.0,14.0,7.0,0,0,0.31985294117647056,1,18,30,1
2022,7,401437792,2022-10-23 17:00:00+00:00,STATUS_FINAL,Baltimore Ravens,BAL,23,4-3,Cleveland Browns,CLE,20,2-5,True,43,3,M&T Bank Stadium,Baltimore,False,CBS,False,25.666666666666668,27.333333333333332,0.3333333333333333,21.8,23.6,0.2,24.0,23.7,0.4,20.0,24.333333333333332,0.3333333333333333,18.4,22.6,0.2,22.5,26.1,0.3,1500.5620547738429,1475.4129750547504,25.14907971909247,0.6268998268506905,13.0,21.0,-8.0,0,0,0.22426470588235295,1,3,43,0
2022,7,401437800,2022-10-23 20:05:00+00:00,STATUS_FINAL,Las Vegas Raiders,LV,38,2-4,Houston Texans,HOU,20,1-4-1,True,58,18,Allegiant Stadium,Las Vegas,False,CBS,False,30.0,28.0,0.6666666666666666,24.4,22.8,0.6,22.2,25.7,0.5,14.0,15.0,0.3333333333333333,15.8,16.8,0.4,11.8,21.6,0.3,1473.9344870543541,1483.049916955523,-9.115429901168909,0.5797378767326564,20.0,14.0,6.0,0,0,0.38235294117647056,1,18,58,1
2022,7,401437799,2022-10-23 20:05:00+00:00,STATUS_FINAL,Denver Broncos,DEN,9,2-5,New York Jets,NYJ,16,5-2,False,25,7,Empower Field at Mile High,Denver,False,CBS,True,12.0,10.333333333333334,0.6666666666666666,14.0,14.8,0.4,19.0,17.1,0.5,27.333333333333332,20.0,1.0,23.2,23.6,0.6,20.0,28.4,0.4,1479.5768656986997,1520.6887687089302,-41.111903010230435,0.5343236657995745,16.0,7.0,9.0,0,0,0.7647058823529411,0,-7,25,0
2022,7,401437801,2022-10-23 20:25:00+00:00,STATUS_FINAL,Los Angeles Chargers,LAC,23,4-3,Seattle Seahawks,SEA,37,4-3,False,60,14,SoFi Stadium,Inglewood,False,FOX,True,17.666666666666668,24.333333333333332,0.6666666666666666,23.0,24.0,0.6,28.4,27.4,0.6,29.0,37.0,0.3333333333333333,27.0,32.2,0.4,23.1,25.2,0.4,1519.2268987643758,1498.4851077936328,20.741790970743068,0.6209469362750192,5.0,14.0,-9.0,0,0,0.8602941176470589,0,-14,60,0
2022,7,401437802,2022-10-23 20:25:00+00:00,STATUS_FINAL,San Francisco 49ers,SF,23,3-4,Kansas City Chiefs,KC,44,5-2,False,67,21,Levi's Stadium,Santa Clara,False,FOX,True,24.666666666666668,7.666666666666667,1.0,27.8,12.4,1.0,25.4,19.1,0.6,34.0,24.0,0.6666666666666666,32.2,26.0,0.6,31.2,24.2,0.7,1503.3938984446625,1518.0291427447346,-14.635244300072145,0.5719772425894557,19.0,20.0,-1.0,0,0,0.48161764705882354,0,-21,67,0
2022,7,401437803,2022-10-24 00:20:00+00:00,STATUS_FINAL,Miami Dolphins,MIA,16,4-3,Pittsburgh Steelers,PIT,10,2-5,True,26,6,Hard Rock Stadium,Miami Gardens,False,NBC,False,19.0,16.666666666666668,0.6666666666666666,24.2,19.6,0.8,24.1,16.6,0.8,14.333333333333334,29.0,0.3333333333333333,13.8,27.2,0.4,17.6,29.1,0.3,1499.009401483331,1481.5369445075448,17.472456975786145,0.6165073110858366,7.0,14.0,-7.0,0,0,0.8272058823529411,1,6,26,1
2022,7,401437804,2022-10-25 00:15:00+00:00,STATUS_FINAL,New England Patriots,NE,14,3-4,Chicago Bears,CHI,33,3-4,False,47,19,Gillette Stadium,Foxborough,False,ESPN,True,35.0,15.666666666666666,0.6666666666666666,32.4,18.6,0.6,32.0,19.5,0.5,14.666666666666666,25.333333333333332,0.0,17.2,26.2,0.2,18.2,26.6,0.3,1504.3255343648232,1479.2027086009432,25.122825763879973,0.6268644774246886,15.0,15.0,0.0,0,0,0.16544117647058823,0,-19,47,0
2022,8,401437805,2022-10-28 00:15:00+00:00,STATUS_FINAL,Tampa Bay Buccaneers,TB,22,3-5,Baltimore Ravens,BAL,27,5-3,False,49,5,Raymond James Stadium,Tampa,False,Prime Video,True,21.333333333333332,23.333333333333332,0.3333333333333333,21.0,19.2,0.4,29.9,17.8,0.7,27.0,19.666666666666668,0.6666666666666666,24.8,24.8,0.4,21.1,20.3,0.5,1489.1363141615668,1508.024058236829,-18.887744075262162,0.5659739464806357,18.0,11.0,7.0,0,0,0.06985294117647059,0,-5,49,0
2022,8,401435641,2022-10-30 13:30:00+00:00,STATUS_FINAL,Jacksonville Jaguars,JAX,17,2-6,Denver Broncos,DEN,21,3-5,False,38,4,Wembley Stadium,London,True,ESPN+,True,15.666666666666666,12.0,0.3333333333333333,17.8,15.4,0.4,16.4,19.1,0.4,18.333333333333332,22.666666666666668,0.0,16.2,23.8,0.0,17.6,21.4,0.2,1473.4467738202286,1468.8903923827083,4.556381437520258,0.598783452518184,6.0,12.0,-6.0,0,0,0.29044117647058826,0,-4,38,0
2022,8,401437809,2022-10-30 17:00:00+00:00,STATUS_FINAL,Minnesota Vikings,MIN,34,6-1,Arizona Cardinals,ARI,26,3-5,True,60,8,U.S. Bank Stadium,Minneapolis,False,FOX,False,26.666666666666668,17.666666666666668,1.0,26.8,20.0,0.8,24.6,21.0,0.7,21.333333333333332,19.333333333333332,0.6666666666666666,20.2,22.0,0.6,26.2,19.6,0.8,1538.5138381272875,1489.188993127225,49.324845000062396,0.6588349588834033,21.0,13.0,8.0,0,0,0.011029411764705883,1,8,60,1
2022,8,401437812,2022-10-30 17:00:00+00:00,STATUS_FINAL,Philadelphia Eagles,PHI,35,7-0,Pittsburgh Steelers,PIT,13,2-6,True,48,22,Lincoln Financial Field,Philadelphia,False,CBS,False,26.333333333333332,15.0,1.0,27.8,21.2,0.8,28.2,24.9,0.6,10.0,27.666666666666668,0.0,13.8,23.2,0.4,16.9,28.0,0.3,1557.1052449704423,1473.8670907292615,83.23815424118084,0.7012646765896066,13.0,6.0,7.0,0,0,0.8308823529411765,1,22,48,1
2022,8,401437808,2022-10-30 17:00:00+00:00,STATUS_FINAL,Detroit Lions,DET,27,1-6,Miami Dolphins,MIA,31,5-3,False,58,4,Ford Field,Detroit,False,CBS,True,38.666666666666664,37.666666666666664,0.3333333333333333,36.6,31.0,0.6,26.0,29.5,0.4,24.666666666666668,35.0,0.3333333333333333,19.4,28.4,0.4,19.7,28.4,0.3,1462.1975332876898,1506.6792552616143,-44.48172197392455,0.5294938955134797,28.0,21.0,7.0,0,0,0.6102941176470589,0,-4,58,0
2022,8,401437810,2022-10-30 17:00:00+00:00,STATUS_FINAL,New Orleans Saints,NO,24,3-5,Las Vegas Raiders,LV,0,2-5,True,24,24,Caesars Superdome,New Orleans,False,CBS,False,30.0,30.0,0.3333333333333333,23.6,24.0,0.4,20.5,25.2,0.3,23.333333333333332,26.0,0.0,21.8,22.4,0.4,21.8,26.8,0.4,1468.867565003753,1482.339729519701,-13.472164515947952,0.5736155672011795,14.0,19.0,-5.0,0,0,0.5772058823529411,1,24,24,1
2022,8,401437811,2022-10-30 17:00:00+00:00,STATUS_FINAL,New York Jets,NYJ,17,5-3,New England Patriots,NE,22,4-4,False,39,5,MetLife Stadium,East Rutherford,False,CBS,True,20.333333333333332,22.666666666666668,0.3333333333333333,22.2,23.4,0.4,20.6,28.0,0.3,26.333333333333332,18.666666666666668,0.6666666666666666,22.0,21.8,0.4,21.7,17.6,0.6,1531.3752420249216,1491.7882448163293,39.586997208592265,0.6461254370937605,21.0,14.0,7.0,0,0,0.6764705882352942,0,-5,39,0
2022,8,401437806,2022-10-30 17:00:00+00:00,STATUS_FINAL,Atlanta Falcons,ATL,37,4-4,Carolina Panthers,CAR,34,2-6,True,71,3,Mercedes-Benz Stadium,Atlanta,False,FOX,False,25.666666666666668,20.333333333333332,0.6666666666666666,23.4,21.4,0.6,20.4,23.5,0.4,14.333333333333334,28.0,0.0,13.4,26.6,0.0,16.1,25.0,0.2,1493.4083573998014,1467.9958863280056,25.412471071795835,0.6272543929214521,14.0,13.0,1.0,0,0,0.1323529411764706,1,3,71,0
2022,8,401437807,2022-10-30 17:00:00+00:00,STATUS_FINAL,Dallas Cowboys,DAL,49,6-2,Chicago Bears,CHI,29,3-5,True,78,20,AT&T Stadium,Arlington,False,FOX,False,23.0,11.0,1.0,18.8,15.4,0.6,28.6,18.0,0.6,22.333333333333332,21.0,0.3333333333333333,18.8,24.2,0.2,19.5,27.1,0.3,1526.9701128587521,1491.739998149437,35.2301147093151,0.6403701176444584,7.0,5.0,2.0,0,0,0.16911764705882354,1,20,78,1
2022,8,401437813,2022-10-30 20:05:00+00:00,STATUS_FINAL,Houston Texans,HOU,10,1-5-1,Tennessee Titans,TEN,17,5-2,False,27,7,NRG Stadium,Houston,False,CBS,True,23.0,27.333333333333332,0.0,24.6,28.8,0.2,19.0,28.3,0.1,17.333333333333332,25.0,0.6666666666666666,18.6,23.8,0.6,22.9,24.8,0.6,1474.6446744901762,1520.3670046965476,-45.72233020637145,0.5277143618192355,28.0,21.0,7.0,0,0,0.9485294117647058,0,-7,27,0
2022,8,401437814,2022-10-30 20:25:00+00:00,STATUS_FINAL,Indianapolis Colts,IND,16,3-4-1,Washington Commanders,WSH,17,4-4,False,33,1,Lucas Oil Stadium,Indianapolis,False,FOX,True,23.666666666666668,22.666666666666668,0.6666666666666666,23.6,21.6,0.6,27.9,23.0,0.6,16.333333333333332,22.666666666666668,0.3333333333333333,17.0,26.2,0.4,16.6,23.5,0.4,1501.9644437578459,1490.3344763240295,11.629967433816319,0.6085252887106113,14.0,16.0,-2.0,0,0,0.9816176470588235,0,-1,33,0
2022,8,401437816,2022-10-30 20:25:00+00:00,STATUS_FINAL,Seattle Seahawks,SEA,27,5-3,New York Giants,NYG,13,6-2,True,40,14,Lumen Field,Seattle,False,FOX,False,19.666666666666668,17.333333333333332,0.6666666666666666,26.8,21.2,0.6,23.5,19.8,0.5,23.666666666666668,19.666666666666668,1.0,16.8,24.4,0.6,16.1,27.3,0.3,1510.904046519133,1545.0773920995457,-34.173345580412615,0.5442470732965037,14.0,7.0,7.0,0,0,0.7352941176470589,1,14,40,1
2022,8,401437815,2022-10-30 20:25:00+00:00,STATUS_FINAL,Los Angeles Rams,LAR,14,3-4,San Francisco 49ers,SF,31,4-4,False,45,17,SoFi Stadium,Inglewood,False,FOX,True,21.666666666666668,19.666666666666668,0.6666666666666666,19.8,23.4,0.4,22.0,21.8,0.5,20.333333333333332,18.0,0.3333333333333333,19.6,19.4,0.4,22.7,20.2,0.5,1495.8241168120157,1491.9543535928733,3.869763219142442,0.5978335289121138,14.0,14.0,0.0,0,0,0.8933823529411765,0,-17,45,0
2022,8,401437817,2022-10-31 00:20:00+00:00,STATUS_FINAL,Buffalo Bills,BUF,27,6-1,Green Bay Packers,GB,17,3-5,True,44,10,Highmark Stadium,Orchard Park,False,NBC,False,35.333333333333336,6.666666666666667,1.0,33.2,9.8,1.0,30.0,13.6,0.8,14.0,19.333333333333332,0.3333333333333333,20.6,25.0,0.4,21.4,22.9,0.5,1541.9011093357622,1488.1161906526513,53.784918683110845,0.6645820448498696,21.0,7.0,14.0,0,0,0.35294117647058826,1,10,44,1
2022,8,401437818,2022-11-01 00:15:00+00:00,STATUS_FINAL,Cleveland Browns,CLE,32,3-5,Cincinnati Bengals,CIN,13,4-4,True,45,19,Huntington Bank Field,Cleveland,False,ESPN,False,24.0,28.333333333333332,0.3333333333333333,24.6,26.4,0.4,20.1,20.9,0.5,24.666666666666668,19.0,0.6666666666666666,21.4,19.6,0.4,26.0,18.3,0.6,1467.9509715917643,1513.1499422867014,-45.19897069493709,0.5284651594324182,15.0,15.0,0.0,0,0,0.19852941176470587,1,19,45,1
2022,9,401437819,2022-11-04 00:15:00+00:00,STATUS_FINAL,Houston Texans,HOU,17,1-6-1,Philadelphia Eagles,PHI,29,8-0,False,46,12,NRG Stadium,Houston,False,Prime Video,True,18.0,23.666666666666668,0.0,24.0,25.6,0.2,19.1,27.6,0.1,27.333333333333332,20.0,1.0,27.0,18.8,1.0,25.9,17.7,0.8,1464.0903872537915,1563.0799514386501,-98.98956418485864,0.45124053961835664,4.0,25.0,-21.0,0,0,0.7977941176470589,0,-12,46,0
2022,9,401437822,2022-11-06 18:00:00+00:00,STATUS_FINAL,Cincinnati Bengals,CIN,42,5-4,Carolina Panthers,CAR,21,2-7,True,63,21,Paycor Stadium,Cincinnati,False,FOX,False,27.333333333333332,18.333333333333332,0.6666666666666666,31.4,21.4,0.8,28.1,25.0,0.5,20.0,26.666666666666668,0.0,17.4,27.8,0.0,16.7,25.1,0.2,1503.7192454753497,1460.5409741864346,43.178271288915084,0.6508378685844659,14.0,7.0,7.0,0,0,0.13602941176470587,1,21,63,1
2022,9,401437826,2022-11-06 18:00:00+00:00,STATUS_FINAL,New York Jets,NYJ,20,6-3,Buffalo Bills,BUF,17,6-2,True,37,3,MetLife Stadium,East Rutherford,False,CBS,False,23.0,22.0,0.3333333333333333,20.4,23.6,0.2,18.9,27.1,0.2,22.0,20.333333333333332,0.6666666666666666,26.0,18.4,0.8,27.0,19.1,0.6,1518.4527332830464,1548.6094684387647,-30.156735155718252,0.5499760567569915,7.0,20.0,-13.0,0,0,0.10661764705882353,1,3,37,0
2022,9,401437824,2022-11-06 18:00:00+00:00,STATUS_FINAL,Jacksonville Jaguars,JAX,27,3-6,Las Vegas Raiders,LV,20,2-6,True,47,7,EverBank Stadium,Jacksonville,False,CBS,False,13.333333333333334,19.0,0.0,18.0,13.6,0.4,16.2,17.5,0.4,17.0,26.0,0.0,18.6,24.4,0.2,20.4,26.4,0.4,1461.471104769865,1473.8120408637246,-12.340936093859682,0.575207477530894,7.0,7.0,0.0,0,0,0.5808823529411765,1,7,47,1
2022,9,401437821,2022-11-06 18:00:00+00:00,STATUS_FINAL,Chicago Bears,CHI,32,3-6,Miami Dolphins,MIA,35,6-3,False,67,3,Soldier Field,Chicago,False,CBS,True,16.333333333333332,14.0,0.6666666666666666,17.4,12.4,0.6,18.2,18.2,0.4,21.0,31.333333333333332,0.3333333333333333,21.6,33.2,0.4,20.0,28.0,0.4,1484.5474005023261,1517.269133171884,-32.72173266955792,0.5463189743804918,23.0,7.0,16.0,0,0,0.6139705882352942,0,-3,67,0
2022,9,401437827,2022-11-06 18:00:00+00:00,STATUS_FINAL,Washington Commanders,WSH,17,4-5,Minnesota Vikings,MIN,20,7-1,False,37,3,Northwest Stadium,Landover,False,FOX,True,16.0,22.0,0.3333333333333333,18.4,21.6,0.4,19.3,23.3,0.4,19.666666666666668,21.666666666666668,0.6666666666666666,17.2,22.2,0.6,23.1,25.6,0.5,1502.5049820982417,1545.3371389496194,-42.832156851377704,0.5318588702584527,14.0,21.0,-7.0,0,0,0.6433823529411765,0,-3,37,0
2022,9,401437825,2022-11-06 18:00:00+00:00,STATUS_FINAL,New England Patriots,NE,26,5-4,Indianapolis Colts,IND,3,3-5-1,True,29,23,Gillette Stadium,Foxborough,False,CBS,False,23.0,23.333333333333332,0.3333333333333333,28.0,22.6,0.4,32.1,20.0,0.5,7.333333333333333,17.333333333333332,0.3333333333333333,10.6,19.6,0.4,20.2,17.8,0.6,1504.7107535582045,1489.7939379836337,14.916815574570819,0.6130232312166466,12.0,14.0,-2.0,0,0,0.41911764705882354,1,23,29,1
2022,9,401437823,2022-11-06 18:00:00+00:00,STATUS_FINAL,Detroit Lions,DET,15,2-6,Green Bay Packers,GB,9,3-6,True,24,6,Ford Field,Detroit,False,FOX,False,36.0,35.333333333333336,0.3333333333333333,36.0,34.8,0.4,27.0,30.7,0.4,17.333333333333332,20.666666666666668,0.3333333333333333,17.8,24.4,0.2,20.6,23.4,0.4,1451.60765537742,1481.4078315496488,-29.800176172228703,0.550484007716756,7.0,6.0,1.0,0,0,0.35661764705882354,1,6,24,1
2022,9,401437820,2022-11-06 18:00:00+00:00,STATUS_FINAL,Atlanta Falcons,ATL,17,4-5,Los Angeles Chargers,LAC,20,5-3,False,37,3,Mercedes-Benz Stadium,Atlanta,False,FOX,True,29.333333333333332,22.666666666666668,1.0,26.8,25.0,0.6,21.1,23.5,0.5,29.333333333333332,26.333333333333332,0.6666666666666666,29.8,31.0,0.4,26.6,28.7,0.5,1500.8632695413723,1506.8079600388755,-5.9446904975031885,0.5841783015717722,7.0,28.0,-21.0,0,0,0.5147058823529411,0,-3,37,0
2022,9,401437828,2022-11-06 21:05:00+00:00,STATUS_FINAL,Arizona Cardinals,ARI,21,3-6,Seattle Seahawks,SEA,31,6-3,False,52,10,State Farm Stadium,Glendale,False,FOX,True,23.666666666666668,24.666666666666668,0.3333333333333333,24.4,31.2,0.2,22.3,27.1,0.2,39.0,35.666666666666664,0.6666666666666666,32.4,32.8,0.6,24.0,25.4,0.4,1482.3656923048932,1520.019105053203,-37.65341274830985,0.5392738325508667,16.0,14.0,2.0,0,0,0.8639705882352942,0,-10,52,0
2022,9,401437829,2022-11-06 21:25:00+00:00,STATUS_FINAL,Tampa Bay Buccaneers,TB,16,4-5,Los Angeles Rams,LAR,13,3-5,True,29,3,Raymond James Stadium,Tampa,False,CBS,False,24.666666666666668,27.666666666666668,0.3333333333333333,25.4,22.8,0.4,27.3,18.0,0.6,16.333333333333332,18.333333333333332,0.6666666666666666,21.8,20.2,0.8,24.9,21.8,0.7,1477.8168352319542,1483.8674462337735,-6.050611001819334,0.5840301826354607,9.0,33.0,-24.0,0,0,0.5441176470588235,1,3,29,0
2022,9,401437830,2022-11-07 01:20:00+00:00,STATUS_FINAL,Kansas City Chiefs,KC,20,6-2,Tennessee Titans,TEN,17,5-3,True,37,3,GEHA Field at Arrowhead Stadium,Kansas City,False,NBC,False,25.666666666666668,25.666666666666668,0.6666666666666666,32.2,19.2,0.8,25.5,17.6,0.8,20.666666666666668,14.666666666666666,1.0,19.4,22.0,0.8,22.2,23.1,0.7,1529.4686875965238,1530.9212919329323,-1.4526043364085126,0.59044570838613,21.0,7.0,14.0,0,0,0.9522058823529411,1,3,37,0
2022,9,401437831,2022-11-08 01:15:00+00:00,STATUS_FINAL,New Orleans Saints,NO,13,3-6,Baltimore Ravens,BAL,27,6-3,False,40,14,Caesars Superdome,New Orleans,False,ESPN,True,29.666666666666668,20.666666666666668,0.6666666666666666,24.8,22.0,0.4,19.3,22.5,0.3,28.0,24.0,0.6666666666666666,25.8,24.4,0.6,21.9,20.8,0.5,1477.3952536597294,1519.3435371664416,-41.94828350671219,0.5331254939610246,8.0,11.0,-3.0,0,0,0.07352941176470588,0,-14,40,0
2022,10,401437832,2022-11-11 01:15:00+00:00,STATUS_FINAL,Carolina Panthers,CAR,25,3-7,Atlanta Falcons,ATL,15,4-6,True,40,10,Bank of America Stadium,Charlotte,False,Prime Video,False,17.333333333333332,22.0,0.3333333333333333,19.6,21.2,0.4,18.0,25.2,0.2,19.666666666666668,26.333333333333332,0.3333333333333333,20.2,27.8,0.2,19.4,27.3,0.4,1453.5577315581238,1489.1797035099369,-35.621971951813066,0.5421779069391552,18.0,18.0,0.0,0,0,0.04411764705882353,1,10,40,1
2022,10,401435638,2022-11-13 14:30:00+00:00,STATUS_FINAL,Tampa Bay Buccaneers,TB,21,5-5,Seattle Seahawks,SEA,16,6-4,True,37,5,Allianz Arena,Munich,True,NFL Net,False,19.666666666666668,18.333333333333332,0.6666666666666666,20.4,22.0,0.4,24.4,17.6,0.6,33.333333333333336,27.666666666666668,0.6666666666666666,31.0,31.0,0.6,25.1,25.2,0.5,1486.136231579245,1530.8045817042203,-44.66835012497518,0.52922624209766,6.0,6.0,0.0,0,0,0.8676470588235294,1,5,37,1
2022,10,401437834,2022-11-13 18:00:00+00:00,STATUS_FINAL,Chicago Bears,CHI,30,3-7,Detroit Lions,DET,31,3-6,False,61,1,Soldier Field,Chicago,False,FOX,True,20.666666666666668,22.333333333333332,0.3333333333333333,22.0,16.0,0.6,19.0,20.3,0.3,10.0,27.0,0.0,15.0,30.4,0.0,14.7,26.6,0.1,1473.6210210147162,1460.5979752230849,13.023045791631375,0.6104339702131848,7.0,21.0,-14.0,0,0,0.3235294117647059,0,-1,61,0
2022,10,401437835,2022-11-13 18:00:00+00:00,STATUS_FINAL,Kansas City Chiefs,KC,27,7-2,Jacksonville Jaguars,JAX,17,3-7,True,44,10,GEHA Field at Arrowhead Stadium,Kansas City,False,CBS,False,23.333333333333332,23.333333333333332,0.6666666666666666,26.6,20.8,0.8,25.5,15.5,0.9,28.666666666666668,24.333333333333332,0.3333333333333333,23.6,30.2,0.2,17.0,28.8,0.1,1537.6597734288011,1469.966955219247,67.69281820955416,0.6821871319450143,6.0,28.0,-22.0,0,0,0.4522058823529412,1,10,44,1
2022,10,401437838,2022-11-13 18:00:00+00:00,STATUS_FINAL,Pittsburgh Steelers,PIT,20,3-6,New Orleans Saints,NO,10,3-7,True,30,10,Acrisure Stadium,Pittsburgh,False,FOX,False,18.0,19.666666666666668,0.3333333333333333,19.8,17.2,0.6,21.4,18.7,0.7,25.0,30.0,0.3333333333333333,22.8,22.0,0.6,24.0,21.4,0.6,1467.8923842610536,1466.7327437805088,1.1596404805447946,0.5940770122195987,28.0,23.0,5.0,0,0,0.7058823529411765,1,10,30,1
2022,10,401437833,2022-11-13 18:00:00+00:00,STATUS_FINAL,Buffalo Bills,BUF,30,6-3,Minnesota Vikings,MIN,33,8-1,False,63,3,Highmark Stadium,Orchard Park,False,FOX,True,35.333333333333336,9.0,1.0,32.4,10.4,1.0,28.4,13.2,0.8,24.0,19.333333333333332,1.0,17.8,23.8,0.6,21.7,24.5,0.5,1539.6089895739044,1555.9743163547885,-16.36532678088406,0.5695373205391431,13.0,7.0,6.0,0,0,0.6470588235294118,0,-3,63,0
2022,10,401437839,2022-11-13 18:00:00+00:00,STATUS_FINAL,Tennessee Titans,TEN,17,6-3,Denver Broncos,DEN,10,3-6,True,27,7,Nissan Stadium,Nashville,False,CBS,False,21.0,17.666666666666668,0.6666666666666666,23.4,14.6,0.8,23.4,15.0,0.8,20.0,22.666666666666668,0.3333333333333333,17.8,23.8,0.2,17.4,21.8,0.2,1522.7302061006549,1480.866061433072,41.86414466758288,0.6491168457983492,21.0,14.0,7.0,0,0,0.29411764705882354,1,7,27,1
2022,10,401437837,2022-11-13 18:00:00+00:00,STATUS_FINAL,New York Giants,NYG,24,7-2,Houston Texans,HOU,16,1-7-1,True,40,8,MetLife Stadium,East Rutherford,False,CBS,False,20.0,18.333333333333332,0.6666666666666666,17.2,18.6,0.6,16.4,17.8,0.6,17.666666666666668,22.333333333333332,0.3333333333333333,13.8,21.2,0.2,13.8,21.4,0.3,1535.9623335654758,1455.0655764614244,80.8967571040514,0.6984334643197857,28.0,20.0,8.0,0,0,0.3860294117647059,1,8,40,1
2022,10,401437836,2022-11-13 18:00:00+00:00,STATUS_FINAL,Miami Dolphins,MIA,39,7-3,Cleveland Browns,CLE,17,3-6,True,56,22,Hard Rock Stadium,Miami Gardens,False,CBS,False,17.666666666666668,17.666666666666668,0.6666666666666666,21.2,16.8,0.8,22.9,14.6,0.9,22.0,23.333333333333332,0.3333333333333333,20.4,24.0,0.2,21.6,25.1,0.3,1528.195512659494,1477.381668403116,50.813844256377934,0.6607589267782368,20.0,21.0,-1.0,0,0,0.22794117647058823,1,22,56,1
2022,10,401437840,2022-11-13 21:05:00+00:00,STATUS_FINAL,Las Vegas Raiders,LV,20,2-7,Indianapolis Colts,IND,25,4-5-1,False,45,5,Allegiant Stadium,Las Vegas,False,CBS,True,31.0,24.0,0.6666666666666666,29.0,23.4,0.8,22.9,24.9,0.5,8.333333333333334,18.0,0.3333333333333333,9.0,19.6,0.4,18.0,17.3,0.6,1465.3161904143426,1482.0544026079665,-16.738212193623895,0.569010996210013,21.0,7.0,14.0,0,0,0.4227941176470588,0,-5,45,0
2022,10,401437841,2022-11-13 21:25:00+00:00,STATUS_FINAL,Los Angeles Rams,LAR,17,3-6,Arizona Cardinals,ARI,27,4-6,False,44,10,SoFi Stadium,Inglewood,False,FOX,True,16.0,21.0,0.3333333333333333,17.8,24.2,0.4,21.4,21.2,0.5,20.333333333333332,23.0,0.3333333333333333,23.0,22.8,0.6,25.1,21.0,0.7,1475.5480498864827,1471.580215653876,3.9678342326067195,0.5979692534875884,14.0,14.0,0.0,0,0,0.014705882352941176,0,-10,44,0
2022,10,401437131,2022-11-13 21:25:00+00:00,STATUS_FINAL,Green Bay Packers,GB,31,4-6,Dallas Cowboys,DAL,28,6-3,True,59,3,Lambeau Field,Green Bay,False,FOX,False,19.666666666666668,26.0,0.3333333333333333,24.6,19.6,0.6,26.9,18.8,0.8,20.666666666666668,17.333333333333332,0.6666666666666666,26.8,16.8,0.8,25.2,18.5,0.8,1472.417511703984,1534.162710505863,-61.74519880187904,0.5046838984296428,28.0,27.0,1.0,0,0,0.2610294117647059,1,3,59,0
2022,10,401437842,2022-11-14 01:20:00+00:00,STATUS_FINAL,San Francisco 49ers,SF,22,5-4,Los Angeles Chargers,LAC,16,5-4,True,38,6,Levi's Stadium,Santa Clara,False,NBC,False,24.666666666666668,20.0,0.6666666666666666,25.6,16.0,0.8,24.9,20.5,0.6,28.0,23.0,1.0,28.0,26.2,0.6,25.6,28.0,0.5,1503.9110241711155,1518.491526070311,-14.580501899195497,0.5720543889236495,21.0,7.0,14.0,0,0,0.5183823529411765,1,6,38,1
2022,10,401437843,2022-11-15 01:15:00+00:00,STATUS_FINAL,Philadelphia Eagles,PHI,21,8-1,Washington Commanders,WSH,32,5-5,False,53,11,Lincoln Financial Field,Philadelphia,False,ESPN,True,30.0,17.0,1.0,28.0,21.8,0.8,28.7,22.0,0.7,13.0,16.0,0.6666666666666666,17.6,18.2,0.6,17.3,22.7,0.5,1572.1047622310173,1491.8678046930727,80.23695753794459,0.6976328878407345,15.0,15.0,0.0,0,0,0.9852941176470589,0,-11,53,0
2022,11,401437844,2022-11-18 01:15:00+00:00,STATUS_FINAL,Green Bay Packers,GB,17,4-7,Tennessee Titans,TEN,27,7-3,False,44,10,Lambeau Field,Green Bay,False,Prime Video,True,21.0,27.333333333333332,0.3333333333333333,23.4,23.2,0.6,27.6,20.6,0.8,18.333333333333332,15.666666666666666,0.6666666666666666,17.2,21.0,0.6,20.2,23.2,0.6,1482.3238337353912,1529.747869184688,-47.42403544929675,0.5252722916775598,4.0,10.0,-6.0,0,0,0.9558823529411765,0,-10,44,0
2022,11,401437852,2022-11-20 18:00:00+00:00,STATUS_FINAL,New York Giants,NYG,18,7-3,Detroit Lions,DET,31,4-6,False,49,13,MetLife Stadium,East Rutherford,False,FOX,True,22.666666666666668,16.0,1.0,20.6,17.4,0.8,17.7,15.6,0.7,12.333333333333334,27.666666666666668,0.3333333333333333,18.0,32.4,0.2,16.1,27.7,0.2,1541.9936642790801,1472.8066546273485,69.18700965173161,0.6840490229163582,7.0,7.0,0.0,0,0,0.3272058823529412,0,-13,49,0
2022,11,401437848,2022-11-20 18:00:00+00:00,STATUS_FINAL,Houston Texans,HOU,10,1-8-1,Washington Commanders,WSH,23,6-5,False,33,13,NRG Stadium,Houston,False,FOX,True,17.0,26.666666666666668,0.0,19.2,25.6,0.0,18.6,28.0,0.1,20.333333333333332,14.666666666666666,1.0,19.6,21.0,0.6,19.5,23.1,0.6,1449.03424574782,1505.8204624498874,-56.78621670206735,0.5118183826600194,16.0,5.0,11.0,0,0,0.9889705882352942,0,-13,33,0
2022,11,401437845,2022-11-20 18:00:00+00:00,STATUS_FINAL,Atlanta Falcons,ATL,27,5-6,Chicago Bears,CHI,24,3-8,True,51,3,Mercedes-Benz Stadium,Atlanta,False,FOX,False,27.333333333333332,22.666666666666668,0.6666666666666666,26.2,23.0,0.6,20.1,23.5,0.4,28.0,30.666666666666668,0.3333333333333333,21.2,27.8,0.2,22.1,28.2,0.3,1480.0232616487199,1461.4123416104526,18.610920038267295,0.6180555462852266,14.0,21.0,-7.0,0,0,0.17279411764705882,1,3,51,0
2022,11,401437851,2022-11-20 18:00:00+00:00,STATUS_FINAL,New Orleans Saints,NO,27,4-7,Los Angeles Rams,LAR,20,3-7,True,47,7,Caesars Superdome,New Orleans,False,FOX,False,21.0,19.0,0.3333333333333333,25.4,23.4,0.4,18.1,22.5,0.3,14.0,17.333333333333332,0.3333333333333333,18.4,18.8,0.6,23.6,21.7,0.6,1458.6142840249008,1463.588664816731,-4.974380791830072,0.5855344691714963,12.0,13.0,-1.0,0,0,0.5477941176470589,1,7,47,1
2022,11,401437849,2022-11-20 18:00:00+00:00,STATUS_FINAL,Indianapolis Colts,IND,16,4-6-1,Philadelphia Eagles,PHI,17,9-1,False,33,1,Lucas Oil Stadium,Indianapolis,False,CBS,True,22.333333333333332,22.666666666666668,0.3333333333333333,21.4,21.6,0.4,26.4,24.4,0.5,24.333333333333332,14.0,1.0,26.2,18.6,1.0,26.7,17.6,0.8,1493.4346225321667,1558.1521044742026,-64.71748194203587,0.5004065760783695,20.0,16.0,4.0,0,0,0.8014705882352942,0,-1,33,0
2022,11,401437850,2022-11-20 18:00:00+00:00,STATUS_FINAL,New England Patriots,NE,10,6-4,New York Jets,NYJ,3,6-4,True,13,7,Gillette Stadium,Foxborough,False,CBS,False,23.0,12.0,0.6666666666666666,29.0,16.6,0.6,33.0,18.4,0.6,22.333333333333332,13.0,1.0,21.6,19.2,0.8,21.6,26.7,0.5,1512.4502889338717,1527.4532121479067,-15.002923214035036,0.5714589964972707,14.0,27.0,-13.0,0,0,0.7683823529411765,1,7,13,1
2022,11,401437847,2022-11-20 18:00:00+00:00,STATUS_FINAL,Buffalo Bills,BUF,31,7-3,Cleveland Browns,CLE,23,3-7,True,54,8,Ford Field,Detroit,True,CBS,False,31.666666666666668,17.666666666666668,0.6666666666666666,32.6,14.0,0.8,27.4,16.5,0.7,19.0,28.333333333333332,0.0,19.4,27.0,0.2,21.9,28.3,0.2,1528.2182431631215,1470.5968469386808,57.62139622444079,0.6694869431246573,7.0,7.0,0.0,0,0,0.23161764705882354,1,8,54,1
2022,11,401437846,2022-11-20 18:00:00+00:00,STATUS_FINAL,Baltimore Ravens,BAL,13,7-3,Carolina Panthers,CAR,3,3-8,True,16,10,M&T Bank Stadium,Baltimore,False,FOX,False,20.666666666666668,20.0,0.6666666666666666,22.6,23.6,0.4,22.9,25.1,0.4,21.666666666666668,34.333333333333336,0.0,19.6,32.6,0.0,18.5,26.8,0.2,1530.0060470456622,1462.7141734193408,67.29187362632138,0.6816865242610544,28.0,14.0,14.0,0,0,0.13970588235294118,1,10,16,1
2022,11,401437853,2022-11-20 21:05:00+00:00,STATUS_FINAL,Denver Broncos,DEN,16,3-7,Las Vegas Raiders,LV,22,3-7,False,38,6,Empower Field at Mile High,Denver,False,FOX,True,9.666666666666666,12.666666666666666,0.3333333333333333,13.8,15.0,0.4,17.5,15.3,0.5,16.333333333333332,27.0,0.0,18.0,25.8,0.0,19.0,26.7,0.3,1473.848398349039,1453.9359704901424,19.912427858896535,0.6198225774535403,28.0,14.0,14.0,0,0,0.5845588235294118,0,-6,38,0
2022,11,401437855,2022-11-20 21:25:00+00:00,STATUS_FINAL,Minnesota Vikings,MIN,3,8-2,Dallas Cowboys,DAL,40,7-3,False,43,37,U.S. Bank Stadium,Minneapolis,False,CBS,True,30.333333333333332,24.0,1.0,29.0,19.2,1.0,27.3,22.2,0.8,22.333333333333332,22.333333333333332,0.3333333333333333,28.2,21.8,0.6,24.5,18.7,0.7,1567.3650627655713,1524.256388474456,43.10867429111545,0.6507468201688139,21.0,7.0,14.0,0,0,0.2647058823529412,0,-37,43,0
2022,11,401437856,2022-11-20 21:25:00+00:00,STATUS_FINAL,Pittsburgh Steelers,PIT,30,3-7,Cincinnati Bengals,CIN,37,6-4,False,67,7,Acrisure Stadium,Pittsburgh,False,CBS,True,20.0,17.333333333333332,0.6666666666666666,20.0,16.6,0.6,20.7,17.8,0.7,20.0,25.666666666666668,0.3333333333333333,20.8,21.8,0.4,23.9,20.4,0.5,1476.0108440166616,1510.7024881036605,-34.69164408699885,0.5435069258623275,7.0,19.0,-12.0,0,0,0.20220588235294118,0,-7,67,0
2022,11,401437854,2022-11-21 01:20:00+00:00,STATUS_FINAL,Los Angeles Chargers,LAC,27,5-5,Kansas City Chiefs,KC,30,8-2,False,57,3,SoFi Stadium,Inglewood,False,NBC,True,17.333333333333332,30.333333333333332,0.3333333333333333,22.0,24.6,0.6,26.0,26.9,0.5,34.0,24.666666666666668,0.6666666666666666,34.8,23.8,0.8,31.4,23.5,0.7,1509.932613848784,1544.016030789901,-34.083416941116866,0.5443754745699029,28.0,28.0,0.0,0,0,0.4852941176470588,0,-3,57,0
2022,11,401435642,2022-11-22 01:15:00+00:00,STATUS_FINAL,Arizona Cardinals,ARI,10,4-7,San Francisco 49ers,SF,38,6-4,False,48,28,Estadio Azteca,Mexico City,True,ESPN,True,26.666666666666668,28.333333333333332,0.3333333333333333,22.6,29.8,0.2,21.3,29.7,0.1,27.333333333333332,19.0,0.6666666666666666,20.4,17.4,0.4,22.5,19.4,0.5,1483.5396007236277,1512.4699363926425,-28.930335669014767,0.551722731572707,15.0,22.0,-7.0,0,0,0.8970588235294118,0,-28,48,0
2022,12,401437857,2022-11-24 17:30:00+00:00,STATUS_FINAL,Detroit Lions,DET,25,4-7,Buffalo Bills,BUF,28,8-3,False,53,3,Ford Field,Detroit,False,CBS,True,29.0,29.333333333333332,0.3333333333333333,31.6,30.6,0.4,27.4,28.2,0.5,21.333333333333332,20.0,0.6666666666666666,22.8,18.2,0.6,25.6,17.7,0.6,1486.4876350856757,1534.8285043006283,-48.34086921495259,0.5239560601426551,17.0,17.0,0.0,0,0,0.11029411764705882,0,-3,53,0
2022,12,401437858,2022-11-24 21:30:00+00:00,STATUS_FINAL,Dallas Cowboys,DAL,28,8-3,New York Giants,NYG,20,7-4,True,48,8,AT&T Stadium,Arlington,False,FOX,False,32.666666666666664,15.0,1.0,24.2,16.2,0.8,29.1,18.9,0.6,21.0,22.0,0.6666666666666666,17.4,23.0,0.6,15.4,25.6,0.3,1537.271324877832,1528.312683820753,8.958641057079149,0.6048560007761066,25.0,25.0,0.0,0,0,0.7389705882352942,1,8,48,1
2022,12,401437859,2022-11-25 01:20:00+00:00,STATUS_FINAL,Minnesota Vikings,MIN,33,9-2,New England Patriots,NE,26,6-5,True,59,7,U.S. Bank Stadium,Minneapolis,False,NBC,False,22.0,29.333333333333332,0.6666666666666666,23.4,23.8,0.8,25.7,24.5,0.7,28.0,19.666666666666668,0.6666666666666666,21.6,18.6,0.6,21.2,16.9,0.6,1554.3501263621952,1521.0211090039263,33.32901735826886,0.6378459964829007,4.0,25.0,-21.0,0,0,0.6801470588235294,1,7,59,1
2022,12,401437860,2022-11-27 18:00:00+00:00,STATUS_FINAL,Carolina Panthers,CAR,23,4-8,Denver Broncos,DEN,10,3-8,True,33,13,Bank of America Stadium,Charlotte,False,FOX,False,20.333333333333332,18.333333333333332,0.6666666666666666,19.8,19.0,0.6,17.7,23.3,0.3,15.666666666666666,17.666666666666668,0.3333333333333333,17.2,20.4,0.2,16.5,20.8,0.2,1456.347903904562,1461.451946799968,-5.10404289540611,0.5853533195829486,16.0,14.0,2.0,0,0,0.2977941176470588,1,13,33,1
2022,12,401437863,2022-11-27 18:00:00+00:00,STATUS_FINAL,Miami Dolphins,MIA,30,8-3,Houston Texans,HOU,15,1-9-1,True,45,15,Hard Rock Stadium,Miami Gardens,False,CBS,False,23.666666666666668,17.0,0.6666666666666666,22.4,15.4,0.8,25.1,15.4,0.9,16.333333333333332,22.666666666666668,0.3333333333333333,15.6,21.4,0.2,15.1,20.7,0.3,1534.9803341239292,1438.7978780946196,96.1824560293096,0.716637025633836,14.0,14.0,0.0,0,0,0.3897058823529412,1,15,45,1
2022,12,401437861,2022-11-27 18:00:00+00:00,STATUS_FINAL,Cleveland Browns,CLE,23,4-7,Tampa Bay Buccaneers,TB,17,5-6,True,40,6,Huntington Bank Field,Cleveland,False,FOX,False,25.0,27.0,0.3333333333333333,26.8,25.8,0.4,21.6,20.8,0.5,13.666666666666666,17.0,0.3333333333333333,17.6,15.6,0.6,23.4,19.7,0.6,1463.986585801174,1495.5517067372919,-31.565120936117864,0.54796867324609,26.0,35.0,-9.0,0,0,0.9227941176470589,1,6,40,1
2022,12,401437866,2022-11-27 18:00:00+00:00,STATUS_FINAL,Washington Commanders,WSH,19,7-5,Atlanta Falcons,ATL,13,5-7,True,32,6,Northwest Stadium,Landover,False,FOX,False,19.0,20.666666666666668,0.3333333333333333,18.6,21.6,0.4,18.8,22.0,0.4,15.666666666666666,27.0,0.0,20.2,27.0,0.2,18.2,27.3,0.3,1516.0568301030878,1487.6621507230154,28.394679380072375,0.6312592918778003,21.0,16.0,5.0,0,0,0.04779411764705882,1,6,32,1
2022,12,401437862,2022-11-27 18:00:00+00:00,STATUS_FINAL,Jacksonville Jaguars,JAX,28,4-7,Baltimore Ravens,BAL,27,7-4,True,55,1,EverBank Stadium,Jacksonville,False,CBS,False,20.333333333333332,21.333333333333332,0.3333333333333333,18.2,15.4,0.4,16.6,17.5,0.4,24.666666666666668,19.666666666666668,0.6666666666666666,27.0,18.8,0.8,22.3,21.4,0.5,1463.6106978581472,1536.372316560441,-72.76161870229384,0.4888319905868018,21.0,19.0,2.0,0,0,0.07720588235294118,1,1,55,0
2022,12,401437864,2022-11-27 18:00:00+00:00,STATUS_FINAL,New York Jets,NYJ,31,7-4,Chicago Bears,CHI,10,3-9,True,41,21,MetLife Stadium,East Rutherford,False,FOX,False,25.666666666666668,18.666666666666668,0.6666666666666666,19.6,21.4,0.4,19.2,24.3,0.3,28.666666666666668,30.0,0.3333333333333333,24.0,27.8,0.2,21.8,28.0,0.3,1518.882392077852,1453.773452536157,65.10893954169501,0.6789536290277399,21.0,7.0,14.0,0,0,0.17647058823529413,1,21,41,1
2022,12,401437865,2022-11-27 18:00:00+00:00,STATUS_FINAL,Tennessee Titans,TEN,16,7-4,Cincinnati Bengals,CIN,20,7-4,False,36,4,Nissan Stadium,Nashville,False,CBS,True,20.0,14.0,1.0,22.8,13.2,0.8,21.7,12.9,0.8,26.666666666666668,29.333333333333332,0.6666666666666666,24.8,23.8,0.6,23.5,21.7,0.5,1540.2533150182392,1521.572626620907,18.680688397332233,0.6181503491203343,14.0,6.0,8.0,0,0,0.20588235294117646,0,-4,36,0
2022,12,401437867,2022-11-27 21:05:00+00:00,STATUS_FINAL,Arizona Cardinals,ARI,24,4-8,Los Angeles Chargers,LAC,25,6-5,False,49,1,State Farm Stadium,Glendale,False,CBS,True,24.333333333333332,34.333333333333336,0.3333333333333333,20.4,28.6,0.2,20.2,31.1,0.1,22.0,22.333333333333332,0.6666666666666666,24.8,23.6,0.6,26.6,26.8,0.5,1472.5051460921736,1499.045104357386,-26.539958265212363,0.5551234755458673,5.0,13.0,-8.0,0,0,0.5220588235294118,0,-1,49,0
2022,12,401437868,2022-11-27 21:05:00+00:00,STATUS_FINAL,Seattle Seahawks,SEA,34,6-5,Las Vegas Raiders,LV,40,4-7,False,74,6,Lumen Field,Seattle,False,CBS,True,23.0,16.333333333333332,0.6666666666666666,27.4,18.8,0.8,24.5,18.5,0.6,14.0,22.333333333333332,0.3333333333333333,18.6,24.2,0.2,19.6,26.0,0.4,1521.3891065461735,1466.3324220392133,55.05668450696021,0.6662119895161818,28.0,7.0,21.0,0,0,0.5882352941176471,0,-6,74,0
2022,12,401437870,2022-11-27 21:25:00+00:00,STATUS_FINAL,San Francisco 49ers,SF,13,7-4,New Orleans Saints,NO,0,4-8,True,13,13,Levi's Stadium,Santa Clara,False,FOX,False,23.0,23.0,0.6666666666666666,23.8,16.6,0.8,25.0,19.3,0.7,19.333333333333332,28.0,0.0,23.0,26.0,0.4,21.7,21.2,0.5,1523.5043910240965,1466.9035946414708,56.60079638262573,0.668185655387071,13.0,14.0,-1.0,0,0,0.7095588235294118,1,13,13,1
2022,12,401437869,2022-11-27 21:25:00+00:00,STATUS_FINAL,Kansas City Chiefs,KC,26,9-2,Los Angeles Rams,LAR,10,3-8,True,36,16,GEHA Field at Arrowhead Stadium,Kansas City,False,FOX,False,22.333333333333332,19.333333333333332,0.6666666666666666,24.8,22.2,0.8,26.2,15.5,0.9,14.0,22.333333333333332,0.0,16.4,19.6,0.4,21.8,23.3,0.5,1554.903540281299,1455.299354200161,99.6041860811381,0.7206197528730341,14.0,7.0,7.0,0,0,0.5514705882352942,1,16,36,1
2022,12,401437871,2022-11-28 01:20:00+00:00,STATUS_FINAL,Philadelphia Eagles,PHI,40,10-1,Green Bay Packers,GB,33,4-8,True,73,7,Lincoln Financial Field,Philadelphia,False,NBC,False,27.333333333333332,20.666666666666668,0.6666666666666666,27.0,18.0,0.8,28.6,22.4,0.7,15.666666666666666,21.666666666666668,0.0,13.6,20.0,0.2,19.1,23.5,0.3,1568.1602359957699,1471.81838790184,96.34184809392991,0.7168233108504558,13.0,21.0,-8.0,0,0,0.3602941176470588,1,7,73,1
2022,12,401437872,2022-11-29 01:15:00+00:00,STATUS_FINAL,Indianapolis Colts,IND,17,4-7-1,Pittsburgh Steelers,PIT,24,4-7,False,41,7,Lucas Oil Stadium,Indianapolis,False,ESPN,True,22.0,20.333333333333332,0.3333333333333333,20.6,20.4,0.4,24.9,22.7,0.5,8.666666666666666,29.666666666666668,0.0,13.2,27.6,0.2,16.7,30.5,0.2,1483.4264910105994,1465.1407054994152,18.285785511184258,0.6176136276170484,8.0,29.0,-21.0,0,0,0.8345588235294118,0,-7,41,0
2022,13,401437873,2022-12-02 01:15:00+00:00,STATUS_FINAL,New England Patriots,NE,10,6-6,Buffalo Bills,BUF,24,9-3,False,34,14,Gillette Stadium,Foxborough,False,Prime Video,True,16.666666666666668,13.0,0.6666666666666666,21.0,15.2,0.6,31.1,15.2,0.7,23.0,21.666666666666668,0.6666666666666666,22.2,21.2,0.6,27.8,19.3,0.7,1513.7780289335844,1545.3076255034814,-31.529596569896967,0.54801932588063,11.0,7.0,4.0,0,0,0.11397058823529412,0,-14,34,0
2022,13,401437881,2022-12-04 18:00:00+00:00,STATUS_FINAL,Philadelphia Eagles,PHI,35,11-1,Tennessee Titans,TEN,10,7-5,True,45,25,Lincoln Financial Field,Philadelphia,False,FOX,False,32.0,26.0,0.6666666666666666,30.2,23.2,0.8,30.2,23.0,0.8,20.333333333333332,15.666666666666666,0.6666666666666666,21.2,16.2,0.8,19.5,21.8,0.6,1573.8237697787608,1527.8903080358325,45.93346174292833,0.6544333782768896,6.0,16.0,-10.0,0,0,0.9595588235294118,1,25,45,1
2022,13,401437880,2022-12-04 18:00:00+00:00,STATUS_FINAL,New York Giants,NYG,20,7-4-1,Washington Commanders,WSH,20,7-5-1,False,40,0,MetLife Stadium,East Rutherford,False,FOX,True,22.0,22.333333333333332,0.6666666666666666,20.4,20.4,0.6,17.0,18.4,0.6,24.0,15.666666666666666,1.0,18.8,15.8,0.8,19.1,22.0,0.6,1520.409803836275,1523.4316442655318,-3.0218404292568266,0.5882595206514936,14.0,14.0,0.0,0,0,0.9926470588235294,0,0,40,0
2022,13,401437877,2022-12-04 18:00:00+00:00,STATUS_FINAL,Detroit Lions,DET,40,5-7,Jacksonville Jaguars,JAX,14,4-8,True,54,26,Ford Field,Detroit,False,FOX,False,22.333333333333332,22.666666666666668,0.3333333333333333,29.6,28.6,0.4,29.3,26.6,0.5,21.666666666666668,30.0,0.0,25.0,25.6,0.2,18.0,28.4,0.1,1476.0085138828226,1473.8340580464112,2.1744558364114255,0.5954849688455255,10.0,21.0,-11.0,0,0,0.45588235294117646,1,26,54,1
2022,13,401437878,2022-12-04 18:00:00+00:00,STATUS_FINAL,Houston Texans,HOU,14,1-10-1,Cleveland Browns,CLE,27,5-7,False,41,13,NRG Stadium,Houston,False,CBS,True,12.333333333333334,23.0,0.0,16.2,24.6,0.0,17.4,26.5,0.1,20.0,31.0,0.0,21.2,28.0,0.2,20.0,26.7,0.2,1433.1306186072964,1473.0272123362522,-39.89659372895585,0.5360639695114953,14.0,14.0,0.0,0,0,0.23529411764705882,0,-13,41,0
2022,13,401437879,2022-12-04 18:00:00+00:00,STATUS_FINAL,Minnesota Vikings,MIN,27,10-2,New York Jets,NYJ,22,7-5,True,49,5,U.S. Bank Stadium,Minneapolis,False,CBS,False,23.333333333333332,30.666666666666668,0.6666666666666666,25.4,27.6,0.8,27.4,25.1,0.8,15.333333333333334,9.666666666666666,0.6666666666666666,20.2,15.8,0.8,19.9,25.0,0.5,1561.593206432537,1525.3033194972973,36.28988693523979,0.6417738424421158,9.0,14.0,-5.0,0,0,0.7720588235294118,1,5,49,1
2022,13,401437876,2022-12-04 18:00:00+00:00,STATUS_FINAL,Chicago Bears,CHI,19,3-10,Green Bay Packers,GB,28,5-8,False,47,9,Soldier Field,Chicago,False,FOX,True,23.0,26.0,0.0,22.2,21.6,0.4,20.6,21.0,0.3,19.666666666666668,27.333333333333332,0.0,18.8,23.4,0.2,20.0,25.4,0.2,1447.3525251167118,1466.154854118849,-18.802329002137185,0.5660947246263349,21.0,6.0,15.0,0,0,0.3639705882352941,0,-9,47,0
2022,13,401437874,2022-12-04 18:00:00+00:00,STATUS_FINAL,Atlanta Falcons,ATL,16,5-8,Pittsburgh Steelers,PIT,19,5-7,False,35,3,Mercedes-Benz Stadium,Atlanta,False,CBS,True,27.0,26.0,0.6666666666666666,26.4,22.4,0.8,21.5,24.0,0.5,15.666666666666666,22.666666666666668,0.3333333333333333,13.4,27.0,0.2,15.4,28.1,0.3,1480.2873365605715,1477.4929780517562,2.7943585088153213,0.5963442519240842,14.0,5.0,9.0,0,0,0.8382352941176471,0,-3,35,0
2022,13,401437875,2022-12-04 18:00:00+00:00,STATUS_FINAL,Baltimore Ravens,BAL,10,8-4,Denver Broncos,DEN,9,3-9,True,19,1,M&T Bank Stadium,Baltimore,False,CBS,False,18.333333333333332,13.333333333333334,1.0,22.6,21.0,0.6,22.5,21.3,0.5,13.666666666666666,19.0,0.3333333333333333,16.0,21.6,0.2,16.1,21.4,0.2,1526.148956372177,1453.159013191627,72.98994318054997,0.6887611586041014,14.0,7.0,7.0,0,0,0.3014705882352941,1,1,19,0
2022,13,401437882,2022-12-04 21:05:00+00:00,STATUS_FINAL,Los Angeles Rams,LAR,23,3-9,Seattle Seahawks,SEA,27,7-5,False,50,4,SoFi Stadium,Inglewood,False,FOX,True,18.333333333333332,22.666666666666668,0.3333333333333333,19.2,23.4,0.4,20.3,22.0,0.4,28.0,21.666666666666668,0.6666666666666666,32.8,29.8,0.6,26.7,25.6,0.5,1449.7117492576215,1508.0648667558498,-58.35311749822836,0.5095644659987988,20.0,21.0,-1.0,0,0,0.8713235294117647,0,-4,50,0
2022,13,401437883,2022-12-04 21:05:00+00:00,STATUS_FINAL,San Francisco 49ers,SF,33,8-4,Miami Dolphins,MIA,17,8-4,True,50,16,Levi's Stadium,Santa Clara,False,FOX,False,19.333333333333332,20.0,0.6666666666666666,21.8,15.2,0.8,24.5,16.3,0.8,27.666666666666668,33.0,0.6666666666666666,28.0,32.8,0.6,21.8,26.7,0.5,1530.1406779163551,1540.6475936112524,-10.506915694897316,0.5777850597174008,6.0,28.0,-22.0,0,0,0.6176470588235294,1,16,50,1
2022,13,401437884,2022-12-04 21:25:00+00:00,STATUS_FINAL,Cincinnati Bengals,CIN,27,8-4,Kansas City Chiefs,KC,24,9-3,True,51,3,Paycor Stadium,Cincinnati,False,CBS,False,34.666666666666664,17.666666666666668,1.0,31.6,21.4,0.8,30.1,24.6,0.6,38.333333333333336,27.0,1.0,35.2,24.4,0.8,31.3,24.9,0.7,1533.9356336033136,1560.4911452238384,-26.55551162052484,0.55510136441186,28.0,13.0,15.0,0,0,0.4889705882352941,1,3,51,0
2022,13,401437885,2022-12-04 21:25:00+00:00,STATUS_FINAL,Las Vegas Raiders,LV,27,5-7,Los Angeles Chargers,LAC,20,6-6,True,47,7,Allegiant Stadium,Las Vegas,False,CBS,False,30.0,22.666666666666668,0.6666666666666666,29.6,25.8,0.6,24.0,25.4,0.5,20.333333333333332,21.0,0.6666666666666666,25.0,23.0,0.8,26.4,26.8,0.5,1479.656661829537,1510.1475738683034,-30.49091203876651,0.5494998965206396,21.0,7.0,14.0,0,0,0.5257352941176471,1,7,47,1
2022,13,401437886,2022-12-05 01:20:00+00:00,STATUS_FINAL,Dallas Cowboys,DAL,54,9-3,Indianapolis Colts,IND,19,4-8-1,True,73,35,AT&T Stadium,Arlington,False,NBC,False,33.666666666666664,18.333333333333332,1.0,29.2,16.4,1.0,30.3,17.9,0.7,12.666666666666666,21.666666666666668,0.3333333333333333,10.0,19.6,0.4,17.5,17.5,0.6,1545.17420486231,1471.0742184582584,74.0999864040516,0.6901293064540095,10.0,21.0,-11.0,0,0,0.4264705882352941,1,35,73,1
2022,13,401437887,2022-12-06 01:15:00+00:00,STATUS_FINAL,Tampa Bay Buccaneers,TB,17,6-6,New Orleans Saints,NO,16,4-9,True,33,1,Raymond James Stadium,Tampa,False,ESPN,False,19.666666666666668,18.666666666666668,0.6666666666666666,22.2,22.4,0.6,22.7,18.9,0.6,14.666666666666666,25.0,0.0,17.0,24.6,0.2,20.4,21.5,0.4,1486.5110802022136,1460.2673077492123,26.243772453001384,0.6283725562119903,22.0,8.0,14.0,0,0,0.7132352941176471,1,1,33,0
2022,14,401437888,2022-12-09 01:15:00+00:00,STATUS_FINAL,Los Angeles Rams,LAR,17,4-9,Las Vegas Raiders,LV,16,5-8,True,33,1,SoFi Stadium,Inglewood,False,Prime Video,False,18.0,28.333333333333332,0.0,17.6,23.4,0.2,21.0,21.9,0.4,27.333333333333332,25.666666666666668,0.6666666666666666,22.2,26.2,0.4,20.0,26.1,0.4,1439.5204599376455,1488.6666638991242,-49.146203961478705,0.5227996244170521,4.0,11.0,-7.0,0,0,0.5919117647058824,1,1,33,0
2022,14,401437891,2022-12-11 18:00:00+00:00,STATUS_FINAL,Dallas Cowboys,DAL,27,10-3,Houston Texans,HOU,23,1-11-1,True,50,4,AT&T Stadium,Arlington,False,FOX,False,43.666666666666664,22.666666666666668,1.0,36.0,16.8,1.0,31.4,19.5,0.7,17.0,30.666666666666668,0.0,16.8,24.2,0.2,16.1,20.6,0.3,1551.3716187332298,1422.4093392170664,128.96227951616333,0.7533457325713304,6.0,14.0,-8.0,0,0,0.39338235294117646,1,4,50,1
2022,14,401437892,2022-12-11 18:00:00+00:00,STATUS_FINAL,Detroit Lions,DET,34,6-7,Minnesota Vikings,MIN,23,10-3,True,57,11,Ford Field,Detroit,False,FOX,False,26.666666666666668,17.0,0.6666666666666666,30.4,26.0,0.4,31.9,26.4,0.6,25.666666666666668,21.0,1.0,22.4,22.4,0.8,21.9,24.1,0.6,1484.098814505912,1568.7577295836948,-84.6589150777827,0.4717387012587254,7.0,28.0,-21.0,0,0,0.6507352941176471,1,11,57,1
2022,14,401437893,2022-12-11 18:00:00+00:00,STATUS_FINAL,New York Giants,NYG,22,7-5-1,Philadelphia Eagles,PHI,48,12-1,False,70,26,MetLife Stadium,East Rutherford,False,FOX,True,20.666666666666668,22.333333333333332,0.3333333333333333,21.2,19.8,0.6,16.7,18.8,0.5,22.0,16.666666666666668,1.0,25.6,18.6,1.0,26.2,15.9,0.9,1518.6446134232451,1580.735102213223,-62.090488789977826,0.5041870253371089,7.0,21.0,-14.0,0,0,0.8051470588235294,0,-26,70,0
2022,14,401437890,2022-12-11 18:00:00+00:00,STATUS_FINAL,Cincinnati Bengals,CIN,23,9-4,Cleveland Browns,CLE,10,5-8,True,33,13,Paycor Stadium,Cincinnati,False,CBS,False,34.666666666666664,20.666666666666668,1.0,30.2,20.0,0.8,31.2,22.9,0.7,22.333333333333332,28.0,0.3333333333333333,21.4,26.0,0.2,18.6,26.5,0.2,1542.8336063150764,1483.7484917264821,59.08511458859425,0.6713486942507846,6.0,7.0,-1.0,0,0,0.23897058823529413,1,13,33,1
2022,14,401437894,2022-12-11 18:00:00+00:00,STATUS_FINAL,Pittsburgh Steelers,PIT,14,5-8,Baltimore Ravens,BAL,16,9-4,False,30,2,Acrisure Stadium,Pittsburgh,False,CBS,True,23.333333333333332,21.666666666666668,0.6666666666666666,20.8,21.2,0.4,21.4,19.5,0.6,27.0,21.0,0.6666666666666666,27.6,22.6,0.6,24.0,22.0,0.5,1489.4198630902379,1532.373733200095,-42.953870109857235,0.5316844180511533,20.0,14.0,6.0,0,0,0.08088235294117647,0,-2,30,0
2022,14,401437889,2022-12-11 18:00:00+00:00,STATUS_FINAL,Buffalo Bills,BUF,20,10-3,New York Jets,NYJ,12,7-6,True,32,8,Highmark Stadium,Orchard Park,False,CBS,False,29.333333333333332,24.333333333333332,0.6666666666666666,33.4,16.6,0.8,27.9,17.7,0.7,13.666666666666666,15.333333333333334,0.3333333333333333,18.4,15.2,0.6,20.8,22.3,0.5,1556.268012021094,1518.1387963461395,38.12921567495437,0.6442043606385616,21.0,7.0,14.0,0,0,0.7757352941176471,1,8,32,1
2022,14,401437895,2022-12-11 18:00:00+00:00,STATUS_FINAL,Tennessee Titans,TEN,22,7-6,Jacksonville Jaguars,JAX,36,5-8,False,58,14,Nissan Stadium,Nashville,False,CBS,True,17.333333333333332,13.333333333333334,0.6666666666666666,19.2,16.6,0.6,20.6,14.6,0.7,19.333333333333332,33.666666666666664,0.0,23.4,28.0,0.2,17.7,30.1,0.1,1520.9789756013704,1465.7437574233218,55.235218178048626,0.6664404887729614,14.0,7.0,7.0,0,0,0.45955882352941174,0,-14,58,0
2022,14,401437899,2022-12-11 21:05:00+00:00,STATUS_FINAL,Denver Broncos,DEN,28,3-10,Kansas City Chiefs,KC,34,10-3,False,62,6,Empower Field at Mile High,Denver,False,CBS,True,11.333333333333334,16.666666666666668,0.0,12.2,13.8,0.4,17.4,16.5,0.4,32.666666666666664,25.666666666666668,0.6666666666666666,31.2,25.6,0.6,33.4,24.9,0.7,1446.934236363709,1551.5931725120756,-104.65893614836659,0.44317280215803484,21.0,6.0,15.0,0,0,0.49264705882352944,0,-6,62,0
2022,14,401437897,2022-12-11 21:25:00+00:00,STATUS_FINAL,San Francisco 49ers,SF,35,9-4,Tampa Bay Buccaneers,TB,7,6-7,True,42,28,Levi's Stadium,Santa Clara,False,FOX,False,22.666666666666668,11.0,1.0,23.0,17.2,0.8,26.1,14.9,0.9,12.666666666666666,21.333333333333332,0.0,15.4,15.4,0.4,22.4,18.4,0.6,1538.584976722007,1493.9436290779738,44.6413476440332,0.6527493439578539,7.0,14.0,-7.0,0,0,0.9264705882352942,1,28,42,1
2022,14,401437898,2022-12-11 21:25:00+00:00,STATUS_FINAL,Seattle Seahawks,SEA,24,7-6,Carolina Panthers,CAR,30,5-8,False,54,6,Lumen Field,Seattle,False,FOX,True,26.666666666666668,20.666666666666668,0.6666666666666666,24.0,21.0,0.6,26.9,21.2,0.6,19.333333333333332,30.666666666666668,0.0,16.8,27.0,0.0,16.9,26.8,0.1,1518.2561560758259,1464.6408375129029,53.615318562922994,0.6643643808941097,14.0,21.0,-7.0,0,0,0.14338235294117646,0,-6,54,0
2022,14,401437896,2022-12-12 01:20:00+00:00,STATUS_FINAL,Los Angeles Chargers,LAC,23,7-6,Miami Dolphins,MIA,17,8-5,True,40,6,SoFi Stadium,Inglewood,False,NBC,False,23.0,27.666666666666668,0.3333333333333333,20.6,28.0,0.4,26.3,27.2,0.5,27.666666666666668,30.666666666666668,0.6666666666666666,23.0,31.8,0.4,21.5,27.7,0.5,1501.1375717987162,1532.2032948056005,-31.065723006884355,0.5486806511498045,21.0,7.0,14.0,0,0,0.6213235294117647,1,6,40,1
2022,14,401437900,2022-12-13 01:15:00+00:00,STATUS_FINAL,Arizona Cardinals,ARI,13,4-9,New England Patriots,NE,27,7-6,False,40,14,State Farm Stadium,Glendale,False,ESPN,True,18.333333333333332,31.333333333333332,0.0,22.8,29.6,0.2,21.6,30.2,0.1,28.666666666666668,21.666666666666668,0.6666666666666666,25.4,21.2,0.6,21.4,19.6,0.5,1461.4026765812562,1502.817642415972,-41.41496583471576,0.533889552753515,15.0,17.0,-2.0,0,0,0.6838235294117647,0,-14,40,0
2022,15,401437901,2022-12-16 01:15:00+00:00,STATUS_FINAL,Seattle Seahawks,SEA,13,7-7,San Francisco 49ers,SF,21,10-4,False,34,8,Lumen Field,Seattle,False,Prime Video,True,28.333333333333332,27.666666666666668,0.3333333333333333,25.4,23.8,0.4,26.2,23.5,0.5,27.666666666666668,17.333333333333332,0.6666666666666666,26.0,15.6,0.6,23.3,19.4,0.5,1504.9688684579437,1545.52998984285,-40.5611213849063,0.5351124824967135,4.0,24.0,-20.0,0,0,0.9007352941176471,0,-8,34,0
2022,15,401437904,2022-12-17 18:00:00+00:00,STATUS_FINAL,Minnesota Vikings,MIN,39,11-3,Indianapolis Colts,IND,36,4-9-1,True,75,3,U.S. Bank Stadium,Minneapolis,False,NFL Net,False,21.0,29.333333333333332,0.6666666666666666,25.2,27.2,0.8,26.7,24.2,0.8,15.666666666666666,33.333333333333336,0.3333333333333333,13.8,25.6,0.4,15.3,21.4,0.5,1558.1925036088692,1464.8768045873387,93.31569902153046,0.7132739670677767,13.0,12.0,1.0,0,0,0.43014705882352944,1,3,75,0
2022,15,401437903,2022-12-17 21:40:00+00:00,STATUS_FINAL,Cleveland Browns,CLE,13,6-8,Baltimore Ravens,BAL,3,9-5,True,16,10,Huntington Bank Field,Cleveland,False,NFL Net,False,23.333333333333332,22.666666666666668,0.6666666666666666,25.4,23.0,0.6,22.9,21.0,0.6,23.333333333333332,18.333333333333332,0.6666666666666666,23.4,20.2,0.6,24.0,22.1,0.5,1477.1754656114979,1543.0074215611182,-65.83195594962035,0.4988027214336032,20.0,6.0,14.0,0,0,0.08455882352941177,1,10,16,1
2022,15,401437902,2022-12-18 01:15:00+00:00,STATUS_FINAL,Buffalo Bills,BUF,32,11-3,Miami Dolphins,MIA,29,8-6,True,61,3,Highmark Stadium,Orchard Park,False,NFL Net,False,27.0,22.666666666666668,0.6666666666666666,29.2,17.6,0.8,28.4,14.8,0.8,23.0,29.333333333333332,0.3333333333333333,23.4,31.0,0.4,22.1,27.4,0.5,1563.3839248083227,1523.1769078285965,40.20701697972618,0.6469410808525392,6.0,5.0,1.0,0,0,0.625,1,3,61,0
2022,15,401437907,2022-12-18 18:00:00+00:00,STATUS_FINAL,Carolina Panthers,CAR,16,5-9,Pittsburgh Steelers,PIT,24,6-8,False,40,8,Bank of America Stadium,Charlotte,False,CBS,True,23.0,9.333333333333334,1.0,20.0,18.2,0.6,19.4,21.9,0.4,18.666666666666668,22.666666666666668,0.6666666666666666,13.8,24.4,0.4,16.3,25.6,0.4,1477.928125130785,1478.7861747292147,-0.8580495984297158,0.5912730867367579,21.0,14.0,7.0,0,0,0.8419117647058824,0,-8,40,0
2022,15,401437910,2022-12-18 18:00:00+00:00,STATUS_FINAL,Jacksonville Jaguars,JAX,40,6-8,Dallas Cowboys,DAL,34,10-4,True,74,6,EverBank Stadium,Jacksonville,False,FOX,False,24.0,22.666666666666668,0.6666666666666666,19.0,20.8,0.4,18.5,19.6,0.4,28.333333333333332,20.0,0.3333333333333333,26.0,17.2,0.6,26.5,17.4,0.7,1479.072567198781,1556.304704081803,-77.23213688302212,0.48240380969179314,21.0,27.0,-6.0,0,0,0.26838235294117646,1,6,74,1
2022,15,401437905,2022-12-18 18:00:00+00:00,STATUS_FINAL,New Orleans Saints,NO,21,5-9,Atlanta Falcons,ATL,18,5-9,True,39,3,Caesars Superdome,New Orleans,False,FOX,False,21.333333333333332,15.666666666666666,0.6666666666666666,25.8,21.8,0.6,20.2,21.4,0.4,15.0,26.333333333333332,0.0,17.4,24.6,0.2,19.2,24.9,0.3,1452.834758873452,1468.3604515220898,-15.525692648637687,0.5707218795187052,28.0,21.0,7.0,0,0,0.051470588235294115,1,3,39,0
2022,15,401437908,2022-12-18 18:00:00+00:00,STATUS_FINAL,Chicago Bears,CHI,20,3-11,Philadelphia Eagles,PHI,25,13-1,False,45,5,Soldier Field,Chicago,False,FOX,True,27.0,31.333333333333332,0.0,22.2,25.2,0.2,20.3,20.5,0.3,31.333333333333332,18.333333333333332,1.0,27.6,16.0,1.0,26.6,17.5,0.9,1436.030630624185,1590.8188427199652,-154.78821209578018,0.3735861790712732,14.0,7.0,7.0,0,0,0.8088235294117647,0,-5,45,0
2022,15,401437911,2022-12-18 18:00:00+00:00,STATUS_FINAL,New York Jets,NYJ,17,7-7,Detroit Lions,DET,20,7-7,False,37,3,MetLife Stadium,East Rutherford,False,CBS,True,22.666666666666668,16.333333333333332,0.6666666666666666,24.0,18.6,0.6,20.6,22.9,0.4,22.666666666666668,24.0,0.6666666666666666,18.4,25.8,0.4,17.3,26.7,0.3,1511.0228835589107,1494.6640404807376,16.358843078173095,0.6149905797732846,21.0,28.0,-7.0,0,0,0.33088235294117646,0,-3,37,0
2022,15,401437909,2022-12-18 18:00:00+00:00,STATUS_FINAL,Houston Texans,HOU,24,1-12-1,Kansas City Chiefs,KC,30,11-3,False,54,6,NRG Stadium,Houston,False,CBS,True,13.666666666666666,26.333333333333332,0.0,15.0,26.0,0.0,17.4,27.1,0.1,29.333333333333332,27.333333333333332,0.6666666666666666,34.6,27.2,0.8,32.7,26.3,0.7,1417.4762538684931,1560.4566285552364,-142.9803746867433,0.38962444435055155,14.0,6.0,8.0,0,0,0.4963235294117647,0,-6,54,0
2022,15,401437915,2022-12-18 21:05:00+00:00,STATUS_FINAL,Las Vegas Raiders,LV,30,6-8,New England Patriots,NE,24,7-7,True,54,6,Allegiant Stadium,Las Vegas,False,FOX,False,28.333333333333332,21.666666666666668,0.6666666666666666,28.0,23.4,0.6,23.4,25.2,0.5,25.0,21.0,0.6666666666666666,27.4,21.0,0.6,21.6,20.9,0.5,1479.1226563874652,1513.4954334710421,-34.37277708357692,0.543962301456047,13.0,5.0,8.0,0,0,0.6875,1,6,54,1
2022,15,401437912,2022-12-18 21:05:00+00:00,STATUS_FINAL,Denver Broncos,DEN,24,4-10,Arizona Cardinals,ARI,15,4-10,True,39,9,Empower Field at Mile High,Denver,False,FOX,False,17.666666666666668,24.0,0.0,14.6,18.8,0.2,18.9,16.9,0.4,20.666666666666668,23.333333333333332,0.3333333333333333,23.4,21.8,0.6,24.1,21.3,0.7,1438.0707803205482,1450.724885526186,-12.654105205637734,0.5747669279703269,7.0,34.0,-27.0,0,0,0.01838235294117647,1,9,39,1
2022,15,401437913,2022-12-18 21:25:00+00:00,STATUS_FINAL,Los Angeles Chargers,LAC,17,8-6,Tennessee Titans,TEN,14,7-7,True,31,3,SoFi Stadium,Inglewood,False,CBS,False,24.333333333333332,28.0,0.3333333333333333,20.4,27.6,0.4,26.6,26.2,0.6,18.0,24.0,0.3333333333333333,18.4,19.8,0.6,17.7,23.7,0.5,1510.1639587757202,1507.6501658259112,2.5137929498089306,0.5959554165909291,6.0,14.0,-8.0,0,0,0.9632352941176471,1,3,31,0
2022,15,401437914,2022-12-18 21:25:00+00:00,STATUS_FINAL,Tampa Bay Buccaneers,TB,23,6-8,Cincinnati Bengals,CIN,34,10-4,False,57,11,Raymond James Stadium,Tampa,False,CBS,True,18.0,15.0,1.0,19.4,17.4,0.8,21.4,19.5,0.6,23.333333333333332,26.0,0.6666666666666666,23.4,24.6,0.6,22.4,19.9,0.6,1486.9986159571308,1549.4066324300607,-62.40801647292983,0.5037300949431146,12.0,21.0,-9.0,0,0,0.20955882352941177,0,-11,57,0
2022,15,401437906,2022-12-19 01:20:00+00:00,STATUS_FINAL,Washington Commanders,WSH,12,7-6-1,New York Giants,NYG,20,8-5-1,False,32,8,Northwest Stadium,Landover,False,NBC,True,19.666666666666668,18.0,0.6666666666666666,16.8,19.8,0.4,19.4,20.2,0.5,18.666666666666668,24.0,0.3333333333333333,20.8,22.8,0.6,15.7,26.4,0.3,1525.1968346785616,1508.5608729165028,16.63596176205874,0.6153682228910534,21.0,24.0,-3.0,0,0,0.7426470588235294,0,-8,32,0
2022,15,401437916,2022-12-20 01:15:00+00:00,STATUS_FINAL,Green Bay Packers,GB,24,6-8,Los Angeles Rams,LAR,12,4-10,True,36,12,Lambeau Field,Green Bay,False,ESPN,False,19.333333333333332,27.333333333333332,0.3333333333333333,21.4,26.6,0.4,27.6,23.3,0.7,14.333333333333334,23.0,0.0,14.4,21.0,0.2,19.0,23.7,0.4,1477.4767486113758,1449.0644674493044,28.412281162071395,0.6312828768532274,32.0,22.0,10.0,0,0,0.5551470588235294,1,12,36,1
2022,16,401437917,2022-12-23 01:15:00+00:00,STATUS_FINAL,New York Jets,NYJ,3,7-8,Jacksonville Jaguars,JAX,19,7-8,False,22,16,MetLife Stadium,East Rutherford,False,Prime Video,True,22.666666666666668,15.666666666666666,0.6666666666666666,25.0,17.2,0.6,20.5,21.6,0.4,22.333333333333332,29.666666666666668,0.3333333333333333,23.0,30.4,0.2,20.6,28.6,0.2,1498.7230719634451,1489.4244910049451,9.298580958499997,0.6053236023721856,4.0,11.0,-7.0,0,0,0.4632352941176471,0,-16,22,0
2022,16,401437924,2022-12-24 18:00:00+00:00,STATUS_FINAL,New England Patriots,NE,18,7-8,Cincinnati Bengals,CIN,22,11-4,False,40,4,Gillette Stadium,Foxborough,False,CBS,True,15.333333333333334,10.0,0.6666666666666666,17.8,12.6,0.6,26.7,16.3,0.6,30.333333333333332,23.0,1.0,26.8,25.4,0.8,22.6,20.9,0.6,1504.374679500163,1559.481234328923,-55.106554828759954,0.5142339650574483,22.0,5.0,17.0,0,0,0.21323529411764705,0,-4,40,0
2022,16,401437918,2022-12-24 18:00:00+00:00,STATUS_FINAL,Baltimore Ravens,BAL,17,10-5,Atlanta Falcons,ATL,9,5-10,True,26,8,M&T Bank Stadium,Baltimore,False,FOX,False,15.333333333333334,10.666666666666666,1.0,17.0,14.4,0.8,20.1,19.1,0.5,15.333333333333334,21.666666666666668,0.0,15.6,24.2,0.0,18.9,25.6,0.2,1532.9834759897903,1459.7748891124638,73.20858687732652,0.6890309026537709,20.0,6.0,14.0,0,0,0.05514705882352941,1,8,26,1
2022,16,401437923,2022-12-24 18:00:00+00:00,STATUS_FINAL,Minnesota Vikings,MIN,27,12-3,New York Giants,NYG,24,8-6-1,True,51,3,U.S. Bank Stadium,Minneapolis,False,FOX,False,33.0,28.0,1.0,27.2,30.0,0.8,27.0,25.0,0.8,17.666666666666668,22.333333333333332,0.3333333333333333,20.6,21.2,0.6,16.7,24.6,0.4,1563.9270242675136,1520.8682373743238,43.05878689318979,0.6506815495437946,7.0,5.0,2.0,0,0,0.7463235294117647,1,3,51,0
2022,16,401437920,2022-12-24 18:00:00+00:00,STATUS_FINAL,Chicago Bears,CHI,13,3-12,Buffalo Bills,BUF,35,12-3,False,48,22,Soldier Field,Chicago,False,CBS,True,23.0,28.0,0.0,21.6,26.2,0.0,21.0,21.4,0.3,23.0,18.333333333333332,0.6666666666666666,23.2,19.0,0.8,25.7,18.6,0.7,1428.5589070427595,1570.445103191272,-141.88619614851245,0.3911233966497903,6.0,22.0,-16.0,0,0,0.11764705882352941,0,-22,48,0
2022,16,401437922,2022-12-24 18:00:00+00:00,STATUS_FINAL,Kansas City Chiefs,KC,24,12-3,Seattle Seahawks,SEA,10,7-8,True,34,14,GEHA Field at Arrowhead Stadium,Kansas City,False,FOX,False,24.333333333333332,14.666666666666666,1.0,24.6,19.4,0.8,27.5,15.8,0.9,24.666666666666668,21.666666666666668,0.6666666666666666,28.6,25.4,0.6,27.9,26.2,0.6,1568.2491174422476,1494.2666188080095,73.98249863423803,0.6899846575446633,26.0,19.0,7.0,0,0,0.875,1,14,34,1
2022,16,401437921,2022-12-24 18:00:00+00:00,STATUS_FINAL,Cleveland Browns,CLE,10,6-9,New Orleans Saints,NO,17,6-9,False,27,7,Huntington Bank Field,Cleveland,False,CBS,True,22.666666666666668,11.0,1.0,22.2,20.2,0.6,22.9,20.3,0.6,8.666666666666666,16.666666666666668,0.0,14.8,22.8,0.0,19.9,20.9,0.4,1487.1994111828258,1461.420321283078,25.77908989974776,0.6277476915718864,6.0,18.0,-12.0,0,0,0.7169117647058824,0,-7,27,0
2022,16,401437919,2022-12-24 18:00:00+00:00,STATUS_FINAL,Carolina Panthers,CAR,37,6-9,Detroit Lions,DET,23,7-8,True,60,14,Bank of America Stadium,Charlotte,False,FOX,False,21.333333333333332,16.333333333333332,0.6666666666666666,20.0,17.8,0.6,18.9,21.6,0.4,27.333333333333332,21.666666666666668,1.0,17.6,23.6,0.6,17.7,26.8,0.3,1466.1026633960498,1506.9638520762032,-40.86118868015342,0.534682754586705,6.0,6.0,0.0,0,0,0.33455882352941174,1,14,60,1
2022,16,401437925,2022-12-24 19:00:00+00:00,STATUS_FINAL,Tennessee Titans,TEN,14,7-8,Houston Texans,HOU,19,2-12-1,False,33,5,Nissan Stadium,Nashville,False,CBS,True,18.333333333333332,22.0,0.3333333333333333,19.6,19.6,0.6,20.5,16.1,0.6,18.0,27.0,0.0,17.4,25.0,0.2,17.5,21.6,0.3,1499.5692741577298,1409.683764981482,89.88550917624775,0.7092187325863208,13.0,13.0,0.0,0,0,0.39705882352941174,0,-5,33,0
2022,16,401437926,2022-12-24 21:05:00+00:00,STATUS_FINAL,San Francisco 49ers,SF,37,11-4,Washington Commanders,WSH,20,7-7-1,True,57,17,Levi's Stadium,Santa Clara,False,CBS,False,27.0,8.0,1.0,25.2,16.8,0.8,26.5,14.6,0.9,25.0,17.0,1.0,20.8,14.8,1.0,19.4,22.5,0.6,1556.2322394927842,1512.8894702207406,43.3427692720436,0.6510530249332387,12.0,20.0,-8.0,0,0,0.9963235294117647,1,17,57,1
2022,16,401437927,2022-12-24 21:25:00+00:00,STATUS_FINAL,Dallas Cowboys,DAL,40,11-4,Philadelphia Eagles,PHI,34,13-2,True,74,6,AT&T Stadium,Arlington,False,FOX,False,36.333333333333336,20.666666666666668,1.0,36.4,19.4,1.0,30.8,18.2,0.8,30.0,19.333333333333332,1.0,27.8,18.4,1.0,26.1,18.2,0.9,1545.9527802756388,1598.2905663013908,-52.33778602575194,0.5182143272034244,13.0,6.0,7.0,0,0,0.8125,1,6,74,1
2022,16,401437928,2022-12-25 01:15:00+00:00,STATUS_FINAL,Pittsburgh Steelers,PIT,13,7-8,Las Vegas Raiders,LV,10,6-9,True,23,3,Acrisure Stadium,Pittsburgh,False,NFL Net,False,21.333333333333332,21.0,0.3333333333333333,20.8,21.0,0.4,19.9,18.4,0.5,26.0,22.333333333333332,0.6666666666666666,19.6,23.6,0.4,20.7,23.0,0.4,1490.61163646395,1488.2434103583444,2.3682261056055722,0.5957536282263842,13.0,16.0,-3.0,0,0,0.5955882352941176,1,3,23,0
2022,16,401437929,2022-12-25 18:00:00+00:00,STATUS_FINAL,Miami Dolphins,MIA,20,8-7,Green Bay Packers,GB,26,7-8,False,46,6,Hard Rock Stadium,Miami Gardens,False,FOX,True,28.333333333333332,14.0,1.0,24.4,17.0,0.8,25.9,15.9,0.9,23.333333333333332,24.666666666666668,0.3333333333333333,21.6,24.8,0.2,22.1,26.0,0.3,1516.1157294456473,1484.8510910743112,31.264638371336105,0.6350964495842968,28.0,21.0,7.0,0,0,0.36764705882352944,0,-6,46,0
2022,16,401436983,2022-12-25 21:30:00+00:00,STATUS_FINAL,Los Angeles Rams,LAR,51,5-10,Denver Broncos,DEN,14,4-11,True,65,37,SoFi Stadium,Inglewood,False,CBS,False,19.0,23.333333333333332,0.3333333333333333,19.0,22.2,0.4,19.0,22.8,0.4,9.666666666666666,16.666666666666668,0.0,13.2,17.2,0.2,14.0,20.8,0.1,1441.690124986369,1446.5754417611417,-4.885316774772718,0.5856588861948357,16.0,21.0,-5.0,0,0,0.30514705882352944,1,37,65,1
2022,16,401437930,2022-12-26 01:20:00+00:00,STATUS_FINAL,Arizona Cardinals,ARI,16,4-11,Tampa Bay Buccaneers,TB,19,7-8,False,35,3,State Farm Stadium,Glendale,False,NBC,True,15.666666666666666,30.0,0.0,22.0,31.0,0.2,20.6,29.9,0.1,9.0,26.333333333333332,0.0,13.0,21.8,0.2,21.2,19.0,0.6,1442.2202240855925,1476.9240140582685,-34.70378997267608,0.5434895788182187,13.0,14.0,-1.0,0,0,0.9301470588235294,0,-3,35,0
2022,16,401437931,2022-12-27 01:15:00+00:00,STATUS_FINAL,Indianapolis Colts,IND,3,4-10-1,Los Angeles Chargers,LAC,20,9-6,False,23,17,Lucas Oil Stadium,Indianapolis,False,ESPN,True,16.333333333333332,19.333333333333332,0.0,20.0,21.8,0.2,22.1,22.1,0.4,20.333333333333332,24.333333333333332,0.3333333333333333,22.2,23.6,0.6,27.1,26.7,0.5,1459.1422839286943,1518.2448504439017,-59.1025665152074,0.5084862740043349,28.0,22.0,6.0,0,0,0.5294117647058824,0,-17,23,0
2022,17,401437932,2022-12-30 01:15:00+00:00,STATUS_FINAL,Tennessee Titans,TEN,13,7-9,Dallas Cowboys,DAL,27,12-4,False,40,14,Nissan Stadium,Nashville,False,Prime Video,True,17.333333333333332,25.0,0.0,17.6,19.0,0.4,20.6,15.8,0.6,34.0,24.666666666666668,0.3333333333333333,28.2,22.0,0.4,29.0,19.5,0.7,1485.3848995060034,1555.5884937315702,-70.2035942255668,0.49251198582422934,5.0,11.0,-6.0,0,0,0.27205882352941174,0,-14,40,0
2022,17,401437940,2023-01-01 18:00:00+00:00,STATUS_FINAL,Philadelphia Eagles,PHI,10,13-3,New Orleans Saints,NO,20,7-9,False,30,10,Lincoln Financial Field,Philadelphia,False,FOX,True,32.0,25.0,0.6666666666666666,31.4,21.0,0.8,29.7,21.1,0.8,11.0,13.333333333333334,0.3333333333333333,15.4,20.4,0.2,18.7,17.9,0.5,1588.6548528454593,1473.9752751145156,114.67957773094372,0.7377523268100472,28.0,8.0,20.0,0,0,0.7205882352941176,0,-10,30,0
2022,17,401437936,2023-01-01 18:00:00+00:00,STATUS_FINAL,Houston Texans,HOU,3,2-13-1,Jacksonville Jaguars,JAX,31,8-8,False,34,28,NRG Stadium,Houston,False,CBS,True,16.0,26.666666666666668,0.0,15.0,25.2,0.0,19.8,27.0,0.1,23.0,21.666666666666668,0.6666666666666666,22.6,25.2,0.4,22.5,26.9,0.3,1423.8681396332083,1501.5309630523889,-77.66282341918054,0.4817847968987733,14.0,9.0,5.0,0,0,0.46691176470588236,0,-28,34,0
2022,17,401437941,2023-01-01 18:00:00+00:00,STATUS_FINAL,Tampa Bay Buccaneers,TB,30,8-8,Carolina Panthers,CAR,24,6-10,True,54,6,Raymond James Stadium,Tampa,False,FOX,False,20.333333333333332,22.0,0.6666666666666666,19.8,21.2,0.6,20.4,20.2,0.5,18.0,26.333333333333332,0.3333333333333333,19.6,28.0,0.2,16.5,28.2,0.1,1487.793805634633,1475.4090083043156,12.38479733031727,0.6095599106984312,13.0,20.0,-7.0,0,0,0.14705882352941177,1,6,54,1
2022,17,401437937,2023-01-01 18:00:00+00:00,STATUS_FINAL,Kansas City Chiefs,KC,27,13-3,Denver Broncos,DEN,24,4-12,True,51,3,GEHA Field at Arrowhead Stadium,Kansas City,False,CBS,False,25.666666666666668,12.333333333333334,1.0,23.4,15.6,0.8,28.0,15.9,0.9,11.0,28.0,0.0,12.8,23.6,0.2,14.5,23.7,0.1,1574.4494242913543,1438.2886194850385,136.1608048063158,0.7609645081749475,8.0,6.0,2.0,0,0,0.3088235294117647,1,3,51,0
2022,17,401437935,2023-01-01 18:00:00+00:00,STATUS_FINAL,Detroit Lions,DET,41,8-8,Chicago Bears,CHI,10,3-13,True,51,31,Ford Field,Detroit,False,FOX,False,33.0,21.666666666666668,0.6666666666666666,28.2,21.0,0.6,32.4,26.0,0.6,21.0,35.666666666666664,0.0,23.6,30.0,0.2,21.2,29.7,0.2,1497.6575071679374,1420.7364391097638,76.92106805817366,0.6935913613797605,21.0,35.0,-14.0,0,0,0.1801470588235294,1,31,51,1
2022,17,401437933,2023-01-01 18:00:00+00:00,STATUS_FINAL,Atlanta Falcons,ATL,20,6-10,Arizona Cardinals,ARI,19,4-12,True,39,1,Mercedes-Benz Stadium,Atlanta,False,FOX,False,20.0,21.0,0.3333333333333333,25.0,22.2,0.6,23.1,23.4,0.5,22.666666666666668,25.0,0.3333333333333333,20.6,22.0,0.4,22.5,22.0,0.6,1453.5555071655392,1431.350432509228,22.205074656311126,0.6229275233409483,28.0,13.0,15.0,0,0,0.022058823529411766,1,1,39,0
2022,17,401437938,2023-01-01 18:00:00+00:00,STATUS_FINAL,New England Patriots,NE,23,8-8,Miami Dolphins,MIA,21,8-8,True,44,2,Gillette Stadium,Foxborough,False,CBS,False,12.666666666666666,16.333333333333332,0.3333333333333333,15.6,17.0,0.4,24.0,17.8,0.5,21.0,29.333333333333332,0.0,25.8,29.4,0.4,22.6,28.9,0.4,1494.090000199014,1503.4138004539614,-9.3238002549474,0.5794456061940901,8.0,14.0,-6.0,0,0,0.6286764705882353,1,2,44,0
2022,17,401437942,2023-01-01 18:00:00+00:00,STATUS_FINAL,Washington Commanders,WSH,10,7-8-1,Cleveland Browns,CLE,24,7-9,False,34,14,Northwest Stadium,Landover,False,FOX,True,16.0,17.666666666666668,0.3333333333333333,17.6,19.0,0.4,17.7,20.3,0.4,20.0,22.666666666666668,0.3333333333333333,19.4,26.0,0.2,18.9,24.3,0.2,1505.9105307194054,1474.6444573513882,31.26607336801726,0.6350983639454956,13.0,21.0,-8.0,0,0,0.2426470588235294,0,-14,34,0
2022,17,401437939,2023-01-01 18:00:00+00:00,STATUS_FINAL,New York Giants,NYG,38,9-6-1,Indianapolis Colts,IND,10,4-11-1,True,48,28,MetLife Stadium,East Rutherford,False,CBS,False,20.0,33.0,0.0,21.6,27.0,0.4,17.6,22.9,0.4,26.666666666666668,37.666666666666664,0.3333333333333333,18.6,31.6,0.2,15.8,25.3,0.4,1513.8818683651998,1448.9725584486075,64.90930991659229,0.6787030885852289,21.0,15.0,6.0,0,0,0.4338235294117647,1,28,48,1
2022,17,401437943,2023-01-01 21:05:00+00:00,STATUS_FINAL,Las Vegas Raiders,LV,34,6-10,San Francisco 49ers,SF,37,12-4,False,71,3,Allegiant Stadium,Las Vegas,False,FOX,True,25.666666666666668,23.0,0.6666666666666666,29.4,22.4,0.8,25.0,23.5,0.6,30.0,12.333333333333334,1.0,28.2,16.0,0.8,23.1,17.7,0.6,1480.158482922872,1563.2111789941193,-83.05269607124728,0.47404343714658337,14.0,16.0,-2.0,0,0,0.9044117647058824,0,-3,71,0
2022,17,401437944,2023-01-01 21:05:00+00:00,STATUS_FINAL,Seattle Seahawks,SEA,23,8-8,New York Jets,NYJ,6,7-9,True,29,17,Lumen Field,Seattle,False,FOX,False,23.666666666666668,30.333333333333332,0.0,23.4,22.6,0.4,26.2,23.3,0.5,12.333333333333334,19.0,0.0,16.0,15.2,0.4,19.0,19.8,0.5,1488.0663119589028,1486.6165999160014,1.4497120429014103,0.5944796170002087,16.0,21.0,-5.0,0,0,0.7794117647058824,1,17,29,1
2022,17,401437946,2023-01-01 21:25:00+00:00,STATUS_FINAL,Los Angeles Chargers,LAC,31,10-6,Los Angeles Rams,LAR,10,5-11,True,41,21,SoFi Stadium,Inglewood,False,CBS,False,22.333333333333332,20.333333333333332,0.6666666666666666,21.8,22.8,0.6,24.2,23.9,0.6,14.0,25.666666666666668,0.0,12.8,23.4,0.0,19.2,23.0,0.4,1528.4145759239884,1449.9769472624723,78.4376286615161,0.6954435449660957,14.0,12.0,2.0,0,0,0.5588235294117647,1,21,41,1
2022,17,401437945,2023-01-01 21:25:00+00:00,STATUS_FINAL,Green Bay Packers,GB,41,8-8,Minnesota Vikings,MIN,17,12-4,True,58,24,Lambeau Field,Green Bay,False,CBS,False,24.0,22.333333333333332,0.6666666666666666,20.8,24.2,0.4,26.4,21.7,0.7,25.333333333333332,27.0,0.6666666666666666,25.6,24.4,0.8,21.5,25.5,0.5,1497.553020065997,1570.9133932766376,-73.36037321064055,0.48797077747535594,12.0,21.0,-9.0,0,0,0.6544117647058824,1,24,58,1
2022,17,401437934,2023-01-02 01:20:00+00:00,STATUS_FINAL,Baltimore Ravens,BAL,13,10-6,Pittsburgh Steelers,PIT,16,8-8,False,29,3,M&T Bank Stadium,Baltimore,False,NBC,True,13.333333333333334,7.0,1.0,16.4,11.6,1.0,20.2,19.0,0.5,22.333333333333332,16.333333333333332,1.0,18.0,20.0,0.6,15.9,23.6,0.5,1539.202857936715,1498.6965638994222,40.50629403729272,0.6473344778184497,8.0,14.0,-6.0,0,0,0.8455882352941176,0,-3,29,0
2022,17,401437947,2023-01-03 01:30:00+00:00,STATUS_CANCELED,Cincinnati Bengals,CIN,0,12-4,Buffalo Bills,BUF,0,13-3,False,0,0,Paycor Stadium,Cincinnati,False,,True,30.666666666666668,18.333333333333332,1.0,30.8,17.4,1.0,29.4,22.9,0.7,29.0,16.0,1.0,25.6,17.6,0.8,26.1,19.3,0.7,1569.765913630072,1578.2675711242678,-8.501657494195797,0.5805984586112207,22.0,9.0,13.0,0,0,0.1213235294117647,0,0,0,0
2022,18,401437961,2023-01-07 21:30:00+00:00,STATUS_FINAL,Las Vegas Raiders,LV,13,6-11,Kansas City Chiefs,KC,31,14-3,False,44,18,Allegiant Stadium,Las Vegas,False,ESPN,True,30.333333333333332,27.0,0.6666666666666666,29.8,25.2,0.6,27.1,24.0,0.6,29.333333333333332,26.333333333333332,0.6666666666666666,32.4,25.8,0.8,32.3,25.9,0.7,1470.6776141799403,1579.2301341278553,-108.55251994791502,0.43764913114576703,6.0,20.0,-14.0,0,0,0.5,0,-18,44,0
2022,18,401437954,2023-01-08 01:15:00+00:00,STATUS_FINAL,Jacksonville Jaguars,JAX,20,9-8,Tennessee Titans,TEN,16,7-10,True,36,4,EverBank Stadium,Jacksonville,False,ESPN,False,31.666666666666668,27.0,1.0,25.8,25.0,0.6,21.5,20.0,0.5,17.0,23.0,0.3333333333333333,17.0,19.8,0.4,17.8,21.8,0.5,1511.1666589903643,1475.5346597895189,35.631999200845485,0.6409027193725515,20.0,20.0,0.0,0,0,0.9669117647058824,1,4,36,1
2022,18,401437948,2023-01-08 18:00:00+00:00,STATUS_FINAL,Atlanta Falcons,ATL,30,7-10,Tampa Bay Buccaneers,TB,17,8-9,True,47,13,Mercedes-Benz Stadium,Atlanta,False,FOX,False,21.0,20.666666666666668,0.6666666666666666,23.4,23.2,0.6,23.4,22.3,0.6,14.333333333333334,24.666666666666668,0.3333333333333333,12.8,23.0,0.2,19.3,17.5,0.6,1461.0969566987203,1495.6026074206643,-34.505650721943994,0.5437725528234162,7.0,13.0,-6.0,0,0,0.9338235294117647,1,13,47,1
2022,18,401437956,2023-01-08 18:00:00+00:00,STATUS_FINAL,New Orleans Saints,NO,7,7-10,Carolina Panthers,CAR,10,7-10,False,17,3,Caesars Superdome,New Orleans,False,FOX,True,20.333333333333332,21.666666666666668,0.6666666666666666,22.2,19.0,0.6,20.6,20.5,0.5,19.0,22.333333333333332,0.3333333333333333,22.4,29.2,0.2,17.9,27.9,0.1,1488.7303216507166,1467.6002065182843,21.130115132432365,0.6214729378313121,21.0,7.0,14.0,0,0,0.15073529411764705,0,-3,17,0
2022,18,401437950,2023-01-08 18:00:00+00:00,STATUS_FINAL,Chicago Bears,CHI,13,3-14,Minnesota Vikings,MIN,29,13-4,False,42,16,Soldier Field,Chicago,False,FOX,True,17.333333333333332,29.333333333333332,0.0,22.8,30.8,0.0,20.1,21.6,0.3,24.333333333333332,35.0,0.3333333333333333,23.4,27.6,0.6,20.6,26.2,0.5,1414.608266337359,1560.6728088261448,-146.06454248878572,0.38541062967995415,15.0,6.0,9.0,0,0,0.6580882352941176,0,-16,42,0
2022,18,401437953,2023-01-08 18:00:00+00:00,STATUS_FINAL,Indianapolis Colts,IND,31,4-12-1,Houston Texans,HOU,32,3-13-1,False,63,1,Lucas Oil Stadium,Indianapolis,False,CBS,True,12.0,20.333333333333332,0.0,17.2,21.0,0.2,20.1,22.4,0.3,19.0,23.666666666666668,0.3333333333333333,18.6,26.6,0.2,17.2,21.7,0.3,1442.546620220312,1414.2324436952329,28.31417652507912,0.6311514165175339,12.0,14.0,-2.0,0,0,0.4007352941176471,0,-1,63,0
2022,18,401437958,2023-01-08 18:00:00+00:00,STATUS_FINAL,Pittsburgh Steelers,PIT,28,9-8,Cleveland Browns,CLE,14,7-10,True,42,14,Acrisure Stadium,Pittsburgh,False,CBS,False,19.0,21.0,0.3333333333333333,19.4,18.2,0.6,19.6,17.8,0.6,20.333333333333332,15.666666666666666,0.6666666666666666,20.2,23.4,0.4,20.3,23.7,0.3,1511.6432534557912,1487.346424630298,24.296828825493094,0.6257516299984176,14.0,7.0,7.0,0,0,0.24632352941176472,1,14,42,1
2022,18,401437949,2023-01-08 18:00:00+00:00,STATUS_FINAL,Buffalo Bills,BUF,35,13-3,New England Patriots,NE,23,8-9,True,58,12,Highmark Stadium,Orchard Park,False,CBS,False,27.666666666666668,21.333333333333332,1.0,28.0,22.8,0.8,30.6,16.3,0.9,25.666666666666668,25.333333333333332,0.3333333333333333,27.4,21.6,0.6,22.6,22.9,0.4,1579.8795402964922,1502.5010880751322,77.37845222136002,0.6941506293437968,21.0,20.0,1.0,0,0,0.6911764705882353,1,12,58,1
2022,18,401437955,2023-01-08 18:00:00+00:00,STATUS_FINAL,Miami Dolphins,MIA,11,9-8,New York Jets,NYJ,6,7-10,True,17,5,Hard Rock Stadium,Miami Gardens,False,FOX,False,29.666666666666668,19.333333333333332,0.6666666666666666,24.2,18.4,0.6,24.6,17.5,0.8,13.333333333333334,23.333333333333332,0.0,11.8,17.8,0.2,17.5,20.7,0.4,1495.002712577843,1478.5061922560055,16.49652032183758,0.6151782165999004,14.0,6.0,8.0,0,0,0.7830882352941176,1,5,17,1
2022,18,401437951,2023-01-08 18:00:00+00:00,STATUS_FINAL,Cincinnati Bengals,CIN,27,12-4,Baltimore Ravens,BAL,16,10-7,True,43,11,Paycor Stadium,Cincinnati,False,CBS,False,16.666666666666668,11.333333333333334,0.6666666666666666,25.4,14.4,0.8,27.2,18.8,0.7,15.333333333333334,18.333333333333332,0.3333333333333333,20.0,18.0,0.6,22.4,21.4,0.5,1568.1539444578475,1526.256168380346,41.897776077501476,0.6491609392027553,5.0,21.0,-16.0,0,0,0.08823529411764706,1,11,43,1
2022,18,401437963,2023-01-08 21:25:00+00:00,STATUS_FINAL,Seattle Seahawks,SEA,19,9-8,Los Angeles Rams,LAR,16,5-12,True,35,3,Lumen Field,Seattle,False,FOX,False,20.0,19.0,0.3333333333333333,24.2,22.0,0.4,25.5,21.6,0.5,10.666666666666666,27.0,0.0,13.0,24.8,0.0,17.4,22.5,0.4,1496.1767196188987,1443.8858181617943,52.29090145710438,0.6626622329080806,7.0,7.0,0.0,0,0,0.5625,1,3,35,0
2022,18,401437960,2023-01-08 21:25:00+00:00,STATUS_FINAL,Denver Broncos,DEN,31,5-12,Los Angeles Chargers,LAC,28,10-7,True,59,3,Empower Field at Mile High,Denver,False,CBS,False,22.666666666666668,23.666666666666668,0.3333333333333333,17.2,19.8,0.2,18.5,17.1,0.4,21.666666666666668,18.0,0.6666666666666666,20.2,18.6,0.6,25.0,24.8,0.5,1433.5079096485374,1534.5057050246664,-100.99779537612903,0.44837959157892704,21.0,12.0,9.0,0,0,0.5330882352941176,1,3,59,0
2022,18,401437959,2023-01-08 21:25:00+00:00,STATUS_FINAL,Washington Commanders,WSH,26,8-8-1,Dallas Cowboys,DAL,6,12-5,True,32,20,Northwest Stadium,Landover,False,FOX,False,13.666666666666666,19.0,0.3333333333333333,16.2,19.6,0.4,17.0,21.2,0.3,33.666666666666664,18.666666666666668,0.6666666666666666,29.2,22.6,0.4,29.0,19.1,0.7,1493.2085634404955,1565.4387334480548,-72.23017000755931,0.4895964506953646,7.0,9.0,-2.0,0,0,0.2757352941176471,1,20,32,1
2022,18,401437962,2023-01-08 21:25:00+00:00,STATUS_FINAL,San Francisco 49ers,SF,38,13-4,Arizona Cardinals,ARI,13,4-13,True,51,25,Levi's Stadium,Santa Clara,False,FOX,False,35.0,14.666666666666666,1.0,28.0,12.0,1.0,26.8,14.0,0.9,20.333333333333332,20.333333333333332,0.3333333333333333,19.2,22.8,0.2,22.1,22.7,0.5,1572.692047737051,1423.808982976047,148.8830647610041,0.7740302634065094,15.0,7.0,8.0,0,0,0.025735294117647058,1,25,51,1
2022,18,401437957,2023-01-08 21:25:00+00:00,STATUS_FINAL,Philadelphia Eagles,PHI,22,14-3,New York Giants,NYG,16,9-7-1,True,38,6,Lincoln Financial Field,Philadelphia,False,CBS,False,28.333333333333332,21.0,0.6666666666666666,28.2,21.6,0.6,28.0,21.4,0.7,21.333333333333332,22.333333333333332,0.3333333333333333,20.0,22.2,0.4,18.2,25.3,0.4,1573.8998063092583,1520.3078065934951,53.59199971576322,0.6643344481358183,7.0,15.0,-8.0,0,0,0.75,1,6,38,1
2022,18,401437952,2023-01-09 01:20:00+00:00,STATUS_FINAL,Green Bay Packers,GB,16,8-9,Detroit Lions,DET,20,9-8,False,36,4,Lambeau Field,Green Bay,False,NBC,True,27.333333333333332,18.666666666666668,0.6666666666666666,24.6,22.2,0.6,26.0,20.4,0.7,24.666666666666668,24.0,0.6666666666666666,22.2,25.2,0.6,19.0,29.2,0.3,1507.79360451649,1503.785679940342,4.007924576147843,0.5980247318683064,7.0,15.0,-8.0,0,0,0.3382352941176471,0,-4,36,0
2023,1,401547353,2023-09-08 00:20:00+00:00,STATUS_FINAL,Kansas City Chiefs,KC,20,0-1,Detroit Lions,DET,21,1-0,False,41,1,GEHA Field at Arrowhead Stadium,Kansas City,False,NBC,True,25.666666666666668,14.666666666666666,1.0,24.8,15.6,1.0,28.5,17.4,0.9,21.0,23.333333333333332,0.6666666666666666,25.0,23.6,0.8,20.0,27.0,0.4,1500.0,1500.0,0.0,0.5924662305843318,249.0,241.0,8.0,0,0,0.3125,0,-1,41,0
2023,1,401547398,2023-09-10 17:00:00+00:00,STATUS_FINAL,Minnesota Vikings,MIN,17,0-1,Tampa Bay Buccaneers,TB,20,1-0,False,37,3,U.S. Bank Stadium,Minneapolis,False,CBS,True,31.0,27.333333333333332,1.0,25.8,29.6,0.8,27.4,24.4,0.9,14.333333333333334,27.0,0.3333333333333333,12.6,25.0,0.2,18.0,18.8,0.5,1500.0,1500.0,0.0,0.5924662305843318,259.0,244.0,15.0,0,0,0.9044117647058824,0,-3,37,0
2023,1,401547397,2023-09-10 17:00:00+00:00,STATUS_FINAL,Cleveland Browns,CLE,24,1-0,Cincinnati Bengals,CIN,3,0-1,True,27,21,Huntington Bank Field,Cleveland,False,CBS,False,15.333333333333334,12.333333333333334,0.6666666666666666,18.6,17.6,0.6,21.5,19.8,0.5,25.333333333333332,19.0,1.0,25.2,23.8,0.8,23.3,21.7,0.6,1500.0,1500.0,0.0,0.5924662305843318,259.0,259.0,0.0,0,0,0.19117647058823528,1,21,27,1
2023,1,401547403,2023-09-10 17:00:00+00:00,STATUS_FINAL,Atlanta Falcons,ATL,24,1-0,Carolina Panthers,CAR,10,0-1,True,34,14,Mercedes-Benz Stadium,Atlanta,False,FOX,False,22.0,18.333333333333332,0.6666666666666666,22.0,19.8,0.6,24.4,22.4,0.6,21.333333333333332,20.333333333333332,0.6666666666666666,17.6,23.2,0.4,17.5,25.5,0.2,1500.0,1500.0,0.0,0.5924662305843318,244.0,244.0,0.0,0,0,0.125,1,14,34,1
2023,1,401547404,2023-09-10 17:00:00+00:00,STATUS_FINAL,Indianapolis Colts,IND,21,0-1,Jacksonville Jaguars,JAX,31,1-0,False,52,10,Lucas Oil Stadium,Indianapolis,False,FOX,True,17.0,25.333333333333332,0.0,16.6,22.0,0.0,20.1,21.8,0.3,28.666666666666668,9.333333333333334,1.0,23.4,19.0,0.6,23.5,24.6,0.4,1500.0,1500.0,0.0,0.5924662305843318,244.0,251.0,-7.0,0,0,0.4375,0,-10,52,0
2023,1,401547396,2023-09-10 17:00:00+00:00,STATUS_FINAL,Baltimore Ravens,BAL,25,1-0,Houston Texans,HOU,9,0-1,True,34,16,M&T Bank Stadium,Baltimore,False,CBS,False,13.333333333333334,11.333333333333334,0.6666666666666666,15.2,11.4,0.8,18.5,17.5,0.5,24.666666666666668,24.0,0.6666666666666666,21.0,25.2,0.4,17.4,23.2,0.3,1500.0,1500.0,0.0,0.5924662305843318,251.0,244.0,7.0,0,0,0.3786764705882353,1,16,34,1
2023,1,401547406,2023-09-10 17:00:00+00:00,STATUS_FINAL,Washington Commanders,WSH,20,1-0,Arizona Cardinals,ARI,16,0-1,True,36,4,Northwest Stadium,Landover,False,FOX,False,16.0,16.666666666666668,0.3333333333333333,16.8,16.6,0.4,17.6,19.1,0.4,15.666666666666666,27.333333333333332,0.0,20.0,26.6,0.2,20.1,24.3,0.4,1500.0,1500.0,0.0,0.5924662305843318,244.0,244.0,0.0,0,0,0.0,1,4,36,1
2023,1,401547399,2023-09-10 17:00:00+00:00,STATUS_FINAL,New Orleans Saints,NO,16,1-0,Tennessee Titans,TEN,15,0-1,True,31,1,Caesars Superdome,New Orleans,False,CBS,False,18.333333333333332,16.0,0.6666666666666666,18.4,15.0,0.6,21.0,19.5,0.5,13.333333333333334,24.0,0.0,16.8,21.8,0.2,18.1,21.9,0.5,1500.0,1500.0,0.0,0.5924662305843318,244.0,245.0,-1.0,0,0,0.9375,1,1,31,0
2023,1,401547405,2023-09-10 17:00:00+00:00,STATUS_FINAL,Pittsburgh Steelers,PIT,7,0-1,San Francisco 49ers,SF,30,1-0,False,37,23,Acrisure Stadium,Pittsburgh,False,FOX,True,18.333333333333332,13.333333333333334,0.6666666666666666,21.0,17.4,0.6,20.4,17.3,0.6,32.0,19.0,1.0,28.2,19.8,0.8,24.2,18.8,0.6,1500.0,1500.0,0.0,0.5924662305843318,244.0,251.0,-7.0,0,0,0.8713235294117647,0,-23,37,0
2023,1,401547402,2023-09-10 20:25:00+00:00,STATUS_FINAL,New England Patriots,NE,20,0-1,Philadelphia Eagles,PHI,25,1-0,False,45,5,Gillette Stadium,Foxborough,False,CBS,True,17.0,22.333333333333332,0.3333333333333333,17.4,14.6,0.6,22.7,18.6,0.5,35.666666666666664,27.333333333333332,0.6666666666666666,30.6,23.0,0.8,28.8,20.9,0.9,1500.0,1500.0,0.0,0.5924662305843318,252.0,259.0,-7.0,0,0,0.7757352941176471,0,-5,45,0
2023,1,401547401,2023-09-10 20:25:00+00:00,STATUS_FINAL,Los Angeles Chargers,LAC,34,0-1,Miami Dolphins,MIA,36,1-0,False,70,2,SoFi Stadium,Inglewood,False,CBS,True,23.666666666666668,13.666666666666666,1.0,24.2,21.6,0.6,23.6,22.8,0.6,22.333333333333332,26.0,0.0,23.8,28.6,0.2,22.7,30.9,0.3,1500.0,1500.0,0.0,0.5924662305843318,251.0,252.0,-1.0,0,0,0.5882352941176471,0,-2,70,0
2023,1,401547400,2023-09-10 20:25:00+00:00,STATUS_FINAL,Denver Broncos,DEN,16,0-1,Las Vegas Raiders,LV,17,1-0,False,33,1,Empower Field at Mile High,Denver,False,CBS,True,27.666666666666668,25.666666666666668,0.6666666666666666,21.6,23.0,0.4,17.8,18.9,0.4,22.0,21.333333333333332,0.3333333333333333,21.6,21.4,0.4,20.1,22.9,0.3,1500.0,1500.0,0.0,0.5924662305843318,244.0,259.0,-15.0,0,0,0.5588235294117647,0,-1,33,0
2023,1,401547407,2023-09-10 20:25:00+00:00,STATUS_FINAL,Chicago Bears,CHI,20,0-1,Green Bay Packers,GB,38,1-0,False,58,18,Soldier Field,Chicago,False,FOX,True,15.333333333333334,29.666666666666668,0.0,19.0,29.6,0.0,20.5,22.8,0.3,29.0,26.333333333333332,0.6666666666666666,22.6,24.2,0.4,21.6,24.6,0.4,1500.0,1500.0,0.0,0.5924662305843318,245.0,259.0,-14.0,0,0,0.34558823529411764,0,-18,58,0
2023,1,401547408,2023-09-10 20:25:00+00:00,STATUS_FINAL,Seattle Seahawks,SEA,13,0-1,Los Angeles Rams,LAR,30,1-0,False,43,17,Lumen Field,Seattle,False,FOX,True,18.333333333333332,14.333333333333334,0.6666666666666666,22.6,22.6,0.4,25.0,20.7,0.6,12.666666666666666,24.666666666666668,0.0,13.6,25.4,0.0,16.0,22.1,0.3,1500.0,1500.0,0.0,0.5924662305843318,244.0,244.0,0.0,0,0,0.5257352941176471,0,-17,43,0
2023,1,401547409,2023-09-11 00:20:00+00:00,STATUS_FINAL,New York Giants,NYG,0,0-1,Dallas Cowboys,DAL,40,1-0,False,40,40,MetLife Stadium,East Rutherford,False,NBC,True,26.666666666666668,26.0,0.3333333333333333,24.4,25.0,0.4,20.8,21.8,0.5,22.333333333333332,26.333333333333332,0.3333333333333333,27.0,22.6,0.4,26.9,19.7,0.6,1500.0,1500.0,0.0,0.5924662305843318,252.0,245.0,7.0,0,0,0.25,0,-40,40,0
2023,1,401547352,2023-09-12 00:15:00+00:00,STATUS_FINAL,New York Jets,NYJ,22,1-0,Buffalo Bills,BUF,16,0-1,True,38,6,MetLife Stadium,East Rutherford,False,ESPN,False,17.0,16.333333333333332,0.3333333333333333,17.6,17.6,0.4,19.9,20.5,0.4,19.666666666666668,7.666666666666667,1.0,20.8,13.6,0.8,23.4,16.0,0.8,1500.0,1500.0,0.0,0.5924662305843318,262.0,251.0,11.0,0,0,0.09558823529411764,1,6,38,1
2023,2,401547410,2023-09-15 00:15:00+00:00,STATUS_FINAL,Philadelphia Eagles,PHI,34,2-0,Minnesota Vikings,MIN,28,0-2,True,62,6,Lincoln Financial Field,Philadelphia,False,Prime Video,False,22.333333333333332,15.333333333333334,0.6666666666666666,25.6,22.2,0.6,26.8,22.0,0.7,23.0,29.333333333333332,0.3333333333333333,24.4,27.0,0.6,20.8,24.6,0.6,1511.8493246116866,1488.1506753883134,23.698649223373195,0.6249448839059613,249.0,249.0,0.0,0,0,0.6176470588235294,1,6,62,1
2023,2,401547419,2023-09-17 17:00:00+00:00,STATUS_FINAL,Houston Texans,HOU,20,0-2,Indianapolis Colts,IND,31,1-1,False,51,11,NRG Stadium,Houston,False,FOX,True,13.666666666666666,29.333333333333332,0.0,13.6,28.0,0.0,18.8,26.8,0.1,21.666666666666668,43.666666666666664,0.0,18.6,35.4,0.2,14.6,27.5,0.3,1491.8493246116866,1488.1506753883134,3.698649223373195,0.5975966812089413,258.0,258.0,0.0,0,0,0.40808823529411764,0,-11,51,0
2023,2,401547411,2023-09-17 17:00:00+00:00,STATUS_FINAL,Buffalo Bills,BUF,38,1-1,Las Vegas Raiders,LV,10,1-1,True,48,28,Highmark Stadium,Orchard Park,False,CBS,False,29.0,21.333333333333332,1.0,29.6,24.0,0.8,31.0,17.2,0.9,14.333333333333334,15.333333333333334,0.3333333333333333,21.0,19.2,0.6,19.5,22.5,0.3,1491.8493246116866,1511.8493246116866,-20.0,0.5644004902404213,251.0,6.0,245.0,0,0,0.5625,1,28,48,1
2023,2,401547418,2023-09-17 17:00:00+00:00,STATUS_FINAL,Detroit Lions,DET,31,1-1,Seattle Seahawks,SEA,37,1-1,False,68,6,Ford Field,Detroit,False,FOX,True,38.333333333333336,15.666666666666666,1.0,31.0,16.8,0.8,33.5,25.8,0.6,17.666666666666668,22.666666666666668,0.3333333333333333,24.2,22.4,0.6,25.6,27.3,0.5,1511.8493246116866,1488.1506753883134,23.698649223373195,0.6249448839059613,258.0,266.0,-8.0,0,0,0.8382352941176471,0,-6,68,0
2023,2,401547420,2023-09-17 17:00:00+00:00,STATUS_FINAL,Tampa Bay Buccaneers,TB,27,2-0,Chicago Bears,CHI,17,0-2,True,44,10,Raymond James Stadium,Tampa,False,FOX,False,23.333333333333332,24.666666666666668,0.6666666666666666,21.4,20.6,0.8,23.4,21.7,0.6,14.666666666666666,33.0,0.0,21.2,32.4,0.2,19.2,29.3,0.2,1511.8493246116866,1488.1506753883134,23.698649223373195,0.6249448839059613,258.0,258.0,0.0,0,0,0.15808823529411764,1,10,44,1
2023,2,401547414,2023-09-17 17:00:00+00:00,STATUS_FINAL,Tennessee Titans,TEN,27,1-1,Los Angeles Chargers,LAC,24,0-2,True,51,3,Nissan Stadium,Nashville,False,CBS,False,16.333333333333332,27.333333333333332,0.0,16.4,22.4,0.2,19.9,18.5,0.5,22.666666666666668,20.333333333333332,0.3333333333333333,21.8,21.4,0.4,24.9,23.8,0.5,1491.8493246116866,1488.1506753883134,3.698649223373195,0.5975966812089413,261.0,251.0,10.0,0,0,0.4963235294117647,1,3,51,0
2023,2,401547413,2023-09-17 17:00:00+00:00,STATUS_FINAL,Jacksonville Jaguars,JAX,9,1-1,Kansas City Chiefs,KC,17,1-1,False,26,8,EverBank Stadium,Jacksonville,False,CBS,True,29.333333333333332,25.666666666666668,1.0,26.4,23.6,0.8,22.1,19.5,0.6,31.666666666666668,21.666666666666668,1.0,29.8,23.8,0.8,32.3,23.8,0.8,1511.8493246116866,1488.1506753883134,23.698649223373195,0.6249448839059613,252.0,252.0,0.0,0,0,0.46691176470588236,0,-8,26,0
2023,2,401547412,2023-09-17 17:00:00+00:00,STATUS_FINAL,Cincinnati Bengals,CIN,24,0-2,Baltimore Ravens,BAL,27,2-0,False,51,3,Paycor Stadium,Cincinnati,False,CBS,True,16.666666666666668,8.666666666666666,0.6666666666666666,23.8,14.2,0.8,27.6,17.8,0.8,11.666666666666666,18.0,0.3333333333333333,17.8,19.0,0.4,21.8,21.7,0.5,1491.8493246116866,1508.1506753883134,-16.301350776626805,0.5696276063234539,251.0,251.0,0.0,0,0,0.0661764705882353,0,-3,51,0
2023,2,401547417,2023-09-17 17:00:00+00:00,STATUS_FINAL,Atlanta Falcons,ATL,25,2-0,Green Bay Packers,GB,24,1-1,True,49,1,Mercedes-Benz Stadium,Atlanta,False,FOX,False,24.666666666666668,15.333333333333334,1.0,23.4,17.8,0.8,24.8,20.4,0.7,30.666666666666668,19.666666666666668,1.0,26.8,22.8,0.6,22.3,23.6,0.4,1508.1506753883134,1511.8493246116866,-3.698649223373195,0.5873155401274298,7.0,6.0,1.0,0,0,0.3492647058823529,1,1,49,0
2023,2,401547422,2023-09-17 20:05:00+00:00,STATUS_FINAL,Los Angeles Rams,LAR,23,1-1,San Francisco 49ers,SF,30,2-0,False,53,7,SoFi Stadium,Inglewood,False,FOX,True,30.333333333333332,19.0,0.6666666666666666,24.4,23.0,0.4,22.1,23.2,0.4,29.333333333333332,18.0,1.0,31.4,15.6,1.0,25.5,17.5,0.7,1511.8493246116866,1511.8493246116866,0.0,0.5924662305843318,265.0,7.0,258.0,0,0,0.875,0,-7,53,0
2023,2,401547421,2023-09-17 20:05:00+00:00,STATUS_FINAL,Arizona Cardinals,ARI,28,0-2,New York Giants,NYG,31,1-1,False,59,3,State Farm Stadium,Glendale,False,FOX,True,17.666666666666668,23.666666666666668,0.0,16.8,28.0,0.0,20.6,29.6,0.1,20.0,20.333333333333332,0.3333333333333333,18.6,23.2,0.2,17.7,23.8,0.4,1491.8493246116866,1488.1506753883134,3.698649223373195,0.5975966812089413,265.0,251.0,14.0,0,0,0.7132352941176471,0,-3,59,0
2023,2,401547416,2023-09-17 20:25:00+00:00,STATUS_FINAL,Denver Broncos,DEN,33,0-2,Washington Commanders,WSH,35,2-0,False,68,2,Empower Field at Mile High,Denver,False,CBS,True,23.666666666666668,20.0,0.6666666666666666,23.0,23.2,0.4,18.4,19.1,0.4,21.0,22.333333333333332,0.6666666666666666,22.4,20.8,0.8,19.7,23.5,0.6,1488.1506753883134,1508.1506753883134,-20.0,0.5644004902404213,7.0,266.0,-259.0,0,0,0.9669117647058824,0,-2,68,0
2023,2,401547415,2023-09-17 20:25:00+00:00,STATUS_FINAL,Dallas Cowboys,DAL,30,2-0,New York Jets,NYJ,10,1-1,True,40,20,AT&T Stadium,Arlington,False,CBS,False,40.333333333333336,25.333333333333332,1.0,39.6,25.0,1.0,29.2,20.2,0.8,8.0,18.0,0.0,9.8,18.2,0.0,15.7,18.7,0.4,1511.8493246116866,1508.1506753883134,3.698649223373195,0.5975966812089413,266.0,252.0,14.0,0,0,0.7463235294117647,1,20,40,1
2023,2,401547423,2023-09-18 00:20:00+00:00,STATUS_FINAL,New England Patriots,NE,17,0-2,Miami Dolphins,MIA,24,2-0,False,41,7,Gillette Stadium,Foxborough,False,NBC,True,20.333333333333332,22.666666666666668,0.3333333333333333,16.2,19.0,0.4,22.6,17.8,0.5,28.666666666666668,29.666666666666668,0.3333333333333333,24.0,29.0,0.2,26.0,30.9,0.4,1488.1506753883134,1511.8493246116866,-23.698649223373195,0.5591590205975492,7.0,7.0,0.0,0,0,0.5919117647058824,0,-7,41,0
2023,2,401547425,2023-09-18 23:15:00+00:00,STATUS_FINAL,Carolina Panthers,CAR,17,0-2,New Orleans Saints,NO,20,2-0,False,37,3,Bank of America Stadium,Charlotte,False,ESPN,True,25.333333333333332,19.0,0.6666666666666666,24.4,15.0,0.8,20.5,21.0,0.5,17.666666666666668,12.333333333333334,0.6666666666666666,12.6,14.0,0.4,17.7,18.0,0.5,1491.8493246116866,1508.1506753883134,-16.301350776626805,0.5696276063234539,268.0,260.0,8.0,0,0,0.6801470588235294,0,-3,37,0
2023,2,401547424,2023-09-19 00:15:00+00:00,STATUS_FINAL,Pittsburgh Steelers,PIT,26,1-1,Cleveland Browns,CLE,22,1-1,True,48,4,Acrisure Stadium,Pittsburgh,False,ABC,False,16.0,18.0,0.6666666666666666,18.4,21.4,0.4,19.2,19.0,0.5,16.0,20.333333333333332,0.3333333333333333,19.6,21.2,0.4,19.5,24.1,0.3,1488.1506753883134,1508.1506753883134,-20.0,0.5644004902404213,8.0,253.0,-245.0,0,0,0.22058823529411764,1,4,48,1
2023,3,401547426,2023-09-22 00:15:00+00:00,STATUS_FINAL,San Francisco 49ers,SF,30,3-0,New York Giants,NYG,12,1-2,True,42,18,Levi's Stadium,Santa Clara,False,Prime Video,False,36.666666666666664,13.333333333333334,1.0,31.2,11.4,1.0,27.5,14.0,0.9,23.666666666666668,25.666666666666668,0.3333333333333333,22.2,23.4,0.4,19.8,23.2,0.5,1523.6986492233732,1500.1026090124922,23.59604021088103,0.6248064284557413,256.0,4.0,252.0,0,0,0.7169117647058824,1,18,42,1
2023,3,401547430,2023-09-24 17:00:00+00:00,STATUS_FINAL,New York Jets,NYJ,10,1-2,New England Patriots,NE,15,1-2,False,25,5,MetLife Stadium,East Rutherford,False,CBS,True,14.0,18.333333333333332,0.3333333333333333,18.6,16.4,0.6,19.5,20.0,0.4,24.666666666666668,26.0,0.3333333333333333,24.4,25.6,0.4,23.2,23.7,0.4,1500.1026090124922,1476.9674949763623,23.135114036129835,0.6241842262708097,12.0,258.0,-246.0,0,0,0.6507352941176471,0,-5,25,0
2023,3,401547434,2023-09-24 17:00:00+00:00,STATUS_FINAL,Green Bay Packers,GB,18,2-1,New Orleans Saints,NO,17,2-1,True,35,1,Lambeau Field,Green Bay,False,FOX,False,27.0,16.333333333333332,0.6666666666666666,25.8,20.8,0.6,25.2,20.2,0.6,19.0,12.333333333333334,1.0,14.6,13.4,0.6,18.8,19.7,0.5,1503.5956354142352,1519.5432275147825,-15.947592100547354,0.5701267625667604,258.0,5.0,253.0,0,0,0.6838235294117647,1,1,35,0
2023,3,401547427,2023-09-24 17:00:00+00:00,STATUS_FINAL,Baltimore Ravens,BAL,19,2-1,Indianapolis Colts,IND,22,2-1,False,41,3,M&T Bank Stadium,Baltimore,False,CBS,True,18.333333333333332,11.333333333333334,0.6666666666666666,15.6,9.2,0.8,19.1,16.4,0.6,25.666666666666668,32.333333333333336,0.3333333333333333,24.2,34.2,0.4,16.6,26.9,0.4,1519.5432275147825,1500.1026090124922,19.440618502290363,0.6191823754192672,14.0,7.0,7.0,0,0,0.4117647058823529,0,-3,41,0
2023,3,401547428,2023-09-24 17:00:00+00:00,STATUS_FINAL,Cleveland Browns,CLE,27,2-1,Tennessee Titans,TEN,3,1-2,True,30,24,Huntington Bank Field,Cleveland,False,CBS,False,15.666666666666666,7.666666666666667,0.6666666666666666,20.4,10.6,0.8,22.5,18.5,0.6,15.0,17.666666666666668,0.0,16.4,21.0,0.2,16.8,21.0,0.4,1499.4386851931217,1499.8973909875078,-0.4587057943861055,0.5918285210296317,14.0,14.0,0.0,0,0,0.9411764705882353,1,24,30,1
2023,3,401547436,2023-09-24 17:00:00+00:00,STATUS_FINAL,Minnesota Vikings,MIN,24,0-3,Los Angeles Chargers,LAC,28,1-2,False,52,4,U.S. Bank Stadium,Minneapolis,False,FOX,True,27.666666666666668,26.666666666666668,0.6666666666666666,28.6,25.6,0.8,26.0,24.7,0.8,24.0,20.333333333333332,0.3333333333333333,23.4,22.4,0.4,24.1,23.0,0.5,1480.6495730664326,1480.1026090124922,0.5469640539404281,0.5932262328841866,14.0,7.0,7.0,0,0,0.5,0,-4,52,0
2023,3,401547433,2023-09-24 17:00:00+00:00,STATUS_FINAL,Detroit Lions,DET,20,2-1,Atlanta Falcons,ATL,6,2-1,True,26,14,Ford Field,Detroit,False,FOX,False,35.333333333333336,23.333333333333332,0.6666666666666666,34.2,22.4,0.6,32.9,26.5,0.5,13.333333333333334,19.0,0.0,14.4,23.4,0.0,16.9,25.2,0.1,1499.3504269335674,1516.4043645857648,-17.05393765219742,0.5685652306576214,7.0,273.0,-266.0,0,0,0.03308823529411765,1,14,26,1
2023,3,401547431,2023-09-24 17:00:00+00:00,STATUS_FINAL,Washington Commanders,WSH,3,2-1,Buffalo Bills,BUF,37,2-1,False,40,34,Northwest Stadium,Landover,False,CBS,True,18.666666666666668,15.333333333333334,0.6666666666666666,17.4,15.8,0.6,18.0,18.7,0.5,17.0,11.666666666666666,0.6666666666666666,20.6,14.0,0.8,21.7,16.1,0.7,1519.4386851931217,1500.5613148068783,18.877370386243456,0.6184175566351428,14.0,12.0,2.0,0,0,0.09926470588235294,0,-34,40,0
2023,3,401547435,2023-09-24 17:00:00+00:00,STATUS_FINAL,Jacksonville Jaguars,JAX,17,1-2,Houston Texans,HOU,37,1-2,False,54,20,EverBank Stadium,Jacksonville,False,FOX,True,23.0,22.333333333333332,0.6666666666666666,24.8,22.8,0.8,21.4,18.2,0.6,20.0,23.333333333333332,0.6666666666666666,19.6,25.4,0.4,17.6,23.4,0.3,1499.3504269335674,1479.8973909875078,19.453035946059572,0.6191992300726272,7.0,14.0,-7.0,0,0,0.38235294117647056,0,-20,54,0
2023,3,401547429,2023-09-24 17:00:00+00:00,STATUS_FINAL,Miami Dolphins,MIA,70,3-0,Denver Broncos,DEN,20,0-3,True,90,50,Hard Rock Stadium,Miami Gardens,False,CBS,False,20.333333333333332,15.666666666666666,0.6666666666666666,23.2,14.8,0.8,23.7,17.2,0.8,15.666666666666666,29.333333333333332,0.0,13.4,25.6,0.0,15.6,24.7,0.1,1523.0325050236377,1476.862665583505,46.16983944013259,0.6547410362006746,258.0,265.0,-7.0,0,0,0.28308823529411764,1,50,90,1
2023,3,401547432,2023-09-24 20:05:00+00:00,STATUS_FINAL,Seattle Seahawks,SEA,37,2-1,Carolina Panthers,CAR,27,0-3,True,64,10,Lumen Field,Seattle,False,CBS,False,18.333333333333332,17.333333333333332,0.6666666666666666,18.4,20.6,0.4,21.2,20.8,0.5,14.666666666666666,20.333333333333332,0.3333333333333333,15.4,19.6,0.4,17.5,26.1,0.2,1500.6495730664326,1480.4567724852175,20.192800581215124,0.6202028203381471,13.0,14.0,-1.0,0,0,0.12867647058823528,1,10,64,1
2023,3,401547438,2023-09-24 20:25:00+00:00,STATUS_FINAL,Kansas City Chiefs,KC,41,2-1,Chicago Bears,CHI,10,0-3,True,51,31,GEHA Field at Arrowhead Stadium,Kansas City,False,FOX,False,23.666666666666668,18.333333333333332,0.6666666666666666,24.8,16.4,0.8,25.7,18.6,0.8,12.333333333333334,33.0,0.0,18.0,35.0,0.0,18.4,29.6,0.1,1500.6495730664326,1480.6495730664326,20.0,0.6199413590445233,16.0,7.0,9.0,0,0,0.16176470588235295,1,31,51,1
2023,3,401547437,2023-09-24 20:25:00+00:00,STATUS_FINAL,Arizona Cardinals,ARI,28,1-2,Dallas Cowboys,DAL,16,2-1,True,44,12,State Farm Stadium,Glendale,False,FOX,False,19.0,25.666666666666668,0.0,18.2,28.0,0.0,20.4,28.9,0.1,24.333333333333332,13.0,0.6666666666666666,29.4,16.4,0.6,28.8,19.1,0.6,1479.8973909875078,1519.8973909875078,-40.0,0.5359159269451023,7.0,13.0,-6.0,0,0,0.2536764705882353,1,12,44,1
2023,3,401547439,2023-09-25 00:20:00+00:00,STATUS_FINAL,Las Vegas Raiders,LV,18,1-2,Pittsburgh Steelers,PIT,23,2-1,False,41,5,Allegiant Stadium,Las Vegas,False,NBC,True,25.666666666666668,30.666666666666668,0.3333333333333333,24.8,27.4,0.4,26.9,25.4,0.6,19.666666666666668,15.0,1.0,19.2,19.4,0.8,16.5,21.3,0.6,1503.137334416495,1496.862665583505,6.274668832989846,0.6011574073528617,260.0,265.0,-5.0,0,0,0.8088235294117647,0,-5,41,0
2023,3,401547440,2023-09-25 23:15:00+00:00,STATUS_FINAL,Tampa Bay Buccaneers,TB,11,2-1,Philadelphia Eagles,PHI,25,3-0,False,36,14,Raymond James Stadium,Tampa,False,ABC,True,26.666666666666668,25.0,0.6666666666666666,23.6,21.4,0.8,22.0,21.7,0.6,28.0,26.666666666666668,0.6666666666666666,29.8,23.6,0.8,28.0,21.1,0.9,1519.3504269335674,1519.3504269335674,0.0,0.5924662305843318,8.0,15.0,-7.0,0,0,0.7794117647058824,0,-14,36,0
2023,3,401547441,2023-09-26 00:15:00+00:00,STATUS_FINAL,Cincinnati Bengals,CIN,19,1-2,Los Angeles Rams,LAR,16,1-2,True,35,3,Paycor Stadium,Cincinnati,False,ESPN,False,17.0,14.333333333333334,0.3333333333333333,20.2,15.4,0.6,25.9,18.4,0.7,18.666666666666668,21.0,0.3333333333333333,15.6,22.6,0.2,16.0,21.1,0.3,1480.4567724852175,1500.0,-19.54322751478253,0.5650468236601011,8.0,15.0,-7.0,0,0,0.5294117647058824,1,3,35,0
2023,4,401547442,2023-09-29 00:15:00+00:00,STATUS_FINAL,Green Bay Packers,GB,20,2-2,Detroit Lions,DET,34,3-1,False,54,14,Lambeau Field,Green Bay,False,Prime Video,True,25.0,18.0,0.6666666666666666,23.2,18.6,0.6,23.3,20.9,0.6,21.333333333333332,24.333333333333332,0.6666666666666666,23.0,21.6,0.8,20.5,27.0,0.5,1512.1931001629,1507.979122320415,4.213977842485065,0.5983098357534282,4.0,20.0,-16.0,0,0,0.3161764705882353,0,-14,54,0
2023,4,401547227,2023-10-01 13:30:00+00:00,STATUS_FINAL,Jacksonville Jaguars,JAX,23,2-2,Atlanta Falcons,ATL,7,2-2,True,30,16,Wembley Stadium,London,True,ESPN+,False,15.333333333333334,23.333333333333332,0.3333333333333333,22.8,26.2,0.6,20.5,20.8,0.5,11.0,19.333333333333332,0.0,12.2,20.4,0.0,16.2,24.1,0.1,1486.9664423321149,1507.7756691989173,-20.80922686680242,0.5632548974398756,6.0,6.0,0.0,0,0,0.03676470588235294,1,16,30,1
2023,4,401547448,2023-10-01 17:00:00+00:00,STATUS_FINAL,Carolina Panthers,CAR,13,0-4,Minnesota Vikings,MIN,21,1-3,False,34,8,Bank of America Stadium,Charlotte,False,FOX,True,23.333333333333332,22.333333333333332,0.3333333333333333,23.6,18.4,0.6,21.6,19.8,0.5,24.666666666666668,29.333333333333332,0.3333333333333333,26.0,30.4,0.4,21.9,27.1,0.5,1472.8608288919804,1468.785048408749,4.075780483231483,0.5981186274598365,12.0,16.0,-4.0,0,0,0.6213235294117647,0,-8,34,0
2023,4,401547443,2023-10-01 17:00:00+00:00,STATUS_FINAL,Buffalo Bills,BUF,48,3-1,Miami Dolphins,MIA,20,3-1,True,68,28,Highmark Stadium,Orchard Park,False,CBS,False,35.0,20.666666666666668,1.0,31.2,19.4,1.0,31.9,16.7,0.9,27.0,24.666666666666668,0.6666666666666666,25.4,25.8,0.4,24.2,28.8,0.4,1512.9296659395811,1529.9376842996242,-17.008018360043025,0.5686300699771475,14.0,13.0,1.0,0,0,0.5955882352941176,1,28,68,1
2023,4,401547452,2023-10-01 17:00:00+00:00,STATUS_FINAL,Tennessee Titans,TEN,27,2-2,Cincinnati Bengals,CIN,3,1-3,True,30,24,Nissan Stadium,Nashville,False,FOX,False,18.0,23.333333333333332,0.3333333333333333,18.4,25.2,0.2,20.6,19.2,0.5,19.666666666666668,21.666666666666668,0.6666666666666666,23.2,22.2,0.8,22.0,22.0,0.6,1491.7339614081004,1489.1558360120155,2.5781253960849426,0.5960445854862731,14.0,21.0,-7.0,0,0,0.1948529411764706,1,24,30,1
2023,4,401547444,2023-10-01 17:00:00+00:00,STATUS_FINAL,Chicago Bears,CHI,28,0-4,Denver Broncos,DEN,31,1-3,False,59,3,Soldier Field,Chicago,False,CBS,True,15.333333333333334,34.0,0.0,17.0,31.0,0.0,19.6,26.3,0.2,19.333333333333332,49.333333333333336,0.0,15.4,36.2,0.0,16.3,28.3,0.1,1473.0484002473231,1469.9574863075186,3.0909139398045227,0.5967551160565221,20.0,7.0,13.0,0,0,0.2867647058823529,0,-3,59,0
2023,4,401547446,2023-10-01 17:00:00+00:00,STATUS_FINAL,Houston Texans,HOU,30,2-2,Pittsburgh Steelers,PIT,6,2-2,True,36,24,NRG Stadium,Houston,False,CBS,False,15.666666666666666,30.666666666666668,0.0,14.2,28.4,0.0,16.7,27.0,0.0,21.0,15.666666666666666,1.0,21.2,16.0,1.0,17.2,21.8,0.6,1492.2813755889604,1508.8858137305624,-16.60443814160203,0.5691998350517252,14.0,6.0,8.0,0,0,0.8125,1,24,36,1
2023,4,401547445,2023-10-01 17:00:00+00:00,STATUS_FINAL,Cleveland Browns,CLE,3,2-2,Baltimore Ravens,BAL,28,3-1,False,31,25,Huntington Bank Field,Cleveland,False,CBS,True,20.333333333333332,7.666666666666667,0.6666666666666666,19.4,8.6,0.8,23.1,17.2,0.6,15.333333333333334,21.333333333333332,0.3333333333333333,17.8,21.2,0.4,22.4,20.0,0.6,1507.6021147725291,1507.1595800063972,0.4425347661319847,0.593081163547568,7.0,14.0,-7.0,0,0,0.06985294117647059,0,-25,31,0
2023,4,401547449,2023-10-01 17:00:00+00:00,STATUS_FINAL,Indianapolis Colts,IND,23,2-2,Los Angeles Rams,LAR,29,2-2,False,52,6,Lucas Oil Stadium,Indianapolis,False,FOX,True,18.333333333333332,27.666666666666668,0.0,17.6,24.8,0.0,19.5,23.2,0.2,20.666666666666668,17.0,0.3333333333333333,16.8,21.2,0.2,15.6,21.1,0.2,1512.4862565208775,1491.300936473202,21.185320047675532,0.6215476920717002,21.0,5.0,16.0,0,0,0.5330882352941176,0,-6,52,0
2023,4,401547450,2023-10-01 17:00:00+00:00,STATUS_FINAL,New Orleans Saints,NO,9,2-2,Tampa Bay Buccaneers,TB,26,3-1,False,35,17,Caesars Superdome,New Orleans,False,FOX,True,14.666666666666666,14.333333333333334,0.6666666666666666,16.8,18.0,0.6,20.8,20.0,0.5,18.666666666666668,21.0,0.6666666666666666,16.0,24.2,0.4,16.8,19.9,0.5,1510.9457627661177,1507.5011023218808,3.444660444236888,0.5972450383057971,21.0,21.0,0.0,0,0,0.9080882352941176,0,-17,35,0
2023,4,401547451,2023-10-01 17:00:00+00:00,STATUS_FINAL,Philadelphia Eagles,PHI,34,4-0,Washington Commanders,WSH,31,2-2,True,65,3,Lincoln Financial Field,Philadelphia,False,FOX,False,22.0,21.333333333333332,0.6666666666666666,28.2,21.4,0.8,27.6,19.7,0.8,25.0,30.0,0.6666666666666666,26.0,24.2,0.8,21.8,21.2,0.7,1531.199751545254,1507.0703340604189,24.12941748483513,0.6255259177749677,16.0,13.0,3.0,0,0,0.9705882352941176,1,3,65,0
2023,4,401547447,2023-10-01 20:05:00+00:00,STATUS_FINAL,Los Angeles Chargers,LAC,24,2-2,Las Vegas Raiders,LV,17,1-3,True,41,7,SoFi Stadium,Inglewood,False,CBS,False,27.333333333333332,20.0,0.6666666666666666,26.4,21.4,0.6,24.2,23.0,0.6,12.333333333333334,22.333333333333332,0.3333333333333333,18.6,23.6,0.4,18.6,23.9,0.3,1491.9671336701758,1491.1141862694376,0.8529474007382305,0.5936512000263997,20.0,14.0,6.0,0,0,0.5661764705882353,1,7,41,1
2023,4,401547454,2023-10-01 20:25:00+00:00,STATUS_FINAL,San Francisco 49ers,SF,35,4-0,Arizona Cardinals,ARI,16,1-3,True,51,19,Levi's Stadium,Santa Clara,False,FOX,False,35.0,15.0,1.0,34.6,13.8,1.0,28.2,14.5,0.9,16.0,26.0,0.0,18.0,23.8,0.2,20.5,23.3,0.4,1531.2025206542585,1489.179072448606,42.023448205652585,0.6493256826338402,9.0,21.0,-12.0,0,0,0.003676470588235294,1,19,51,1
2023,4,401547453,2023-10-01 20:25:00+00:00,STATUS_FINAL,Dallas Cowboys,DAL,38,3-1,New England Patriots,NE,3,1-3,True,41,35,AT&T Stadium,Arlington,False,FOX,False,32.333333333333336,22.333333333333332,1.0,35.8,21.2,1.0,30.0,18.7,0.9,20.666666666666668,25.0,0.3333333333333333,23.0,24.2,0.4,22.3,21.4,0.5,1510.6157095264098,1489.4511795017786,21.164530024631176,0.62151954050293,14.0,7.0,7.0,0,0,0.6544117647058824,1,35,41,1
2023,4,401547455,2023-10-02 00:20:00+00:00,STATUS_FINAL,New York Jets,NYJ,20,1-3,Kansas City Chiefs,KC,23,3-1,False,43,3,MetLife Stadium,East Rutherford,False,NBC,True,11.666666666666666,16.666666666666668,0.3333333333333333,16.6,16.0,0.4,18.1,18.7,0.4,26.0,15.333333333333334,1.0,27.2,20.2,0.8,31.2,22.3,0.8,1487.618924487076,1508.250745885542,-20.631821398466172,0.5635061020635537,7.0,14.0,-7.0,0,0,0.47058823529411764,0,-3,43,0
2023,4,401547456,2023-10-03 00:15:00+00:00,STATUS_FINAL,New York Giants,NYG,3,1-3,Seattle Seahawks,SEA,24,3-1,False,27,21,MetLife Stadium,East Rutherford,False,ABC,True,20.0,32.666666666666664,0.3333333333333333,19.6,29.8,0.2,20.1,23.6,0.5,24.666666666666668,26.0,0.6666666666666666,24.2,24.0,0.6,28.3,28.4,0.6,1492.5987375816069,1508.2455166596696,-15.646779078062764,0.5705510999792589,21.0,15.0,6.0,0,0,0.8419117647058824,0,-21,27,0
2023,5,401547457,2023-10-06 00:15:00+00:00,STATUS_FINAL,Washington Commanders,WSH,20,2-3,Chicago Bears,CHI,40,1-4,False,60,20,Northwest Stadium,Landover,False,Prime Video,True,16.333333333333332,19.666666666666668,0.6666666666666666,14.2,20.6,0.4,15.5,20.2,0.4,12.333333333333334,36.333333333333336,0.0,14.2,33.4,0.0,17.7,30.6,0.1,1499.5808524159181,1461.1132979261927,38.467554489725444,0.6446506429844951,11.0,11.0,0.0,0,0,0.16544117647058823,0,-20,60,0
2023,5,401547228,2023-10-08 13:30:00+00:00,STATUS_FINAL,Buffalo Bills,BUF,20,3-2,Jacksonville Jaguars,JAX,25,3-2,False,45,5,Tottenham Hotspur Stadium,London,True,NFL Net,True,40.333333333333336,17.666666666666668,1.0,34.6,18.8,1.0,34.0,17.7,0.9,27.0,9.0,1.0,26.2,17.8,0.8,25.6,21.7,0.5,1521.5570645400383,1495.7013443833173,25.855720156720963,0.6278507667332954,6.0,27.0,-21.0,0,0,0.4411764705882353,0,-5,45,0
2023,5,401547463,2023-10-08 17:00:00+00:00,STATUS_FINAL,Atlanta Falcons,ATL,21,3-2,Houston Texans,HOU,19,2-3,True,40,2,Mercedes-Benz Stadium,Atlanta,False,FOX,False,26.333333333333332,17.0,1.0,23.0,17.8,0.8,24.7,20.1,0.8,26.0,24.333333333333332,0.6666666666666666,24.0,22.8,0.6,20.4,23.5,0.4,1499.0407671477149,1500.897378887926,-1.856611740211065,0.5898832017653474,21.0,14.0,7.0,0,0,0.3860294117647059,1,2,40,0
2023,5,401547460,2023-10-08 17:00:00+00:00,STATUS_FINAL,Pittsburgh Steelers,PIT,17,3-2,Baltimore Ravens,BAL,10,3-2,True,27,7,Acrisure Stadium,Pittsburgh,False,CBS,False,20.333333333333332,22.0,0.6666666666666666,17.6,18.4,0.6,19.2,19.8,0.5,23.666666666666668,18.0,0.6666666666666666,18.0,16.2,0.6,22.8,19.4,0.6,1500.2698104315969,1519.0212032773486,-18.751392845751752,0.566166745350867,19.0,7.0,12.0,0,0,0.07352941176470588,1,7,27,1
2023,5,401547465,2023-10-08 17:00:00+00:00,STATUS_FINAL,Miami Dolphins,MIA,31,4-1,New York Giants,NYG,16,1-4,True,47,15,Hard Rock Stadium,Miami Gardens,False,FOX,False,33.666666666666664,17.333333333333332,0.6666666666666666,34.0,16.8,0.8,27.6,16.8,0.8,19.666666666666668,26.666666666666668,0.3333333333333333,20.6,23.8,0.4,20.7,23.3,0.5,1521.310285699167,1481.1877155820216,40.122570117145415,0.6468300401635455,14.0,16.0,-2.0,0,0,0.7205882352941176,1,15,47,1
2023,5,401547459,2023-10-08 17:00:00+00:00,STATUS_FINAL,New England Patriots,NE,0,1-4,New Orleans Saints,NO,34,3-2,False,34,34,Gillette Stadium,Foxborough,False,CBS,True,20.0,23.333333333333332,0.3333333333333333,17.6,23.2,0.2,19.3,19.2,0.4,19.0,15.0,0.6666666666666666,18.0,14.4,0.6,17.5,19.5,0.4,1481.881570311837,1499.0008620000017,-17.119291688164594,0.5684729448860517,20.0,14.0,6.0,0,0,0.6875,0,-34,34,0
2023,5,401547458,2023-10-08 17:00:00+00:00,STATUS_FINAL,Indianapolis Colts,IND,23,3-2,Tennessee Titans,TEN,16,2-3,True,39,7,Lucas Oil Stadium,Indianapolis,False,CBS,False,25.0,30.666666666666668,0.0,19.0,27.2,0.0,19.8,23.8,0.2,11.333333333333334,21.0,0.0,11.6,23.0,0.0,16.4,19.6,0.4,1500.0553026794435,1499.8130696983749,0.24223298106858238,0.5928028662384216,7.0,14.0,-7.0,0,0,0.9448529411764706,1,7,39,1
2023,5,401547464,2023-10-08 17:00:00+00:00,STATUS_FINAL,Detroit Lions,DET,42,4-1,Carolina Panthers,CAR,24,0-5,True,66,18,Ford Field,Detroit,False,FOX,False,30.666666666666668,17.666666666666668,0.6666666666666666,33.2,18.0,0.8,31.4,23.3,0.6,15.666666666666666,22.666666666666668,0.3333333333333333,20.2,24.4,0.4,18.5,25.7,0.2,1519.9453190354834,1460.8984563427837,59.04686269269973,0.6713001085403204,14.0,13.0,1.0,0,0,0.1323529411764706,1,18,66,1
2023,5,401547466,2023-10-08 20:05:00+00:00,STATUS_FINAL,Arizona Cardinals,ARI,20,1-4,Cincinnati Bengals,CIN,34,2-3,False,54,14,State Farm Stadium,Glendale,False,FOX,True,24.0,22.0,0.3333333333333333,21.8,23.6,0.2,21.1,26.1,0.2,9.333333333333334,23.0,0.3333333333333333,16.4,21.6,0.6,20.6,22.7,0.6,1482.1655861012828,1481.076727721741,1.0888583795417617,0.5939787509926218,13.0,7.0,6.0,0,0,0.19852941176470587,0,-14,54,0
2023,5,401547467,2023-10-08 20:05:00+00:00,STATUS_FINAL,Los Angeles Rams,LAR,14,2-3,Philadelphia Eagles,PHI,23,5-0,False,37,9,SoFi Stadium,Inglewood,False,FOX,True,30.333333333333332,20.0,0.6666666666666666,26.2,22.8,0.4,22.0,23.5,0.4,28.0,23.666666666666668,0.6666666666666666,31.4,22.6,0.8,28.5,20.6,0.9,1503.731890314636,1538.6892331897548,-34.957342875118684,0.543127424480085,21.0,12.0,9.0,0,0,0.7830882352941176,0,-9,37,0
2023,5,401547462,2023-10-08 20:25:00+00:00,STATUS_FINAL,Minnesota Vikings,MIN,20,1-4,Kansas City Chiefs,KC,27,4-1,False,47,7,U.S. Bank Stadium,Minneapolis,False,CBS,True,22.666666666666668,24.0,0.3333333333333333,26.8,26.0,0.6,26.1,26.8,0.7,23.666666666666668,14.0,1.0,27.0,18.8,1.0,29.1,22.2,0.8,1480.7474209579457,1519.5208679268133,-38.773446968867574,0.5376715183010874,14.0,6.0,8.0,0,0,0.4742647058823529,0,-7,47,0
2023,5,401547461,2023-10-08 20:25:00+00:00,STATUS_FINAL,Denver Broncos,DEN,21,1-4,New York Jets,NYJ,31,2-3,False,52,10,Empower Field at Mile High,Denver,False,CBS,True,26.666666666666668,26.666666666666668,0.3333333333333333,26.4,25.8,0.4,19.3,19.8,0.4,7.333333333333333,21.333333333333332,0.0,11.2,22.2,0.0,15.7,19.0,0.4,1481.892588628649,1476.3488024458047,5.543786182844315,0.6001482071773142,21.0,21.0,0.0,0,0,0.75,0,-10,52,0
2023,5,401547354,2023-10-09 00:20:00+00:00,STATUS_FINAL,San Francisco 49ers,SF,42,5-0,Dallas Cowboys,DAL,10,3-2,True,52,32,Levi's Stadium,Santa Clara,False,NBC,False,34.333333333333336,13.666666666666666,1.0,35.0,13.6,1.0,29.0,15.4,0.9,20.666666666666668,18.0,0.3333333333333333,24.6,21.4,0.4,25.3,19.3,0.5,1538.2160070015816,1518.1853187163513,20.030688285230326,0.6199829807947286,7.0,14.0,-7.0,0,0,0.25735294117647056,1,32,52,1
2023,5,401547468,2023-10-10 00:15:00+00:00,STATUS_FINAL,Las Vegas Raiders,LV,17,2-3,Green Bay Packers,GB,13,2-3,True,30,4,Allegiant Stadium,Las Vegas,False,ABC,False,21.666666666666668,30.333333333333332,0.0,24.4,27.0,0.4,27.0,26.4,0.5,29.333333333333332,21.666666666666668,0.6666666666666666,29.8,24.8,0.6,21.7,22.4,0.4,1482.9872102699655,1500.2269034478315,-17.239693177866002,0.5683029147190795,14.0,22.0,-8.0,0,0,0.35294117647058826,1,4,30,1
2023,6,401547469,2023-10-13 00:15:00+00:00,STATUS_FINAL,Kansas City Chiefs,KC,19,5-1,Denver Broncos,DEN,8,1-5,True,27,11,GEHA Field at Arrowhead Stadium,Kansas City,False,Prime Video,False,29.333333333333332,18.333333333333332,0.6666666666666666,27.6,15.0,0.8,26.2,18.6,0.8,25.0,41.666666666666664,0.3333333333333333,19.6,37.2,0.2,17.8,29.4,0.2,1530.274298292835,1469.8896244851028,60.38467380773227,0.6729971485890179,18.0,11.0,7.0,0,0,0.29044117647058826,1,11,27,1
2023,6,401547229,2023-10-15 13:30:00+00:00,STATUS_FINAL,Tennessee Titans,TEN,16,2-4,Baltimore Ravens,BAL,24,4-2,False,40,8,Tottenham Hotspur Stadium,London,True,NFL Net,True,22.333333333333332,18.0,0.6666666666666666,20.6,21.8,0.4,19.9,19.2,0.5,21.666666666666668,14.666666666666666,0.6666666666666666,16.8,16.8,0.4,20.1,18.5,0.5,1491.6691270231433,1510.344538184366,-18.675411161222655,0.5662741737825161,13.0,6.0,7.0,0,0,0.07720588235294118,0,-8,40,0
2023,6,401547476,2023-10-15 17:00:00+00:00,STATUS_FINAL,Cleveland Browns,CLE,19,3-2,San Francisco 49ers,SF,17,5-1,True,36,2,Huntington Bank Field,Cleveland,False,FOX,False,18.0,11.333333333333334,0.6666666666666666,15.4,10.8,0.6,20.4,16.9,0.6,32.333333333333336,21.333333333333332,1.0,31.2,17.4,1.0,25.8,17.4,0.7,1495.7404915015777,1545.816347385687,-50.07585588410939,0.5214643698600311,14.0,27.0,-13.0,0,0,0.8786764705882353,1,2,36,0
2023,6,401547471,2023-10-15 17:00:00+00:00,STATUS_FINAL,Cincinnati Bengals,CIN,17,3-3,Seattle Seahawks,SEA,13,3-2,True,30,4,Paycor Stadium,Cincinnati,False,CBS,False,23.333333333333332,19.666666666666668,0.6666666666666666,18.6,13.8,0.6,24.4,16.9,0.7,23.666666666666668,19.333333333333332,0.6666666666666666,22.8,20.4,0.6,26.9,25.7,0.6,1492.9563027415934,1519.656538659255,-26.70023591766153,0.5548956093981147,19.0,12.0,7.0,0,0,0.8455882352941176,1,4,30,1
2023,6,401547477,2023-10-15 17:00:00+00:00,STATUS_FINAL,Houston Texans,HOU,20,3-3,New Orleans Saints,NO,13,3-3,True,33,7,NRG Stadium,Houston,False,FOX,False,17.666666666666668,22.666666666666668,0.3333333333333333,18.2,25.0,0.2,17.2,24.8,0.1,23.666666666666668,11.666666666666666,0.6666666666666666,21.6,11.0,0.8,18.2,16.9,0.4,1492.695042923233,1510.3703208977226,-17.675277974489745,0.5676876506288362,14.0,7.0,7.0,0,0,0.6911764705882353,1,7,33,1
2023,6,401547475,2023-10-15 17:00:00+00:00,STATUS_FINAL,Chicago Bears,CHI,13,1-5,Minnesota Vikings,MIN,19,2-4,False,32,6,Soldier Field,Chicago,False,FOX,True,20.333333333333332,32.666666666666664,0.0,18.8,31.6,0.0,20.5,28.4,0.1,26.0,20.0,0.6666666666666666,23.6,27.0,0.4,23.0,24.7,0.6,1474.0063107858825,1469.9939905919239,4.012320193958658,0.5980308145210462,14.0,14.0,0.0,0,0,0.625,0,-6,32,0
2023,6,401547470,2023-10-15 17:00:00+00:00,STATUS_FINAL,Atlanta Falcons,ATL,16,3-3,Washington Commanders,WSH,24,3-3,False,40,8,Mercedes-Benz Stadium,Atlanta,False,CBS,True,23.333333333333332,17.666666666666668,1.0,24.0,17.8,1.0,24.5,20.0,0.8,28.666666666666668,34.666666666666664,0.3333333333333333,25.8,26.8,0.6,22.7,23.9,0.6,1507.2431031124079,1486.6878395562283,20.555263556179625,0.6206941757612202,7.0,14.0,-7.0,0,0,0.9742647058823529,0,-8,40,0
2023,6,401547472,2023-10-15 17:00:00+00:00,STATUS_FINAL,Jacksonville Jaguars,JAX,37,4-2,Indianapolis Colts,IND,20,3-3,True,57,17,EverBank Stadium,Jacksonville,False,CBS,False,16.333333333333332,20.333333333333332,0.3333333333333333,21.8,22.2,0.6,20.4,21.5,0.5,21.0,25.666666666666668,0.6666666666666666,23.6,34.0,0.4,16.8,26.8,0.4,1508.2583597179832,1508.199245354675,0.059114363308253814,0.5925483909280503,14.0,21.0,-7.0,0,0,0.41544117647058826,1,17,57,1
2023,6,401547473,2023-10-15 17:00:00+00:00,STATUS_FINAL,Miami Dolphins,MIA,42,5-1,Carolina Panthers,CAR,21,0-6,True,63,21,Hard Rock Stadium,Miami Gardens,False,CBS,False,37.333333333333336,14.0,1.0,32.4,16.6,0.8,27.4,16.0,0.8,20.333333333333332,34.333333333333336,0.0,19.0,28.0,0.2,19.3,28.0,0.2,1528.373684895896,1454.3244585135901,74.04922638230596,0.6900668161559386,7.0,7.0,0.0,0,0,0.13602941176470587,1,21,63,1
2023,6,401547474,2023-10-15 20:05:00+00:00,STATUS_FINAL,Las Vegas Raiders,LV,21,3-3,New England Patriots,NE,17,1-5,True,38,4,Allegiant Stadium,Las Vegas,False,CBS,False,16.0,22.333333333333332,0.3333333333333333,22.4,25.6,0.4,25.2,24.5,0.5,13.666666666666666,27.666666666666668,0.3333333333333333,18.4,25.2,0.4,21.9,23.2,0.5,1491.6211519755839,1470.5121114141161,21.109040561467737,0.621444398749598,5.0,13.0,-8.0,0,0,0.6580882352941176,1,4,38,1
2023,6,401547479,2023-10-15 20:25:00+00:00,STATUS_FINAL,Los Angeles Rams,LAR,26,3-3,Arizona Cardinals,ARI,9,1-5,True,35,17,SoFi Stadium,Inglewood,False,FOX,False,29.333333333333332,22.333333333333332,0.3333333333333333,25.6,22.0,0.4,22.4,22.7,0.4,15.0,31.0,0.0,15.8,27.4,0.0,19.6,24.6,0.3,1492.8693418250343,1470.2860110814304,22.583330743603938,0.6234388372132678,7.0,14.0,-7.0,0,0,0.007352941176470588,1,17,35,1
2023,6,401547478,2023-10-15 20:25:00+00:00,STATUS_FINAL,Tampa Bay Buccaneers,TB,6,3-2,Detroit Lions,DET,20,5-1,False,26,14,Raymond James Stadium,Tampa,False,FOX,True,22.666666666666668,22.0,0.6666666666666666,21.6,23.2,0.6,21.9,22.8,0.6,25.0,18.666666666666668,1.0,23.6,22.0,0.8,21.0,23.9,0.6,1519.4460030879968,1526.519316864677,-7.073313776680152,0.5825992608817232,19.0,16.0,3.0,0,0,0.31985294117647056,0,-14,26,0
2023,6,401547480,2023-10-15 20:25:00+00:00,STATUS_FINAL,New York Jets,NYJ,20,3-3,Philadelphia Eagles,PHI,14,5-1,True,34,6,MetLife Stadium,East Rutherford,False,FOX,False,17.333333333333332,18.0,0.3333333333333333,14.4,18.6,0.2,19.2,18.6,0.4,24.333333333333332,15.0,1.0,26.4,21.0,0.8,27.0,18.5,0.9,1488.351766589351,1549.5517816793565,-61.200015090005536,0.5054683998323086,13.0,7.0,6.0,0,0,0.7867647058823529,1,6,34,1
2023,6,401547481,2023-10-16 00:20:00+00:00,STATUS_FINAL,Buffalo Bills,BUF,14,4-2,New York Giants,NYG,9,1-5,True,23,5,Highmark Stadium,Orchard Park,False,NBC,False,35.333333333333336,18.333333333333332,0.6666666666666666,34.6,21.4,0.8,31.9,19.5,0.8,19.666666666666668,29.666666666666668,0.3333333333333333,19.8,27.6,0.2,20.2,24.4,0.4,1509.0000492053723,1474.1243163852926,34.87573282007975,0.6399001821228536,7.0,7.0,0.0,0,0,0.7242647058823529,1,5,23,1
2023,6,401547482,2023-10-17 00:15:00+00:00,STATUS_FINAL,Los Angeles Chargers,LAC,17,2-3,Dallas Cowboys,DAL,20,4-2,False,37,3,SoFi Stadium,Inglewood,False,ABC,True,29.666666666666668,21.0,0.6666666666666666,25.8,18.8,0.8,23.2,23.4,0.6,22.0,23.333333333333332,0.3333333333333333,19.8,21.8,0.4,24.0,21.9,0.4,1500.0941096696479,1510.5849783322458,-10.490868662597904,0.5778075941801291,15.0,7.0,8.0,0,0,0.2610294117647059,0,-3,37,0
2023,7,401547483,2023-10-20 00:15:00+00:00,STATUS_FINAL,New Orleans Saints,NO,24,3-4,Jacksonville Jaguars,JAX,31,5-2,False,55,7,Caesars Superdome,New Orleans,False,Prime Video,True,10.666666666666666,17.0,0.3333333333333333,16.0,17.8,0.6,20.7,20.6,0.5,29.0,14.666666666666666,1.0,28.4,13.8,1.0,25.9,20.9,0.6,1501.7240739102995,1516.4073918994222,-14.68331798912277,0.5719094913249136,18.0,11.0,7.0,0,0,0.44485294117647056,0,-7,55,0
2023,7,401547491,2023-10-22 17:00:00+00:00,STATUS_FINAL,Tampa Bay Buccaneers,TB,13,3-3,Atlanta Falcons,ATL,16,4-3,False,29,3,Raymond James Stadium,Tampa,False,FOX,True,14.666666666666666,20.666666666666668,0.3333333333333333,19.4,24.0,0.4,19.4,20.7,0.6,7.333333333333333,20.0,0.0,10.6,20.0,0.0,15.4,23.5,0.1,1507.7940178703623,1494.8292195971835,12.964798273178758,0.6103542315453825,6.0,21.0,-15.0,0,0,0.04044117647058824,0,-3,29,0
2023,7,401547484,2023-10-22 17:00:00+00:00,STATUS_FINAL,Indianapolis Colts,IND,38,3-4,Cleveland Browns,CLE,39,4-2,False,77,1,Lucas Oil Stadium,Indianapolis,False,CBS,True,22.333333333333332,25.333333333333332,0.3333333333333333,20.2,25.6,0.2,20.1,23.7,0.2,20.0,21.333333333333332,0.3333333333333333,19.4,20.2,0.4,20.3,24.1,0.3,1500.050213173236,1505.311204104377,-5.260990931141123,0.5851340182242536,14.0,33.0,-19.0,0,0,0.22426470588235295,0,-1,77,0
2023,7,401547490,2023-10-22 17:00:00+00:00,STATUS_FINAL,Chicago Bears,CHI,30,2-5,Las Vegas Raiders,LV,12,3-4,True,42,18,Soldier Field,Chicago,False,FOX,False,20.333333333333332,29.333333333333332,0.0,17.4,30.4,0.0,19.5,28.3,0.0,14.666666666666666,26.0,0.3333333333333333,14.0,21.6,0.2,18.1,23.9,0.3,1462.0456944954617,1499.1922640005919,-37.146569505130174,0.5399986547995448,7.0,20.0,-13.0,0,0,0.5698529411764706,1,18,42,1
2023,7,401547485,2023-10-22 17:00:00+00:00,STATUS_FINAL,New England Patriots,NE,29,2-5,Buffalo Bills,BUF,25,4-3,True,54,4,Gillette Stadium,Foxborough,False,CBS,False,12.333333333333334,27.666666666666668,0.0,15.6,25.2,0.2,16.7,18.9,0.4,17.666666666666668,8.333333333333334,0.6666666666666666,22.4,9.6,0.8,22.3,15.4,0.7,1462.9409993891081,1516.2020455629151,-53.26104617380702,0.5168872869238932,14.0,28.0,-14.0,0,0,0.10294117647058823,1,4,54,1
2023,7,401547486,2023-10-22 17:00:00+00:00,STATUS_FINAL,New York Giants,NYG,14,2-5,Washington Commanders,WSH,7,3-4,True,21,7,MetLife Stadium,East Rutherford,False,CBS,False,13.666666666666666,24.666666666666668,0.3333333333333333,16.6,28.4,0.2,18.5,24.4,0.4,30.0,27.666666666666668,0.6666666666666666,26.0,28.0,0.6,22.4,21.9,0.7,1466.9223200277497,1499.1017230714526,-32.179403043702905,0.5470926390749142,19.0,7.0,12.0,0,0,0.9779411764705882,1,7,21,1
2023,7,401547489,2023-10-22 17:00:00+00:00,STATUS_FINAL,Baltimore Ravens,BAL,38,5-2,Detroit Lions,DET,6,5-2,True,44,32,M&T Bank Stadium,Baltimore,False,FOX,False,19.0,15.666666666666666,0.3333333333333333,16.8,13.0,0.6,19.7,17.0,0.6,25.0,15.333333333333334,1.0,23.6,19.8,0.8,20.6,21.7,0.7,1521.6700216600163,1538.1713020823115,-16.501280422295167,0.5693454413620813,28.0,6.0,22.0,0,0,0.3235294117647059,1,32,44,1
2023,7,401547492,2023-10-22 20:05:00+00:00,STATUS_FINAL,Los Angeles Rams,LAR,17,3-4,Pittsburgh Steelers,PIT,24,4-2,False,41,7,SoFi Stadium,Inglewood,False,FOX,True,21.0,20.666666666666668,0.3333333333333333,26.2,18.4,0.6,21.9,20.9,0.4,15.0,20.333333333333332,0.6666666666666666,17.6,18.6,0.8,15.5,22.8,0.5,1500.400565080769,1508.9464755245795,-8.545910443810499,0.5805364270465373,6.0,21.0,-15.0,0,0,0.8161764705882353,0,-7,41,0
2023,7,401547493,2023-10-22 20:05:00+00:00,STATUS_FINAL,Seattle Seahawks,SEA,20,4-2,Arizona Cardinals,ARI,10,1-6,True,30,10,Lumen Field,Seattle,False,FOX,False,23.0,24.333333333333332,0.6666666666666666,21.0,20.0,0.6,23.2,21.9,0.5,13.666666666666666,27.0,0.0,14.6,27.8,0.0,17.6,24.9,0.2,1510.7544508472172,1462.7547878256958,47.99966302152143,0.6571182494224811,28.0,6.0,22.0,0,0,0.011029411764705883,1,10,30,1
2023,7,401547487,2023-10-22 20:25:00+00:00,STATUS_FINAL,Denver Broncos,DEN,19,2-5,Green Bay Packers,GB,17,2-4,True,36,2,Empower Field at Mile High,Denver,False,CBS,False,23.333333333333332,27.666666666666668,0.0,25.0,25.2,0.4,19.8,22.0,0.3,25.0,20.666666666666668,0.3333333333333333,25.8,20.2,0.6,22.3,21.8,0.4,1463.349567456883,1491.5929617422132,-28.24339428533017,0.5527005395804945,14.0,12.0,2.0,0,0,0.35661764705882354,1,2,36,0
2023,7,401547488,2023-10-22 20:25:00+00:00,STATUS_FINAL,Kansas City Chiefs,KC,31,6-1,Los Angeles Chargers,LAC,17,2-4,True,48,14,GEHA Field at Arrowhead Stadium,Kansas City,False,CBS,False,26.666666666666668,13.0,0.6666666666666666,26.2,14.6,0.8,25.4,17.0,0.8,26.666666666666668,27.333333333333332,0.3333333333333333,24.0,22.4,0.4,24.5,22.7,0.6,1536.8143553210548,1488.5379577860454,48.27639753500944,0.6574770871890918,9.0,28.0,-19.0,0,0,0.5036764705882353,1,14,48,1
2023,7,401547494,2023-10-23 00:20:00+00:00,STATUS_FINAL,Philadelphia Eagles,PHI,31,6-1,Miami Dolphins,MIA,17,5-2,True,48,14,Lincoln Financial Field,Philadelphia,False,NBC,False,30.0,25.0,1.0,27.0,21.0,0.8,28.6,22.1,0.8,26.666666666666668,33.0,0.6666666666666666,26.0,30.8,0.4,24.7,30.9,0.4,1539.6611496760027,1534.5723485727774,5.088801103225251,0.5995195352113227,21.0,21.0,0.0,0,0,0.5992647058823529,1,14,48,1
2023,7,401547495,2023-10-24 00:15:00+00:00,STATUS_FINAL,Minnesota Vikings,MIN,22,3-4,San Francisco 49ers,SF,17,5-2,True,39,5,U.S. Bank Stadium,Minneapolis,False,ABC,False,20.333333333333332,25.0,0.0,25.4,27.0,0.4,25.3,27.1,0.6,25.666666666666668,16.333333333333332,0.6666666666666666,27.0,19.2,0.8,26.5,17.4,0.7,1481.9546068823447,1536.2456347828877,-54.291027900542986,0.5154065709973819,15.0,8.0,7.0,0,0,0.8823529411764706,1,5,39,1
2023,8,401547496,2023-10-27 00:15:00+00:00,STATUS_FINAL,Buffalo Bills,BUF,24,5-3,Tampa Bay Buccaneers,TB,18,3-4,True,42,6,Highmark Stadium,Orchard Park,False,Prime Video,False,27.333333333333332,18.0,0.6666666666666666,31.0,17.4,0.8,29.5,20.1,0.8,21.0,18.666666666666668,0.6666666666666666,17.8,21.4,0.6,16.6,18.4,0.5,1506.539791301393,1495.5869332394545,10.952858061938514,0.6075963649677648,10.0,25.0,-15.0,0,0,0.9117647058823529,1,6,42,1
2023,8,401547507,2023-10-29 17:00:00+00:00,STATUS_FINAL,Indianapolis Colts,IND,27,3-5,New Orleans Saints,NO,38,4-4,False,65,11,Lucas Oil Stadium,Indianapolis,False,FOX,True,28.0,28.0,0.3333333333333333,27.2,29.4,0.2,22.2,25.2,0.2,21.333333333333332,12.666666666666666,0.3333333333333333,20.8,13.0,0.6,18.1,16.7,0.4,1488.3475328087509,1490.2858840838012,-1.9383512750503087,0.5897693657183652,7.0,14.0,-7.0,0,0,0.6948529411764706,0,-11,65,0
2023,8,401547504,2023-10-29 17:00:00+00:00,STATUS_FINAL,Carolina Panthers,CAR,15,1-6,Houston Texans,HOU,13,3-4,True,28,2,Bank of America Stadium,Charlotte,False,FOX,False,22.333333333333332,21.333333333333332,0.3333333333333333,21.2,19.6,0.4,20.5,19.3,0.5,21.666666666666668,21.0,0.3333333333333333,23.2,21.6,0.6,20.3,23.3,0.4,1448.1257948367088,1501.341289910656,-53.215495073947295,0.516952765157684,28.0,21.0,7.0,0,0,0.3897058823529412,1,2,28,0
2023,8,401547499,2023-10-29 17:00:00+00:00,STATUS_FINAL,Pittsburgh Steelers,PIT,10,4-3,Jacksonville Jaguars,JAX,20,6-2,False,30,10,Acrisure Stadium,Pittsburgh,False,CBS,True,16.666666666666668,20.666666666666668,0.6666666666666666,18.2,17.2,0.8,19.5,19.1,0.6,29.0,21.666666666666668,1.0,27.4,14.2,1.0,25.2,22.3,0.6,1520.5572040655102,1527.8455817259205,-7.288377660410333,0.5822981747986814,21.0,9.0,12.0,0,0,0.4485294117647059,0,-10,30,0
2023,8,401547508,2023-10-29 17:00:00+00:00,STATUS_FINAL,Washington Commanders,WSH,31,3-5,Philadelphia Eagles,PHI,38,7-1,False,69,7,Northwest Stadium,Landover,False,FOX,True,14.333333333333334,31.0,0.3333333333333333,15.8,24.6,0.4,16.7,21.8,0.4,20.666666666666668,15.0,0.6666666666666666,24.2,21.0,0.6,26.0,19.7,0.8,1490.0435758529509,1547.6707589717762,-57.627183118825315,0.5106087440178527,23.0,13.0,10.0,0,0,0.7904411764705882,0,-7,69,0
2023,8,401547505,2023-10-29 17:00:00+00:00,STATUS_FINAL,Dallas Cowboys,DAL,43,5-2,Los Angeles Rams,LAR,20,3-5,True,63,23,AT&T Stadium,Arlington,False,FOX,False,36.0,15.666666666666666,1.0,37.8,17.8,1.0,33.5,17.1,1.0,25.0,18.333333333333332,0.6666666666666666,20.2,21.0,0.4,16.5,22.2,0.2,1522.1411302158483,1488.7898365398382,33.35129367601007,0.6378756175396727,27.0,28.0,-1.0,0,0,0.5367647058823529,1,23,63,1
2023,8,401547497,2023-10-29 17:00:00+00:00,STATUS_FINAL,Miami Dolphins,MIA,31,6-2,New England Patriots,NE,17,2-6,True,48,14,Hard Rock Stadium,Miami Gardens,False,CBS,False,47.666666666666664,19.0,1.0,34.8,17.8,0.8,29.6,17.4,0.8,11.666666666666666,23.0,0.3333333333333333,16.4,26.8,0.2,21.9,23.9,0.4,1526.5627392770039,1472.6032536506302,53.959485626373635,0.664806010161221,14.0,13.0,1.0,0,0,0.6617647058823529,1,14,48,1
2023,8,401547506,2023-10-29 17:00:00+00:00,STATUS_FINAL,Green Bay Packers,GB,10,2-5,Minnesota Vikings,MIN,24,4-4,False,34,14,Lambeau Field,Green Bay,False,FOX,True,18.0,23.666666666666668,0.3333333333333333,23.8,20.0,0.6,22.6,23.3,0.5,22.666666666666668,20.0,0.6666666666666666,22.8,22.8,0.6,24.2,23.6,0.7,1482.6469725338231,1491.6464754623971,-8.999502928573975,0.5799004574340817,30.0,14.0,16.0,0,0,0.6286764705882353,0,-14,34,0
2023,8,401547500,2023-10-29 17:00:00+00:00,STATUS_FINAL,Tennessee Titans,TEN,28,3-4,Atlanta Falcons,ATL,23,4-4,True,51,5,Nissan Stadium,Nashville,False,CBS,False,23.333333333333332,17.0,0.6666666666666666,19.4,19.4,0.4,19.5,19.5,0.5,9.666666666666666,18.666666666666668,0.3333333333333333,11.2,18.8,0.2,14.3,21.7,0.2,1480.343643547493,1507.0363042280912,-26.692660680598237,0.5549063796051762,14.0,7.0,7.0,0,0,0.04411764705882353,1,5,51,1
2023,8,401547498,2023-10-29 17:00:00+00:00,STATUS_FINAL,New York Giants,NYG,10,2-6,New York Jets,NYJ,13,4-3,False,23,3,MetLife Stadium,East Rutherford,False,CBS,True,5.666666666666667,23.666666666666668,0.3333333333333333,15.4,25.8,0.4,18.3,22.8,0.5,15.666666666666666,20.666666666666668,0.3333333333333333,13.0,21.0,0.2,15.7,18.1,0.4,1475.9804672462515,1498.2423985927048,-22.261931346453366,0.561196670545785,7.0,20.0,-13.0,0,0,0.7536764705882353,0,-3,23,0
2023,8,401547509,2023-10-29 20:05:00+00:00,STATUS_FINAL,Seattle Seahawks,SEA,24,5-2,Cleveland Browns,CLE,20,4-3,True,44,4,Lumen Field,Seattle,False,FOX,False,23.333333333333332,22.333333333333332,0.6666666666666666,22.4,17.8,0.8,22.9,20.2,0.6,25.0,30.666666666666668,0.3333333333333333,21.8,25.0,0.4,21.6,25.5,0.3,1517.6120858587676,1517.0138844688622,0.5982013899053982,0.5932974039678822,7.0,7.0,0.0,0,0,0.22794117647058823,1,4,44,1
2023,8,401547502,2023-10-29 20:25:00+00:00,STATUS_FINAL,Denver Broncos,DEN,24,3-5,Kansas City Chiefs,KC,9,6-2,True,33,15,Empower Field at Mile High,Denver,False,CBS,False,24.333333333333332,27.666666666666668,0.3333333333333333,24.0,25.6,0.4,20.6,22.7,0.3,22.333333333333332,16.333333333333332,1.0,25.6,17.2,1.0,30.1,22.2,0.9,1472.2955566652731,1543.664813577273,-71.36925691199986,0.4908349291649843,7.0,21.0,-14.0,0,0,0.47794117647058826,1,15,33,1
2023,8,401547501,2023-10-29 20:25:00+00:00,STATUS_FINAL,Arizona Cardinals,ARI,24,1-7,Baltimore Ravens,BAL,31,6-2,False,55,7,State Farm Stadium,Glendale,False,CBS,True,25.333333333333332,27.0,0.3333333333333333,21.0,25.4,0.2,21.9,27.5,0.2,20.666666666666668,12.0,0.6666666666666666,21.0,17.4,0.6,20.5,17.7,0.6,1455.8971528141453,1530.2831128327748,-74.38596001862948,0.4864958027346708,21.0,14.0,7.0,0,0,0.08088235294117647,0,-7,55,0
2023,8,401547503,2023-10-29 20:25:00+00:00,STATUS_FINAL,San Francisco 49ers,SF,17,5-3,Cincinnati Bengals,CIN,31,4-3,False,48,14,Levi's Stadium,Santa Clara,False,CBS,True,35.666666666666664,12.666666666666666,1.0,36.4,14.2,1.0,30.8,15.5,0.9,13.333333333333334,23.666666666666668,0.3333333333333333,19.2,22.4,0.6,21.3,23.5,0.6,1526.5537662028353,1501.8583905536311,24.695375649204152,0.6262887502033135,20.0,21.0,-1.0,0,0,0.20220588235294118,0,-14,48,0
2023,8,401547510,2023-10-30 00:20:00+00:00,STATUS_FINAL,Los Angeles Chargers,LAC,30,3-4,Chicago Bears,CHI,13,2-6,True,43,17,SoFi Stadium,Inglewood,False,NBC,False,25.0,24.333333333333332,0.3333333333333333,24.6,19.4,0.6,22.5,23.5,0.5,22.333333333333332,29.333333333333332,0.3333333333333333,17.4,32.0,0.2,20.7,29.9,0.2,1481.6874995298272,1471.2457213994708,10.441778130356397,0.606894699831183,13.0,24.0,-11.0,0,0,0.16911764705882354,1,17,43,1
2023,8,401547511,2023-10-31 00:15:00+00:00,STATUS_FINAL,Detroit Lions,DET,26,6-2,Las Vegas Raiders,LV,14,3-5,True,40,12,Ford Field,Detroit,False,ABC,False,31.0,22.333333333333332,0.6666666666666666,33.6,20.0,0.8,32.0,23.0,0.6,13.0,30.666666666666668,0.0,13.2,24.2,0.2,16.4,23.9,0.3,1529.558210909553,1489.9922370965828,39.56597381297024,0.6460977656113958,22.0,8.0,14.0,0,0,0.5735294117647058,1,12,40,1
2023,9,401547512,2023-11-03 00:15:00+00:00,STATUS_FINAL,Pittsburgh Steelers,PIT,20,5-3,Tennessee Titans,TEN,16,3-5,True,36,4,Acrisure Stadium,Pittsburgh,False,Prime Video,False,17.666666666666668,17.333333333333332,0.6666666666666666,17.6,19.2,0.6,18.5,18.7,0.6,11.333333333333334,22.0,0.0,12.8,20.6,0.0,15.6,20.2,0.3,1508.9112405695366,1489.2455159553895,19.665724614147166,0.6194878756077088,4.0,25.0,-21.0,0,0,0.9485294117647058,1,4,36,1
2023,9,401547230,2023-11-05 14:30:00+00:00,STATUS_FINAL,Kansas City Chiefs,KC,21,7-2,Miami Dolphins,MIA,14,6-3,True,35,7,Frankfurt Stadium,Frankfurt,True,NFL Net,False,30.333333333333332,11.666666666666666,1.0,27.6,16.0,0.8,25.5,15.8,0.8,20.333333333333332,32.0,0.3333333333333333,23.6,30.6,0.4,24.7,30.0,0.4,1533.4815121605727,1533.2666190737793,0.21489308679338137,0.5927648758374335,13.0,13.0,0.0,0,0,0.6029411764705882,1,7,35,1
2023,9,401547516,2023-11-05 18:00:00+00:00,STATUS_FINAL,New Orleans Saints,NO,24,5-4,Chicago Bears,CHI,17,2-7,True,41,7,Caesars Superdome,New Orleans,False,CBS,False,16.333333333333332,24.0,0.3333333333333333,15.4,20.0,0.4,20.6,20.9,0.5,21.0,30.333333333333332,0.3333333333333333,18.0,31.8,0.2,20.8,30.9,0.2,1502.0812713981686,1463.3836153960945,38.697656002074154,0.644954012444301,16.0,6.0,10.0,0,0,0.17279411764705882,1,7,41,1
2023,9,401547518,2023-11-05 18:00:00+00:00,STATUS_FINAL,Atlanta Falcons,ATL,28,4-5,Minnesota Vikings,MIN,31,5-4,False,59,3,Mercedes-Benz Stadium,Atlanta,False,FOX,True,20.666666666666668,22.333333333333332,0.6666666666666666,23.2,18.8,0.8,23.3,21.0,0.7,21.333333333333332,12.0,1.0,24.2,16.6,0.8,23.8,22.1,0.7,1498.1344318201948,1503.2444846110789,-5.110052790884083,0.5853449226598235,21.0,7.0,14.0,0,0,0.6323529411764706,0,-3,59,0
2023,9,401547515,2023-11-05 18:00:00+00:00,STATUS_FINAL,Houston Texans,HOU,39,4-4,Tampa Bay Buccaneers,TB,37,3-5,True,76,2,NRG Stadium,Houston,False,CBS,False,23.333333333333332,16.666666666666668,0.6666666666666666,19.4,22.2,0.4,17.2,24.1,0.2,21.333333333333332,16.666666666666668,0.6666666666666666,20.0,19.2,0.6,16.5,20.5,0.4,1491.6803452138097,1487.7388605388098,3.941484674999856,0.5979327887073529,21.0,9.0,12.0,0,0,0.9154411764705882,1,2,76,0
2023,9,401547520,2023-11-05 18:00:00+00:00,STATUS_FINAL,New England Patriots,NE,17,2-7,Washington Commanders,WSH,20,4-5,False,37,3,Gillette Stadium,Foxborough,False,FOX,True,15.333333333333334,27.666666666666668,0.3333333333333333,17.8,25.8,0.4,16.7,21.4,0.4,20.666666666666668,21.333333333333332,0.3333333333333333,23.4,26.8,0.4,22.1,20.8,0.7,1465.8993738538547,1479.8314009725939,-13.932027118739143,0.5729679916453662,14.0,14.0,0.0,0,0,0.9816176470588235,0,-3,37,0
2023,9,401547519,2023-11-05 18:00:00+00:00,STATUS_FINAL,Green Bay Packers,GB,20,3-5,Los Angeles Rams,LAR,3,3-6,True,23,17,Lambeau Field,Green Bay,False,FOX,False,16.0,25.0,0.3333333333333333,21.0,22.4,0.4,20.9,23.3,0.4,21.666666666666668,28.333333333333332,0.3333333333333333,22.2,23.4,0.4,17.6,24.1,0.2,1471.0489633851414,1481.5473488906316,-10.498385505490205,0.5777970384981966,7.0,7.0,0.0,0,0,0.5404411764705882,1,17,23,1
2023,9,401547514,2023-11-05 18:00:00+00:00,STATUS_FINAL,Cleveland Browns,CLE,27,5-3,Arizona Cardinals,ARI,0,1-8,True,27,27,Huntington Bank Field,Cleveland,False,CBS,False,16.333333333333332,16.0,0.6666666666666666,16.6,13.6,0.6,19.4,16.9,0.6,11.666666666666666,27.0,0.0,12.8,27.8,0.0,16.0,25.3,0.1,1508.8798325482198,1446.167236759452,62.712595788767885,0.6759393795001823,21.0,13.0,8.0,0,0,0.014705882352941176,1,27,27,1
2023,9,401547513,2023-11-05 18:00:00+00:00,STATUS_FINAL,Baltimore Ravens,BAL,37,7-2,Seattle Seahawks,SEA,3,5-3,True,40,34,M&T Bank Stadium,Baltimore,False,CBS,False,27.333333333333332,12.333333333333334,0.6666666666666666,22.4,12.4,0.6,19.7,13.4,0.7,24.666666666666668,17.0,0.6666666666666666,22.2,19.6,0.6,27.5,24.7,0.6,1540.0130288874682,1525.74613777941,14.26689110805819,0.6121353321814255,14.0,21.0,-7.0,0,0,0.8492647058823529,1,34,40,1
2023,9,401547517,2023-11-05 21:05:00+00:00,STATUS_FINAL,Carolina Panthers,CAR,13,1-7,Indianapolis Colts,IND,27,4-5,False,40,14,Bank of America Stadium,Charlotte,False,CBS,True,15.0,18.0,0.3333333333333333,19.6,20.2,0.4,19.8,19.2,0.5,24.333333333333332,25.333333333333332,0.6666666666666666,23.8,30.6,0.4,18.8,28.1,0.4,1457.7867395335552,1476.5521454943835,-18.765405960828275,0.5661469319101673,7.0,21.0,-14.0,0,0,0.41911764705882354,0,-14,40,0
2023,9,401547521,2023-11-05 21:25:00+00:00,STATUS_FINAL,Las Vegas Raiders,LV,30,4-5,New York Giants,NYG,6,2-7,True,36,24,Allegiant Stadium,Las Vegas,False,FOX,False,18.666666666666668,17.666666666666668,0.6666666666666666,20.6,24.2,0.4,25.0,23.3,0.6,12.333333333333334,25.0,0.0,16.8,25.0,0.2,18.4,23.6,0.3,1482.9141924088108,1464.7565338353359,18.15765857347492,0.6174394256414748,21.0,20.0,1.0,0,0,0.7279411764705882,1,24,36,1
2023,9,401547522,2023-11-05 21:25:00+00:00,STATUS_FINAL,Philadelphia Eagles,PHI,28,8-1,Dallas Cowboys,DAL,23,5-3,True,51,5,Lincoln Financial Field,Philadelphia,False,FOX,False,33.0,25.333333333333332,1.0,26.2,22.4,0.8,28.8,21.7,0.8,15.333333333333334,29.0,0.3333333333333333,18.4,22.6,0.4,23.8,22.6,0.4,1557.8829338521332,1529.383617865055,28.499315987078262,0.631399487311035,13.0,19.0,-6.0,0,0,0.2647058823529412,1,5,51,1
2023,9,401547523,2023-11-06 01:20:00+00:00,STATUS_FINAL,Cincinnati Bengals,CIN,24,5-3,Buffalo Bills,BUF,18,5-4,True,42,6,Paycor Stadium,Cincinnati,False,NBC,False,20.0,18.666666666666668,0.6666666666666666,17.4,14.4,0.6,24.1,15.9,0.8,26.0,18.0,0.3333333333333333,22.6,13.4,0.6,22.9,16.2,0.7,1514.3841655576973,1514.3878640020378,-0.0036984443404435297,0.5924610901141723,21.0,14.0,7.0,0,0,0.10661764705882353,1,6,42,1
2023,9,401547524,2023-11-07 01:15:00+00:00,STATUS_FINAL,New York Jets,NYJ,6,4-4,Los Angeles Chargers,LAC,27,4-4,False,33,21,MetLife Stadium,East Rutherford,False,ABC,True,16.666666666666668,17.333333333333332,0.3333333333333333,15.0,17.4,0.4,20.0,17.3,0.5,23.0,27.333333333333332,0.3333333333333333,23.4,23.2,0.4,22.8,23.4,0.5,1509.4663320036204,1489.5496055332035,19.91672647041696,0.6198284083633187,22.0,15.0,7.0,0,0,0.5073529411764706,0,-21,33,0
2023,10,401547525,2023-11-10 01:15:00+00:00,STATUS_FINAL,Chicago Bears,CHI,16,3-7,Carolina Panthers,CAR,13,1-8,True,29,3,Soldier Field,Chicago,False,Prime Video,False,23.666666666666668,20.666666666666668,0.3333333333333333,20.8,25.8,0.2,21.8,28.3,0.1,24.0,40.333333333333336,0.0,18.4,30.4,0.2,20.4,29.8,0.2,1456.2826956449805,1446.4638008953518,9.818894749628726,0.6060389423416443,18.0,25.0,-7.0,0,0,0.13970588235294118,1,3,29,0
2023,10,401547231,2023-11-12 14:30:00+00:00,STATUS_FINAL,New England Patriots,NE,6,2-8,Indianapolis Colts,IND,10,5-5,False,16,4,Frankfurt Stadium,Frankfurt,True,NFL Net,True,15.333333333333334,26.333333333333332,0.3333333333333333,16.6,25.6,0.2,17.0,20.1,0.4,23.0,23.0,0.6666666666666666,22.0,25.4,0.6,20.3,28.5,0.4,1454.4400140209475,1487.8750841325868,-33.435070111639334,0.5453010169469573,6.0,6.0,0.0,0,0,0.4227941176470588,0,-4,16,0
2023,10,401547528,2023-11-12 18:00:00+00:00,STATUS_FINAL,Tampa Bay Buccaneers,TB,20,4-5,Tennessee Titans,TEN,6,3-6,True,26,14,Raymond James Stadium,Tampa,False,CBS,False,10.0,20.333333333333332,0.0,17.4,20.4,0.4,18.6,20.8,0.5,11.666666666666666,23.333333333333332,0.0,13.2,21.2,0.0,15.1,20.5,0.2,1479.6975163129569,1481.6352734675436,-1.937757154586734,0.5897701931657242,21.0,9.0,12.0,0,0,0.9522058823529411,1,14,26,1
2023,10,401547533,2023-11-12 18:00:00+00:00,STATUS_FINAL,Minnesota Vikings,MIN,27,6-4,New Orleans Saints,NO,19,5-5,True,46,8,U.S. Bank Stadium,Minneapolis,False,FOX,False,22.0,24.0,0.3333333333333333,22.0,23.2,0.4,24.6,26.6,0.6,28.333333333333332,15.666666666666666,0.6666666666666666,24.4,16.4,0.6,18.5,15.2,0.5,1514.9513830642754,1509.1821911492825,5.769191914992916,0.6004595377151831,19.0,14.0,5.0,0,0,0.6985294117647058,1,8,46,1
2023,10,401547526,2023-11-12 18:00:00+00:00,STATUS_FINAL,Cincinnati Bengals,CIN,27,5-4,Houston Texans,HOU,30,5-4,False,57,3,Paycor Stadium,Cincinnati,False,CBS,True,20.0,15.666666666666666,1.0,22.2,18.0,0.8,23.8,16.2,0.8,23.0,17.666666666666668,0.3333333333333333,22.0,21.8,0.4,20.3,24.2,0.3,1522.534943755414,1499.7216894396627,22.813254315751237,0.6237495059588001,6.0,14.0,-8.0,0,0,0.39338235294117646,0,-3,57,0
2023,10,401547532,2023-11-12 18:00:00+00:00,STATUS_FINAL,Jacksonville Jaguars,JAX,3,6-3,San Francisco 49ers,SF,34,6-3,False,37,31,EverBank Stadium,Jacksonville,False,FOX,True,25.666666666666668,21.333333333333332,0.6666666666666666,21.2,19.4,0.6,23.5,22.2,0.6,21.333333333333332,21.333333333333332,0.3333333333333333,26.2,21.0,0.6,27.2,18.5,0.7,1539.491545221894,1514.027991198769,25.46355402312497,0.6273231427579098,28.0,19.0,9.0,0,0,0.8860294117647058,0,-31,37,0
2023,10,401547531,2023-11-12 18:00:00+00:00,STATUS_FINAL,Baltimore Ravens,BAL,31,7-3,Cleveland Browns,CLE,33,6-3,False,64,2,M&T Bank Stadium,Baltimore,False,FOX,True,31.333333333333332,10.333333333333334,0.6666666666666666,26.4,11.2,0.6,21.4,11.4,0.8,27.0,29.333333333333332,0.3333333333333333,23.8,25.2,0.4,21.6,25.6,0.3,1547.7703222438397,1515.361044958216,32.4092772856236,0.6366220963342514,7.0,13.0,-6.0,0,0,0.23161764705882354,0,-2,64,0
2023,10,401547527,2023-11-12 18:00:00+00:00,STATUS_FINAL,Pittsburgh Steelers,PIT,23,6-3,Green Bay Packers,GB,19,3-6,True,42,4,Acrisure Stadium,Pittsburgh,False,CBS,False,15.666666666666666,15.333333333333334,0.6666666666666666,16.0,19.6,0.6,18.5,18.5,0.6,18.0,20.333333333333332,0.0,23.6,20.2,0.4,22.6,22.5,0.3,1516.5214830573825,1479.4930226151776,37.02846044220496,0.6427506890627389,9.0,20.0,-11.0,0,0,0.3602941176470588,1,4,42,1
2023,10,401547529,2023-11-12 21:05:00+00:00,STATUS_FINAL,Arizona Cardinals,ARI,25,2-8,Atlanta Falcons,ATL,23,4-6,True,48,2,State Farm Stadium,Glendale,False,CBS,False,24.0,27.0,0.3333333333333333,23.2,26.2,0.2,22.6,28.6,0.2,15.333333333333334,21.333333333333332,0.3333333333333333,12.2,20.2,0.2,13.9,22.2,0.1,1439.6860243494557,1486.4275333669982,-46.74150901754251,0.5262519182707587,14.0,14.0,0.0,0,0,0.04779411764705882,1,2,48,0
2023,10,401547530,2023-11-12 21:05:00+00:00,STATUS_FINAL,Los Angeles Chargers,LAC,38,4-5,Detroit Lions,DET,41,7-2,False,79,3,SoFi Stadium,Inglewood,False,CBS,True,23.666666666666668,16.666666666666668,0.6666666666666666,27.2,19.2,0.6,24.5,21.0,0.6,20.0,21.333333333333332,0.6666666666666666,20.2,20.0,0.8,21.2,22.6,0.7,1501.94617370047,1536.636255597325,-34.69008189685519,0.543509157011955,13.0,21.0,-8.0,0,0,0.3272058823529412,0,-3,79,0
2023,10,401547535,2023-11-12 21:25:00+00:00,STATUS_FINAL,Seattle Seahawks,SEA,29,6-3,Washington Commanders,WSH,26,4-6,True,55,3,Lumen Field,Seattle,False,FOX,False,27.0,19.0,1.0,22.6,20.6,0.8,23.4,21.3,0.6,17.0,15.666666666666666,0.6666666666666666,23.4,22.8,0.6,22.9,21.8,0.7,1517.9888444230385,1491.2907608055011,26.69808361753735,0.6289830595861978,14.0,7.0,7.0,0,0,0.9852941176470589,1,3,55,0
2023,10,401547534,2023-11-12 21:25:00+00:00,STATUS_FINAL,Dallas Cowboys,DAL,49,6-3,New York Giants,NYG,17,2-8,True,66,32,AT&T Stadium,Arlington,False,FOX,False,37.0,11.0,1.0,35.6,18.0,1.0,35.8,17.4,1.0,10.333333333333334,25.0,0.0,14.8,26.6,0.2,16.7,24.9,0.2,1522.0116076112756,1457.1053223481654,64.90628526311025,0.6786992917735911,14.0,7.0,7.0,0,0,0.7316176470588235,1,32,66,1
2023,10,401547536,2023-11-13 01:20:00+00:00,STATUS_FINAL,Las Vegas Raiders,LV,16,5-5,New York Jets,NYJ,12,4-5,True,28,4,Allegiant Stadium,Las Vegas,False,NBC,False,22.666666666666668,12.0,1.0,19.8,18.0,0.6,24.8,21.6,0.6,18.0,20.333333333333332,0.6666666666666666,13.2,19.0,0.4,14.6,17.1,0.4,1490.5654038959813,1497.069763836354,-6.504359940372751,0.5833954899168394,7.0,14.0,-7.0,0,0,0.7573529411764706,1,4,28,1
2023,10,401547537,2023-11-14 01:15:00+00:00,STATUS_FINAL,Buffalo Bills,BUF,22,5-5,Denver Broncos,DEN,24,4-5,False,46,2,Highmark Stadium,Orchard Park,False,ABC,True,19.333333333333332,17.333333333333332,0.6666666666666666,28.8,16.4,0.8,29.2,20.2,0.8,19.666666666666668,39.0,0.3333333333333333,19.4,39.0,0.2,16.3,28.1,0.2,1506.2370858043212,1482.4788580819734,23.758227722347783,0.6250252667655324,18.0,32.0,-14.0,0,0,0.29411764705882354,0,-2,46,0
2023,11,401547538,2023-11-17 01:15:00+00:00,STATUS_FINAL,Baltimore Ravens,BAL,34,8-3,Cincinnati Bengals,CIN,20,5-5,True,54,14,M&T Bank Stadium,Baltimore,False,Prime Video,False,35.333333333333336,14.0,0.6666666666666666,30.0,14.6,0.6,22.6,13.0,0.7,22.666666666666668,21.333333333333332,0.6666666666666666,18.6,21.2,0.6,22.7,23.3,0.7,1535.0378803171548,1510.0599536362379,24.97792668091688,0.6266693548472093,4.0,18.0,-14.0,0,0,0.20588235294117646,1,14,54,1
2023,11,401547545,2023-11-19 18:00:00+00:00,STATUS_FINAL,Carolina Panthers,CAR,10,1-9,Dallas Cowboys,DAL,33,7-3,False,43,23,Bank of America Stadium,Charlotte,False,FOX,True,13.666666666666666,20.333333333333332,0.3333333333333333,19.0,20.8,0.4,19.5,19.3,0.5,17.666666666666668,29.0,0.3333333333333333,21.8,23.0,0.4,24.4,22.8,0.4,1438.5845797421848,1528.4376217758038,-89.85304203361898,0.46429447770251314,13.0,13.0,0.0,0,0,0.26838235294117646,0,-23,43,0
2023,11,401547541,2023-11-19 18:00:00+00:00,STATUS_FINAL,Jacksonville Jaguars,JAX,34,7-3,Tennessee Titans,TEN,14,3-7,True,48,20,EverBank Stadium,Jacksonville,False,CBS,False,21.0,20.333333333333332,0.6666666666666666,17.8,23.0,0.4,22.1,23.3,0.6,12.666666666666666,21.0,0.0,11.2,21.2,0.0,14.0,21.5,0.1,1526.945082366736,1473.430677330858,53.51440503587787,0.6642348358142162,7.0,7.0,0.0,0,0,0.9558823529411765,1,20,48,1
2023,11,401547540,2023-11-19 18:00:00+00:00,STATUS_FINAL,Houston Texans,HOU,21,6-4,Arizona Cardinals,ARI,16,2-9,True,37,5,NRG Stadium,Houston,False,CBS,False,29.666666666666668,18.666666666666668,1.0,22.4,23.6,0.6,18.7,24.4,0.3,6.333333333333333,24.333333333333332,0.0,10.2,25.6,0.0,15.1,26.1,0.1,1512.1966795588387,1449.1609859840405,63.03569357479819,0.6763466486100924,14.0,14.0,0.0,0,0,0.01838235294117647,1,5,37,1
2023,11,401547547,2023-11-19 18:00:00+00:00,STATUS_FINAL,Green Bay Packers,GB,23,4-6,Los Angeles Chargers,LAC,20,4-6,True,43,3,Lambeau Field,Green Bay,False,FOX,False,16.666666666666668,20.333333333333332,0.3333333333333333,16.8,19.6,0.4,20.7,20.9,0.5,24.0,20.333333333333332,0.6666666666666666,24.8,23.8,0.4,22.5,21.2,0.5,1472.3480363964322,1491.0759905602308,-18.727954163798586,0.5661998853277675,14.0,12.0,2.0,0,0,0.5110294117647058,1,3,43,0
2023,11,401547539,2023-11-19 18:00:00+00:00,STATUS_FINAL,Cleveland Browns,CLE,13,7-3,Pittsburgh Steelers,PIT,10,6-4,True,23,3,Huntington Bank Field,Cleveland,False,CBS,False,16.333333333333332,15.0,0.6666666666666666,20.0,10.2,0.8,19.3,13.9,0.7,17.666666666666668,21.666666666666668,0.6666666666666666,18.6,18.8,0.8,16.2,21.6,0.6,1528.093486884901,1523.6664692761278,4.4270176087732125,0.5986045365457422,14.0,27.0,-13.0,0,0,0.8198529411764706,1,3,23,0
2023,11,401547546,2023-11-19 18:00:00+00:00,STATUS_FINAL,Detroit Lions,DET,31,8-2,Chicago Bears,CHI,26,3-8,True,57,5,Ford Field,Detroit,False,FOX,False,29.333333333333332,14.666666666666666,1.0,32.0,18.2,0.8,30.1,19.6,0.7,23.333333333333332,24.666666666666668,0.3333333333333333,19.4,28.4,0.2,20.3,30.4,0.2,1547.5064387375642,1464.1619167981476,83.34452193941661,0.7013929334102185,19.0,14.0,5.0,0,0,0.17647058823529413,1,5,57,1
2023,11,401547548,2023-11-19 18:00:00+00:00,STATUS_FINAL,Washington Commanders,WSH,19,4-7,New York Giants,NYG,31,3-8,False,50,12,Northwest Stadium,Landover,False,FOX,True,18.0,38.333333333333336,0.0,20.0,27.4,0.4,18.1,23.5,0.4,10.666666666666666,31.0,0.0,12.0,30.8,0.0,17.1,27.1,0.2,1483.870421997225,1450.6793081836372,33.19111381358789,0.6376626013715435,21.0,6.0,15.0,0,0,0.7352941176470589,0,-12,50,0
2023,11,401547542,2023-11-19 18:00:00+00:00,STATUS_FINAL,Miami Dolphins,MIA,20,7-3,Las Vegas Raiders,LV,13,5-6,True,33,7,Hard Rock Stadium,Miami Gardens,False,CBS,False,34.666666666666664,18.0,1.0,37.0,16.0,1.0,30.6,17.2,0.8,14.333333333333334,26.666666666666668,0.0,14.0,26.8,0.2,17.8,24.1,0.3,1525.121916590528,1498.8974940976445,26.224422492883377,0.6283465446178816,21.0,19.0,2.0,0,0,0.5772058823529411,1,7,33,1
2023,11,401547549,2023-11-19 21:05:00+00:00,STATUS_FINAL,San Francisco 49ers,SF,27,7-3,Tampa Bay Buccaneers,TB,14,4-6,True,41,13,Levi's Stadium,Santa Clara,False,FOX,False,31.333333333333332,19.0,0.6666666666666666,32.4,16.4,0.8,30.2,14.2,0.9,27.0,24.0,0.3333333333333333,23.6,23.8,0.4,18.2,23.4,0.3,1526.5744540539272,1487.9021124496423,38.67234160428484,0.6449206432417206,21.0,14.0,7.0,0,0,0.9191176470588235,1,13,41,1
2023,11,401547543,2023-11-19 21:25:00+00:00,STATUS_FINAL,Buffalo Bills,BUF,32,6-5,New York Jets,NYJ,6,4-6,True,38,26,Highmark Stadium,Orchard Park,False,CBS,False,20.0,17.0,0.6666666666666666,25.6,19.2,0.6,28.4,19.3,0.8,18.666666666666668,15.666666666666666,0.6666666666666666,14.4,17.6,0.4,13.1,17.7,0.3,1493.7365804690105,1488.7376736346907,4.998906834319769,0.5993952856872381,5.0,6.0,-1.0,0,0,0.7610294117647058,1,26,38,1
2023,11,401547544,2023-11-19 21:25:00+00:00,STATUS_FINAL,Los Angeles Rams,LAR,17,4-6,Seattle Seahawks,SEA,16,6-4,True,33,1,SoFi Stadium,Inglewood,False,CBS,False,19.0,18.666666666666668,0.3333333333333333,26.2,20.0,0.4,22.6,21.1,0.4,13.333333333333334,19.0,0.3333333333333333,17.4,22.4,0.4,23.0,23.9,0.5,1473.1032896605955,1525.4091832313145,-52.305893570719036,0.5182601630748551,28.0,14.0,14.0,0,0,0.8529411764705882,1,1,33,0
2023,11,401547550,2023-11-20 01:20:00+00:00,STATUS_FINAL,Denver Broncos,DEN,21,5-5,Minnesota Vikings,MIN,20,6-5,True,41,1,Empower Field at Mile High,Denver,False,NBC,False,21.333333333333332,19.0,0.6666666666666666,22.6,21.8,0.4,22.1,22.4,0.4,24.666666666666668,17.0,1.0,24.6,19.6,0.8,24.5,23.3,0.7,1494.979363417284,1522.9421923099717,-27.96282889268764,0.5530997859750655,21.0,14.0,7.0,0,0,0.6360294117647058,1,1,41,0
2023,11,401547345,2023-11-21 01:15:00+00:00,STATUS_FINAL,Kansas City Chiefs,KC,17,7-3,Philadelphia Eagles,PHI,21,9-1,False,38,4,GEHA Field at Arrowhead Stadium,Kansas City,False,ABC,True,23.666666666666668,13.0,1.0,26.4,14.0,0.8,25.6,14.8,0.9,25.0,21.666666666666668,0.6666666666666666,25.0,19.2,0.8,27.8,21.1,0.8,1541.6262146438241,1565.2549441059125,-23.62872946208836,0.5592582322267985,15.0,22.0,-7.0,0,0,0.7941176470588235,0,-4,38,0
2023,12,401547552,2023-11-23 17:30:00+00:00,STATUS_FINAL,Detroit Lions,DET,22,8-3,Green Bay Packers,GB,29,5-6,False,51,7,Ford Field,Detroit,False,FOX,True,33.0,21.333333333333332,1.0,30.0,21.4,0.8,30.5,19.1,0.8,16.333333333333332,19.666666666666668,0.0,22.2,20.8,0.2,22.4,22.5,0.3,1553.4785800693599,1481.024038689877,72.45454137948286,0.6881000841877379,3.0,10.0,-7.0,0,0,0.3639705882352941,0,-7,51,0
2023,12,401547551,2023-11-23 21:30:00+00:00,STATUS_FINAL,Dallas Cowboys,DAL,45,8-3,Washington Commanders,WSH,10,4-8,True,55,35,AT&T Stadium,Arlington,False,CBS,False,43.333333333333336,13.333333333333334,1.0,40.0,16.8,1.0,38.2,18.1,1.0,17.666666666666668,20.0,0.3333333333333333,21.6,22.0,0.4,23.8,23.1,0.6,1537.723511329854,1471.1171699697943,66.60634136005979,0.6808296161387531,11.0,11.0,0.0,0,0,0.9889705882352942,1,35,55,1
2023,12,401547553,2023-11-24 01:20:00+00:00,STATUS_FINAL,Seattle Seahawks,SEA,13,6-5,San Francisco 49ers,SF,31,8-3,False,44,18,Lumen Field,Seattle,False,NBC,True,24.333333333333332,18.666666666666668,1.0,24.6,22.6,0.8,23.6,22.6,0.6,22.666666666666668,14.666666666666666,0.3333333333333333,25.6,14.8,0.6,26.9,17.3,0.7,1515.7743864928116,1533.6760411890928,-17.901654696281184,0.5673678106118341,11.0,11.0,0.0,0,0,0.8897058823529411,0,-18,44,0
2023,12,401547242,2023-11-24 20:00:00+00:00,STATUS_FINAL,New York Jets,NYJ,13,4-7,Miami Dolphins,MIA,34,8-3,False,47,21,MetLife Stadium,East Rutherford,False,Prime Video,True,15.333333333333334,21.333333333333332,0.3333333333333333,15.6,19.0,0.4,16.6,18.3,0.4,17.0,33.333333333333336,0.0,22.2,30.2,0.4,23.0,29.4,0.3,1480.7255793484355,1532.5549856981702,-51.829406349734654,0.5189449340124602,17.0,19.0,-2.0,0,0,0.6066176470588235,0,-21,47,0
2023,12,401547561,2023-11-26 18:00:00+00:00,STATUS_FINAL,Tennessee Titans,TEN,17,4-7,Carolina Panthers,CAR,10,1-10,True,27,7,Nissan Stadium,Nashville,False,FOX,False,23.666666666666668,16.666666666666668,0.6666666666666666,22.2,20.2,0.6,19.9,19.6,0.5,19.333333333333332,33.333333333333336,0.0,19.0,32.2,0.0,18.3,27.7,0.2,1466.7153740471424,1429.2986901881345,37.41668385900789,0.6432636835157463,28.0,16.0,12.0,0,0,0.14338235294117646,1,7,27,1
2023,12,401547555,2023-11-26 18:00:00+00:00,STATUS_FINAL,Houston Texans,HOU,21,6-5,Jacksonville Jaguars,JAX,24,8-3,False,45,3,NRG Stadium,Houston,False,CBS,True,26.666666666666668,22.0,1.0,26.0,20.6,0.8,19.8,24.3,0.4,25.333333333333332,18.0,1.0,27.6,15.6,1.0,25.1,20.4,0.7,1518.6697465866368,1533.6603856504516,-14.990639063814797,0.571476313633675,7.0,28.0,-21.0,0,0,0.4522058823529412,0,-3,45,0
2023,12,401547554,2023-11-26 18:00:00+00:00,STATUS_FINAL,Cincinnati Bengals,CIN,10,5-6,Pittsburgh Steelers,PIT,16,7-4,False,26,6,Paycor Stadium,Cincinnati,False,CBS,True,22.666666666666668,20.333333333333332,0.6666666666666666,22.2,20.8,0.6,23.0,17.5,0.7,13.333333333333334,20.0,0.3333333333333333,15.8,18.2,0.6,16.9,19.1,0.6,1502.593340733182,1515.6385600070428,-13.045219273860766,0.5742165628929989,14.0,7.0,7.0,0,0,0.8235294117647058,0,-6,26,0
2023,12,401547560,2023-11-26 18:00:00+00:00,STATUS_FINAL,New York Giants,NYG,10,4-8,New England Patriots,NE,7,2-9,True,17,3,MetLife Stadium,East Rutherford,False,FOX,False,9.0,14.666666666666666,0.3333333333333333,13.0,18.8,0.4,17.3,22.9,0.4,12.333333333333334,30.0,0.0,15.0,27.0,0.2,21.2,24.3,0.4,1463.432560211068,1443.5339936820083,19.898566529059735,0.6198037748295614,28.0,28.0,0.0,0,0,0.6654411764705882,1,3,17,0
2023,12,401547559,2023-11-26 18:00:00+00:00,STATUS_FINAL,Atlanta Falcons,ATL,24,5-6,New Orleans Saints,NO,15,5-6,True,39,9,Mercedes-Benz Stadium,Atlanta,False,FOX,False,21.666666666666668,24.666666666666668,0.3333333333333333,22.8,21.6,0.6,22.4,20.7,0.6,23.333333333333332,24.666666666666668,0.3333333333333333,24.2,18.4,0.4,19.4,15.9,0.5,1476.9525717324134,1501.1913819035863,-24.238810171172872,0.5583924084089175,21.0,14.0,7.0,0,0,0.7022058823529411,1,9,39,1
2023,12,401547556,2023-11-26 18:00:00+00:00,STATUS_FINAL,Indianapolis Colts,IND,27,6-5,Tampa Bay Buccaneers,TB,20,4-7,True,47,7,Lucas Oil Stadium,Indianapolis,False,CBS,False,29.333333333333332,31.0,0.3333333333333333,26.4,30.6,0.2,21.5,26.3,0.1,23.0,30.0,0.0,23.0,23.2,0.4,17.8,24.1,0.3,1498.781104471526,1480.8005253144768,17.980579157049306,0.6171986179783172,28.0,6.0,22.0,0,0,0.9227941176470589,1,7,47,1
2023,12,401547562,2023-11-26 21:05:00+00:00,STATUS_FINAL,Arizona Cardinals,ARI,14,2-10,Los Angeles Rams,LAR,37,5-6,False,51,23,State Farm Stadium,Glendale,False,FOX,True,23.0,29.333333333333332,0.3333333333333333,25.0,27.0,0.4,20.9,27.5,0.2,17.333333333333332,28.666666666666668,0.3333333333333333,19.6,23.6,0.4,16.6,24.5,0.2,1442.6879189562424,1482.7380863990984,-40.050167442856036,0.5358441019687428,14.0,21.0,-7.0,0,0,0.5441176470588235,0,-23,51,0
2023,12,401547563,2023-11-26 21:05:00+00:00,STATUS_FINAL,Denver Broncos,DEN,29,6-5,Cleveland Browns,CLE,12,7-4,True,41,17,Empower Field at Mile High,Denver,False,FOX,False,21.333333333333332,15.333333333333334,1.0,23.6,22.4,0.6,23.3,22.8,0.5,30.666666666666668,31.0,0.6666666666666666,25.6,29.4,0.4,22.9,26.4,0.4,1503.9173676977828,1536.121396153986,-32.20402845620333,0.5470575143961828,6.0,14.0,-8.0,0,0,0.23529411764705882,1,17,41,1
2023,12,401547558,2023-11-26 21:25:00+00:00,STATUS_FINAL,Philadelphia Eagles,PHI,37,10-1,Buffalo Bills,BUF,34,6-6,True,71,3,Lincoln Financial Field,Philadelphia,False,CBS,False,31.0,23.666666666666668,1.0,29.8,23.0,1.0,29.0,22.3,0.8,26.666666666666668,18.666666666666668,0.3333333333333333,19.2,15.6,0.4,22.4,16.6,0.6,1576.4401087504484,1501.7486747552657,74.6914339951827,0.6908569211832077,21.0,20.0,1.0,0,0,0.11029411764705882,1,3,71,0
2023,12,401547557,2023-11-26 21:25:00+00:00,STATUS_FINAL,Las Vegas Raiders,LV,17,5-7,Kansas City Chiefs,KC,31,8-3,False,48,14,Allegiant Stadium,Las Vegas,False,CBS,True,22.333333333333332,11.666666666666666,1.0,20.4,14.2,0.8,22.6,20.8,0.6,19.666666666666668,21.333333333333332,0.6666666666666666,21.4,17.2,0.8,26.9,21.5,0.8,1491.4644249900023,1530.4410499992882,-38.976625009285954,0.5373807686306222,13.0,28.0,-15.0,0,0,0.48161764705882354,0,-14,48,0
2023,12,401547564,2023-11-27 01:20:00+00:00,STATUS_FINAL,Los Angeles Chargers,LAC,10,4-7,Baltimore Ravens,BAL,20,9-3,False,30,10,SoFi Stadium,Inglewood,False,NBC,True,28.333333333333332,24.666666666666668,0.3333333333333333,28.6,25.4,0.4,26.4,23.5,0.5,21.666666666666668,19.0,0.6666666666666666,24.0,16.8,0.8,20.9,17.9,0.6,1482.399988266786,1542.5044932202106,-60.104504953424566,0.5070447174885684,14.0,28.0,-14.0,0,0,0.08455882352941177,0,-10,30,0
2023,12,401547565,2023-11-28 01:15:00+00:00,STATUS_FINAL,Minnesota Vikings,MIN,10,6-6,Chicago Bears,CHI,12,4-8,False,22,2,U.S. Bank Stadium,Minneapolis,False,ABC,True,23.0,21.0,0.6666666666666666,22.0,22.2,0.4,23.9,25.9,0.6,18.666666666666668,28.333333333333332,0.0,21.2,29.2,0.2,19.6,32.1,0.1,1514.004188029473,1458.1897754663519,55.814412563121095,0.6671812417484412,15.0,8.0,7.0,0,0,0.1801470588235294,0,-2,22,0
2023,13,401547566,2023-12-01 01:15:00+00:00,STATUS_FINAL,Dallas Cowboys,DAL,41,9-3,Seattle Seahawks,SEA,35,6-6,True,76,6,AT&T Stadium,Arlington,False,Prime Video,False,45.666666666666664,15.666666666666666,1.0,41.0,12.0,1.0,40.3,18.5,1.0,10.666666666666666,23.666666666666668,0.0,18.6,21.0,0.4,21.4,21.7,0.5,1544.1069190070791,1504.4270302805749,39.67988872650426,0.6462476913529481,7.0,11.0,-4.0,0,0,0.8566176470588235,1,6,76,1
2023,13,401547571,2023-12-03 18:00:00+00:00,STATUS_FINAL,Houston Texans,HOU,22,7-5,Denver Broncos,DEN,17,6-6,True,39,5,NRG Stadium,Houston,False,CBS,False,27.0,25.666666666666668,0.6666666666666666,26.2,19.2,0.8,20.2,23.8,0.4,21.0,23.0,0.6666666666666666,21.4,33.2,0.4,17.1,28.4,0.3,1507.2402203139634,1512.9762174098591,-5.735997095895755,0.5844700933269164,7.0,19.0,-12.0,0,0,0.2977941176470588,1,5,39,1
2023,13,401547567,2023-12-03 18:00:00+00:00,STATUS_FINAL,New England Patriots,NE,0,2-10,Los Angeles Chargers,LAC,6,5-7,False,6,6,Gillette Stadium,Foxborough,False,CBS,True,17.333333333333332,18.333333333333332,0.3333333333333333,13.8,22.6,0.2,15.0,20.8,0.3,21.333333333333332,20.0,0.3333333333333333,23.2,22.2,0.4,22.5,21.8,0.4,1435.9300691785995,1472.2590939170148,-36.32902473841523,0.5411674447652781,21.0,14.0,7.0,0,0,0.5147058823529411,0,-6,6,0
2023,13,401547573,2023-12-03 18:00:00+00:00,STATUS_FINAL,New York Jets,NYJ,8,4-8,Atlanta Falcons,ATL,13,6-6,False,21,5,MetLife Stadium,East Rutherford,False,FOX,True,13.0,25.0,0.3333333333333333,13.8,22.6,0.2,16.2,19.5,0.4,20.666666666666668,22.0,0.3333333333333333,15.0,21.8,0.2,14.7,22.6,0.1,1470.3466806681863,1485.784723564235,-15.438042896048728,0.5708454896768811,8.0,20.0,-12.0,0,0,0.051470588235294115,0,-5,21,0
2023,13,401547574,2023-12-03 18:00:00+00:00,STATUS_FINAL,Washington Commanders,WSH,15,4-9,Miami Dolphins,MIA,45,9-3,False,60,30,Northwest Stadium,Landover,False,FOX,True,23.333333333333332,36.333333333333336,0.0,18.6,32.4,0.2,17.7,24.5,0.3,21.666666666666668,21.666666666666668,0.3333333333333333,21.8,26.0,0.4,22.9,27.5,0.3,1464.7337622925693,1542.9338843784194,-78.20012208585013,0.4810126322969146,14.0,8.0,6.0,0,0,0.6102941176470589,0,-30,60,0
2023,13,401547570,2023-12-03 18:00:00+00:00,STATUS_FINAL,Tennessee Titans,TEN,28,4-8,Indianapolis Colts,IND,31,7-5,False,59,3,Nissan Stadium,Nashville,False,CBS,True,20.333333333333332,19.0,0.6666666666666666,23.0,16.8,0.8,19.7,19.6,0.5,19.0,18.666666666666668,0.6666666666666666,22.0,19.0,0.8,20.3,27.2,0.5,1473.8501003768274,1506.4371321119597,-32.587031735132314,0.5465111541139872,7.0,21.0,-14.0,0,0,0.4264705882352941,0,-3,59,0
2023,13,401547572,2023-12-03 18:00:00+00:00,STATUS_FINAL,New Orleans Saints,NO,28,5-7,Detroit Lions,DET,33,9-3,False,61,5,Caesars Superdome,New Orleans,False,FOX,True,19.0,24.666666666666668,0.3333333333333333,16.0,19.8,0.4,19.1,19.4,0.5,22.333333333333332,27.333333333333332,0.6666666666666666,24.4,24.4,0.8,24.7,24.0,0.8,1492.3592300717646,1539.716578385605,-47.357348313840475,0.5253680160690921,28.0,20.0,8.0,0,0,0.33088235294117646,0,-5,61,0
2023,13,401547568,2023-12-03 18:00:00+00:00,STATUS_FINAL,Pittsburgh Steelers,PIT,10,7-5,Arizona Cardinals,ARI,24,3-10,False,34,14,Acrisure Stadium,Pittsburgh,False,CBS,True,17.666666666666668,18.333333333333332,0.6666666666666666,19.2,17.4,0.8,18.8,19.4,0.6,8.666666666666666,22.666666666666668,0.0,10.2,25.8,0.0,14.1,24.8,0.1,1527.1228912649028,1431.9710369168674,95.15185434803539,0.7154307511568989,21.0,14.0,7.0,0,0,0.022058823529411766,0,-14,34,0
2023,13,401547569,2023-12-03 21:05:00+00:00,STATUS_FINAL,Tampa Bay Buccaneers,TB,21,5-7,Carolina Panthers,CAR,18,1-11,True,39,3,Raymond James Stadium,Tampa,False,CBS,False,13.0,14.0,0.3333333333333333,15.4,16.8,0.4,18.4,18.7,0.6,14.666666666666666,25.0,0.0,19.0,30.8,0.0,17.2,25.2,0.2,1473.1444976740431,1422.1639638584495,50.98053381559362,0.6609739812823562,21.0,7.0,14.0,0,0,0.14705882352941177,1,3,39,0
2023,13,401547276,2023-12-03 21:25:00+00:00,STATUS_FINAL,Philadelphia Eagles,PHI,19,10-2,San Francisco 49ers,SF,42,9-3,False,61,23,Lincoln Financial Field,Philadelphia,False,FOX,True,32.0,24.666666666666668,1.0,32.8,26.6,1.0,29.2,24.4,0.8,27.333333333333332,12.666666666666666,0.6666666666666666,25.8,16.0,0.6,28.6,15.8,0.8,1582.6229703267843,1545.0233974013295,37.59957292545482,0.6435052375298002,7.0,9.0,-2.0,0,0,0.8933823529411765,0,-23,61,0
2023,13,401547575,2023-12-03 21:25:00+00:00,STATUS_FINAL,Los Angeles Rams,LAR,36,6-6,Cleveland Browns,CLE,19,7-5,True,55,17,SoFi Stadium,Inglewood,False,FOX,False,20.0,16.333333333333332,0.6666666666666666,19.4,20.4,0.4,21.9,21.7,0.4,21.666666666666668,28.0,0.3333333333333333,25.2,29.6,0.4,22.4,25.4,0.4,1493.4549684384733,1527.0625464419097,-33.6075780034364,0.5450547849669753,14.0,7.0,7.0,0,0,0.23897058823529413,1,17,55,1
2023,13,401547576,2023-12-04 01:20:00+00:00,STATUS_FINAL,Green Bay Packers,GB,27,6-6,Kansas City Chiefs,KC,19,8-4,True,46,8,Lambeau Field,Green Bay,False,NBC,False,17.666666666666668,15.666666666666666,0.6666666666666666,18.2,19.6,0.6,22.0,20.2,0.6,22.333333333333332,20.333333333333332,0.6666666666666666,21.4,18.0,0.8,25.6,20.9,0.8,1494.7860403736317,1541.1886653719007,-46.40262499826895,0.5267382421168905,14.0,7.0,7.0,0,0,0.4852941176470588,1,8,46,1
2023,13,401547577,2023-12-05 01:15:00+00:00,STATUS_FINAL,Jacksonville Jaguars,JAX,31,8-4,Cincinnati Bengals,CIN,34,6-6,False,65,3,EverBank Stadium,Jacksonville,False,ABC,True,24.666666666666668,22.666666666666668,0.6666666666666666,22.8,22.4,0.6,23.8,22.6,0.7,28.333333333333332,23.666666666666668,0.6666666666666666,18.2,24.4,0.4,21.7,24.1,0.6,1545.089911923125,1491.109009475322,53.980902447803146,0.6648334823364819,15.0,18.0,-3.0,0,0,0.20955882352941177,0,-3,65,0
2023,14,401547578,2023-12-08 01:15:00+00:00,STATUS_FINAL,Pittsburgh Steelers,PIT,18,7-6,New England Patriots,NE,21,3-10,False,39,3,Acrisure Stadium,Pittsburgh,False,Prime Video,True,17.666666666666668,19.666666666666668,0.6666666666666666,16.0,17.8,0.6,16.8,18.1,0.6,13.666666666666666,20.666666666666668,0.0,11.8,22.0,0.2,18.1,23.8,0.3,1512.814276241765,1425.106720283294,87.70755595847095,0.7066264291703362,4.0,11.0,-7.0,0,0,0.6691176470588235,0,-3,39,0
2023,14,401547582,2023-12-10 18:00:00+00:00,STATUS_FINAL,New York Jets,NYJ,30,5-8,Houston Texans,HOU,6,7-6,True,36,24,MetLife Stadium,East Rutherford,False,CBS,False,9.0,24.666666666666668,0.0,13.4,22.2,0.2,15.0,19.1,0.3,20.666666666666668,21.0,0.3333333333333333,21.6,21.0,0.4,21.3,23.1,0.4,1458.9297708746487,1515.5508184474252,-56.62104757277643,0.5120559446562225,7.0,28.0,-21.0,0,0,0.39705882352941174,1,24,36,1
2023,14,401547586,2023-12-10 18:00:00+00:00,STATUS_FINAL,Chicago Bears,CHI,28,5-8,Detroit Lions,DET,13,9-4,True,41,15,Soldier Field,Chicago,False,FOX,False,19.666666666666668,14.666666666666666,0.6666666666666666,21.4,22.6,0.4,20.2,26.1,0.2,26.666666666666668,34.666666666666664,0.6666666666666666,26.8,26.0,0.8,24.9,23.8,0.8,1471.5334003013206,1550.223938706987,-78.6905384056663,0.4803079224932134,30.0,7.0,23.0,0,0,0.33455882352941174,1,15,41,1
2023,14,401547587,2023-12-10 18:00:00+00:00,STATUS_FINAL,New Orleans Saints,NO,28,6-7,Carolina Panthers,CAR,6,1-12,True,34,22,Caesars Superdome,New Orleans,False,FOX,False,25.333333333333332,27.0,0.3333333333333333,20.2,24.4,0.4,19.3,19.7,0.5,13.666666666666666,18.0,0.0,17.2,27.6,0.0,18.7,26.0,0.2,1481.8518697503828,1415.3834434840967,66.46842626628609,0.6806570757186292,7.0,6.0,1.0,0,0,0.15073529411764705,1,22,34,1
2023,14,401547580,2023-12-10 18:00:00+00:00,STATUS_FINAL,Cincinnati Bengals,CIN,34,7-6,Indianapolis Colts,IND,14,7-6,True,48,20,Paycor Stadium,Cincinnati,False,CBS,False,20.333333333333332,21.333333333333332,0.3333333333333333,19.4,18.6,0.6,19.8,17.0,0.6,22.666666666666668,15.666666666666666,1.0,22.0,20.6,0.8,23.1,27.4,0.6,1504.4056791220517,1517.3673551942395,-12.961676072187856,0.5743341381081809,14.0,7.0,7.0,0,0,0.43014705882352944,1,20,48,1
2023,14,401547581,2023-12-10 18:00:00+00:00,STATUS_FINAL,Cleveland Browns,CLE,31,8-5,Jacksonville Jaguars,JAX,27,8-5,True,58,4,Huntington Bank Field,Cleveland,False,CBS,False,19.666666666666668,9.0,1.0,17.8,11.6,0.8,19.1,11.1,0.8,25.0,18.333333333333332,1.0,26.2,19.2,1.0,24.8,19.1,0.8,1517.9636421412492,1531.7932422763954,-13.829600135146165,0.5731122503983871,21.0,14.0,7.0,0,0,0.45588235294117646,1,4,58,1
2023,14,401547585,2023-12-10 18:00:00+00:00,STATUS_FINAL,Baltimore Ravens,BAL,37,10-3,Los Angeles Rams,LAR,31,6-7,True,68,6,M&T Bank Stadium,Baltimore,False,FOX,False,34.0,18.666666666666668,0.6666666666666666,31.8,16.8,0.6,23.7,13.0,0.7,20.0,25.666666666666668,0.3333333333333333,21.0,23.8,0.4,18.3,23.2,0.3,1552.645387569982,1502.5538727391338,50.091514830848155,0.6598262476776907,23.0,13.0,10.0,0,0,0.5477941176470589,1,6,68,1
2023,14,401547579,2023-12-10 18:00:00+00:00,STATUS_FINAL,Atlanta Falcons,ATL,25,6-7,Tampa Bay Buccaneers,TB,29,6-7,False,54,4,Mercedes-Benz Stadium,Atlanta,False,CBS,True,22.666666666666668,23.333333333333332,0.3333333333333333,22.8,22.6,0.6,23.1,20.2,0.7,23.666666666666668,31.0,0.0,23.0,25.2,0.2,19.5,24.7,0.3,1497.2016333577726,1479.925018048396,17.276615309376666,0.6162407399555502,14.0,14.0,0.0,0,0,0.9264705882352942,0,-4,54,0
2023,14,401547589,2023-12-10 21:05:00+00:00,STATUS_FINAL,San Francisco 49ers,SF,28,10-3,Seattle Seahawks,SEA,16,6-7,True,44,12,Levi's Stadium,Santa Clara,False,FOX,False,28.666666666666668,18.333333333333332,0.6666666666666666,30.2,16.6,0.8,30.7,14.0,0.9,18.0,31.666666666666668,0.0,18.2,23.0,0.2,21.2,23.5,0.4,1557.8935021519255,1497.3519841076338,60.541518044291706,0.6731958135002796,21.0,9.0,12.0,0,0,0.8602941176470589,1,12,44,1
2023,14,401547588,2023-12-10 21:05:00+00:00,STATUS_FINAL,Las Vegas Raiders,LV,0,5-8,Minnesota Vikings,MIN,3,7-6,False,3,3,Allegiant Stadium,Las Vegas,False,FOX,True,21.0,16.333333333333332,0.6666666666666666,20.2,15.8,0.8,22.3,21.4,0.6,25.0,19.666666666666668,0.6666666666666666,23.0,17.0,0.8,24.5,23.7,0.6,1480.7168096173898,1500.6605631945042,-19.94375357711442,0.5644800908347403,13.0,20.0,-7.0,0,0,0.6397058823529411,0,-3,3,0
2023,14,401547583,2023-12-10 21:25:00+00:00,STATUS_FINAL,Kansas City Chiefs,KC,17,8-5,Buffalo Bills,BUF,20,7-6,False,37,3,GEHA Field at Arrowhead Stadium,Kansas City,False,CBS,True,23.0,17.333333333333332,0.6666666666666666,25.8,14.0,0.8,25.3,15.2,0.8,25.666666666666668,30.0,0.0,26.0,23.0,0.2,23.4,18.3,0.5,1531.7234302142385,1495.5658131789298,36.157617035308704,0.6415987760056244,19.0,14.0,5.0,0,0,0.11397058823529412,0,-3,37,0
2023,14,401547584,2023-12-10 21:25:00+00:00,STATUS_FINAL,Los Angeles Chargers,LAC,7,5-8,Denver Broncos,DEN,24,7-6,False,31,17,SoFi Stadium,Inglewood,False,CBS,True,26.0,24.666666666666668,0.3333333333333333,23.8,22.2,0.4,25.1,21.8,0.5,16.333333333333332,21.0,0.3333333333333333,20.0,32.2,0.4,16.7,28.9,0.2,1483.0824428123203,1504.6656192763974,-21.58317646407704,0.5621586134160041,13.0,7.0,6.0,0,0,0.3014705882352941,0,-17,31,0
2023,14,401547590,2023-12-11 01:20:00+00:00,STATUS_FINAL,Dallas Cowboys,DAL,33,10-3,Philadelphia Eagles,PHI,13,10-3,True,46,20,AT&T Stadium,Arlington,False,NBC,False,45.0,20.666666666666668,1.0,43.2,17.0,1.0,39.5,19.1,1.0,24.333333333333332,22.666666666666668,0.6666666666666666,24.2,18.6,0.8,27.0,21.1,0.8,1551.1819651800201,1569.7528655761882,-18.5709003961681,0.5664219285264989,10.0,20.0,-10.0,0,0,0.7977941176470589,1,20,46,1
2023,14,401547592,2023-12-12 01:15:00+00:00,STATUS_FINAL,Miami Dolphins,MIA,27,9-4,Tennessee Titans,TEN,28,5-8,False,55,1,Hard Rock Stadium,Miami Gardens,False,ESPN,True,31.0,17.0,1.0,38.8,17.4,1.0,31.0,16.1,0.9,12.0,24.666666666666668,0.0,11.0,24.8,0.0,13.7,22.9,0.1,1552.5541370243577,1462.9198772945476,89.63425972981008,0.7089203738262809,22.0,22.0,0.0,0,0,0.9595588235294118,0,-1,55,0
2023,14,401547591,2023-12-12 01:15:00+00:00,STATUS_FINAL,New York Giants,NYG,24,5-8,Green Bay Packers,GB,22,6-7,True,46,2,MetLife Stadium,East Rutherford,False,ABC,False,11.333333333333334,9.0,0.6666666666666666,7.4,18.2,0.4,15.9,21.6,0.4,21.666666666666668,21.333333333333332,0.3333333333333333,20.4,21.2,0.2,23.6,22.0,0.4,1471.0364847144767,1504.251275531294,-33.214790816817185,0.545615404005739,15.0,18.0,-3.0,0,0,0.36764705882352944,1,2,46,0
2023,15,401547593,2023-12-15 01:15:00+00:00,STATUS_FINAL,Las Vegas Raiders,LV,63,6-8,Los Angeles Chargers,LAC,21,5-9,True,84,42,Allegiant Stadium,Las Vegas,False,Prime Video,False,11.0,15.333333333333334,0.3333333333333333,16.8,13.8,0.6,19.6,19.7,0.5,17.666666666666668,9.666666666666666,0.6666666666666666,19.6,16.8,0.6,21.5,19.6,0.5,1469.427207800695,1471.8392705440003,-2.4120627433053414,0.5891094538322045,4.0,11.0,-7.0,0,0,0.5183823529411765,1,42,84,1
2023,15,401547604,2023-12-16 18:00:00+00:00,STATUS_FINAL,Cincinnati Bengals,CIN,27,8-6,Minnesota Vikings,MIN,24,7-7,True,51,3,Paycor Stadium,Cincinnati,False,NFL Net,False,23.666666666666668,20.0,0.3333333333333333,22.4,18.2,0.6,20.5,16.0,0.6,18.0,16.333333333333332,0.6666666666666666,19.4,14.4,0.8,21.5,20.7,0.6,1512.918996359888,1511.950165011199,0.9688313486890365,0.5938121097038952,6.0,5.0,1.0,0,0,0.6433823529411765,1,3,51,0
2023,15,401547607,2023-12-16 21:30:00+00:00,STATUS_FINAL,Indianapolis Colts,IND,30,8-6,Pittsburgh Steelers,PIT,13,7-7,True,43,17,Lucas Oil Stadium,Indianapolis,False,NFL Net,False,30.666666666666668,32.333333333333336,0.3333333333333333,27.6,28.4,0.4,22.6,26.6,0.2,16.666666666666668,13.333333333333334,0.6666666666666666,15.8,17.6,0.6,17.5,18.5,0.7,1508.854037956403,1498.6817476583583,10.1722902980448,0.6065245402130794,20.0,20.0,0.0,0,0,0.8272058823529411,1,17,43,1
2023,15,401547606,2023-12-17 01:15:00+00:00,STATUS_FINAL,Detroit Lions,DET,42,10-4,Denver Broncos,DEN,17,7-7,True,59,25,Ford Field,Detroit,False,NFL Net,False,26.333333333333332,23.0,0.6666666666666666,28.2,19.8,0.8,31.2,21.1,0.7,21.666666666666668,17.0,0.6666666666666666,20.8,19.6,0.6,18.1,27.9,0.3,1539.8300971568513,1515.9087915447174,23.921305612133892,0.6252452549514301,23.0,6.0,17.0,0,0,0.30514705882352944,1,25,59,1
2023,15,401547598,2023-12-17 18:00:00+00:00,STATUS_FINAL,Green Bay Packers,GB,20,6-8,Tampa Bay Buccaneers,TB,34,7-7,False,54,14,Lambeau Field,Green Bay,False,CBS,True,23.333333333333332,14.0,1.0,20.0,20.0,0.6,21.6,19.3,0.6,21.0,26.333333333333332,0.3333333333333333,23.6,28.4,0.2,20.7,24.9,0.4,1495.1635836114087,1492.249832847507,2.9137507639018168,0.5965096807769902,13.0,7.0,6.0,0,0,0.9301470588235294,0,-14,54,0
2023,15,401547603,2023-12-17 18:00:00+00:00,STATUS_FINAL,Carolina Panthers,CAR,9,2-12,Atlanta Falcons,ATL,7,6-8,True,16,2,Bank of America Stadium,Charlotte,False,FOX,False,12.666666666666666,24.333333333333332,0.3333333333333333,13.6,22.8,0.2,19.0,18.9,0.5,19.666666666666668,20.333333333333332,0.3333333333333333,16.4,19.4,0.4,14.3,19.9,0.2,1408.9965849984692,1484.8768185586616,-75.88023356019244,0.4843472017145574,28.0,14.0,14.0,0,0,0.05514705882352941,1,2,16,0
2023,15,401547594,2023-12-17 18:00:00+00:00,STATUS_FINAL,Miami Dolphins,MIA,30,10-4,New York Jets,NYJ,0,5-9,True,30,30,Hard Rock Stadium,Miami Gardens,False,CBS,False,26.0,19.333333333333332,0.6666666666666666,30.2,19.0,0.8,32.1,17.9,0.8,10.333333333333334,19.333333333333332,0.3333333333333333,14.4,21.8,0.4,12.1,20.0,0.2,1538.3757295478322,1468.6886519815243,69.68707756630783,0.6846708380474924,5.0,27.0,-22.0,0,0,0.7647058823529411,1,30,30,1
2023,15,401547605,2023-12-17 18:00:00+00:00,STATUS_FINAL,Cleveland Browns,CLE,20,9-5,Chicago Bears,CHI,17,5-9,True,37,3,Huntington Bank Field,Cleveland,False,FOX,False,23.666666666666668,12.333333333333334,1.0,18.6,16.4,0.8,19.0,12.5,0.8,18.333333333333332,21.666666666666668,0.3333333333333333,21.6,23.0,0.4,17.9,28.2,0.2,1526.5013971332814,1481.9272418514563,44.57415528182514,0.652661665928521,7.0,19.0,-12.0,0,0,0.18382352941176472,1,3,37,0
2023,15,401547608,2023-12-17 18:00:00+00:00,STATUS_FINAL,New England Patriots,NE,17,3-11,Kansas City Chiefs,KC,27,9-5,False,44,10,Gillette Stadium,Foxborough,False,FOX,True,7.666666666666667,12.0,0.0,10.4,19.0,0.2,14.0,21.1,0.2,19.666666666666668,22.666666666666668,0.3333333333333333,21.8,21.6,0.6,24.5,20.9,0.7,1439.2392488667006,1518.891454694126,-79.6522058274254,0.4789262726307021,14.0,13.0,1.0,0,0,0.4889705882352941,0,-10,44,0
2023,15,401547599,2023-12-17 18:00:00+00:00,STATUS_FINAL,New Orleans Saints,NO,24,7-7,New York Giants,NYG,6,5-9,True,30,18,Caesars Superdome,New Orleans,False,FOX,False,26.666666666666668,18.666666666666668,0.6666666666666666,22.6,22.6,0.4,19.7,20.3,0.5,18.0,32.666666666666664,0.3333333333333333,15.8,28.6,0.2,18.2,26.2,0.3,1488.2387282360103,1480.124176634362,8.114551601648373,0.6036940920104759,7.0,28.0,-21.0,0,0,0.7389705882352942,1,18,30,1
2023,15,401547595,2023-12-17 18:00:00+00:00,STATUS_FINAL,Tennessee Titans,TEN,16,5-9,Houston Texans,HOU,19,8-6,False,35,3,Nissan Stadium,Nashville,False,CBS,True,24.333333333333332,21.333333333333332,0.6666666666666666,23.2,18.2,0.6,20.8,21.7,0.4,16.333333333333332,24.0,0.3333333333333333,21.0,22.0,0.4,20.3,23.7,0.4,1477.0982847710732,1505.7919373405496,-28.6936525694764,0.5520596772345356,14.0,7.0,7.0,0,0,0.4007352941176471,0,-3,35,0
2023,15,401547597,2023-12-17 21:05:00+00:00,STATUS_FINAL,Los Angeles Rams,LAR,28,7-7,Washington Commanders,WSH,20,4-10,True,48,8,SoFi Stadium,Inglewood,False,CBS,False,23.333333333333332,19.666666666666668,0.6666666666666666,22.0,18.2,0.6,24.1,20.5,0.5,18.666666666666668,30.333333333333332,0.3333333333333333,17.4,24.2,0.4,21.6,25.5,0.5,1495.7503976926876,1455.113509646631,40.63688804605658,0.6475060799083495,13.0,23.0,-10.0,0,0,0.9926470588235294,1,8,48,1
2023,15,401547596,2023-12-17 21:05:00+00:00,STATUS_FINAL,Arizona Cardinals,ARI,29,3-11,San Francisco 49ers,SF,45,11-3,False,74,16,State Farm Stadium,Glendale,False,CBS,True,21.0,30.333333333333332,0.3333333333333333,22.2,28.2,0.4,20.2,28.1,0.2,35.666666666666664,11.666666666666666,1.0,28.2,15.2,0.6,29.7,16.3,0.8,1446.2796519400054,1564.42958588192,-118.1499339419147,0.4241022333397007,21.0,13.0,8.0,0,0,0.8970588235294118,0,-16,74,0
2023,15,401547600,2023-12-17 21:25:00+00:00,STATUS_FINAL,Buffalo Bills,BUF,31,8-6,Dallas Cowboys,DAL,10,10-4,True,41,21,Highmark Stadium,Orchard Park,False,FOX,False,26.0,16.0,0.6666666666666666,22.4,16.4,0.6,28.5,17.6,0.8,25.333333333333332,18.333333333333332,0.6666666666666666,20.4,25.0,0.4,24.9,20.7,0.5,1508.3977886990424,1559.8535266094902,-51.45573791044785,0.5194818920156994,28.0,28.0,0.0,0,0,0.27205882352941174,1,21,41,1
2023,15,401547602,2023-12-18 01:20:00+00:00,STATUS_FINAL,Jacksonville Jaguars,JAX,7,8-6,Baltimore Ravens,BAL,23,11-3,False,30,16,EverBank Stadium,Jacksonville,False,NBC,True,22.666666666666668,27.333333333333332,0.3333333333333333,25.6,21.8,0.6,24.2,24.0,0.6,25.0,16.666666666666668,1.0,22.6,14.0,0.8,20.2,17.6,0.6,1523.2554872843632,1559.4488626164282,-36.19337533206499,0.5413613303404533,13.0,21.0,-8.0,0,0,0.08823529411764706,0,-16,30,0
2023,15,401547601,2023-12-19 01:15:00+00:00,STATUS_FINAL,Seattle Seahawks,SEA,20,7-7,Philadelphia Eagles,PHI,17,10-4,True,37,3,Lumen Field,Seattle,False,ABC,False,22.0,25.666666666666668,0.6666666666666666,24.6,22.8,0.8,21.5,21.7,0.6,24.0,27.0,0.6666666666666666,21.8,23.0,0.6,26.6,22.8,0.7,1490.8159003776393,1561.0813041467181,-70.26540376907883,0.4924230549287442,24.0,7.0,17.0,0,0,0.8014705882352942,1,3,37,0
2023,16,401547609,2023-12-22 01:15:00+00:00,STATUS_FINAL,Los Angeles Rams,LAR,30,8-7,New Orleans Saints,NO,22,7-8,True,52,8,SoFi Stadium,Inglewood,False,Prime Video,False,27.0,18.333333333333332,1.0,24.8,17.6,0.8,25.2,19.8,0.6,24.0,26.0,0.3333333333333333,23.8,19.6,0.4,20.9,17.0,0.5,1502.8002760945205,1496.1648463958009,6.63542969871969,0.601655228648447,4.0,25.0,-21.0,0,0,0.7058823529411765,1,8,52,1
2023,16,401547610,2023-12-23 21:30:00+00:00,STATUS_FINAL,Pittsburgh Steelers,PIT,34,8-7,Cincinnati Bengals,CIN,11,8-7,True,45,23,Acrisure Stadium,Pittsburgh,False,NBC,False,17.0,21.333333333333332,0.3333333333333333,16.2,20.0,0.4,17.2,18.6,0.6,28.333333333333332,27.333333333333332,0.6666666666666666,24.4,25.8,0.6,23.8,24.0,0.7,1490.81223846262,1521.0427541658103,-30.23051570319035,0.549870936555126,15.0,18.0,-3.0,0,0,0.21323529411764705,1,23,45,1
2023,16,401547611,2023-12-24 01:00:00+00:00,STATUS_FINAL,Los Angeles Chargers,LAC,22,5-10,Buffalo Bills,BUF,24,9-6,False,46,2,SoFi Stadium,Inglewood,False,Peacock,True,18.333333333333332,28.333333333333332,0.0,20.4,23.6,0.2,23.1,21.2,0.5,24.0,26.0,0.3333333333333333,26.8,22.0,0.4,23.7,18.0,0.6,1463.6214596206444,1518.0081508587284,-54.38669123808404,0.5152690299359081,13.0,13.0,0.0,0,0,0.11764705882352941,0,-2,46,0
2023,16,401547617,2023-12-24 18:00:00+00:00,STATUS_FINAL,Carolina Panthers,CAR,30,2-13,Green Bay Packers,GB,33,7-8,False,63,3,Bank of America Stadium,Charlotte,False,FOX,True,10.666666666666666,22.333333333333332,0.3333333333333333,12.0,20.2,0.4,17.8,19.3,0.5,23.333333333333332,23.0,0.3333333333333333,20.0,21.0,0.2,24.9,22.9,0.4,1419.309640964178,1483.233389995869,-63.92374903169093,0.5015488446933671,7.0,12.0,-5.0,0,0,0.3713235294117647,0,-3,63,0
2023,16,401547618,2023-12-24 18:00:00+00:00,STATUS_FINAL,Minnesota Vikings,MIN,24,7-8,Detroit Lions,DET,30,11-4,False,54,6,U.S. Bank Stadium,Minneapolis,False,FOX,True,19.666666666666668,16.0,0.6666666666666666,20.6,20.6,0.4,24.6,23.1,0.6,29.0,31.333333333333332,0.6666666666666666,22.6,27.6,0.6,23.1,24.8,0.7,1503.8264072052768,1547.3251920578227,-43.498784852545896,0.53090329472811,26.0,14.0,12.0,0,0,0.3382352941176471,0,-6,54,0
2023,16,401547614,2023-12-24 18:00:00+00:00,STATUS_FINAL,Tennessee Titans,TEN,17,5-10,Seattle Seahawks,SEA,20,8-7,False,37,3,Nissan Stadium,Nashville,False,CBS,True,20.333333333333332,20.0,0.3333333333333333,21.0,21.4,0.4,20.8,21.6,0.4,22.333333333333332,28.666666666666668,0.0,16.6,28.0,0.0,19.7,24.2,0.3,1466.0570912263825,1500.9674392790644,-34.91034805268191,0.5431945515147957,7.0,13.0,-6.0,0,0,0.8639705882352942,0,-3,37,0
2023,16,401547613,2023-12-24 18:00:00+00:00,STATUS_FINAL,New York Jets,NYJ,30,6-9,Washington Commanders,WSH,28,4-11,True,58,2,MetLife Stadium,East Rutherford,False,CBS,False,17.0,17.666666666666668,0.3333333333333333,15.4,18.8,0.4,14.9,18.7,0.3,18.666666666666668,34.0,0.0,16.6,26.6,0.2,21.3,27.3,0.4,1462.3820687424743,1448.063631244798,14.318437497676314,0.6122057799373308,14.0,6.0,8.0,0,0,0.9963235294117647,1,2,58,0
2023,16,401547616,2023-12-24 18:00:00+00:00,STATUS_FINAL,Atlanta Falcons,ATL,29,7-8,Indianapolis Colts,IND,10,8-7,True,39,19,Mercedes-Benz Stadium,Atlanta,False,FOX,False,25.666666666666668,25.0,0.3333333333333333,22.8,23.6,0.4,22.9,20.7,0.6,18.333333333333332,22.666666666666668,0.6666666666666666,20.4,23.6,0.6,22.0,28.8,0.5,1474.5637625929528,1516.7235471521415,-42.159784559188665,0.5328224432532075,14.0,14.0,0.0,0,0,0.4338235294117647,1,19,39,1
2023,16,401547612,2023-12-24 18:00:00+00:00,STATUS_FINAL,Houston Texans,HOU,22,8-7,Cleveland Browns,CLE,36,10-5,False,58,14,NRG Stadium,Houston,False,CBS,True,21.333333333333332,19.0,0.6666666666666666,24.6,21.4,0.8,21.4,23.2,0.5,21.333333333333332,32.0,0.3333333333333333,24.6,31.6,0.4,22.0,25.9,0.4,1516.8331308852403,1533.448163814711,-16.61503292947077,0.5691848799138177,21.0,20.0,1.0,0,0,0.2426470588235294,0,-14,58,0
2023,16,401547615,2023-12-24 21:05:00+00:00,STATUS_FINAL,Tampa Bay Buccaneers,TB,30,8-7,Jacksonville Jaguars,JAX,12,8-7,True,42,18,Raymond James Stadium,Tampa,False,CBS,False,18.0,13.333333333333334,0.6666666666666666,14.2,17.0,0.4,18.9,19.2,0.6,23.666666666666668,20.666666666666668,0.6666666666666666,25.4,21.2,0.8,25.8,19.5,0.8,1504.1800264630467,1512.4282606775541,-8.24823421450742,0.5809536455338136,21.0,14.0,7.0,0,0,0.45955882352941174,1,18,42,1
2023,16,401547620,2023-12-24 21:25:00+00:00,STATUS_FINAL,Miami Dolphins,MIA,22,11-4,Dallas Cowboys,DAL,20,10-5,True,42,2,Hard Rock Stadium,Miami Gardens,False,FOX,False,25.666666666666668,13.666666666666666,0.6666666666666666,30.0,15.8,0.8,31.2,16.2,0.8,22.0,23.0,0.3333333333333333,19.2,25.6,0.4,21.9,23.5,0.4,1544.6823127868822,1550.2431644498042,-5.560851662922005,0.5847149331591495,7.0,7.0,0.0,0,0,0.2757352941176471,1,2,42,0
2023,16,401547619,2023-12-24 21:25:00+00:00,STATUS_FINAL,Chicago Bears,CHI,27,6-9,Arizona Cardinals,ARI,16,3-12,True,43,11,Soldier Field,Chicago,False,FOX,False,24.666666666666668,12.666666666666666,1.0,23.0,17.6,0.6,20.0,24.3,0.3,13.333333333333334,19.333333333333332,0.3333333333333333,11.8,20.8,0.2,13.8,24.1,0.1,1474.9804751700267,1437.7976072732113,37.182867896815424,0.64295476076271,14.0,21.0,-7.0,0,0,0.025735294117647058,1,11,43,1
2023,16,401547621,2023-12-25 01:15:00+00:00,STATUS_FINAL,Denver Broncos,DEN,23,7-8,New England Patriots,NE,26,4-11,False,49,3,Empower Field at Mile High,Denver,False,NFL Net,True,24.666666666666668,13.666666666666666,1.0,22.8,17.8,0.8,24.6,21.8,0.6,15.0,19.666666666666668,0.3333333333333333,13.0,23.6,0.2,18.0,23.9,0.3,1508.4136966437459,1429.6607234140865,78.75297322965935,0.6958278858362809,28.0,17.0,11.0,0,0,0.6727941176470589,0,-3,49,0
2023,16,401547351,2023-12-25 18:00:00+00:00,STATUS_FINAL,Kansas City Chiefs,KC,14,9-6,Las Vegas Raiders,LV,20,7-8,False,34,6,GEHA Field at Arrowhead Stadium,Kansas City,False,CBS,True,18.333333333333332,18.333333333333332,0.3333333333333333,21.0,16.0,0.6,24.3,15.5,0.7,13.0,25.333333333333332,0.0,13.2,27.6,0.0,17.1,23.4,0.3,1528.46998014674,1477.645018724051,50.82496142268906,0.6607732716542728,14.0,36.0,-22.0,0,0,0.5808823529411765,0,-6,34,0
2023,16,401547241,2023-12-25 21:30:00+00:00,STATUS_FINAL,Philadelphia Eagles,PHI,33,11-4,New York Giants,NYG,25,5-10,True,58,8,Lincoln Financial Field,Philadelphia,False,FOX,False,28.0,33.0,0.6666666666666666,29.8,29.4,0.8,29.0,25.4,0.8,18.0,30.666666666666668,0.3333333333333333,13.8,27.2,0.2,16.8,27.4,0.2,1550.929765245293,1472.1980584745713,78.73170677072176,0.6958019749352166,22.0,8.0,14.0,0,0,0.7426470588235294,1,8,58,1
2023,16,401547622,2023-12-26 01:15:00+00:00,STATUS_FINAL,San Francisco 49ers,SF,19,11-4,Baltimore Ravens,BAL,33,12-3,False,52,14,Levi's Stadium,Santa Clara,False,ABC,True,24.0,20.333333333333332,0.6666666666666666,29.8,17.4,0.8,32.2,15.6,0.9,24.666666666666668,13.666666666666666,1.0,21.6,14.8,0.8,19.8,15.5,0.7,1572.9116305487141,1570.2760892232372,2.635541325476879,0.5961241622892793,15.0,7.0,8.0,0,0,0.09191176470588236,0,-14,52,0
2023,17,401547623,2023-12-29 01:15:00+00:00,STATUS_FINAL,Cleveland Browns,CLE,37,11-5,New York Jets,NYJ,20,6-10,True,57,17,Huntington Bank Field,Cleveland,False,Prime Video,False,21.333333333333332,18.0,1.0,22.0,14.2,1.0,18.7,12.5,0.8,6.0,26.0,0.0,12.4,21.8,0.4,11.8,22.0,0.2,1544.8318614129873,1470.1379531437276,74.69390826925974,0.6908599631184366,11.0,11.0,0.0,0,0,0.7683823529411765,1,17,57,1
2023,17,401547624,2023-12-31 01:15:00+00:00,STATUS_FINAL,Dallas Cowboys,DAL,20,11-5,Detroit Lions,DET,19,11-5,True,39,1,AT&T Stadium,Arlington,False,ABC,False,39.666666666666664,19.333333333333332,1.0,42.2,19.0,1.0,40.0,18.4,1.0,25.333333333333332,26.666666666666668,0.6666666666666666,24.6,31.2,0.6,24.1,25.5,0.7,1541.9374631129872,1557.943257952385,-16.005794839397822,0.5700446478205166,19.0,6.0,13.0,0,0,0.34191176470588236,1,1,39,0
2023,17,401547627,2023-12-31 18:00:00+00:00,STATUS_FINAL,Chicago Bears,CHI,37,7-9,Atlanta Falcons,ATL,17,7-9,True,54,20,Soldier Field,Chicago,False,CBS,False,23.666666666666668,14.0,1.0,22.8,14.6,0.8,20.8,23.1,0.4,14.333333333333334,14.0,0.3333333333333333,16.4,16.6,0.4,13.5,18.3,0.2,1482.1213799547725,1483.9073137278885,-1.785933773116085,0.5899816249574711,6.0,14.0,-8.0,0,0,0.058823529411764705,1,20,54,1
2023,17,401547625,2023-12-31 18:00:00+00:00,STATUS_FINAL,Baltimore Ravens,BAL,56,13-3,Miami Dolphins,MIA,19,11-5,True,75,37,M&T Bank Stadium,Baltimore,False,CBS,False,34.0,28.0,0.6666666666666666,35.4,18.6,0.8,26.1,15.8,0.7,31.0,16.333333333333332,0.6666666666666666,26.0,25.6,0.4,25.7,25.7,0.4,1582.1985724690228,1552.9880141236993,29.210558345323534,0.632351843228837,21.0,28.0,-7.0,0,0,0.6139705882352942,1,37,75,1
2023,17,401547635,2023-12-31 18:00:00+00:00,STATUS_FINAL,Washington Commanders,WSH,10,4-12,San Francisco 49ers,SF,27,12-4,False,37,17,Northwest Stadium,Landover,False,FOX,True,21.666666666666668,38.0,0.0,17.6,38.2,0.0,17.5,27.0,0.3,39.333333333333336,20.333333333333332,1.0,33.8,17.2,0.8,30.4,18.2,0.8,1440.3077468435447,1560.9891473029286,-120.6814004593839,0.4205470983487369,28.0,13.0,15.0,0,0,0.9007352941176471,0,-17,37,0
2023,17,401547631,2023-12-31 18:00:00+00:00,STATUS_FINAL,Houston Texans,HOU,26,9-7,Tennessee Titans,TEN,3,5-11,True,29,23,NRG Stadium,Houston,False,FOX,False,21.666666666666668,25.666666666666668,0.3333333333333333,25.0,26.0,0.6,22.2,24.1,0.5,16.0,27.0,0.3333333333333333,16.0,24.8,0.2,13.8,23.9,0.1,1505.449433286964,1455.1932001960865,50.25623309087746,0.6600390429565482,7.0,19.0,-12.0,0,0,0.9632352941176471,1,23,29,1
2023,17,401547626,2023-12-31 18:00:00+00:00,STATUS_FINAL,Buffalo Bills,BUF,27,10-6,New England Patriots,NE,21,4-12,True,48,6,Highmark Stadium,Orchard Park,False,CBS,False,28.333333333333332,13.333333333333334,0.6666666666666666,24.6,13.4,0.8,29.6,17.4,0.8,18.0,17.0,0.6666666666666666,17.6,20.6,0.4,18.0,22.9,0.4,1528.3135314574465,1443.5772811308123,84.73625032663426,0.7030681431337028,13.0,6.0,7.0,0,0,0.6764705882352942,1,6,48,1
2023,17,401547634,2023-12-31 18:00:00+00:00,STATUS_FINAL,Tampa Bay Buccaneers,TB,13,8-8,New Orleans Saints,NO,23,8-8,False,36,10,Raymond James Stadium,Tampa,False,FOX,True,23.666666666666668,12.0,1.0,18.0,14.4,0.6,19.8,18.8,0.6,18.666666666666668,27.0,0.0,21.4,25.6,0.2,21.5,18.3,0.5,1512.5609535523704,1488.1979509687699,24.36300258360052,0.625840833642375,6.0,9.0,-3.0,0,0,0.7095588235294118,0,-10,36,0
2023,17,401547628,2023-12-31 18:00:00+00:00,STATUS_FINAL,Indianapolis Colts,IND,23,9-7,Las Vegas Raiders,LV,20,7-9,True,43,3,Lucas Oil Stadium,Indianapolis,False,CBS,False,28.0,23.666666666666668,0.6666666666666666,29.0,25.2,0.6,24.0,26.2,0.3,15.666666666666666,20.0,0.3333333333333333,15.2,22.8,0.2,16.9,23.2,0.3,1507.3799960172057,1490.8604841571364,16.519511860069315,0.6152095478484277,14.0,6.0,8.0,0,0,0.5845588235294118,1,3,43,0
2023,17,401547629,2023-12-31 18:00:00+00:00,STATUS_FINAL,Jacksonville Jaguars,JAX,26,9-7,Carolina Panthers,CAR,0,2-14,True,26,26,EverBank Stadium,Jacksonville,False,CBS,False,24.0,23.666666666666668,0.3333333333333333,22.4,25.0,0.4,22.1,23.6,0.5,11.333333333333334,22.0,0.0,13.6,24.8,0.0,16.3,26.4,0.1,1504.0473335882305,1409.2786640703107,94.76866951791976,0.7149814621183539,13.0,21.0,-8.0,0,0,0.15441176470588236,1,26,26,1
2023,17,401547632,2023-12-31 18:00:00+00:00,STATUS_FINAL,New York Giants,NYG,25,5-11,Los Angeles Rams,LAR,26,9-7,False,51,1,MetLife Stadium,East Rutherford,False,FOX,True,14.666666666666666,14.0,0.6666666666666666,12.2,14.6,0.6,15.9,22.2,0.4,23.666666666666668,23.666666666666668,0.3333333333333333,24.0,27.4,0.4,20.4,24.3,0.3,1466.1140979732756,1510.7671715215515,-44.65307354827587,0.5292481516872704,19.0,21.0,-2.0,0,0,0.5514705882352942,0,-1,51,0
2023,17,401547633,2023-12-31 18:00:00+00:00,STATUS_FINAL,Philadelphia Eagles,PHI,31,11-5,Arizona Cardinals,ARI,35,4-12,False,66,4,Lincoln Financial Field,Philadelphia,False,FOX,True,29.666666666666668,33.666666666666664,0.6666666666666666,29.6,28.2,0.8,28.3,24.6,0.8,18.666666666666668,19.333333333333332,0.3333333333333333,13.2,21.0,0.2,13.9,24.4,0.1,1557.0137257465888,1430.6567024884655,126.35702325812326,0.7505484640401614,5.0,6.0,-1.0,0,0,0.029411764705882353,0,-4,66,0
2023,17,401547636,2023-12-31 21:05:00+00:00,STATUS_FINAL,Seattle Seahawks,SEA,23,8-8,Pittsburgh Steelers,PIT,30,9-7,False,53,7,Lumen Field,Seattle,False,FOX,True,20.666666666666668,24.666666666666668,0.6666666666666666,21.2,20.8,0.8,21.1,20.4,0.7,13.0,17.666666666666668,0.3333333333333333,13.8,20.0,0.4,17.5,18.0,0.7,1511.8313303093603,1499.8148197315174,12.016510577842837,0.6090552339253477,12.0,14.0,-2.0,0,0,0.8308823529411765,0,-7,53,0
2023,17,401547630,2023-12-31 21:25:00+00:00,STATUS_FINAL,Denver Broncos,DEN,16,8-8,Los Angeles Chargers,LAC,9,5-11,True,25,7,Empower Field at Mile High,Denver,False,CBS,False,24.333333333333332,19.333333333333332,0.6666666666666666,23.2,16.8,0.8,24.1,21.0,0.6,15.666666666666666,28.666666666666668,0.3333333333333333,18.2,24.6,0.4,21.1,23.5,0.4,1494.4971389270202,1453.3160790219263,41.18105990509389,0.6482207181913625,6.0,16.0,-10.0,0,0,0.5220588235294118,1,7,25,1
2023,17,401547235,2023-12-31 21:25:00+00:00,STATUS_FINAL,Kansas City Chiefs,KC,25,10-6,Cincinnati Bengals,CIN,17,8-8,True,42,8,GEHA Field at Arrowhead Stadium,Kansas City,False,CBS,False,16.0,20.333333333333332,0.0,20.0,18.4,0.4,23.1,16.5,0.6,21.666666666666668,33.0,0.3333333333333333,26.0,27.2,0.6,21.2,24.4,0.6,1515.2545147136545,1512.0401728969127,3.2143418167418076,0.5969260798321261,6.0,7.0,-1.0,0,0,0.21691176470588236,1,8,42,1
2023,17,401547637,2024-01-01 01:20:00+00:00,STATUS_FINAL,Minnesota Vikings,MIN,10,7-9,Green Bay Packers,GB,33,8-8,False,43,23,U.S. Bank Stadium,Minneapolis,False,NBC,True,20.333333333333332,20.333333333333332,0.3333333333333333,20.6,21.0,0.4,23.7,23.5,0.5,28.0,25.333333333333332,0.6666666666666666,24.0,23.6,0.4,24.9,21.9,0.5,1493.2083413107146,1493.2643668897363,-0.05602557902170702,0.5923883584278624,7.0,7.0,0.0,0,0,0.375,0,-23,43,0
2023,18,401547639,2024-01-06 21:30:00+00:00,STATUS_FINAL,Baltimore Ravens,BAL,10,13-4,Pittsburgh Steelers,PIT,17,10-7,False,27,7,M&T Bank Stadium,Baltimore,False,ESPN,True,42.333333333333336,23.333333333333332,1.0,39.0,21.2,0.8,30.7,16.8,0.7,19.666666666666668,21.0,0.6666666666666666,18.6,18.6,0.6,18.1,18.6,0.7,1589.5515356044461,1511.9959244100244,77.55561119442177,0.6943670975640562,6.0,6.0,0.0,0,0,0.8345588235294118,0,-7,27,0
2023,18,401547644,2024-01-07 01:15:00+00:00,STATUS_FINAL,Indianapolis Colts,IND,19,9-8,Houston Texans,HOU,23,10-7,False,42,4,Lucas Oil Stadium,Indianapolis,False,ESPN,True,26.666666666666668,17.666666666666668,1.0,29.0,26.0,0.6,24.6,25.8,0.4,18.333333333333332,24.333333333333332,0.6666666666666666,17.4,21.8,0.4,20.7,22.3,0.5,1515.0758050602371,1512.2486524278331,2.8271526324040224,0.59638969335569,6.0,20.0,-14.0,0,0,0.40441176470588236,0,-4,42,0
2023,18,401547640,2024-01-07 18:00:00+00:00,STATUS_FINAL,Carolina Panthers,CAR,0,2-15,Tampa Bay Buccaneers,TB,9,9-8,False,9,9,Bank of America Stadium,Charlotte,False,FOX,True,16.333333333333332,24.333333333333332,0.3333333333333333,15.4,22.6,0.4,18.3,21.1,0.4,27.666666666666668,24.0,0.6666666666666666,26.8,27.6,0.4,23.4,23.4,0.5,1403.5782933126777,1500.044136879523,-96.46584356684525,0.4548404128454705,14.0,21.0,-7.0,0,0,0.9338235294117647,0,-9,9,0
2023,18,401547649,2024-01-07 18:00:00+00:00,STATUS_FINAL,New Orleans Saints,NO,48,9-8,Atlanta Falcons,ATL,17,7-10,True,65,31,Caesars Superdome,New Orleans,False,CBS,False,26.666666666666668,15.0,0.6666666666666666,25.6,18.6,0.6,20.8,18.2,0.6,12.333333333333334,18.0,0.3333333333333333,16.6,21.4,0.2,13.9,20.1,0.2,1500.7147676416173,1475.7069462270379,25.00782141457944,0.6267096147773,21.0,7.0,14.0,0,0,0.0625,1,31,65,1
2023,18,401547652,2024-01-07 18:00:00+00:00,STATUS_FINAL,Tennessee Titans,TEN,28,6-11,Jacksonville Jaguars,JAX,20,9-8,True,48,8,Nissan Stadium,Nashville,False,CBS,False,20.333333333333332,23.333333333333332,0.0,21.2,20.6,0.4,20.3,20.0,0.4,21.0,27.333333333333332,0.3333333333333333,22.8,23.2,0.6,25.6,18.5,0.8,1448.3939810552174,1509.7477043458634,-61.35372329064603,0.5052472213533847,14.0,13.0,1.0,0,0,0.4632352941176471,1,8,48,1
2023,18,401547642,2024-01-07 18:00:00+00:00,STATUS_FINAL,Detroit Lions,DET,30,12-5,Minnesota Vikings,MIN,20,7-10,True,50,10,Ford Field,Detroit,False,FOX,False,31.666666666666668,24.0,0.6666666666666666,32.6,22.0,0.8,32.9,20.0,0.8,15.666666666666666,16.0,0.3333333333333333,20.4,17.2,0.6,21.6,20.0,0.6,1549.3441509087954,1481.3605741421572,67.98357676663818,0.6825499013816988,21.0,22.0,-1.0,0,0,0.6470588235294118,1,10,50,1
2023,18,401547648,2024-01-07 18:00:00+00:00,STATUS_FINAL,New England Patriots,NE,3,4-13,New York Jets,NYJ,17,7-10,False,20,14,Gillette Stadium,Foxborough,False,FOX,True,7.666666666666667,14.333333333333334,0.0,13.8,17.6,0.2,14.7,21.4,0.2,8.666666666666666,33.0,0.0,10.2,25.0,0.2,11.6,23.0,0.2,1437.6386439934863,1463.9551524060964,-26.31650841261012,0.5554411146778331,21.0,9.0,12.0,0,0,0.7720588235294118,0,-14,20,0
2023,18,401547641,2024-01-07 18:00:00+00:00,STATUS_FINAL,Cincinnati Bengals,CIN,31,9-8,Cleveland Browns,CLE,14,11-6,True,45,17,Paycor Stadium,Cincinnati,False,CBS,False,23.666666666666668,18.0,0.6666666666666666,24.4,20.4,0.6,20.9,17.4,0.6,22.333333333333332,29.0,0.3333333333333333,24.0,28.4,0.4,22.9,26.7,0.4,1503.9786944935552,1551.0146621506185,-47.03596765706334,0.5258293076797692,22.0,14.0,8.0,0,0,0.24632352941176472,1,17,45,1
2023,18,401547653,2024-01-07 21:25:00+00:00,STATUS_FINAL,Washington Commanders,WSH,10,4-13,Dallas Cowboys,DAL,38,12-5,False,48,28,Northwest Stadium,Landover,False,FOX,True,14.666666666666666,34.333333333333336,0.0,19.0,36.2,0.0,16.6,28.4,0.2,21.0,21.0,0.3333333333333333,21.2,21.6,0.4,20.5,21.7,0.4,1431.89680487657,1550.5365701565768,-118.63976528000671,0.4234136999633234,7.0,14.0,-7.0,0,0,0.27941176470588236,0,-28,48,0
2023,18,401547646,2024-01-07 21:25:00+00:00,STATUS_FINAL,Las Vegas Raiders,LV,27,8-9,Denver Broncos,DEN,14,8-9,True,41,13,Allegiant Stadium,Las Vegas,False,FOX,False,26.666666666666668,18.333333333333332,0.3333333333333333,25.2,14.6,0.6,22.9,19.4,0.5,19.333333333333332,23.666666666666668,0.3333333333333333,18.0,22.4,0.4,18.8,29.8,0.3,1483.164675114105,1501.532724563193,-18.36804944908795,0.5667086804714813,23.0,21.0,2.0,0,0,0.3088235294117647,1,13,41,1
2023,18,401547650,2024-01-07 21:25:00+00:00,STATUS_FINAL,New York Giants,NYG,27,6-11,Philadelphia Eagles,PHI,10,11-6,True,37,17,MetLife Stadium,East Rutherford,False,CBS,False,19.666666666666668,18.333333333333332,0.6666666666666666,16.6,15.0,0.6,16.6,21.7,0.4,17.0,23.333333333333332,0.3333333333333333,20.6,24.2,0.4,23.5,22.6,0.6,1455.5291349395302,1542.0027564657855,-86.47362152625533,0.46913626418307003,7.0,19.0,-12.0,0,0,0.8051470588235294,1,17,37,1
2023,18,401547643,2024-01-07 21:25:00+00:00,STATUS_FINAL,Green Bay Packers,GB,17,9-8,Chicago Bears,CHI,9,7-10,True,26,8,Lambeau Field,Green Bay,False,CBS,False,23.333333333333332,24.333333333333332,0.6666666666666666,20.0,20.0,0.6,21.9,20.0,0.6,18.333333333333332,20.333333333333332,0.3333333333333333,17.0,23.0,0.2,17.2,27.5,0.2,1505.1121340582936,1490.3217474556232,14.790386602670424,0.6128505679964011,21.0,21.0,0.0,0,0,0.1875,1,8,26,1
2023,18,401547638,2024-01-07 21:25:00+00:00,STATUS_FINAL,Arizona Cardinals,ARI,20,4-13,Seattle Seahawks,SEA,21,9-8,False,41,1,State Farm Stadium,Glendale,False,FOX,True,22.666666666666668,35.0,0.3333333333333333,22.4,34.0,0.2,22.1,28.8,0.2,23.666666666666668,28.666666666666668,0.3333333333333333,18.0,28.0,0.2,20.1,23.8,0.4,1445.6676717692687,1499.6502256308534,-53.98255386158462,0.5158500670860441,21.0,14.0,7.0,0,0,0.8676470588235294,0,-1,41,0
2023,18,401547645,2024-01-07 21:25:00+00:00,STATUS_FINAL,Los Angeles Chargers,LAC,12,5-12,Kansas City Chiefs,KC,13,11-6,False,25,1,SoFi Stadium,Inglewood,False,CBS,True,13.0,22.666666666666668,0.0,21.4,24.4,0.2,23.0,21.9,0.4,25.666666666666668,20.333333333333332,0.6666666666666666,22.6,21.0,0.6,24.8,19.9,0.8,1446.2804933857535,1523.315993117012,-77.0354997312586,0.4826864484238915,14.0,21.0,-7.0,0,0,0.49264705882352944,0,-1,25,0
2023,18,401547651,2024-01-07 21:25:00+00:00,STATUS_FINAL,San Francisco 49ers,SF,20,12-5,Los Angeles Rams,LAR,21,10-7,False,41,1,Levi's Stadium,Santa Clara,False,FOX,True,24.666666666666668,21.0,0.6666666666666666,26.6,20.8,0.6,30.8,17.2,0.8,31.333333333333332,25.333333333333332,0.6666666666666666,23.4,27.8,0.4,21.8,24.4,0.4,1569.4000892699032,1521.352134555297,48.04795471460625,0.6571808815346131,12.0,7.0,5.0,0,0,0.5551470588235294,0,-1,41,0
2023,18,401547647,2024-01-08 01:20:00+00:00,STATUS_FINAL,Miami Dolphins,MIA,14,11-6,Buffalo Bills,BUF,21,11-6,False,35,7,Hard Rock Stadium,Miami Gardens,False,NBC,True,26.333333333333332,16.0,0.6666666666666666,26.0,15.6,0.8,30.4,16.7,0.8,26.0,25.333333333333332,0.6666666666666666,24.2,25.8,0.4,23.3,17.7,0.6,1545.635050988276,1534.2521685947725,11.38288239350345,0.6081864044003052,14.0,15.0,-1.0,0,0,0.1213235294117647,0,-7,35,0
2024,1,401671789,2024-09-06 00:40:00+00:00,STATUS_FINAL,Kansas City Chiefs,KC,27,1-0,Baltimore Ravens,BAL,20,0-1,True,47,7,GEHA Field at Arrowhead Stadium,Kansas City,False,NBC,False,18.666666666666668,19.0,0.3333333333333333,18.8,18.4,0.4,23.2,17.2,0.6,25.333333333333332,12.0,1.0,26.2,15.2,1.0,21.5,16.0,0.7,1500.0,1500.0,0.0,0.5924662305843318,249.0,254.0,-5.0,0,0,0.058823529411764705,1,7,47,1
2024,1,401671805,2024-09-07 00:15:00+00:00,STATUS_FINAL,Philadelphia Eagles,PHI,34,1-0,Green Bay Packers,GB,29,0-1,True,63,5,Corinthians Arena,Sao Paulo,True,Peacock,False,27.666666666666668,34.0,0.3333333333333333,29.6,31.8,0.6,27.9,27.1,0.7,29.333333333333332,21.333333333333332,0.6666666666666666,27.2,21.8,0.6,25.4,21.0,0.5,1500.0,1500.0,0.0,0.5924662305843318,250.0,249.0,1.0,0,0,0.34191176470588236,1,5,63,1
2024,1,401671849,2024-09-08 17:00:00+00:00,STATUS_FINAL,Miami Dolphins,MIA,20,1-0,Jacksonville Jaguars,JAX,17,0-1,True,37,3,Hard Rock Stadium,Miami Gardens,False,CBS,False,22.0,13.666666666666666,0.6666666666666666,22.6,16.4,0.6,29.8,16.2,0.8,19.666666666666668,29.666666666666668,0.0,20.6,24.0,0.4,24.0,19.1,0.7,1500.0,1500.0,0.0,0.5924662305843318,244.0,244.0,0.0,0,0,0.4375,1,3,37,0
2024,1,401671712,2024-09-08 17:00:00+00:00,STATUS_FINAL,New York Giants,NYG,6,0-1,Minnesota Vikings,MIN,28,1-0,False,34,22,MetLife Stadium,East Rutherford,False,FOX,True,25.333333333333332,19.333333333333332,0.6666666666666666,19.2,15.6,0.6,17.3,20.7,0.5,15.666666666666666,19.0,0.3333333333333333,19.6,21.2,0.4,21.9,18.9,0.6,1500.0,1500.0,0.0,0.5924662305843318,244.0,244.0,0.0,0,0,0.6323529411764706,0,-22,34,0
2024,1,401671744,2024-09-08 17:00:00+00:00,STATUS_FINAL,Atlanta Falcons,ATL,10,0-1,Pittsburgh Steelers,PIT,18,1-0,False,28,8,Mercedes-Benz Stadium,Atlanta,False,FOX,True,26.0,18.0,0.6666666666666666,24.4,21.8,0.4,24.2,19.8,0.7,20.0,21.0,0.6666666666666666,17.2,17.2,0.6,17.9,18.0,0.7,1500.0,1500.0,0.0,0.5924662305843318,258.0,245.0,13.0,0,0,0.8161764705882353,0,-8,28,0
2024,1,401671734,2024-09-08 17:00:00+00:00,STATUS_FINAL,New Orleans Saints,NO,47,1-0,Carolina Panthers,CAR,10,0-1,True,57,37,Caesars Superdome,New Orleans,False,FOX,False,33.333333333333336,9.666666666666666,1.0,30.4,15.8,0.8,22.9,17.9,0.6,8.0,25.0,0.0,9.4,21.6,0.0,13.9,26.0,0.1,1500.0,1500.0,0.0,0.5924662305843318,244.0,251.0,-7.0,0,0,0.125,1,37,57,1
2024,1,401671861,2024-09-08 17:00:00+00:00,STATUS_FINAL,Indianapolis Colts,IND,27,0-1,Houston Texans,HOU,29,1-0,False,56,2,Lucas Oil Stadium,Indianapolis,False,CBS,True,24.0,18.666666666666668,0.6666666666666666,25.2,22.8,0.6,26.2,26.1,0.4,16.0,21.666666666666668,0.6666666666666666,18.2,21.4,0.6,20.7,21.5,0.6,1500.0,1500.0,0.0,0.5924662305843318,245.0,245.0,0.0,0,0,0.3713235294117647,0,-2,56,0
2024,1,401671719,2024-09-08 17:00:00+00:00,STATUS_FINAL,Chicago Bears,CHI,24,1-0,Tennessee Titans,TEN,17,0-1,True,41,7,Soldier Field,Chicago,False,FOX,False,30.666666666666668,15.333333333333334,1.0,27.6,14.2,1.0,22.5,22.3,0.5,15.0,29.0,0.3333333333333333,13.4,25.4,0.2,13.1,23.0,0.1,1500.0,1500.0,0.0,0.5924662305843318,251.0,251.0,0.0,0,0,0.9375,1,7,41,1
2024,1,401671617,2024-09-08 17:00:00+00:00,STATUS_FINAL,Buffalo Bills,BUF,34,1-0,Arizona Cardinals,ARI,28,0-1,True,62,6,Highmark Stadium,Orchard Park,False,CBS,False,30.0,12.333333333333334,1.0,27.2,15.8,0.8,29.1,16.6,0.8,25.0,22.666666666666668,0.6666666666666666,18.2,23.2,0.4,15.5,25.5,0.2,1500.0,1500.0,0.0,0.5924662305843318,251.0,251.0,0.0,0,0,0.0,1,6,62,1
2024,1,401671628,2024-09-08 17:00:00+00:00,STATUS_FINAL,Cincinnati Bengals,CIN,10,0-1,New England Patriots,NE,16,1-0,False,26,6,Paycor Stadium,Cincinnati,False,CBS,True,30.666666666666668,17.333333333333332,1.0,25.8,19.6,0.6,24.0,18.8,0.7,22.666666666666668,22.666666666666668,0.6666666666666666,18.4,21.8,0.4,17.4,24.3,0.3,1500.0,1500.0,0.0,0.5924662305843318,244.0,251.0,-7.0,0,0,0.6617647058823529,0,-6,26,0
2024,1,401671664,2024-09-08 20:05:00+00:00,STATUS_FINAL,Seattle Seahawks,SEA,26,1-0,Denver Broncos,DEN,20,0-1,True,46,6,Lumen Field,Seattle,False,CBS,False,18.666666666666668,26.0,0.3333333333333333,21.8,24.8,0.6,22.1,21.3,0.7,18.333333333333332,25.333333333333332,0.3333333333333333,19.2,24.0,0.4,19.3,31.5,0.3,1500.0,1500.0,0.0,0.5924662305843318,251.0,244.0,7.0,0,0,0.27941176470588236,1,6,46,1
2024,1,401671659,2024-09-08 20:05:00+00:00,STATUS_FINAL,Los Angeles Chargers,LAC,22,1-0,Las Vegas Raiders,LV,10,0-1,True,32,12,SoFi Stadium,Inglewood,False,CBS,False,13.666666666666666,20.333333333333332,0.0,17.8,24.4,0.0,22.5,21.8,0.3,17.666666666666668,19.0,0.3333333333333333,15.8,22.6,0.2,14.9,22.1,0.2,1500.0,1500.0,0.0,0.5924662305843318,244.0,252.0,-8.0,0,0,0.5661764705882353,1,12,32,1
2024,1,401671761,2024-09-08 20:25:00+00:00,STATUS_FINAL,Cleveland Browns,CLE,17,0-1,Dallas Cowboys,DAL,33,1-0,False,50,16,Huntington Bank Field,Cleveland,False,FOX,True,29.333333333333332,21.333333333333332,1.0,25.6,14.8,1.0,21.1,14.2,0.8,22.666666666666668,21.0,0.3333333333333333,24.8,20.2,0.4,21.6,21.4,0.4,1500.0,1500.0,0.0,0.5924662305843318,254.0,244.0,10.0,0,0,0.25,0,-16,50,0
2024,1,401671770,2024-09-08 20:25:00+00:00,STATUS_FINAL,Tampa Bay Buccaneers,TB,37,1-0,Washington Commanders,WSH,20,0-1,True,57,17,Raymond James Stadium,Tampa,False,FOX,False,21.333333333333332,17.666666666666668,0.6666666666666666,19.4,15.0,0.6,19.4,19.5,0.5,19.333333333333332,34.333333333333336,0.0,20.8,29.8,0.2,22.1,28.3,0.3,1500.0,1500.0,0.0,0.5924662305843318,252.0,259.0,-7.0,0,0,0.9705882352941176,1,17,57,1
2024,1,401671792,2024-09-09 00:20:00+00:00,STATUS_FINAL,Detroit Lions,DET,26,1-0,Los Angeles Rams,LAR,20,0-1,True,46,6,Ford Field,Detroit,False,NBC,False,31.333333333333332,22.0,0.6666666666666666,30.2,21.2,0.8,31.9,20.6,0.8,26.0,27.333333333333332,0.6666666666666666,23.6,23.2,0.6,22.9,23.3,0.5,1500.0,1500.0,0.0,0.5924662305843318,245.0,245.0,0.0,0,0,0.5367647058823529,1,6,46,1
2024,1,401671696,2024-09-10 00:15:00+00:00,STATUS_FINAL,San Francisco 49ers,SF,32,1-0,New York Jets,NYJ,19,0-1,True,51,13,Levi's Stadium,Santa Clara,False,ESPN,False,22.333333333333332,23.333333333333332,0.3333333333333333,22.2,23.0,0.4,29.3,18.6,0.7,12.333333333333334,23.333333333333332,0.3333333333333333,11.0,23.6,0.2,12.1,21.3,0.3,1500.0,1500.0,0.0,0.5924662305843318,246.0,246.0,0.0,0,0,0.7536764705882353,1,13,51,1
2024,2,401671807,2024-09-13 00:15:00+00:00,STATUS_FINAL,Miami Dolphins,MIA,10,1-1,Buffalo Bills,BUF,31,2-0,False,41,21,Hard Rock Stadium,Miami Gardens,False,Prime Video,True,18.666666666666668,19.333333333333332,0.6666666666666666,22.6,17.2,0.6,30.7,17.3,0.8,21.666666666666668,17.666666666666668,1.0,23.4,22.8,0.6,23.0,18.1,0.6,1508.1506753883134,1508.1506753883134,0.0,0.5924662305843318,4.0,248.0,-244.0,0,0,0.09191176470588236,0,-21,41,0
2024,2,401671652,2024-09-15 17:00:00+00:00,STATUS_FINAL,Carolina Panthers,CAR,3,0-2,Los Angeles Chargers,LAC,26,2-0,False,29,23,Bank of America Stadium,Charlotte,False,CBS,True,13.0,16.333333333333332,0.3333333333333333,12.4,21.8,0.2,16.0,21.0,0.3,12.0,26.333333333333332,0.3333333333333333,16.6,21.6,0.4,20.0,22.4,0.4,1491.8493246116866,1508.1506753883134,-16.301350776626805,0.5696276063234539,251.0,258.0,-7.0,0,0,0.5036764705882353,0,-23,29,0
2024,2,401671721,2024-09-15 17:00:00+00:00,STATUS_FINAL,Detroit Lions,DET,16,1-1,Tampa Bay Buccaneers,TB,20,2-0,False,36,4,Ford Field,Detroit,False,FOX,True,32.666666666666664,19.0,1.0,30.2,22.4,0.8,31.1,20.3,0.8,24.0,15.0,1.0,21.2,19.8,0.6,22.4,21.8,0.5,1508.1506753883134,1508.1506753883134,0.0,0.5924662305843318,6.0,251.0,-245.0,0,0,0.9080882352941176,0,-4,36,0
2024,2,401671624,2024-09-15 17:00:00+00:00,STATUS_FINAL,Baltimore Ravens,BAL,23,0-2,Las Vegas Raiders,LV,26,1-1,False,49,3,M&T Bank Stadium,Baltimore,False,CBS,True,34.333333333333336,22.333333333333332,0.6666666666666666,33.6,24.0,0.6,30.0,17.6,0.6,16.666666666666668,19.666666666666668,0.3333333333333333,15.4,21.0,0.2,14.3,22.6,0.2,1491.8493246116866,1491.8493246116866,0.0,0.5924662305843318,252.0,6.0,246.0,0,0,0.5698529411764706,0,-3,49,0
2024,2,401671635,2024-09-15 17:00:00+00:00,STATUS_FINAL,Jacksonville Jaguars,JAX,13,0-2,Cleveland Browns,CLE,18,1-1,False,31,5,EverBank Stadium,Jacksonville,False,CBS,True,21.333333333333332,19.0,0.3333333333333333,20.2,21.0,0.4,20.7,20.2,0.5,23.0,29.666666666666668,0.3333333333333333,22.8,29.8,0.4,23.3,27.5,0.4,1491.8493246116866,1488.1506753883134,3.698649223373195,0.5975966812089413,258.0,251.0,7.0,0,0,0.21691176470588236,0,-5,31,0
2024,2,401671636,2024-09-15 17:00:00+00:00,STATUS_FINAL,Tennessee Titans,TEN,17,0-2,New York Jets,NYJ,24,1-1,False,41,7,Nissan Stadium,Nashville,False,CBS,True,20.333333333333332,19.666666666666668,0.3333333333333333,21.2,20.0,0.4,21.7,20.1,0.5,18.666666666666668,24.0,0.3333333333333333,12.4,26.8,0.2,13.4,22.2,0.3,1491.8493246116866,1491.8493246116866,0.0,0.5924662305843318,251.0,5.0,246.0,0,0,0.7573529411764706,0,-7,41,0
2024,2,401671709,2024-09-15 17:00:00+00:00,STATUS_FINAL,Dallas Cowboys,DAL,19,1-1,New Orleans Saints,NO,44,2-0,False,63,25,AT&T Stadium,Arlington,False,FOX,True,31.333333333333332,22.333333333333332,1.0,37.6,18.8,1.0,36.6,18.4,1.0,20.0,22.333333333333332,0.3333333333333333,23.4,24.2,0.4,22.1,18.6,0.5,1511.8493246116866,1508.1506753883134,3.698649223373195,0.5975966812089413,259.0,258.0,1.0,0,0,0.6948529411764706,0,-25,63,0
2024,2,401671716,2024-09-15 17:00:00+00:00,STATUS_FINAL,Washington Commanders,WSH,21,1-1,New York Giants,NYG,18,0-2,True,39,3,Northwest Stadium,Landover,False,FOX,False,11.666666666666666,36.666666666666664,0.0,17.0,35.8,0.0,16.4,30.2,0.2,20.666666666666668,25.333333333333332,0.3333333333333333,17.0,31.0,0.2,16.9,28.0,0.2,1491.8493246116866,1488.1506753883134,3.698649223373195,0.5975966812089413,251.0,264.0,-13.0,0,0,0.7242647058823529,1,3,39,0
2024,2,401671702,2024-09-15 17:00:00+00:00,STATUS_FINAL,New England Patriots,NE,20,1-1,Seattle Seahawks,SEA,23,2-0,False,43,3,Gillette Stadium,Foxborough,False,FOX,True,6.666666666666667,16.666666666666668,0.0,8.6,16.0,0.0,13.2,20.9,0.2,19.0,21.666666666666668,0.6666666666666666,21.6,24.6,0.4,19.5,23.5,0.4,1511.8493246116866,1508.1506753883134,3.698649223373195,0.5975966812089413,251.0,251.0,0.0,0,0,0.8492647058823529,0,-3,43,0
2024,2,401671723,2024-09-15 17:00:00+00:00,STATUS_FINAL,Green Bay Packers,GB,16,1-1,Indianapolis Colts,IND,10,0-2,True,26,6,Lambeau Field,Green Bay,False,FOX,False,21.333333333333332,20.666666666666668,0.6666666666666666,21.4,17.0,0.8,21.2,19.7,0.6,18.333333333333332,30.333333333333332,0.3333333333333333,18.4,22.0,0.6,21.1,26.3,0.5,1491.8493246116866,1488.1506753883134,3.698649223373195,0.5975966812089413,251.0,265.0,-14.0,0,0,0.40441176470588236,1,6,26,1
2024,2,401671645,2024-09-15 17:00:00+00:00,STATUS_FINAL,Minnesota Vikings,MIN,23,2-0,San Francisco 49ers,SF,17,1-1,True,40,6,U.S. Bank Stadium,Minneapolis,False,CBS,False,14.666666666666666,25.0,0.0,18.6,22.2,0.4,22.0,24.6,0.4,38.0,19.333333333333332,1.0,35.8,14.8,1.0,31.0,17.9,0.8,1511.8493246116866,1508.1506753883134,3.698649223373195,0.5975966812089413,258.0,258.0,0.0,0,0,0.8786764705882353,1,6,40,1
2024,2,401671754,2024-09-15 20:05:00+00:00,STATUS_FINAL,Arizona Cardinals,ARI,41,1-1,Los Angeles Rams,LAR,10,0-2,True,51,31,State Farm Stadium,Glendale,False,FOX,False,21.0,34.333333333333336,0.0,22.4,31.4,0.2,21.7,28.4,0.2,22.333333333333332,23.666666666666668,0.6666666666666666,27.0,24.4,0.6,23.3,24.0,0.5,1491.8493246116866,1491.8493246116866,0.0,0.5924662305843318,251.0,6.0,245.0,0,0,0.5404411764705882,1,31,51,1
2024,2,401671670,2024-09-15 20:25:00+00:00,STATUS_FINAL,Kansas City Chiefs,KC,26,2-0,Cincinnati Bengals,CIN,25,0-2,True,51,1,GEHA Field at Arrowhead Stadium,Kansas City,False,CBS,False,22.0,19.0,0.6666666666666666,20.0,19.6,0.4,23.2,16.8,0.6,20.666666666666668,30.0,0.3333333333333333,22.6,28.2,0.4,20.9,25.3,0.5,1508.1506753883134,1488.1506753883134,20.0,0.6199413590445233,9.0,258.0,-249.0,0,0,0.18382352941176472,1,1,51,0
2024,2,401671668,2024-09-15 20:25:00+00:00,STATUS_FINAL,Denver Broncos,DEN,6,0-2,Pittsburgh Steelers,PIT,13,2-0,False,19,7,Empower Field at Mile High,Denver,False,CBS,True,22.666666666666668,15.666666666666666,0.6666666666666666,22.6,15.2,0.8,23.3,20.4,0.6,21.666666666666668,14.333333333333334,1.0,18.8,16.6,0.8,17.3,17.4,0.7,1491.8493246116866,1511.8493246116866,-20.0,0.5644004902404213,258.0,7.0,251.0,0,0,0.8198529411764706,0,-7,19,0
2024,2,401671786,2024-09-16 00:20:00+00:00,STATUS_FINAL,Houston Texans,HOU,19,2-0,Chicago Bears,CHI,13,1-1,True,32,6,NRG Stadium,Houston,False,NBC,False,23.333333333333332,18.666666666666668,0.6666666666666666,22.4,19.2,0.6,22.4,21.4,0.6,12.666666666666666,15.666666666666666,0.3333333333333333,16.2,20.4,0.2,17.1,26.1,0.2,1511.8493246116866,1508.1506753883134,3.698649223373195,0.5975966812089413,259.0,252.0,7.0,0,0,0.15441176470588236,1,6,32,1
2024,2,401671691,2024-09-17 00:15:00+00:00,STATUS_FINAL,Philadelphia Eagles,PHI,21,1-1,Atlanta Falcons,ATL,22,1-1,False,43,1,Lincoln Financial Field,Philadelphia,False,ESPN,True,32.666666666666664,29.666666666666668,0.6666666666666666,30.8,33.0,0.6,30.3,28.0,0.8,13.666666666666666,31.333333333333332,0.0,15.4,25.4,0.2,13.8,22.8,0.2,1508.1506753883134,1488.1506753883134,20.0,0.6199413590445233,10.0,253.0,-243.0,0,0,0.029411764705882353,0,-1,43,0
2024,3,401671808,2024-09-20 00:15:00+00:00,STATUS_FINAL,New York Jets,NYJ,24,2-1,New England Patriots,NE,3,1-2,True,27,21,MetLife Stadium,East Rutherford,False,Prime Video,False,22.666666666666668,15.666666666666666,0.6666666666666666,17.4,21.6,0.4,16.2,19.5,0.4,21.0,20.0,0.6666666666666666,18.2,17.6,0.6,16.6,22.3,0.4,1503.6986492233732,1499.8973909875078,3.8012582358653617,0.5977387131062422,270.0,11.0,259.0,0,0,0.6654411764705882,1,21,27,1
2024,3,401671855,2024-09-22 17:00:00+00:00,STATUS_FINAL,Cleveland Browns,CLE,15,1-2,New York Giants,NYG,21,1-2,False,36,6,Huntington Bank Field,Cleveland,False,FOX,True,24.666666666666668,23.333333333333332,0.6666666666666666,23.6,21.4,0.8,21.8,15.8,0.8,16.333333333333332,26.0,0.0,19.4,29.2,0.2,17.1,27.9,0.2,1500.1026090124922,1480.1026090124922,20.0,0.6199413590445233,13.0,7.0,6.0,0,0,0.7279411764705882,0,-6,36,0
2024,3,401671632,2024-09-22 17:00:00+00:00,STATUS_FINAL,Pittsburgh Steelers,PIT,20,3-0,Los Angeles Chargers,LAC,10,2-1,True,30,10,Acrisure Stadium,Pittsburgh,False,CBS,False,20.666666666666668,18.666666666666668,0.3333333333333333,21.0,18.2,0.6,19.3,18.7,0.6,18.666666666666668,27.333333333333332,0.3333333333333333,16.4,21.0,0.4,20.6,22.4,0.4,1523.137334416495,1519.5432275147825,3.5941069017123937,0.5974519563736768,273.0,7.0,266.0,0,0,0.5073529411764706,1,10,30,1
2024,3,401671741,2024-09-22 17:00:00+00:00,STATUS_FINAL,Tampa Bay Buccaneers,TB,7,2-1,Denver Broncos,DEN,26,1-2,False,33,19,Raymond James Stadium,Tampa,False,FOX,True,26.666666666666668,18.333333333333332,0.6666666666666666,24.2,15.8,0.8,20.8,18.1,0.6,17.0,31.666666666666668,0.0,18.4,24.8,0.2,19.9,29.0,0.3,1520.0,1480.5613148068783,39.43868519312173,0.6459302044764943,13.0,13.0,0.0,0,0,0.28308823529411764,0,-19,33,0
2024,3,401671736,2024-09-22 17:00:00+00:00,STATUS_FINAL,New Orleans Saints,NO,12,2-1,Philadelphia Eagles,PHI,15,2-1,False,27,3,Caesars Superdome,New Orleans,False,FOX,True,39.666666666666664,11.0,1.0,35.0,14.4,0.8,25.5,17.1,0.6,13.333333333333334,26.666666666666668,0.0,19.8,25.6,0.4,22.0,23.3,0.5,1520.1026090124922,1495.7518482074229,24.350760805069285,0.6258243321071113,14.0,258.0,-244.0,0,0,0.7867647058823529,0,-3,27,0
2024,3,401671646,2024-09-22 17:00:00+00:00,STATUS_FINAL,Minnesota Vikings,MIN,34,3-0,Houston Texans,HOU,7,2-1,True,41,27,U.S. Bank Stadium,Minneapolis,False,CBS,False,19.0,26.666666666666668,0.3333333333333333,18.8,22.2,0.4,20.4,22.7,0.4,23.666666666666668,20.666666666666668,1.0,21.4,23.8,0.8,21.7,22.8,0.6,1519.8973909875078,1519.8973909875078,0.0,0.5924662305843318,7.0,14.0,-7.0,0,0,0.375,1,27,41,1
2024,3,401671823,2024-09-22 17:00:00+00:00,STATUS_FINAL,Tennessee Titans,TEN,14,0-3,Green Bay Packers,GB,30,2-1,False,44,16,Nissan Stadium,Nashville,False,FOX,True,20.666666666666668,21.333333333333332,0.3333333333333333,21.2,22.8,0.2,22.1,19.8,0.5,31.666666666666668,24.666666666666668,0.6666666666666666,29.2,24.0,0.6,25.7,22.4,0.4,1480.0,1499.8973909875078,-19.897390987507833,0.5645457012140997,7.0,15.0,-8.0,0,0,0.34558823529411764,0,-16,44,0
2024,3,401671865,2024-09-22 17:00:00+00:00,STATUS_FINAL,Indianapolis Colts,IND,21,1-2,Chicago Bears,CHI,16,1-2,True,37,5,Lucas Oil Stadium,Indianapolis,False,CBS,False,23.0,24.0,0.3333333333333333,25.2,21.0,0.6,25.8,25.8,0.4,13.0,18.666666666666668,0.0,15.4,19.4,0.2,17.4,23.9,0.2,1480.1026090124922,1500.1026090124922,-20.0,0.5644004902404213,14.0,6.0,8.0,0,0,0.15808823529411764,1,5,37,1
2024,3,401671662,2024-09-22 20:05:00+00:00,STATUS_FINAL,Seattle Seahawks,SEA,24,3-0,Miami Dolphins,MIA,3,1-2,True,27,21,Lumen Field,Seattle,False,CBS,False,23.0,22.333333333333332,0.6666666666666666,22.2,24.8,0.6,22.4,22.7,0.7,32.666666666666664,28.0,0.6666666666666666,25.8,27.2,0.4,25.9,29.0,0.4,1520.1026090124922,1496.3013507766268,23.80125823586536,0.6250833189215089,14.0,266.0,-252.0,0,0,0.5992647058823529,1,21,27,1
2024,3,401671658,2024-09-22 20:05:00+00:00,STATUS_FINAL,Las Vegas Raiders,LV,22,1-2,Carolina Panthers,CAR,36,1-2,False,58,14,Allegiant Stadium,Las Vegas,False,CBS,True,30.0,12.666666666666666,0.6666666666666666,24.6,16.2,0.6,22.2,17.1,0.6,5.333333333333333,33.666666666666664,0.0,8.8,27.8,0.0,13.9,30.0,0.0,1503.6986492233732,1480.4567724852175,23.241876738155725,0.6243283813303514,258.0,14.0,244.0,0,0,0.12867647058823528,0,-14,58,0
2024,3,401671763,2024-09-22 20:25:00+00:00,STATUS_FINAL,Dallas Cowboys,DAL,25,1-2,Baltimore Ravens,BAL,28,1-2,False,53,3,AT&T Stadium,Arlington,False,FOX,True,24.0,25.333333333333332,0.6666666666666666,31.6,24.2,0.8,35.8,20.5,0.9,25.333333333333332,17.666666666666668,0.6666666666666666,25.4,17.4,0.8,23.2,17.4,0.7,1499.8973909875078,1480.0,19.897390987507833,0.6198021802138024,7.0,16.0,-9.0,0,0,0.0625,0,-3,53,0
2024,3,401671771,2024-09-22 20:25:00+00:00,STATUS_FINAL,Arizona Cardinals,ARI,13,1-2,Detroit Lions,DET,20,2-1,False,33,7,State Farm Stadium,Glendale,False,FOX,True,30.0,25.333333333333332,0.3333333333333333,25.8,27.2,0.4,24.5,26.7,0.3,20.666666666666668,24.0,0.3333333333333333,27.2,27.6,0.6,23.7,23.8,0.7,1500.0,1496.3013507766268,3.698649223373195,0.5975966812089413,7.0,266.0,-259.0,0,0,0.3125,0,-7,33,0
2024,3,401671772,2024-09-22 20:25:00+00:00,STATUS_FINAL,Los Angeles Rams,LAR,27,1-2,San Francisco 49ers,SF,24,1-2,True,51,3,SoFi Stadium,Inglewood,False,FOX,False,31.333333333333332,20.333333333333332,1.0,25.6,20.2,0.8,25.9,19.3,0.7,29.666666666666668,20.666666666666668,0.6666666666666666,32.4,18.8,0.8,29.0,16.8,0.7,1483.6986492233732,1500.1026090124922,-16.40395978911897,0.5694827976788844,275.0,7.0,268.0,0,0,0.8823529411764706,1,3,51,0
2024,3,401671793,2024-09-23 00:20:00+00:00,STATUS_FINAL,Atlanta Falcons,ATL,17,1-2,Kansas City Chiefs,KC,22,3-0,False,39,5,Mercedes-Benz Stadium,Atlanta,False,NBC,True,21.333333333333332,19.0,0.3333333333333333,23.2,20.6,0.4,23.2,19.7,0.6,19.666666666666668,18.666666666666668,0.6666666666666666,19.8,19.4,0.6,22.7,18.3,0.8,1500.549502569204,1515.7518482074229,-15.202345638218958,0.5711778434951836,14.0,259.0,-245.0,0,0,0.47058823529411764,0,-5,39,0
2024,3,401671682,2024-09-23 23:30:00+00:00,STATUS_FINAL,Buffalo Bills,BUF,47,3-0,Jacksonville Jaguars,JAX,10,0-3,True,57,37,Highmark Stadium,Orchard Park,False,ESPN,False,30.666666666666668,19.666666666666668,1.0,29.2,17.8,0.8,29.0,17.1,0.8,16.333333333333332,26.0,0.0,20.0,26.0,0.2,23.8,20.8,0.6,1520.0,1479.8973909875078,40.10260901249217,0.6468037906334684,15.0,15.0,0.0,0,0,0.4411764705882353,1,37,57,1
2024,3,401671490,2024-09-24 00:15:00+00:00,STATUS_FINAL,Cincinnati Bengals,CIN,33,0-3,Washington Commanders,WSH,38,2-1,False,71,5,Paycor Stadium,Cincinnati,False,ABC,True,22.666666666666668,18.0,0.6666666666666666,22.4,16.8,0.6,22.3,18.8,0.6,22.666666666666668,31.666666666666668,0.0,20.8,33.8,0.0,22.1,28.3,0.3,1480.549502569204,1499.8973909875078,-19.34788841830391,0.5653231612761047,15.0,15.0,0.0,0,0,0.9742647058823529,0,-5,71,0
2024,4,401671812,2024-09-27 00:15:00+00:00,STATUS_FINAL,New York Giants,NYG,15,1-3,Dallas Cowboys,DAL,20,2-2,False,35,5,MetLife Stadium,East Rutherford,False,Prime Video,True,19.333333333333332,21.333333333333332,0.3333333333333333,18.4,18.6,0.6,15.7,18.7,0.5,30.333333333333332,16.333333333333332,0.6666666666666666,26.8,18.0,0.6,24.3,20.5,0.5,1492.5014361933827,1487.5013473832319,5.000088810150828,0.5993969194664976,18.0,18.0,0.0,0,0,0.2536764705882353,0,-5,35,0
2024,4,401671740,2024-09-29 17:00:00+00:00,STATUS_FINAL,Tampa Bay Buccaneers,TB,33,3-1,Philadelphia Eagles,PHI,16,2-2,True,49,17,Raymond James Stadium,Tampa,False,FOX,False,19.0,23.0,0.3333333333333333,21.6,19.8,0.6,18.5,18.3,0.5,14.0,19.666666666666668,0.3333333333333333,15.2,21.8,0.4,20.1,20.5,0.6,1507.08139591047,1508.268334849565,-1.1869389390949436,0.590815470140965,7.0,7.0,0.0,0,0,0.7904411764705882,1,17,49,1
2024,4,401671727,2024-09-29 17:00:00+00:00,STATUS_FINAL,Atlanta Falcons,ATL,26,2-2,New Orleans Saints,NO,24,2-2,True,50,2,Mercedes-Benz Stadium,Atlanta,False,FOX,False,18.666666666666668,16.666666666666668,0.3333333333333333,21.0,18.8,0.4,21.9,20.2,0.5,29.666666666666668,20.666666666666668,0.6666666666666666,24.6,22.6,0.4,24.5,19.5,0.5,1489.1259456993002,1507.58612237035,-18.460176671049794,0.5665784541177705,6.0,14.0,-8.0,0,0,0.6985294117647058,1,2,50,0
2024,4,401671867,2024-09-29 17:00:00+00:00,STATUS_FINAL,Indianapolis Colts,IND,27,2-2,Pittsburgh Steelers,PIT,24,3-1,True,51,3,Lucas Oil Stadium,Indianapolis,False,CBS,False,22.333333333333332,22.666666666666668,0.3333333333333333,24.0,20.2,0.6,25.8,24.3,0.5,16.0,8.666666666666666,1.0,18.2,15.8,0.8,17.0,16.7,0.7,1488.8145992076838,1531.1882952890214,-42.373696081337584,0.532515914051349,7.0,13.0,-6.0,0,0,0.8235294117647058,1,3,51,0
2024,4,401671745,2024-09-29 17:00:00+00:00,STATUS_FINAL,Carolina Panthers,CAR,24,1-3,Cincinnati Bengals,CIN,34,1-3,False,58,10,Bank of America Stadium,Charlotte,False,FOX,True,11.0,22.666666666666668,0.0,10.4,21.6,0.2,14.7,21.2,0.3,17.666666666666668,28.333333333333332,0.0,21.4,30.0,0.2,20.0,25.6,0.4,1492.9433401118245,1469.2430393436819,23.700300768142597,0.6249471122505137,14.0,13.0,1.0,0,0,0.1875,0,-10,58,0
2024,4,401671643,2024-09-29 17:00:00+00:00,STATUS_FINAL,Green Bay Packers,GB,29,2-2,Minnesota Vikings,MIN,31,4-0,False,60,2,Lambeau Field,Green Bay,False,CBS,True,17.666666666666668,17.666666666666668,0.6666666666666666,20.6,18.4,0.8,18.7,19.0,0.6,24.0,21.0,0.3333333333333333,19.0,16.8,0.4,21.8,18.2,0.6,1511.18830501179,1528.0480663758212,-16.85976136403133,0.5688393969151855,14.0,21.0,-7.0,0,0,0.6360294117647058,0,-2,60,0
2024,4,401671857,2024-09-29 17:00:00+00:00,STATUS_FINAL,Houston Texans,HOU,24,3-1,Jacksonville Jaguars,JAX,20,0-4,True,44,4,NRG Stadium,Houston,False,CBS,False,22.333333333333332,17.333333333333332,0.6666666666666666,22.0,18.6,0.6,24.0,19.6,0.7,15.666666666666666,31.666666666666668,0.0,17.2,31.2,0.0,21.7,25.2,0.5,1511.7467155991944,1472.8334668001771,38.91324879901731,0.6452381477007507,13.0,5.0,8.0,0,0,0.44485294117647056,1,4,44,1
2024,4,401671871,2024-09-29 17:00:00+00:00,STATUS_FINAL,Chicago Bears,CHI,24,2-2,Los Angeles Rams,LAR,18,1-3,True,42,6,Soldier Field,Chicago,False,FOX,False,29.333333333333332,16.666666666666668,1.0,26.4,15.2,1.0,23.6,20.5,0.6,17.0,29.0,0.3333333333333333,21.6,29.8,0.4,21.3,26.8,0.4,1491.3906188173005,1492.3089932697956,-0.9183744524950725,0.5911891625608904,21.0,13.0,8.0,0,0,0.5441176470588235,1,6,42,1
2024,4,401671622,2024-09-29 17:00:00+00:00,STATUS_FINAL,New York Jets,NYJ,9,2-2,Denver Broncos,DEN,10,2-2,False,19,1,MetLife Stadium,East Rutherford,False,CBS,True,28.0,12.333333333333334,1.0,21.0,16.8,0.6,18.3,17.9,0.5,20.0,20.0,0.3333333333333333,20.2,21.8,0.4,20.1,27.0,0.4,1511.7438749612484,1493.4799188964082,18.26395606484016,0.6175839503357755,9.0,7.0,2.0,0,0,0.2867647058823529,0,-1,19,0
2024,4,401671755,2024-09-29 20:05:00+00:00,STATUS_FINAL,Arizona Cardinals,ARI,14,1-3,Washington Commanders,WSH,42,3-1,False,56,28,State Farm Stadium,Glendale,False,FOX,True,24.666666666666668,17.0,0.3333333333333333,23.4,26.6,0.2,24.2,26.8,0.3,28.666666666666668,33.333333333333336,0.3333333333333333,23.2,34.6,0.2,22.4,28.3,0.3,1488.0480663758212,1511.20385421303,-23.155787837208663,0.5599291812185093,6.0,5.0,1.0,0,0,0.9779411764705882,0,-28,56,0
2024,4,401671758,2024-09-29 20:05:00+00:00,STATUS_FINAL,San Francisco 49ers,SF,30,2-2,New England Patriots,NE,13,1-3,True,43,17,Levi's Stadium,Santa Clara,False,FOX,False,23.666666666666668,24.333333333333332,0.3333333333333333,25.2,20.6,0.6,28.8,18.5,0.7,13.333333333333334,20.333333333333332,0.3333333333333333,17.4,20.4,0.6,14.6,21.2,0.4,1491.4922649660698,1491.8521652496327,-0.3599002835628653,0.5919659102682545,19.0,9.0,10.0,0,0,0.6691176470588235,1,17,43,1
2024,4,401671672,2024-09-29 20:25:00+00:00,STATUS_FINAL,Las Vegas Raiders,LV,20,2-2,Cleveland Browns,CLE,16,1-3,True,36,4,Allegiant Stadium,Las Vegas,False,CBS,False,37.333333333333336,23.666666666666668,0.6666666666666666,25.8,21.0,0.4,23.1,17.6,0.6,22.666666666666668,22.0,0.6666666666666666,19.8,26.2,0.4,22.7,27.8,0.4,1491.2120815967662,1487.7037818316016,3.5082997651645655,0.5973331552053665,7.0,14.0,-7.0,0,0,0.22058823529411764,1,4,36,1
2024,4,401671674,2024-09-29 20:25:00+00:00,STATUS_FINAL,Los Angeles Chargers,LAC,10,2-2,Kansas City Chiefs,KC,17,4-0,False,27,7,SoFi Stadium,Inglewood,False,CBS,True,18.666666666666668,15.666666666666666,0.3333333333333333,14.6,18.2,0.2,21.6,21.8,0.3,20.666666666666668,15.333333333333334,1.0,22.4,18.0,0.8,21.9,17.6,0.8,1511.492266642256,1527.1754050773266,-15.683138435070532,0.5704998156895492,21.0,6.0,15.0,0,0,0.4742647058823529,0,-7,27,0
2024,4,401671783,2024-09-30 00:20:00+00:00,STATUS_FINAL,Baltimore Ravens,BAL,35,2-2,Buffalo Bills,BUF,10,3-1,True,45,25,M&T Bank Stadium,Baltimore,False,NBC,False,29.666666666666668,20.666666666666668,0.3333333333333333,32.0,22.6,0.6,31.0,18.6,0.6,25.333333333333332,15.333333333333334,1.0,26.0,20.0,0.8,22.6,17.8,0.6,1492.396043604276,1527.0639241873307,-34.66788058305474,0.5435408651611401,14.0,17.0,-3.0,0,0,0.09558823529411764,1,25,45,1
2024,4,401671683,2024-09-30 23:30:00+00:00,STATUS_FINAL,Miami Dolphins,MIA,12,1-3,Tennessee Titans,TEN,31,1-3,False,43,19,Hard Rock Stadium,Miami Gardens,False,ESPN,True,14.666666666666666,23.0,0.3333333333333333,19.2,17.8,0.6,24.7,18.4,0.7,16.0,25.666666666666668,0.3333333333333333,13.6,26.2,0.2,13.4,23.7,0.1,1488.803017155057,1468.709085975718,20.09393117933905,0.6200687499777936,17.0,22.0,-5.0,0,0,0.9411764705882353,0,-19,43,0
2024,4,401671491,2024-10-01 00:15:00+00:00,STATUS_FINAL,Detroit Lions,DET,42,3-1,Seattle Seahawks,SEA,29,3-1,True,71,13,Ford Field,Detroit,False,ABC,False,24.0,20.0,0.6666666666666666,27.2,21.2,0.6,28.6,21.3,0.7,21.333333333333332,19.0,1.0,23.0,25.2,0.6,20.8,23.1,0.5,1508.2532844008056,1527.600942634062,-19.347658233256425,0.5653234868848401,15.0,15.0,0.0,0,0,0.8529411764705882,1,13,71,1
2024,5,401671815,2024-10-04 00:15:00+00:00,STATUS_FINAL,Atlanta Falcons,ATL,36,3-2,Tampa Bay Buccaneers,TB,30,3-2,True,66,6,Mercedes-Benz Stadium,Atlanta,False,Prime Video,False,17.666666666666668,21.333333333333332,0.3333333333333333,21.4,20.6,0.4,22.1,21.6,0.5,21.0,12.0,1.0,22.4,17.6,0.8,22.7,20.4,0.6,1497.7943766169449,1515.2650865076507,-17.470709890705848,0.5679766294381441,4.0,18.0,-14.0,0,0,0.9117647058823529,1,6,66,1
2024,5,401671804,2024-10-06 13:30:00+00:00,STATUS_FINAL,Minnesota Vikings,MIN,23,5-0,New York Jets,NYJ,17,2-3,True,40,6,Tottenham Hotspur Stadium,London,True,NFL Net,False,22.333333333333332,19.0,0.6666666666666666,20.2,19.8,0.4,21.1,21.0,0.4,20.0,17.333333333333332,0.6666666666666666,16.0,23.8,0.4,15.2,22.8,0.4,1539.424854314125,1499.3921959545328,40.03265835959223,0.6467117961622123,13.0,20.0,-7.0,0,0,0.7610294117647058,1,6,40,1
2024,5,401671872,2024-10-06 17:00:00+00:00,STATUS_FINAL,Chicago Bears,CHI,36,3-2,Carolina Panthers,CAR,10,1-4,True,46,26,Soldier Field,Chicago,False,FOX,False,28.333333333333332,17.333333333333332,1.0,28.0,16.2,1.0,24.7,19.4,0.7,15.333333333333334,31.666666666666668,0.3333333333333333,14.0,28.8,0.2,16.5,29.8,0.1,1499.5668355660828,1480.4443978668141,19.12243769926863,0.61875039905052,7.0,13.0,-6.0,0,0,0.1323529411764706,1,26,46,1
2024,5,401671718,2024-10-06 17:00:00+00:00,STATUS_FINAL,Washington Commanders,WSH,34,4-1,Cleveland Browns,CLE,13,1-4,True,47,21,Northwest Stadium,Landover,False,FOX,False,13.666666666666666,27.666666666666668,0.3333333333333333,15.0,31.8,0.2,17.5,29.6,0.3,16.0,21.333333333333332,0.3333333333333333,20.6,24.4,0.4,22.9,27.0,0.4,1522.4024378374002,1479.650444935709,42.75199290169121,0.6502800287536165,21.0,6.0,15.0,0,0,0.22426470588235295,1,21,47,1
2024,5,401671633,2024-10-06 17:00:00+00:00,STATUS_FINAL,Jacksonville Jaguars,JAX,37,1-4,Indianapolis Colts,IND,34,2-3,True,71,3,EverBank Stadium,Jacksonville,False,CBS,False,15.333333333333334,13.666666666666666,0.3333333333333333,22.2,17.8,0.4,20.0,20.4,0.4,11.333333333333334,26.333333333333332,0.0,15.0,22.6,0.4,18.5,24.0,0.5,1465.7382297541922,1498.1642809266568,-32.42605117246467,0.5467408091794145,21.0,21.0,0.0,0,0,0.40808823529411764,1,3,71,0
2024,5,401671626,2024-10-06 17:00:00+00:00,STATUS_FINAL,Cincinnati Bengals,CIN,38,1-4,Baltimore Ravens,BAL,41,3-2,False,79,3,Paycor Stadium,Cincinnati,False,CBS,True,24.666666666666668,22.666666666666668,0.3333333333333333,27.0,21.2,0.6,23.2,19.9,0.6,27.0,23.666666666666668,0.6666666666666666,24.8,17.6,0.8,24.4,17.2,0.8,1481.7419815886922,1501.5252263010532,-19.78324471236101,0.5647072265653296,12.0,13.0,-1.0,0,0,0.0661764705882353,0,-3,79,0
2024,5,401671859,2024-10-06 17:00:00+00:00,STATUS_FINAL,Houston Texans,HOU,23,4-1,Buffalo Bills,BUF,20,3-2,True,43,3,NRG Stadium,Houston,False,CBS,False,23.0,12.0,1.0,22.6,17.8,0.8,24.4,18.5,0.8,20.666666666666668,19.666666666666668,0.6666666666666666,21.2,19.6,0.8,23.6,21.3,0.5,1518.8419526451794,1517.9347414905535,0.9072111546258839,0.5937265500088086,7.0,6.0,1.0,0,0,0.09926470588235294,1,3,43,0
2024,5,401671700,2024-10-06 17:00:00+00:00,STATUS_FINAL,New England Patriots,NE,10,1-4,Miami Dolphins,MIA,15,2-3,False,25,5,Gillette Stadium,Foxborough,False,FOX,True,13.333333333333334,22.333333333333332,0.0,9.2,16.6,0.0,12.9,21.1,0.1,22.333333333333332,31.666666666666668,0.3333333333333333,23.0,25.8,0.4,23.3,28.2,0.4,1483.6914834549978,1476.4016421555011,7.289841299496629,0.6025577276096137,21.0,13.0,8.0,0,0,0.6029411764705882,0,-5,25,0
2024,5,401671756,2024-10-06 20:05:00+00:00,STATUS_FINAL,San Francisco 49ers,SF,23,2-3,Arizona Cardinals,ARI,24,2-3,False,47,1,Levi's Stadium,Santa Clara,False,FOX,True,27.333333333333332,17.666666666666668,0.6666666666666666,25.8,20.4,0.6,28.0,18.5,0.7,26.333333333333332,30.666666666666668,0.3333333333333333,23.8,24.6,0.4,17.0,25.1,0.2,1499.6529467607047,1476.849482751451,22.80346400925373,0.623736279538851,7.0,28.0,-21.0,0,0,0.003676470588235294,0,-1,47,0
2024,5,401671747,2024-10-06 20:05:00+00:00,STATUS_FINAL,Denver Broncos,DEN,34,3-2,Las Vegas Raiders,LV,18,2-3,True,52,16,Empower Field at Mile High,Denver,False,FOX,False,15.0,16.0,0.3333333333333333,19.0,16.0,0.6,20.8,18.9,0.5,18.666666666666668,22.666666666666668,0.3333333333333333,17.8,20.4,0.4,15.9,23.6,0.3,1505.8315979031238,1499.265418492659,6.566179410464883,0.6015596850282533,20.0,21.0,-1.0,0,0,0.5735294117647058,1,16,52,1
2024,5,401671679,2024-10-06 20:25:00+00:00,STATUS_FINAL,Los Angeles Rams,LAR,19,1-4,Green Bay Packers,GB,24,3-2,False,43,5,SoFi Stadium,Inglewood,False,CBS,True,28.333333333333332,22.0,1.0,27.6,20.2,1.0,26.9,20.1,0.7,30.666666666666668,19.333333333333332,0.6666666666666666,29.4,22.4,0.6,24.9,21.8,0.4,1484.1327765210133,1499.8115170734861,-15.678740552472846,0.5705060189128761,14.0,14.0,0.0,0,0,0.3492647058823529,0,-5,43,0
2024,5,401671680,2024-10-06 20:25:00+00:00,STATUS_FINAL,Seattle Seahawks,SEA,20,3-2,New York Giants,NYG,29,2-3,False,49,9,Lumen Field,Seattle,False,CBS,True,24.333333333333332,17.666666666666668,0.6666666666666666,21.2,20.2,0.6,22.9,21.4,0.7,21.333333333333332,23.0,0.3333333333333333,20.2,22.4,0.4,16.1,26.6,0.2,1518.9074123717587,1480.5134978040528,38.393914567705906,0.6445535303813121,14.0,14.0,0.0,0,0,0.7316176470588235,0,-9,49,0
2024,5,401671784,2024-10-07 01:45:00+00:00,STATUS_FINAL,Pittsburgh Steelers,PIT,17,3-2,Dallas Cowboys,DAL,20,3-2,False,37,3,Acrisure Stadium,Pittsburgh,False,NBC,True,24.0,14.0,0.6666666666666666,21.0,17.0,0.6,18.5,18.3,0.6,30.333333333333332,14.0,1.0,24.2,19.0,0.6,22.3,22.0,0.5,1521.8386135700484,1499.4892857725617,22.349327797486694,0.6231225522428188,14.0,10.0,4.0,0,0,0.25735294117647056,0,-3,37,0
2024,5,401671687,2024-10-08 00:15:00+00:00,STATUS_FINAL,Kansas City Chiefs,KC,26,5-0,New Orleans Saints,NO,13,2-3,True,39,13,GEHA Field at Arrowhead Stadium,Kansas City,False,ESPN,False,26.0,20.666666666666668,1.0,21.8,20.4,0.6,23.8,17.2,0.7,30.333333333333332,19.333333333333332,0.6666666666666666,25.6,22.4,0.4,24.9,20.4,0.4,1538.5854013911176,1498.9176914527054,39.667709938412145,0.6462316639737796,22.0,8.0,14.0,0,0,0.7022058823529411,1,13,39,1
2024,6,401671819,2024-10-11 00:15:00+00:00,STATUS_FINAL,Seattle Seahawks,SEA,24,3-3,San Francisco 49ers,SF,36,3-3,False,60,12,Lumen Field,Seattle,False,Prime Video,True,23.333333333333332,17.333333333333332,0.6666666666666666,22.6,19.8,0.6,23.6,21.3,0.7,22.666666666666668,20.0,0.3333333333333333,31.0,21.6,0.6,28.4,18.8,0.6,1506.0163417641324,1487.1782211699276,18.838120594204838,0.6183642385099,4.0,18.0,-14.0,0,0,0.8860294117647058,0,-12,60,0
2024,6,401671802,2024-10-13 13:30:00+00:00,STATUS_FINAL,Chicago Bears,CHI,35,4-2,Jacksonville Jaguars,JAX,16,1-5,True,51,19,Tottenham Hotspur Stadium,London,True,NFL Net,False,28.0,15.0,1.0,29.6,15.6,1.0,26.3,16.6,0.8,15.666666666666666,30.333333333333332,0.0,15.8,29.8,0.0,20.6,25.5,0.4,1507.1918275850724,1474.8034135706039,32.38841401446848,0.6365943129305837,6.0,13.0,-7.0,0,0,0.4485294117647059,1,19,51,1
2024,6,401671619,2024-10-13 17:00:00+00:00,STATUS_FINAL,New England Patriots,NE,21,1-5,Houston Texans,HOU,41,5-1,False,62,20,Gillette Stadium,Foxborough,False,CBS,True,11.0,18.333333333333332,0.0,10.0,17.6,0.0,11.9,20.1,0.1,19.666666666666668,26.666666666666668,0.6666666666666666,16.8,25.2,0.6,19.2,23.1,0.5,1471.6403289028055,1526.9674216450032,-55.32709274219769,0.5139168370112149,7.0,21.0,-14.0,0,0,0.3786764705882353,0,-20,62,0
2024,6,401671714,2024-10-13 17:00:00+00:00,STATUS_FINAL,Philadelphia Eagles,PHI,20,3-2,Cleveland Browns,CLE,16,1-5,True,36,4,Lincoln Financial Field,Philadelphia,False,FOX,False,28.666666666666668,28.666666666666668,0.3333333333333333,27.6,30.6,0.4,30.2,28.6,0.7,15.666666666666666,22.333333333333332,0.3333333333333333,19.4,24.0,0.4,22.0,27.8,0.4,1500.0846442523844,1472.6560455107813,27.428598741603082,0.629963861854402,26.0,7.0,19.0,0,0,0.22794117647058823,1,4,36,1
2024,6,401671625,2024-10-13 17:00:00+00:00,STATUS_FINAL,Baltimore Ravens,BAL,30,4-2,Washington Commanders,WSH,23,4-2,True,53,7,M&T Bank Stadium,Baltimore,False,CBS,False,22.666666666666668,17.666666666666668,0.3333333333333333,32.2,20.6,0.6,32.0,18.7,0.6,33.333333333333336,28.0,0.6666666666666666,29.6,28.4,0.4,23.5,26.3,0.4,1512.8193708323597,1529.3968372623278,-16.577466429968126,0.5692379065672014,13.0,13.0,0.0,0,0,0.9816176470588235,1,7,53,1
2024,6,401671735,2024-10-13 17:00:00+00:00,STATUS_FINAL,New Orleans Saints,NO,27,2-4,Tampa Bay Buccaneers,TB,51,4-2,False,78,24,Caesars Superdome,New Orleans,False,FOX,True,35.666666666666664,14.0,0.6666666666666666,31.8,10.8,0.8,26.0,17.6,0.6,19.666666666666668,17.333333333333332,0.6666666666666666,24.4,19.4,0.8,23.7,22.3,0.5,1491.842324732181,1506.6246190964137,-14.782294364232712,0.5717699933423765,21.0,9.0,12.0,0,0,0.9154411764705882,0,-24,78,0
2024,6,401671722,2024-10-13 17:00:00+00:00,STATUS_FINAL,Green Bay Packers,GB,34,4-2,Arizona Cardinals,ARI,13,2-4,True,47,21,Lambeau Field,Green Bay,False,FOX,False,20.666666666666668,16.666666666666668,0.6666666666666666,21.8,20.6,0.6,20.0,20.1,0.6,29.0,29.333333333333332,0.6666666666666666,25.4,25.0,0.6,17.8,25.4,0.3,1511.2216374517436,1489.324208342228,21.897429109515542,0.6225114564803328,14.0,6.0,8.0,0,0,0.007352941176470588,1,21,47,1
2024,6,401671820,2024-10-13 17:00:00+00:00,STATUS_FINAL,Tennessee Titans,TEN,17,1-4,Indianapolis Colts,IND,20,3-3,False,37,3,Nissan Stadium,Nashville,False,CBS,True,19.666666666666668,24.666666666666668,0.3333333333333333,18.4,22.6,0.2,20.8,20.4,0.4,18.0,27.333333333333332,0.0,19.8,28.8,0.2,20.9,23.9,0.5,1481.1104609752738,1489.099097110245,-7.98863613497133,0.5813173998076212,21.0,7.0,14.0,0,0,0.4117647058823529,0,-3,37,0
2024,6,401671655,2024-10-13 20:05:00+00:00,STATUS_FINAL,Denver Broncos,DEN,16,3-3,Los Angeles Chargers,LAC,23,3-2,False,39,7,Empower Field at Mile High,Denver,False,CBS,True,18.666666666666668,13.333333333333334,0.6666666666666666,21.6,15.6,0.6,22.6,19.0,0.6,15.0,13.0,0.3333333333333333,14.4,20.4,0.4,18.8,21.3,0.4,1513.8004042025586,1500.082270328465,13.71813387409361,0.611385062966818,7.0,21.0,-14.0,0,0,0.5110294117647058,0,-7,39,0
2024,6,401671657,2024-10-13 20:05:00+00:00,STATUS_FINAL,Las Vegas Raiders,LV,13,2-4,Pittsburgh Steelers,PIT,32,4-2,False,45,19,Allegiant Stadium,Las Vegas,False,CBS,True,23.0,22.0,0.6666666666666666,26.4,18.0,0.6,23.3,16.9,0.7,18.333333333333332,14.333333333333334,0.6666666666666666,20.4,15.2,0.8,17.1,17.6,0.6,1491.296612193224,1509.376162525192,-18.079550331967994,0.5671164284613049,13.0,14.0,-1.0,0,0,0.8272058823529411,0,-19,45,0
2024,6,401671769,2024-10-13 20:25:00+00:00,STATUS_FINAL,Carolina Panthers,CAR,20,1-5,Atlanta Falcons,ATL,38,4-2,False,58,18,Bank of America Stadium,Charlotte,False,FOX,True,9.0,23.0,0.0,13.2,21.8,0.2,13.4,22.3,0.2,18.666666666666668,35.333333333333336,0.3333333333333333,15.2,24.6,0.4,15.1,23.2,0.3,1472.8194058478246,1506.434844028182,-33.61543818035739,0.5450435650882588,14.0,26.0,-12.0,0,0,0.03308823529411765,0,-18,58,0
2024,6,401671764,2024-10-13 20:25:00+00:00,STATUS_FINAL,Dallas Cowboys,DAL,9,3-3,Detroit Lions,DET,47,4-1,False,56,38,AT&T Stadium,Arlington,False,FOX,True,21.333333333333332,30.333333333333332,0.3333333333333333,27.6,27.8,0.6,34.3,19.9,0.8,23.0,19.0,0.6666666666666666,23.0,22.6,0.6,23.7,23.5,0.7,1511.9517368174181,1516.9468146631089,-4.99507784569073,0.5855055550809442,21.0,21.0,0.0,0,0,0.3161764705882353,0,-38,56,0
2024,6,401671791,2024-10-14 00:20:00+00:00,STATUS_FINAL,New York Giants,NYG,7,2-4,Cincinnati Bengals,CIN,17,2-4,False,24,10,MetLife Stadium,East Rutherford,False,NBC,True,16.0,19.333333333333332,0.3333333333333333,19.4,21.2,0.4,13.4,19.7,0.4,25.333333333333332,25.0,0.3333333333333333,24.2,28.0,0.4,21.2,26.2,0.4,1493.404568411679,1470.4478370573856,22.956731354293424,0.6239433181021549,17.0,14.0,3.0,0,0,0.19117647058823528,0,-10,24,0
2024,6,401671684,2024-10-15 00:15:00+00:00,STATUS_FINAL,New York Jets,NYJ,20,2-4,Buffalo Bills,BUF,23,4-2,False,43,3,MetLife Stadium,East Rutherford,False,ESPN,True,21.0,13.666666666666666,0.6666666666666666,20.2,12.0,0.6,17.0,17.3,0.4,20.333333333333332,22.666666666666668,0.3333333333333333,21.2,20.8,0.6,24.0,21.4,0.5,1492.326431877777,1509.8092724907297,-17.482840612952714,0.5679594945164259,15.0,8.0,7.0,0,0,0.10294117647058823,0,-3,43,0
2024,7,401671816,2024-10-18 00:15:00+00:00,STATUS_FINAL,New Orleans Saints,NO,10,2-5,Denver Broncos,DEN,33,4-3,False,43,23,Caesars Superdome,New Orleans,False,Prime Video,True,28.666666666666668,25.333333333333332,0.3333333333333333,31.6,19.8,0.6,27.1,21.2,0.5,18.666666666666668,14.0,0.6666666666666666,17.4,22.2,0.4,19.1,20.9,0.5,1480.4069248653334,1501.5727029432223,-21.165778077888945,0.5627499259386458,4.0,18.0,-14.0,0,0,0.29044117647058826,0,-23,43,0
2024,7,401671801,2024-10-20 13:30:00+00:00,STATUS_FINAL,Jacksonville Jaguars,JAX,32,2-5,New England Patriots,NE,16,1-6,True,48,16,Wembley Stadium,London,True,NFL Net,False,25.333333333333332,17.333333333333332,0.6666666666666666,22.8,21.8,0.4,22.8,22.1,0.5,10.666666666666666,21.333333333333332,0.3333333333333333,15.8,22.8,0.4,14.4,23.2,0.3,1467.5352998292155,1461.3619921625811,6.1733076666344004,0.6010174993194206,13.0,20.0,-7.0,0,0,0.6727941176470589,1,16,48,1
2024,7,401671616,2024-10-20 17:00:00+00:00,STATUS_FINAL,Buffalo Bills,BUF,34,5-2,Tennessee Titans,TEN,10,1-5,True,44,24,Highmark Stadium,Orchard Park,False,CBS,False,36.0,19.666666666666668,1.0,34.2,15.0,1.0,29.9,17.1,0.8,17.0,20.666666666666668,0.3333333333333333,18.6,24.6,0.4,14.9,22.9,0.2,1521.1684623810581,1469.4841129791214,51.68434940193674,0.6618812756818361,26.0,19.0,7.0,0,0,0.9448529411764706,1,24,44,1
2024,7,401671710,2024-10-20 17:00:00+00:00,STATUS_FINAL,New York Giants,NYG,3,2-5,Philadelphia Eagles,PHI,28,4-2,False,31,25,MetLife Stadium,East Rutherford,False,FOX,True,9.333333333333334,21.666666666666668,0.0,16.0,20.2,0.2,14.1,17.4,0.4,13.666666666666666,24.0,0.3333333333333333,14.2,25.0,0.2,19.2,21.8,0.5,1480.925702049636,1507.4853670152963,-26.55966496566043,0.5550954598502317,6.0,21.0,-15.0,0,0,0.7941176470588235,0,-25,31,0
2024,7,401671644,2024-10-20 17:00:00+00:00,STATUS_FINAL,Green Bay Packers,GB,24,5-2,Houston Texans,HOU,22,5-2,True,46,2,Lambeau Field,Green Bay,False,CBS,False,26.333333333333332,18.0,0.6666666666666666,23.2,19.4,0.6,21.6,19.7,0.6,25.666666666666668,27.333333333333332,0.6666666666666666,23.8,23.4,0.8,22.4,22.7,0.6,1518.771408322137,1537.2457583852276,-18.474350063090696,0.5665584185152084,7.0,7.0,0.0,0,0,0.38235294117647056,1,2,46,0
2024,7,401671724,2024-10-20 17:00:00+00:00,STATUS_FINAL,Minnesota Vikings,MIN,29,5-1,Detroit Lions,DET,31,5-1,False,60,2,U.S. Bank Stadium,Minneapolis,False,FOX,True,26.666666666666668,13.666666666666666,1.0,22.8,20.8,0.6,21.7,20.7,0.5,28.666666666666668,14.0,0.6666666666666666,25.8,18.8,0.6,26.3,22.4,0.7,1546.4906183908809,1528.6569257647277,17.83369262615315,0.6169988255033604,14.0,6.0,8.0,0,0,0.31985294117647056,0,-2,60,0
2024,7,401671730,2024-10-20 17:00:00+00:00,STATUS_FINAL,Atlanta Falcons,ATL,14,4-3,Seattle Seahawks,SEA,34,4-3,False,48,20,Mercedes-Benz Stadium,Atlanta,False,FOX,True,26.333333333333332,25.333333333333332,0.6666666666666666,23.6,20.8,0.6,23.2,22.2,0.5,24.333333333333332,27.333333333333332,0.6666666666666666,21.8,25.4,0.6,20.0,24.2,0.4,1517.335715329947,1493.6490569939344,23.68665833601267,0.6249287050586205,16.0,19.0,-3.0,0,0,0.8566176470588235,0,-20,48,0
2024,7,401671853,2024-10-20 17:00:00+00:00,STATUS_FINAL,Cleveland Browns,CLE,14,1-6,Cincinnati Bengals,CIN,21,3-4,False,35,7,Huntington Bank Field,Cleveland,False,CBS,True,23.0,24.666666666666668,0.3333333333333333,24.0,23.6,0.6,20.9,17.6,0.7,25.333333333333332,19.0,0.6666666666666666,20.8,23.2,0.4,22.6,24.5,0.5,1465.2553227478693,1482.9267034194288,-17.67138067155952,0.5676931565031132,28.0,6.0,22.0,0,0,0.1948529411764706,0,-7,35,0
2024,7,401671864,2024-10-20 17:00:00+00:00,STATUS_FINAL,Indianapolis Colts,IND,16,4-3,Miami Dolphins,MIA,10,2-4,True,26,6,Lucas Oil Stadium,Indianapolis,False,FOX,False,25.0,23.0,0.6666666666666666,23.4,22.4,0.6,26.2,23.8,0.6,12.333333333333334,30.0,0.3333333333333333,23.2,23.6,0.6,22.7,26.9,0.5,1500.7254451063975,1488.4527967076933,12.272648398704177,0.6094062537012629,21.0,14.0,7.0,0,0,0.6066176470588235,1,6,26,1
2024,7,401671663,2024-10-20 20:05:00+00:00,STATUS_FINAL,Los Angeles Rams,LAR,20,2-4,Las Vegas Raiders,LV,15,2-5,True,35,5,SoFi Stadium,Inglewood,False,CBS,False,25.333333333333332,23.333333333333332,0.6666666666666666,28.0,21.8,0.8,23.7,21.1,0.6,18.0,26.333333333333332,0.3333333333333333,18.8,23.2,0.4,16.0,25.4,0.2,1472.7226561427558,1479.954283623998,-7.231627481242185,0.5823776301324554,13.0,14.0,-1.0,0,0,0.5772058823529411,1,5,35,1
2024,7,401671640,2024-10-20 20:05:00+00:00,STATUS_FINAL,Washington Commanders,WSH,40,5-2,Carolina Panthers,CAR,7,1-6,True,47,33,Northwest Stadium,Landover,False,CBS,False,21.666666666666668,23.0,0.6666666666666666,18.0,28.2,0.4,18.3,30.3,0.3,18.666666666666668,35.0,0.3333333333333333,12.4,31.8,0.2,14.8,29.7,0.1,1520.781595393672,1461.9185345460594,58.86306084761259,0.6710666012081866,14.0,14.0,0.0,0,0,0.13602941176470587,1,33,47,1
2024,7,401671777,2024-10-20 20:25:00+00:00,STATUS_FINAL,San Francisco 49ers,SF,18,3-4,Kansas City Chiefs,KC,28,6-0,False,46,10,Levi's Stadium,Santa Clara,False,FOX,True,28.333333333333332,18.666666666666668,0.6666666666666666,24.8,22.0,0.4,27.3,19.7,0.6,17.333333333333332,13.0,1.0,19.6,16.6,0.8,20.5,17.3,0.8,1499.5455059401256,1545.660768111642,-46.115262171516406,0.5271505894969413,14.0,21.0,-7.0,0,0,0.47794117647058826,0,-10,46,0
2024,7,401671785,2024-10-21 00:20:00+00:00,STATUS_FINAL,Pittsburgh Steelers,PIT,37,5-2,New York Jets,NYJ,15,2-5,True,52,22,Acrisure Stadium,Pittsburgh,False,NBC,False,23.666666666666668,13.666666666666666,0.6666666666666666,19.8,17.2,0.4,19.5,17.3,0.6,20.0,24.0,0.3333333333333333,19.4,22.4,0.4,15.9,22.1,0.4,1520.7184910944181,1480.9672419874485,39.75124910696968,0.6463415955591095,13.0,14.0,-1.0,0,0,0.7647058823529411,1,22,52,1
2024,7,401671695,2024-10-22 00:15:00+00:00,STATUS_FINAL,Tampa Bay Buccaneers,TB,31,4-3,Baltimore Ravens,BAL,41,5-2,False,72,10,Raymond James Stadium,Tampa,False,ESPN,True,25.666666666666668,20.666666666666668,0.6666666666666666,24.0,19.4,0.6,19.1,18.2,0.5,29.666666666666668,30.0,0.6666666666666666,29.0,23.2,0.8,25.8,18.6,0.8,1518.0600189632612,1521.4346127010158,-3.3745937377545943,0.5877675977791231,22.0,15.0,7.0,0,0,0.06985294117647059,0,-10,72,0
2024,7,401671699,2024-10-22 01:00:00+00:00,STATUS_FINAL,Arizona Cardinals,ARI,17,3-4,Los Angeles Chargers,LAC,15,3-3,True,32,2,State Farm Stadium,Glendale,False,ESPN+,False,22.666666666666668,24.0,0.3333333333333333,23.4,27.6,0.2,22.8,27.9,0.3,19.666666666666668,13.0,0.6666666666666666,17.8,23.6,0.4,18.7,20.2,0.5,1481.7744374718347,1512.3099715878013,-30.535534115966584,0.5494363087630009,22.0,8.0,14.0,0,0,0.5147058823529411,1,2,32,0
2024,8,401671817,2024-10-25 00:15:00+00:00,STATUS_FINAL,Los Angeles Rams,LAR,30,3-4,Minnesota Vikings,MIN,20,5-2,True,50,10,SoFi Stadium,Inglewood,False,Prime Video,False,22.0,21.0,0.6666666666666666,24.8,21.0,0.8,23.4,19.6,0.7,26.333333333333332,21.666666666666668,0.6666666666666666,21.2,18.4,0.6,22.1,17.7,0.7,1481.0751035401067,1534.1506418808137,-53.075538340707,0.5171539447864071,4.0,25.0,-21.0,0,0,0.6397058823529411,1,10,50,1
2024,8,401671720,2024-10-27 17:00:00+00:00,STATUS_FINAL,Detroit Lions,DET,52,6-1,Tennessee Titans,TEN,14,1-6,True,66,38,Ford Field,Detroit,False,FOX,False,28.0,23.0,0.6666666666666666,31.2,21.2,0.8,29.7,20.5,0.8,19.333333333333332,23.333333333333332,0.3333333333333333,17.8,24.6,0.4,14.4,24.7,0.2,1540.9969022747948,1462.721738492758,78.27516378203677,0.6952454268285626,26.0,7.0,19.0,0,0,0.9485294117647058,1,38,66,1
2024,8,401671856,2024-10-27 17:00:00+00:00,STATUS_FINAL,Houston Texans,HOU,23,6-2,Indianapolis Colts,IND,20,4-4,True,43,3,NRG Stadium,Houston,False,CBS,False,22.0,17.666666666666668,1.0,22.8,18.4,0.8,23.7,19.9,0.8,21.333333333333332,23.333333333333332,0.3333333333333333,17.6,26.6,0.2,19.8,23.6,0.5,1528.5769267555318,1508.5373200323722,20.039606723159523,0.6199950763171563,21.0,14.0,7.0,0,0,0.41544117647058826,1,3,43,0
2024,8,401671707,2024-10-27 17:00:00+00:00,STATUS_FINAL,Jacksonville Jaguars,JAX,27,2-6,Green Bay Packers,GB,30,6-2,False,57,3,EverBank Stadium,Jacksonville,False,FOX,True,27.333333333333332,22.666666666666668,0.6666666666666666,23.0,18.2,0.6,24.3,20.0,0.6,27.666666666666668,22.333333333333332,0.6666666666666666,29.8,21.4,0.8,24.9,21.2,0.5,1475.514949842827,1527.4402399518328,-51.9252901090058,0.5188071428545226,7.0,20.0,-13.0,0,0,0.35294117647058826,0,-3,57,0
2024,8,401671850,2024-10-27 17:00:00+00:00,STATUS_FINAL,Miami Dolphins,MIA,27,2-5,Arizona Cardinals,ARI,28,4-4,False,55,1,Hard Rock Stadium,Miami Gardens,False,FOX,True,14.0,26.333333333333332,0.3333333333333333,15.6,24.0,0.4,22.8,19.9,0.6,21.666666666666668,30.333333333333332,0.3333333333333333,23.2,29.8,0.4,17.5,25.3,0.3,1480.6409217817186,1490.7857112965746,-10.14478951485603,0.5782935058566067,26.0,14.0,12.0,0,0,0.011029411764705883,0,-1,55,0
2024,8,401671739,2024-10-27 17:00:00+00:00,STATUS_FINAL,Tampa Bay Buccaneers,TB,26,4-4,Atlanta Falcons,ATL,31,5-3,False,57,5,Raymond James Stadium,Tampa,False,FOX,True,23.666666666666668,27.666666666666668,0.3333333333333333,24.2,25.2,0.4,21.1,19.8,0.5,25.666666666666668,29.666666666666668,0.6666666666666666,20.2,27.0,0.4,18.3,23.2,0.4,1506.3046670076787,1504.8371412287747,1.4675257789040188,0.5945043374380252,5.0,13.0,-8.0,0,0,0.03676470588235294,0,-5,57,0
2024,8,401671667,2024-10-27 17:00:00+00:00,STATUS_FINAL,Cincinnati Bengals,CIN,17,3-5,Philadelphia Eagles,PHI,37,5-2,False,54,20,Paycor Stadium,Cincinnati,False,CBS,True,27.0,31.666666666666668,0.0,27.8,26.6,0.4,25.1,22.4,0.5,19.666666666666668,16.0,0.6666666666666666,17.2,19.0,0.4,19.5,21.0,0.5,1494.2805665494911,1518.587276212301,-24.306709662809908,0.5582960236950104,21.0,7.0,14.0,0,0,0.7977941176470589,0,-20,54,0
2024,8,401671618,2024-10-27 17:00:00+00:00,STATUS_FINAL,New England Patriots,NE,25,2-6,New York Jets,NYJ,22,2-6,True,47,3,Gillette Stadium,Foxborough,False,CBS,False,17.0,26.333333333333332,0.0,14.2,24.6,0.0,12.3,21.8,0.1,18.666666666666668,25.666666666666668,0.3333333333333333,18.4,22.4,0.4,14.3,23.7,0.3,1453.3823421489697,1473.8940738986307,-20.511731749661067,0.5636761294930887,14.0,6.0,8.0,0,0,0.7683823529411765,1,3,47,0
2024,8,401671852,2024-10-27 17:00:00+00:00,STATUS_FINAL,Cleveland Browns,CLE,29,2-6,Baltimore Ravens,BAL,24,5-3,True,53,5,Huntington Bank Field,Cleveland,False,CBS,False,15.333333333333334,25.0,0.0,20.6,22.4,0.4,19.6,19.4,0.6,36.666666666666664,31.333333333333332,1.0,32.6,28.0,0.8,27.1,21.4,0.8,1453.901459617807,1533.1899646565982,-79.2885050387913,0.4794487732165115,7.0,5.0,2.0,0,0,0.07352941176470588,1,5,53,1
2024,8,401671750,2024-10-27 20:05:00+00:00,STATUS_FINAL,Los Angeles Chargers,LAC,26,4-3,New Orleans Saints,NO,8,2-6,True,34,18,SoFi Stadium,Inglewood,False,FOX,False,14.666666666666666,13.333333333333334,0.3333333333333333,14.6,17.6,0.2,19.2,19.9,0.3,27.0,23.666666666666668,0.3333333333333333,25.2,22.8,0.4,24.5,21.2,0.4,1503.2986977630615,1469.1519263465605,34.146771416501,0.6389326848289895,27.0,19.0,8.0,0,0,0.7058823529411765,1,18,34,1
2024,8,401671760,2024-10-27 20:05:00+00:00,STATUS_FINAL,Seattle Seahawks,SEA,10,4-4,Buffalo Bills,BUF,31,6-2,False,41,21,Lumen Field,Seattle,False,FOX,True,22.666666666666668,22.666666666666668,0.3333333333333333,23.4,23.6,0.4,22.3,22.2,0.6,17.666666666666668,26.0,0.3333333333333333,21.0,20.4,0.6,22.6,23.1,0.5,1506.1476310951068,1527.9308368674215,-21.78320577231466,0.5618751767393309,16.0,12.0,4.0,0,0,0.10661764705882353,0,-21,41,0
2024,8,401671671,2024-10-27 20:25:00+00:00,STATUS_FINAL,Las Vegas Raiders,LV,20,2-6,Kansas City Chiefs,KC,27,7-0,False,47,7,Allegiant Stadium,Las Vegas,False,CBS,True,18.333333333333332,28.0,0.3333333333333333,29.0,23.8,0.6,22.9,18.8,0.6,22.333333333333332,15.0,1.0,21.4,14.8,1.0,21.6,18.2,0.8,1471.601836226647,1556.203779901581,-84.60194367493386,0.4718204285178068,14.0,7.0,7.0,0,0,0.48161764705882354,0,-7,47,0
2024,8,401671599,2024-10-27 20:25:00+00:00,STATUS_FINAL,Washington Commanders,WSH,18,6-2,Chicago Bears,CHI,15,4-3,True,33,3,Northwest Stadium,Landover,False,CBS,False,31.666666666666668,12.666666666666666,1.0,23.0,20.6,0.6,20.3,29.4,0.3,12.666666666666666,19.0,0.0,13.4,17.4,0.2,17.3,23.3,0.2,1527.3602633695082,1514.4599413264607,12.900322043047481,0.6102659591236411,7.0,35.0,-28.0,0,0,0.16176470588235295,1,3,33,0
2024,8,401671600,2024-10-27 20:25:00+00:00,STATUS_FINAL,Denver Broncos,DEN,28,5-3,Carolina Panthers,CAR,14,1-7,True,42,14,Empower Field at Mile High,Denver,False,CBS,False,18.666666666666668,18.0,0.3333333333333333,19.0,17.8,0.4,20.9,17.8,0.6,17.666666666666668,32.666666666666664,0.3333333333333333,12.6,34.2,0.2,13.1,29.5,0.1,1512.8277014619953,1455.3398665702232,57.48783489177208,0.669316796339364,14.0,7.0,7.0,0,0,0.13970588235294118,1,14,42,1
2024,8,401671795,2024-10-28 00:20:00+00:00,STATUS_FINAL,San Francisco 49ers,SF,30,4-4,Dallas Cowboys,DAL,24,3-4,True,54,6,Levi's Stadium,Santa Clara,False,NBC,False,23.666666666666668,21.666666666666668,0.3333333333333333,24.6,21.0,0.4,25.6,20.9,0.5,24.333333333333332,16.333333333333332,1.0,26.2,16.2,0.8,22.7,20.9,0.6,1489.0024941501867,1500.2416257157993,-11.239131565612524,0.5767564834279806,7.0,20.0,-13.0,0,0,0.2610294117647059,1,6,54,1
2024,8,401671685,2024-10-29 00:15:00+00:00,STATUS_FINAL,Pittsburgh Steelers,PIT,26,6-2,New York Giants,NYG,18,2-6,True,44,8,Acrisure Stadium,Pittsburgh,False,ESPN,False,24.666666666666668,15.0,0.6666666666666666,25.2,15.4,0.6,20.6,16.6,0.6,22.666666666666668,18.666666666666668,0.6666666666666666,19.8,22.6,0.4,17.8,25.6,0.3,1527.7916591832359,1469.8237928526312,57.96786633060469,0.6699281124156792,7.0,22.0,-15.0,0,0,0.7352941176470589,1,8,44,1
2024,9,401671809,2024-11-01 00:15:00+00:00,STATUS_FINAL,New York Jets,NYJ,21,3-6,Houston Texans,HOU,13,6-3,True,34,8,MetLife Stadium,East Rutherford,False,Prime Video,False,17.666666666666668,12.0,0.3333333333333333,22.6,14.0,0.6,18.0,18.1,0.4,23.333333333333332,26.333333333333332,0.3333333333333333,24.4,25.0,0.6,20.9,23.4,0.5,1465.1675964884926,1536.1770252291885,-71.00942874069597,0.4913525991825866,17.0,11.0,6.0,0,0,0.3860294117647059,1,8,34,1
2024,9,401671623,2024-11-03 18:00:00+00:00,STATUS_FINAL,Baltimore Ravens,BAL,41,6-3,Denver Broncos,DEN,10,5-4,True,51,31,M&T Bank Stadium,Baltimore,False,CBS,False,29.333333333333332,19.666666666666668,0.6666666666666666,30.8,19.0,0.6,33.1,18.8,0.7,23.0,8.666666666666666,1.0,20.6,15.8,0.6,19.3,19.1,0.5,1522.7789401209284,1519.441365535208,3.3375745857204038,0.5970967498676558,21.0,16.0,5.0,0,0,0.29411764705882354,1,31,51,1
2024,9,401671711,2024-11-03 18:00:00+00:00,STATUS_FINAL,New York Giants,NYG,22,2-7,Washington Commanders,WSH,27,7-2,False,49,5,MetLife Stadium,East Rutherford,False,FOX,True,8.333333333333334,21.666666666666668,0.0,11.6,20.6,0.2,14.1,17.8,0.4,34.333333333333336,25.666666666666668,0.6666666666666666,30.2,28.8,0.4,23.4,27.7,0.3,1463.2223551009447,1535.1549441870354,-71.93258908609073,0.49002452618465747,14.0,21.0,-7.0,0,0,0.9852941176470589,0,-5,49,0
2024,9,401671704,2024-11-03 18:00:00+00:00,STATUS_FINAL,Cincinnati Bengals,CIN,41,4-5,Las Vegas Raiders,LV,24,2-7,True,65,17,Paycor Stadium,Cincinnati,False,FOX,False,29.333333333333332,38.666666666666664,0.0,25.8,29.2,0.2,25.1,24.8,0.4,19.666666666666668,25.666666666666668,0.3333333333333333,17.8,24.4,0.2,16.5,23.6,0.2,1483.1146460755908,1462.1654276562908,20.949218419299996,0.6212279410218643,7.0,13.0,-6.0,0,0,0.5808823529411765,1,17,65,1
2024,9,401671650,2024-11-03 18:00:00+00:00,STATUS_FINAL,Carolina Panthers,CAR,23,2-7,New Orleans Saints,NO,22,2-7,True,45,1,Bank of America Stadium,Charlotte,False,CBS,False,15.666666666666666,32.666666666666664,0.0,15.4,28.0,0.0,13.7,24.1,0.2,15.0,26.0,0.0,22.4,22.0,0.4,21.9,23.8,0.3,1448.7262024970105,1461.9305800431403,-13.204377546129763,0.5739925469678095,20.0,6.0,14.0,0,0,0.7095588235294118,1,1,45,0
2024,9,401671728,2024-11-03 18:00:00+00:00,STATUS_FINAL,Atlanta Falcons,ATL,27,6-3,Dallas Cowboys,DAL,21,3-5,True,48,6,Mercedes-Benz Stadium,Atlanta,False,FOX,False,25.333333333333332,29.333333333333332,0.6666666666666666,20.6,25.6,0.4,22.5,23.7,0.4,21.333333333333332,20.666666666666668,0.6666666666666666,27.0,17.8,0.8,24.1,19.7,0.6,1516.7272279775352,1491.776755384359,24.9504725931763,0.6266323802453557,14.0,6.0,8.0,0,0,0.2647058823529412,1,6,48,1
2024,9,401671822,2024-11-03 18:00:00+00:00,STATUS_FINAL,Tennessee Titans,TEN,20,2-6,New England Patriots,NE,17,2-7,True,37,3,Nissan Stadium,Nashville,False,FOX,False,16.0,24.666666666666668,0.0,18.6,22.8,0.2,19.8,22.1,0.3,10.666666666666666,28.666666666666668,0.0,13.8,24.6,0.2,15.7,22.6,0.3,1456.6266470293292,1462.1088195591078,-5.482172529778609,0.5848249069241571,21.0,14.0,7.0,0,0,0.6764705882352942,1,3,37,0
2024,9,401671629,2024-11-03 18:00:00+00:00,STATUS_FINAL,Cleveland Browns,CLE,10,2-7,Los Angeles Chargers,LAC,27,5-3,False,37,17,Huntington Bank Field,Cleveland,False,CBS,True,19.333333333333332,22.0,0.3333333333333333,22.4,23.8,0.4,22.2,19.0,0.7,16.0,17.666666666666668,0.3333333333333333,16.6,14.4,0.4,17.4,19.5,0.4,1464.3124841534768,1510.5200440664817,-46.20755991300484,0.5270181521187737,7.0,12.0,-5.0,0,0,0.5183823529411765,0,-17,37,0
2024,9,401671493,2024-11-03 18:00:00+00:00,STATUS_FINAL,Buffalo Bills,BUF,30,7-2,Miami Dolphins,MIA,27,2-6,True,57,3,Highmark Stadium,Orchard Park,False,CBS,False,38.333333333333336,16.0,1.0,34.6,15.8,1.0,28.5,16.1,0.8,9.333333333333334,16.666666666666668,0.3333333333333333,18.4,24.2,0.4,20.1,25.1,0.4,1539.168340402208,1469.0750516645865,70.0932887376216,0.6851754596420871,14.0,14.0,0.0,0,0,0.6102941176470589,1,3,57,0
2024,9,401671797,2024-11-03 21:05:00+00:00,STATUS_FINAL,Philadelphia Eagles,PHI,28,6-2,Jacksonville Jaguars,JAX,23,2-7,True,51,5,Lincoln Financial Field,Philadelphia,False,CBS,False,25.0,22.333333333333332,0.6666666666666666,27.8,25.4,0.6,28.8,27.4,0.7,15.333333333333334,35.333333333333336,0.0,16.6,30.8,0.0,19.7,27.0,0.3,1529.7531966862014,1465.1388069857367,64.6143897004647,0.6783327676277133,21.0,21.0,0.0,0,0,0.4522058823529412,1,5,51,1
2024,9,401671661,2024-11-03 21:05:00+00:00,STATUS_FINAL,Arizona Cardinals,ARI,29,5-4,Chicago Bears,CHI,9,4-4,True,38,20,State Farm Stadium,Glendale,False,CBS,False,14.666666666666666,25.666666666666668,0.3333333333333333,21.0,21.6,0.4,21.7,27.8,0.3,14.666666666666666,19.333333333333332,0.0,14.0,19.0,0.0,17.8,21.0,0.2,1502.3515814137068,1506.6652605089334,-4.313679095226689,0.5864571685357973,12.0,7.0,5.0,0,0,0.16544117647058823,1,20,38,1
2024,9,401671767,2024-11-03 21:25:00+00:00,STATUS_FINAL,Green Bay Packers,GB,14,6-3,Detroit Lions,DET,24,7-1,False,38,10,Lambeau Field,Green Bay,False,FOX,True,29.0,22.0,0.6666666666666666,24.0,17.0,0.8,22.0,18.5,0.7,32.666666666666664,17.0,1.0,29.4,19.0,0.8,26.0,23.3,0.7,1537.8163828089232,1547.0919937382237,-9.275610929300456,0.579513203878816,14.0,14.0,0.0,0,0,0.3235294117647059,0,-10,38,0
2024,9,401671776,2024-11-03 21:25:00+00:00,STATUS_FINAL,Seattle Seahawks,SEA,20,4-5,Los Angeles Rams,LAR,26,4-4,False,46,6,Lumen Field,Seattle,False,FOX,True,18.0,32.0,0.0,20.8,23.8,0.4,21.3,24.3,0.5,16.0,30.333333333333332,0.0,19.0,27.2,0.4,21.5,27.3,0.4,1494.9101275603202,1490.7320246443785,4.178102915941736,0.5982602024851628,7.0,35.0,-28.0,0,0,0.5477941176470589,0,-6,46,0
2024,9,401671647,2024-11-04 01:20:00+00:00,STATUS_FINAL,Minnesota Vikings,MIN,21,6-2,Indianapolis Colts,IND,13,4-5,True,34,8,U.S. Bank Stadium,Minneapolis,False,NBC,False,28.666666666666668,18.333333333333332,0.6666666666666666,23.8,21.0,0.6,22.2,21.0,0.5,24.666666666666668,25.666666666666668,0.3333333333333333,18.8,24.4,0.2,19.6,24.0,0.4,1524.493720776542,1500.9372215587155,23.556499217826513,0.6247530683743625,14.0,7.0,7.0,0,0,0.41911764705882354,1,8,34,1
2024,9,401671688,2024-11-05 01:15:00+00:00,STATUS_FINAL,Kansas City Chiefs,KC,30,8-0,Tampa Bay Buccaneers,TB,24,4-5,True,54,6,GEHA Field at Arrowhead Stadium,Kansas City,False,ESPN,False,26.333333333333332,19.333333333333332,1.0,23.6,19.0,0.8,22.3,17.5,0.7,33.666666666666664,26.333333333333332,0.6666666666666666,28.8,19.8,0.8,26.2,24.1,0.5,1565.640188471937,1494.4145802589182,71.22560821301886,0.6865797911441246,28.0,22.0,6.0,0,0,0.9191176470588235,1,6,54,1
2024,10,401671810,2024-11-08 01:15:00+00:00,STATUS_FINAL,Baltimore Ravens,BAL,35,7-3,Cincinnati Bengals,CIN,34,4-6,True,69,1,M&T Bank Stadium,Baltimore,False,Prime Video,False,35.333333333333336,14.333333333333334,1.0,27.8,17.2,0.6,33.4,19.2,0.7,24.0,15.0,1.0,22.8,19.2,0.6,24.4,23.2,0.6,1530.8370051235752,1490.6900872551535,40.146917868421724,0.6468620570837132,4.0,18.0,-14.0,0,0,0.19852941176470587,1,1,69,0
2024,10,401671803,2024-11-10 14:30:00+00:00,STATUS_FINAL,Carolina Panthers,CAR,20,3-7,New York Giants,NYG,17,2-8,True,37,3,Allianz Arena,Munich,True,NFL Net,False,22.333333333333332,31.333333333333332,0.3333333333333333,14.0,25.8,0.2,14.7,24.2,0.3,22.666666666666668,20.333333333333332,0.6666666666666666,22.2,23.0,0.4,18.0,25.1,0.3,1457.2463515576544,1453.4218645772517,3.824486980402753,0.5977708641725815,6.0,12.0,-6.0,0,0,0.7389705882352942,1,3,37,0
2024,10,401671733,2024-11-10 18:00:00+00:00,STATUS_FINAL,New Orleans Saints,NO,20,3-7,Atlanta Falcons,ATL,17,6-4,True,37,3,Caesars Superdome,New Orleans,False,FOX,False,16.333333333333332,33.0,0.0,28.8,25.2,0.4,27.2,21.9,0.5,30.333333333333332,22.333333333333332,1.0,25.0,30.4,0.6,20.7,23.5,0.5,1453.4104309824963,1524.194580372628,-70.78414939013169,0.49167670884580245,23.0,14.0,9.0,0,0,0.04044117647058824,1,3,37,0
2024,10,401671708,2024-11-10 18:00:00+00:00,STATUS_FINAL,Jacksonville Jaguars,JAX,7,2-8,Minnesota Vikings,MIN,12,7-2,False,19,5,EverBank Stadium,Jacksonville,False,FOX,True,32.0,26.666666666666668,0.6666666666666666,27.0,19.6,0.6,24.7,22.3,0.5,26.333333333333332,21.666666666666668,0.6666666666666666,24.6,24.4,0.4,22.0,19.4,0.6,1458.705462338291,1531.9986594090547,-73.29319707076365,0.48806739620412154,14.0,16.0,-2.0,0,0,0.6433823529411765,0,-5,19,0
2024,10,401671742,2024-11-10 18:00:00+00:00,STATUS_FINAL,Tampa Bay Buccaneers,TB,20,4-6,San Francisco 49ers,SF,23,5-4,False,43,3,Raymond James Stadium,Tampa,False,FOX,True,30.0,29.333333333333332,0.3333333333333333,26.8,26.8,0.4,23.1,20.9,0.5,25.666666666666668,24.666666666666668,0.3333333333333333,29.8,22.6,0.6,29.0,18.9,0.6,1488.1461760818008,1497.467364481627,-9.32118839982627,0.5794492700561147,14.0,30.0,-16.0,0,0,0.8897058823529411,0,-3,43,0
2024,10,401671863,2024-11-10 18:00:00+00:00,STATUS_FINAL,Indianapolis Colts,IND,20,4-6,Buffalo Bills,BUF,30,8-2,False,50,10,Lucas Oil Stadium,Indianapolis,False,CBS,True,21.333333333333332,16.666666666666668,1.0,22.0,20.4,0.6,25.5,23.2,0.6,24.666666666666668,17.666666666666668,0.6666666666666666,23.0,19.6,0.6,23.2,21.2,0.6,1493.4322829262028,1545.4648312093664,-52.03254828316358,0.5186530025384556,21.0,13.0,8.0,0,0,0.11029411764705882,0,-10,50,0
2024,10,401671873,2024-11-10 18:00:00+00:00,STATUS_FINAL,Chicago Bears,CHI,3,4-5,New England Patriots,NE,19,3-7,False,22,16,Soldier Field,Chicago,False,FOX,True,31.666666666666668,14.666666666666666,1.0,31.2,15.6,1.0,27.0,15.1,0.9,15.333333333333334,27.333333333333332,0.0,13.0,23.2,0.2,15.7,22.5,0.3,1498.3944038796494,1453.805317697591,44.58908618205851,0.6526811498699066,28.0,7.0,21.0,0,0,0.6801470588235294,0,-16,22,0
2024,10,401671637,2024-11-10 18:00:00+00:00,STATUS_FINAL,Kansas City Chiefs,KC,16,9-0,Denver Broncos,DEN,14,5-5,True,30,2,GEHA Field at Arrowhead Stadium,Kansas City,False,CBS,False,27.333333333333332,20.666666666666668,1.0,26.8,19.8,1.0,23.4,19.1,0.7,17.666666666666668,20.0,0.6666666666666666,19.8,18.6,0.6,19.5,21.3,0.5,1571.9085926490545,1511.3833005325612,60.52529211649335,0.67317526399931,5.0,7.0,-2.0,0,0,0.2977941176470588,1,2,30,0
2024,10,401671641,2024-11-10 18:00:00+00:00,STATUS_FINAL,Washington Commanders,WSH,27,7-3,Pittsburgh Steelers,PIT,28,7-2,False,55,1,Northwest Stadium,Landover,False,CBS,True,30.666666666666668,11.666666666666666,1.0,24.6,18.2,0.8,21.8,27.2,0.4,23.0,15.333333333333334,0.6666666666666666,20.8,13.2,0.8,19.7,15.9,0.7,1544.9554347107285,1534.3930969349224,10.5623377758061,0.6070602568774033,13.0,27.0,-14.0,0,0,0.8308823529411765,0,-1,55,0
2024,10,401671751,2024-11-10 21:05:00+00:00,STATUS_FINAL,Los Angeles Chargers,LAC,27,6-3,Tennessee Titans,TEN,17,2-7,True,44,10,SoFi Stadium,Inglewood,False,FOX,False,19.333333333333332,11.666666666666666,0.6666666666666666,18.4,14.4,0.4,19.4,19.0,0.3,18.333333333333332,32.666666666666664,0.3333333333333333,15.0,29.6,0.2,15.5,27.2,0.2,1521.0604071088571,1464.930148890846,56.13025821801102,0.6675848407833168,14.0,14.0,0.0,0,0,0.9522058823529411,1,10,44,1
2024,10,401671676,2024-11-10 21:25:00+00:00,STATUS_FINAL,Dallas Cowboys,DAL,6,3-6,Philadelphia Eagles,PHI,34,7-2,False,40,28,AT&T Stadium,Arlington,False,CBS,True,17.666666666666668,39.666666666666664,0.0,21.2,30.2,0.4,32.2,23.6,0.7,27.0,17.666666666666668,0.6666666666666666,21.2,18.4,0.6,20.9,21.3,0.5,1484.3094029892661,1536.186541333647,-51.87713834438091,0.5188763404106781,28.0,14.0,14.0,0,0,0.8014705882352942,0,-28,40,0
2024,10,401671678,2024-11-10 21:25:00+00:00,STATUS_FINAL,Arizona Cardinals,ARI,31,6-4,New York Jets,NYJ,6,3-7,True,37,25,State Farm Stadium,Glendale,False,CBS,False,20.0,22.0,0.6666666666666666,22.8,19.2,0.6,22.6,25.3,0.4,18.0,28.333333333333332,0.0,19.4,26.8,0.2,15.2,25.2,0.2,1510.6224380429908,1475.3405445048409,35.281893538149916,0.6404387575339707,7.0,14.0,-7.0,0,0,0.7720588235294118,1,25,37,1
2024,10,401671787,2024-11-11 01:20:00+00:00,STATUS_FINAL,Houston Texans,HOU,23,6-4,Detroit Lions,DET,26,8-1,False,49,3,NRG Stadium,Houston,False,NBC,True,23.333333333333332,20.0,1.0,23.0,15.2,1.0,24.0,20.6,0.8,34.0,17.333333333333332,1.0,28.2,17.0,0.8,26.4,24.1,0.7,1526.0040772128402,1558.6822578158,-32.678180602959856,0.5463811122444606,14.0,7.0,7.0,0,0,0.3272058823529412,0,-3,49,0
2024,10,401671693,2024-11-12 01:15:00+00:00,STATUS_FINAL,Los Angeles Rams,LAR,15,4-5,Miami Dolphins,MIA,23,3-6,False,38,8,SoFi Stadium,Inglewood,False,ESPN,True,23.0,19.666666666666668,0.6666666666666666,25.2,21.0,0.8,25.0,19.3,0.8,17.333333333333332,18.666666666666668,0.3333333333333333,14.8,27.2,0.2,20.4,26.4,0.3,1502.6972286940818,1462.7785608574281,39.91866783665364,0.6465618600800259,18.0,8.0,10.0,0,0,0.6139705882352942,0,-8,38,0
2024,11,401671813,2024-11-15 01:15:00+00:00,STATUS_FINAL,Philadelphia Eagles,PHI,26,8-2,Washington Commanders,WSH,18,7-4,True,44,8,Lincoln Financial Field,Philadelphia,False,Prime Video,False,23.0,20.333333333333332,0.6666666666666666,26.8,25.0,0.6,28.2,26.6,0.7,30.666666666666668,22.0,0.6666666666666666,30.0,27.2,0.6,25.4,28.5,0.4,1546.5640681418606,1532.8142295731805,13.749838568680161,0.611428424512526,11.0,11.0,0.0,0,0,0.9889705882352942,1,8,44,1
2024,11,401671642,2024-11-17 18:00:00+00:00,STATUS_FINAL,Detroit Lions,DET,52,9-1,Jacksonville Jaguars,JAX,6,2-9,True,58,46,Ford Field,Detroit,False,CBS,False,36.666666666666664,21.0,0.6666666666666666,33.2,20.6,0.8,32.9,21.3,0.8,19.666666666666668,29.0,0.0,17.2,30.8,0.0,18.9,27.4,0.2,1569.6098800606892,1448.9441144142086,120.66576564648062,0.7443644673038712,21.0,13.0,8.0,0,0,0.45588235294117646,1,46,58,1
2024,11,401671746,2024-11-17 18:00:00+00:00,STATUS_FINAL,New Orleans Saints,NO,35,4-7,Cleveland Browns,CLE,14,2-8,True,49,21,Caesars Superdome,New Orleans,False,FOX,False,19.0,33.666666666666664,0.3333333333333333,23.2,25.2,0.4,26.8,20.5,0.6,15.0,24.666666666666668,0.0,15.4,23.6,0.2,19.7,26.0,0.3,1463.5768968055802,1453.7721211111013,9.804775694478849,0.6060195371068892,7.0,35.0,-28.0,0,0,0.23161764705882354,1,21,49,1
2024,11,401671782,2024-11-17 18:00:00+00:00,STATUS_FINAL,New York Jets,NYJ,27,3-8,Indianapolis Colts,IND,28,5-6,False,55,1,MetLife Stadium,East Rutherford,False,CBS,True,16.666666666666668,15.333333333333334,0.3333333333333333,20.8,15.4,0.6,18.1,17.1,0.5,17.666666666666668,20.333333333333332,0.3333333333333333,19.4,22.8,0.2,18.9,22.4,0.4,1468.1493196555202,1483.0592228754338,-14.90990321991353,0.5715901237111719,16.0,13.0,3.0,0,0,0.4227941176470588,0,-1,55,0
2024,11,401671630,2024-11-17 18:00:00+00:00,STATUS_FINAL,Pittsburgh Steelers,PIT,18,8-2,Baltimore Ravens,BAL,16,7-4,True,34,2,Acrisure Stadium,Pittsburgh,False,CBS,False,26.666666666666668,17.666666666666668,0.6666666666666666,26.8,14.8,0.8,21.5,17.4,0.6,35.333333333333336,32.666666666666664,0.6666666666666666,30.8,30.0,0.6,28.5,22.6,0.8,1546.5343020724704,1537.8997639819008,8.63453809056955,0.6044100048098519,19.0,21.0,-2.0,0,0,0.07720588235294118,1,2,34,0
2024,11,401671824,2024-11-17 18:00:00+00:00,STATUS_FINAL,Tennessee Titans,TEN,13,2-8,Minnesota Vikings,MIN,23,8-2,False,36,10,Nissan Stadium,Nashville,False,CBS,True,17.0,22.333333333333332,0.3333333333333333,19.2,22.2,0.4,20.2,21.4,0.4,21.0,22.0,0.6666666666666666,22.2,20.4,0.6,21.3,18.8,0.6,1458.2818457065125,1541.760007333137,-83.47816162662457,0.4734328322319174,14.0,7.0,7.0,0,0,0.6470588235294118,0,-10,36,0
2024,11,401671869,2024-11-17 18:00:00+00:00,STATUS_FINAL,Chicago Bears,CHI,19,4-6,Green Bay Packers,GB,20,7-3,False,39,1,Soldier Field,Chicago,False,FOX,True,24.666666666666668,15.0,0.6666666666666666,24.4,16.0,0.8,26.0,15.1,0.9,28.0,20.0,1.0,29.2,20.8,0.8,26.6,22.2,0.6,1485.3407808822512,1526.2261187313468,-40.88533784909555,0.5346481681910285,7.0,21.0,-14.0,0,0,0.35661764705882354,0,-1,39,0
2024,11,401671851,2024-11-17 18:00:00+00:00,STATUS_FINAL,Miami Dolphins,MIA,34,4-6,Las Vegas Raiders,LV,19,2-8,True,53,15,Hard Rock Stadium,Miami Gardens,False,CBS,False,16.333333333333332,30.0,0.0,16.6,25.6,0.2,21.3,20.6,0.5,19.0,31.666666666666668,0.0,18.6,28.0,0.2,17.2,25.3,0.2,1475.7097980590286,1454.5899864767282,21.119811582300372,0.6214589849188096,21.0,14.0,7.0,0,0,0.5845588235294118,1,15,53,1
2024,11,401671701,2024-11-17 18:00:00+00:00,STATUS_FINAL,New England Patriots,NE,22,3-8,Los Angeles Rams,LAR,28,5-5,False,50,6,Gillette Stadium,Foxborough,False,FOX,True,18.666666666666668,26.0,0.3333333333333333,15.8,23.6,0.2,14.8,20.6,0.2,18.0,28.333333333333332,0.3333333333333333,19.0,26.2,0.4,21.2,27.0,0.4,1466.858940694989,1489.7659914924814,-22.907050797492275,0.5602819697777234,21.0,13.0,8.0,0,0,0.5514705882352942,0,-6,50,0
2024,11,401671757,2024-11-17 21:05:00+00:00,STATUS_FINAL,San Francisco 49ers,SF,17,5-5,Seattle Seahawks,SEA,20,5-5,False,37,3,Levi's Stadium,Santa Clara,False,FOX,True,23.666666666666668,25.333333333333332,0.3333333333333333,26.6,21.6,0.6,24.4,22.3,0.5,28.666666666666668,25.333333333333332,0.6666666666666666,25.4,22.6,0.8,21.0,25.3,0.4,1509.0563498827494,1482.944923510617,26.111426372132428,0.6281946323384356,20.0,28.0,-8.0,0,0,0.8602941176470589,0,-3,37,0
2024,11,401671748,2024-11-17 21:05:00+00:00,STATUS_FINAL,Denver Broncos,DEN,38,6-5,Atlanta Falcons,ATL,6,6-5,True,44,32,Empower Field at Mile High,Denver,False,FOX,False,26.0,18.333333333333332,0.6666666666666666,20.0,15.4,0.6,21.6,16.1,0.7,28.666666666666668,22.0,0.6666666666666666,25.0,27.0,0.6,20.8,24.2,0.4,1504.8468058125475,1514.0281145495442,-9.181308736996698,0.5796454778611958,21.0,7.0,14.0,0,0,0.04411764705882353,1,32,44,1
2024,11,401671665,2024-11-17 21:25:00+00:00,STATUS_FINAL,Buffalo Bills,BUF,30,9-2,Kansas City Chiefs,KC,21,9-1,True,51,9,Highmark Stadium,Orchard Park,False,CBS,False,37.0,15.666666666666666,1.0,34.4,19.2,1.0,29.5,16.3,0.9,24.0,16.0,1.0,21.4,15.4,1.0,22.0,18.2,0.8,1555.8378912601354,1578.4450873690682,-22.60719610893284,0.5607071785022304,14.0,21.0,-7.0,0,0,0.4852941176470588,1,9,51,1
2024,11,401671675,2024-11-18 01:20:00+00:00,STATUS_FINAL,Los Angeles Chargers,LAC,34,7-3,Cincinnati Bengals,CIN,27,4-7,True,61,7,SoFi Stadium,Inglewood,False,NBC,False,21.0,14.0,0.6666666666666666,19.4,13.0,0.6,20.4,18.7,0.4,24.0,18.666666666666668,0.6666666666666666,26.2,21.2,0.6,24.4,24.7,0.5,1527.7087102931907,1483.6273283968278,44.08138189636293,0.6520183392206957,7.0,10.0,-3.0,0,0,0.20220588235294118,1,7,61,1
2024,11,401671694,2024-11-19 01:15:00+00:00,STATUS_FINAL,Dallas Cowboys,DAL,10,3-7,Houston Texans,HOU,34,7-4,False,44,24,AT&T Stadium,Arlington,False,ESPN,True,13.333333333333334,36.333333333333336,0.0,15.8,34.4,0.2,29.0,26.7,0.6,25.333333333333332,22.0,0.3333333333333333,22.4,25.4,0.4,20.3,23.4,0.5,1473.9318761810525,1515.0764549679511,-41.14457878689859,0.5342768628744698,8.0,18.0,-10.0,0,0,0.3897058823529412,0,-24,44,0
2024,12,401671875,2024-11-22 01:15:00+00:00,STATUS_FINAL,Cleveland Browns,CLE,24,3-8,Pittsburgh Steelers,PIT,19,8-3,True,43,5,Huntington Bank Field,Cleveland,False,Prime Video,False,17.666666666666668,24.0,0.3333333333333333,17.0,25.2,0.2,21.3,20.0,0.6,28.0,22.333333333333332,0.6666666666666666,23.0,16.6,0.8,20.1,16.9,0.7,1445.892511853239,1554.4461019762734,-108.55359012303438,0.43764761499000265,18.0,11.0,7.0,0,0,0.8345588235294118,1,5,43,1
2024,12,401671715,2024-11-24 18:00:00+00:00,STATUS_FINAL,Washington Commanders,WSH,26,7-5,Dallas Cowboys,DAL,34,4-7,False,60,8,Northwest Stadium,Landover,False,FOX,True,28.333333333333332,16.666666666666668,0.6666666666666666,28.0,16.2,0.8,22.5,26.0,0.4,21.666666666666668,24.666666666666668,0.3333333333333333,23.6,21.2,0.6,24.2,20.7,0.5,1525.042798063431,1463.2463389235631,61.79645913986792,0.6747831285488428,14.0,21.0,-7.0,0,0,0.26838235294117646,0,-8,60,0
2024,12,401671847,2024-11-24 18:00:00+00:00,STATUS_FINAL,Miami Dolphins,MIA,34,5-6,New England Patriots,NE,15,3-9,True,49,19,Hard Rock Stadium,Miami Gardens,False,CBS,False,24.333333333333332,26.0,0.3333333333333333,20.6,25.2,0.4,21.6,20.8,0.5,17.333333333333332,18.333333333333332,0.3333333333333333,13.6,21.8,0.2,15.9,19.7,0.4,1483.2806183606524,1455.6533012994346,27.62731706121781,0.6302304794281005,7.0,14.0,-7.0,0,0,0.6838235294117647,1,19,49,1
2024,12,401671638,2024-11-24 18:00:00+00:00,STATUS_FINAL,New York Giants,NYG,7,2-9,Tampa Bay Buccaneers,TB,30,5-6,False,37,23,MetLife Stadium,East Rutherford,False,CBS,True,10.666666666666666,24.0,0.0,10.6,24.0,0.0,14.9,19.8,0.3,35.0,31.0,0.3333333333333333,26.8,21.8,0.6,26.8,24.7,0.5,1445.3772818607033,1476.5571906806786,-31.179908819975253,0.548517877041257,21.0,19.0,2.0,0,0,0.9227941176470589,0,-23,37,0
2024,12,401671870,2024-11-24 18:00:00+00:00,STATUS_FINAL,Chicago Bears,CHI,27,4-7,Minnesota Vikings,MIN,30,9-2,False,57,3,Soldier Field,Chicago,False,FOX,True,19.0,18.333333333333332,0.3333333333333333,23.4,16.6,0.6,24.9,15.9,0.8,18.333333333333332,16.666666666666668,0.6666666666666666,22.8,17.0,0.8,21.2,19.1,0.6,1474.6478175184307,1551.2286639777753,-76.58084645934468,0.4833399917909851,7.0,7.0,0.0,0,0,0.6507352941176471,0,-3,57,0
2024,12,401671866,2024-11-24 18:00:00+00:00,STATUS_FINAL,Indianapolis Colts,IND,6,5-7,Detroit Lions,DET,24,10-1,False,30,18,Lucas Oil Stadium,Indianapolis,False,FOX,True,21.0,21.333333333333332,0.6666666666666666,22.2,21.8,0.6,23.7,22.3,0.6,27.0,22.0,1.0,29.6,17.6,1.0,28.4,22.6,0.8,1494.491025349657,1574.7225907146117,-80.23156536495458,0.4780940476035153,14.0,13.0,1.0,0,0,0.33088235294117646,0,-18,30,0
2024,12,401671858,2024-11-24 18:00:00+00:00,STATUS_FINAL,Houston Texans,HOU,27,7-5,Tennessee Titans,TEN,32,3-8,False,59,5,NRG Stadium,Houston,False,CBS,True,23.0,22.0,0.6666666666666666,22.4,19.8,0.8,22.4,19.5,0.7,13.666666666666666,37.666666666666664,0.0,17.8,29.8,0.2,15.6,27.6,0.2,1525.7619922254405,1448.8131890618743,76.94880316356625,0.6936252908262375,13.0,13.0,0.0,0,0,0.9558823529411765,0,-5,59,0
2024,12,401671651,2024-11-24 18:00:00+00:00,STATUS_FINAL,Carolina Panthers,CAR,27,3-8,Kansas City Chiefs,KC,30,10-1,False,57,3,Bank of America Stadium,Charlotte,False,CBS,True,21.0,25.666666666666668,0.6666666666666666,18.0,27.4,0.4,15.2,24.6,0.3,25.333333333333332,22.666666666666668,0.6666666666666666,23.0,19.0,0.8,21.4,19.2,0.7,1465.2909342742028,1569.6592309391128,-104.36829666491008,0.4435857023084565,14.0,6.0,8.0,0,0,0.4889705882352941,0,-3,57,0
2024,12,401671656,2024-11-24 21:05:00+00:00,STATUS_FINAL,Las Vegas Raiders,LV,19,2-9,Denver Broncos,DEN,29,7-5,False,48,10,Allegiant Stadium,Las Vegas,False,CBS,True,17.666666666666668,25.0,0.3333333333333333,20.4,25.0,0.4,22.8,19.8,0.5,19.0,22.333333333333332,0.3333333333333333,18.6,16.6,0.6,18.5,20.7,0.4,1447.0191661751044,1513.2538962553235,-66.23473008021915,0.49822308805779203,28.0,14.0,14.0,0,0,0.3014705882352941,0,-10,48,0
2024,12,401671768,2024-11-24 21:25:00+00:00,STATUS_FINAL,Green Bay Packers,GB,38,8-3,San Francisco 49ers,SF,10,5-6,True,48,28,Lambeau Field,Green Bay,False,FOX,False,24.0,19.666666666666668,0.6666666666666666,23.4,20.0,0.6,22.4,18.5,0.7,27.666666666666668,23.666666666666668,0.6666666666666666,25.4,20.8,0.6,29.6,19.0,0.7,1536.9190820951674,1496.4924572359807,40.42662485918663,0.6472297728922723,21.0,14.0,7.0,0,0,0.8933823529411765,1,28,48,1
2024,12,401671775,2024-11-24 21:25:00+00:00,STATUS_FINAL,Seattle Seahawks,SEA,16,6-5,Arizona Cardinals,ARI,6,6-5,True,22,10,Lumen Field,Seattle,False,FOX,False,18.0,31.0,0.0,19.6,25.0,0.2,20.9,24.9,0.4,21.666666666666668,28.0,0.6666666666666666,25.6,29.8,0.6,19.4,25.4,0.4,1495.5088161573856,1517.8136628923114,-22.30484673492583,0.5611358345937241,21.0,28.0,-7.0,0,0,0.014705882352941176,1,10,22,1
2024,12,401671794,2024-11-25 01:20:00+00:00,STATUS_FINAL,Los Angeles Rams,LAR,20,5-6,Philadelphia Eagles,PHI,37,9-2,False,57,17,SoFi Stadium,Inglewood,False,NBC,True,21.666666666666668,19.333333333333332,0.6666666666666666,22.2,21.2,0.6,23.9,20.7,0.7,33.0,8.666666666666666,1.0,26.0,14.2,0.8,22.9,19.9,0.6,1500.9716308880359,1554.33549965161,-53.363868763574146,0.5167394806460178,13.0,14.0,-1.0,0,0,0.8051470588235294,0,-17,57,0
2024,12,401671689,2024-11-26 01:15:00+00:00,STATUS_FINAL,Los Angeles Chargers,LAC,23,7-4,Baltimore Ravens,BAL,30,8-4,False,53,7,SoFi Stadium,Inglewood,False,ESPN,True,29.0,17.333333333333332,1.0,23.8,15.8,0.8,20.8,20.1,0.4,27.0,26.0,0.3333333333333333,30.0,28.2,0.6,27.7,22.8,0.7,1534.6683435087768,1529.9879640780978,4.680379430679068,0.59895492259425,7.0,8.0,-1.0,0,0,0.08088235294117647,0,-7,53,0
2024,13,401671492,2024-11-28 17:30:00+00:00,STATUS_FINAL,Detroit Lions,DET,23,11-1,Chicago Bears,CHI,20,4-8,True,43,3,Ford Field,Detroit,False,CBS,False,48.666666666666664,16.333333333333332,1.0,37.6,17.8,0.8,33.9,19.5,0.8,13.333333333333334,22.666666666666668,0.0,12.4,20.8,0.0,14.7,21.9,0.1,1584.284471666682,1464.9810176826109,119.30345398407121,0.7428693686689853,10.0,24.0,-14.0,0,0,0.16911764705882354,1,3,43,0
2024,13,401671779,2024-11-28 21:30:00+00:00,STATUS_FINAL,Dallas Cowboys,DAL,27,5-7,New York Giants,NYG,20,2-10,True,47,7,AT&T Stadium,Arlington,False,FOX,False,8.333333333333334,38.333333333333336,0.0,13.8,37.4,0.0,25.7,28.1,0.5,21.333333333333332,22.0,0.3333333333333333,20.6,20.4,0.4,18.8,25.7,0.3,1476.74200149454,1434.4069243198783,42.33507717466182,0.6497340430379124,9.0,18.0,-9.0,0,0,0.7426470588235294,1,7,47,1
2024,13,401671798,2024-11-29 01:20:00+00:00,STATUS_FINAL,Green Bay Packers,GB,30,9-3,Miami Dolphins,MIA,17,5-7,True,47,13,Lambeau Field,Green Bay,False,NBC,False,25.333333333333332,18.666666666666668,0.6666666666666666,27.8,20.0,0.6,24.2,19.2,0.7,20.0,20.333333333333332,0.3333333333333333,15.6,19.0,0.4,20.7,23.1,0.4,1543.974486637322,1490.6760087720904,53.29847786523146,0.6639575619813914,4.0,17.0,-13.0,0,0,0.6176470588235294,1,13,47,1
2024,13,401671806,2024-11-29 20:00:00+00:00,STATUS_FINAL,Kansas City Chiefs,KC,19,11-1,Las Vegas Raiders,LV,17,2-10,True,36,2,GEHA Field at Arrowhead Stadium,Kansas City,False,Prime Video,False,24.0,17.0,1.0,25.0,19.2,1.0,21.9,18.8,0.7,19.333333333333332,31.666666666666668,0.0,20.4,30.4,0.2,17.9,25.7,0.2,1578.5309449852818,1437.0547044139485,141.4762405713334,0.7664857106116932,19.0,12.0,7.0,0,0,0.5882352941176471,1,2,36,0
2024,13,401671620,2024-12-01 18:00:00+00:00,STATUS_FINAL,New England Patriots,NE,24,3-10,Indianapolis Colts,IND,25,6-7,False,49,1,Gillette Stadium,Foxborough,False,CBS,True,22.666666666666668,30.333333333333332,0.3333333333333333,19.6,25.8,0.2,14.1,20.9,0.1,20.333333333333332,23.666666666666668,0.3333333333333333,23.0,25.0,0.4,19.0,23.8,0.4,1448.2579108879966,1484.9291443975867,-36.67123350959014,0.5406782657685767,14.0,14.0,0.0,0,0,0.4264705882352941,0,-1,49,0
2024,13,401671743,2024-12-01 18:00:00+00:00,STATUS_FINAL,Washington Commanders,WSH,42,8-5,Tennessee Titans,TEN,19,3-9,True,61,23,Northwest Stadium,Landover,False,CBS,False,23.666666666666668,25.666666666666668,0.3333333333333333,29.0,19.4,0.6,22.0,25.6,0.4,21.0,35.333333333333336,0.3333333333333333,20.8,30.4,0.4,17.2,28.3,0.3,1511.5471354924541,1462.685694878399,48.86144061405503,0.6582351114717259,7.0,7.0,0.0,0,0,0.9595588235294118,1,23,61,1
2024,13,401671705,2024-12-01 18:00:00+00:00,STATUS_FINAL,Jacksonville Jaguars,JAX,20,2-10,Houston Texans,HOU,23,8-5,False,43,3,EverBank Stadium,Jacksonville,False,FOX,True,22.0,19.333333333333332,0.3333333333333333,23.2,22.0,0.4,21.7,21.5,0.4,23.0,18.333333333333332,0.3333333333333333,23.4,22.0,0.4,22.4,22.9,0.6,1443.831403760286,1511.8894864089157,-68.05808264862958,0.4955991789476195,21.0,12.0,9.0,0,0,0.39338235294117646,0,-3,43,0
2024,13,401671703,2024-12-01 18:00:00+00:00,STATUS_FINAL,New York Jets,NYJ,21,3-9,Seattle Seahawks,SEA,26,7-5,False,47,5,MetLife Stadium,East Rutherford,False,FOX,True,22.666666666666668,21.333333333333332,0.3333333333333333,20.2,15.4,0.4,18.8,18.5,0.4,27.666666666666668,24.333333333333332,0.6666666666666666,25.4,22.6,0.8,21.7,25.3,0.5,1456.717517181297,1504.2860994655111,-47.568582284214244,0.5250647991483306,14.0,13.0,1.0,0,0,0.8639705882352942,0,-5,47,0
2024,13,401671726,2024-12-01 18:00:00+00:00,STATUS_FINAL,Minnesota Vikings,MIN,23,10-2,Arizona Cardinals,ARI,22,6-6,True,45,1,U.S. Bank Stadium,Minneapolis,False,FOX,False,24.333333333333332,20.333333333333332,0.6666666666666666,26.0,17.0,0.8,22.3,19.6,0.6,15.666666666666666,25.666666666666668,0.3333333333333333,19.8,26.8,0.4,19.0,25.0,0.4,1560.8954638135951,1509.0363795841859,51.85908422940929,0.6621063436774828,27.0,6.0,21.0,0,0,0.01838235294117647,1,1,45,0
2024,13,401671649,2024-12-01 18:00:00+00:00,STATUS_FINAL,Atlanta Falcons,ATL,13,6-6,Los Angeles Chargers,LAC,17,8-4,False,30,4,Mercedes-Benz Stadium,Atlanta,False,CBS,True,25.666666666666668,28.333333333333332,0.6666666666666666,24.0,26.2,0.6,23.6,23.4,0.5,21.666666666666668,14.333333333333334,0.6666666666666666,20.2,13.2,0.6,18.4,17.4,0.5,1505.6210241067681,1522.6892450568919,-17.06822095012376,0.5685450617637707,28.0,28.0,0.0,0,0,0.5220588235294118,0,-4,30,0
2024,13,401671627,2024-12-01 18:00:00+00:00,STATUS_FINAL,Cincinnati Bengals,CIN,38,4-8,Pittsburgh Steelers,PIT,44,9-3,False,82,6,Paycor Stadium,Cincinnati,False,CBS,True,32.0,34.0,0.3333333333333333,27.8,31.2,0.2,26.8,25.4,0.4,26.333333333333332,21.333333333333332,0.6666666666666666,23.2,19.4,0.6,21.0,18.0,0.7,1476.6676951812417,1543.1990542760734,-66.53135909483171,0.497796211381111,28.0,9.0,19.0,0,0,0.8382352941176471,0,-6,82,0
2024,13,401671753,2024-12-01 21:05:00+00:00,STATUS_FINAL,New Orleans Saints,NO,14,4-8,Los Angeles Rams,LAR,21,6-6,False,35,7,Caesars Superdome,New Orleans,False,FOX,True,21.666666666666668,21.333333333333332,0.6666666666666666,20.8,26.0,0.4,27.9,20.2,0.6,24.0,22.0,0.6666666666666666,20.4,26.6,0.4,22.0,24.9,0.5,1471.4565060634425,1490.6368412751156,-19.180335211673082,0.5655601590814388,14.0,14.0,0.0,0,0,0.5551470588235294,0,-7,35,0
2024,13,401671752,2024-12-01 21:05:00+00:00,STATUS_FINAL,Carolina Panthers,CAR,23,3-9,Tampa Bay Buccaneers,TB,26,6-6,False,49,3,Bank of America Stadium,Charlotte,False,FOX,True,23.333333333333332,23.0,0.6666666666666666,22.8,28.2,0.4,16.6,24.9,0.3,35.0,21.333333333333332,0.6666666666666666,31.0,23.2,0.6,26.1,21.5,0.6,1456.4192202280337,1487.5275482215036,-31.108327993469857,0.5486199181250275,7.0,7.0,0.0,0,0,0.9264705882352942,0,-3,49,0
2024,13,401671666,2024-12-01 21:25:00+00:00,STATUS_FINAL,Baltimore Ravens,BAL,19,8-5,Philadelphia Eagles,PHI,24,10-2,False,43,5,M&T Bank Stadium,Baltimore,False,CBS,True,35.333333333333336,22.333333333333332,1.0,32.8,20.6,0.8,33.2,22.3,0.7,36.0,14.333333333333334,1.0,30.4,15.8,0.8,22.8,18.8,0.6,1541.9670625299827,1564.6702892645303,-22.70322673454757,0.5605710120124936,23.0,6.0,17.0,0,0,0.8088235294117647,0,-5,43,0
2024,13,401671781,2024-12-02 01:20:00+00:00,STATUS_FINAL,Buffalo Bills,BUF,35,10-2,San Francisco 49ers,SF,10,5-7,True,45,25,Highmark Stadium,Orchard Park,False,NBC,False,31.333333333333332,19.333333333333332,1.0,35.0,19.2,1.0,31.1,17.5,0.9,23.0,27.333333333333332,0.6666666666666666,22.0,26.4,0.4,28.9,20.6,0.7,1564.6237476900908,1489.4370526938262,75.18669499626458,0.6914654777168416,14.0,7.0,7.0,0,0,0.8970588235294118,1,25,45,1
2024,13,401671686,2024-12-03 01:15:00+00:00,STATUS_FINAL,Denver Broncos,DEN,41,8-5,Cleveland Browns,CLE,32,3-9,True,73,9,Empower Field at Mile High,Denver,False,ESPN,False,27.333333333333332,14.333333333333334,0.6666666666666666,24.4,14.8,0.6,23.5,15.0,0.7,14.333333333333334,29.666666666666668,0.0,15.4,24.4,0.2,19.1,27.1,0.3,1523.2183580164794,1457.139559553439,66.07879846304036,0.6801693595821714,15.0,15.0,0.0,0,0,0.23529411764705882,1,9,73,1
2024,14,401671814,2024-12-06 01:15:00+00:00,STATUS_FINAL,Detroit Lions,DET,34,12-1,Green Bay Packers,GB,31,9-4,True,65,3,Ford Field,Detroit,False,Prime Video,False,42.333333333333336,13.333333333333334,1.0,37.0,17.8,0.8,33.6,20.1,0.8,24.666666666666668,21.666666666666668,1.0,26.6,22.6,0.8,26.9,22.2,0.7,1589.4270842933024,1550.695335397694,38.73174889560846,0.6449989511501714,7.0,18.0,-11.0,0,0,0.3602941176470588,1,3,65,0
2024,14,401671848,2024-12-08 18:00:00+00:00,STATUS_FINAL,Miami Dolphins,MIA,32,6-7,New York Jets,NYJ,26,3-10,True,58,6,Hard Rock Stadium,Miami Gardens,False,CBS,False,31.666666666666668,20.666666666666668,0.6666666666666666,23.4,24.8,0.4,23.0,21.0,0.5,14.333333333333334,31.0,0.0,16.8,26.6,0.2,14.6,26.7,0.2,1483.9551600117184,1446.2162211983302,37.73893881338813,0.6436892585370262,14.0,27.0,-13.0,0,0,0.7757352941176471,1,6,58,1
2024,14,401671631,2024-12-08 18:00:00+00:00,STATUS_FINAL,Pittsburgh Steelers,PIT,27,10-3,Cleveland Browns,CLE,14,3-10,True,41,13,Acrisure Stadium,Pittsburgh,False,CBS,False,27.0,16.333333333333332,1.0,23.6,15.8,0.8,22.3,17.0,0.7,20.666666666666668,32.0,0.0,18.2,30.0,0.0,19.0,28.1,0.2,1553.1549785036957,1450.7429467450825,102.41203175861324,0.7238622190875663,21.0,5.0,16.0,0,0,0.23897058823529413,1,13,41,1
2024,14,401671713,2024-12-08 18:00:00+00:00,STATUS_FINAL,Philadelphia Eagles,PHI,22,11-2,Carolina Panthers,CAR,16,3-10,True,38,6,Lincoln Financial Field,Philadelphia,False,FOX,False,24.666666666666668,19.0,1.0,25.8,21.6,0.8,27.7,26.7,0.7,10.333333333333334,34.666666666666664,0.0,15.4,34.6,0.2,12.4,28.1,0.1,1575.8817095047802,1445.4468218655331,130.4348876392471,0.7549175118639724,23.0,41.0,-18.0,0,0,0.14338235294117646,1,6,38,1
2024,14,401671821,2024-12-08 18:00:00+00:00,STATUS_FINAL,Tennessee Titans,TEN,6,3-10,Jacksonville Jaguars,JAX,10,3-10,False,16,4,Nissan Stadium,Nashville,False,CBS,True,16.666666666666668,20.0,0.3333333333333333,16.2,22.8,0.2,18.7,21.4,0.3,15.0,38.333333333333336,0.0,15.0,37.2,0.0,17.5,31.6,0.1,1455.8503971078337,1433.9194201813336,21.93097692650008,0.6225568360956857,21.0,21.0,0.0,0,0,0.45955882352941174,0,-4,16,0
2024,14,401671648,2024-12-08 18:00:00+00:00,STATUS_FINAL,Minnesota Vikings,MIN,42,11-2,Atlanta Falcons,ATL,21,6-7,True,63,21,U.S. Bank Stadium,Minneapolis,False,FOX,False,24.333333333333332,22.0,0.6666666666666666,26.0,18.0,0.8,22.4,20.1,0.6,18.0,28.0,0.3333333333333333,22.8,25.0,0.6,19.1,25.2,0.4,1567.6533369400454,1494.2501228714927,73.40321406855264,0.6892709092256053,7.0,20.0,-13.0,0,0,0.04779411764705882,1,21,63,1
2024,14,401671601,2024-12-08 18:00:00+00:00,STATUS_FINAL,New York Giants,NYG,11,2-11,New Orleans Saints,NO,14,5-8,False,25,3,MetLife Stadium,East Rutherford,False,FOX,True,10.666666666666666,28.333333333333332,0.0,10.8,24.4,0.0,14.6,21.5,0.3,14.333333333333334,25.0,0.0,22.2,24.0,0.2,22.8,24.1,0.3,1427.4016051806366,1460.1453028818137,-32.7436977011771,0.5462876352477775,14.0,35.0,-21.0,0,0,0.7132352941176471,0,-3,25,0
2024,14,401671654,2024-12-08 18:00:00+00:00,STATUS_FINAL,Tampa Bay Buccaneers,TB,28,7-6,Las Vegas Raiders,LV,13,2-11,True,41,15,Raymond James Stadium,Tampa,False,CBS,False,25.666666666666668,31.666666666666668,0.0,23.4,27.4,0.2,23.8,21.6,0.5,20.0,31.333333333333332,0.0,18.6,29.6,0.0,18.2,25.0,0.2,1498.4999465840042,1432.3844186261824,66.11552795782177,0.680215352529223,28.0,8.0,20.0,0,0,0.5919117647058824,1,15,41,1
2024,14,401671660,2024-12-08 21:05:00+00:00,STATUS_FINAL,Arizona Cardinals,ARI,18,6-7,Seattle Seahawks,SEA,30,8-5,False,48,12,State Farm Stadium,Glendale,False,CBS,True,25.666666666666668,10.0,1.0,20.8,18.4,0.6,23.3,22.8,0.5,26.666666666666668,17.333333333333332,1.0,26.4,22.8,0.8,24.0,23.7,0.6,1502.2785064577356,1514.7873954484778,-12.508888990742207,0.5749712251856033,27.0,7.0,20.0,0,0,0.8676470588235294,0,-12,48,0
2024,14,401671773,2024-12-08 21:25:00+00:00,STATUS_FINAL,Los Angeles Rams,LAR,44,7-6,Buffalo Bills,BUF,42,10-3,True,86,2,SoFi Stadium,Inglewood,False,FOX,False,21.666666666666668,26.666666666666668,0.3333333333333333,20.8,23.8,0.4,24.2,22.0,0.7,28.0,16.666666666666668,1.0,22.8,21.6,0.6,24.4,20.8,0.7,1501.9480444567444,1570.794438135754,-68.84639367900968,0.4944648206670244,13.0,28.0,-15.0,0,0,0.11397058823529412,1,2,86,0
2024,14,401671774,2024-12-08 21:25:00+00:00,STATUS_FINAL,San Francisco 49ers,SF,38,6-7,Chicago Bears,CHI,13,4-9,True,51,25,Levi's Stadium,Santa Clara,False,FOX,False,21.666666666666668,24.0,0.3333333333333333,23.6,21.8,0.4,24.4,21.2,0.5,14.666666666666666,23.333333333333332,0.0,14.6,22.0,0.0,15.4,21.2,0.1,1483.266362248163,1459.8384050559905,23.42795719217247,0.6245795815663616,21.0,10.0,11.0,0,0,0.17279411764705882,1,25,51,1
2024,14,401671788,2024-12-09 01:20:00+00:00,STATUS_FINAL,Kansas City Chiefs,KC,19,12-1,Los Angeles Chargers,LAC,17,8-5,True,36,2,GEHA Field at Arrowhead Stadium,Kansas City,False,NBC,False,21.666666666666668,18.333333333333332,1.0,23.4,18.6,1.0,21.7,19.1,0.7,19.666666666666668,13.333333333333334,0.6666666666666666,18.4,15.2,0.6,17.4,18.1,0.5,1583.2012307730479,1534.0601462921672,49.141084480880636,0.6585971533259807,9.0,7.0,2.0,0,0,0.5257352941176471,1,2,36,0
2024,14,401671690,2024-12-10 01:15:00+00:00,STATUS_FINAL,Dallas Cowboys,DAL,20,5-8,Cincinnati Bengals,CIN,27,5-8,False,47,7,AT&T Stadium,Arlington,False,ESPN,True,14.333333333333334,29.333333333333332,0.3333333333333333,15.4,32.6,0.2,23.5,28.4,0.5,27.333333333333332,27.666666666666668,0.3333333333333333,26.6,22.8,0.6,24.0,26.4,0.4,1483.7473206337818,1466.7117709536194,17.035549680162376,0.6159125160147144,11.0,21.0,-10.0,0,0,0.20588235294117646,0,-7,47,0
2024,15,401671818,2024-12-13 01:15:00+00:00,STATUS_FINAL,San Francisco 49ers,SF,6,6-8,Los Angeles Rams,LAR,12,8-6,False,18,6,Levi's Stadium,Santa Clara,False,Prime Video,True,28.333333333333332,19.0,0.6666666666666666,25.2,21.8,0.4,25.5,21.1,0.5,25.0,18.666666666666668,1.0,20.6,24.2,0.6,23.8,24.3,0.6,1490.7747706168357,1512.058748043404,-21.2839774265683,0.5625824954112749,4.0,11.0,-7.0,0,0,0.5588235294117647,0,-6,18,0
2024,15,401671731,2024-12-15 18:00:00+00:00,STATUS_FINAL,Carolina Panthers,CAR,14,3-11,Dallas Cowboys,DAL,30,6-8,False,44,16,Bank of America Stadium,Charlotte,False,FOX,True,23.333333333333332,24.333333333333332,0.3333333333333333,22.6,26.6,0.4,17.9,24.2,0.3,26.333333333333332,27.666666666666668,0.3333333333333333,23.8,23.0,0.6,25.3,20.5,0.6,1440.5451721028126,1471.4290703134875,-30.883898210674943,0.5489398244373365,13.0,21.0,-8.0,0,0,0.27205882352941174,0,-16,44,0
2024,15,401671854,2024-12-15 18:00:00+00:00,STATUS_FINAL,Cleveland Browns,CLE,7,3-11,Kansas City Chiefs,KC,21,13-1,False,28,14,Huntington Bank Field,Cleveland,False,CBS,True,21.0,23.333333333333332,0.6666666666666666,18.4,22.4,0.4,21.0,21.9,0.6,26.0,25.666666666666668,0.6666666666666666,24.6,21.0,0.8,23.5,19.5,0.8,1445.2201911268337,1590.0292877065283,-144.8090965796946,0.38712387812119003,23.0,21.0,2.0,0,0,0.49264705882352944,0,-14,28,0
2024,15,401671706,2024-12-15 18:00:00+00:00,STATUS_FINAL,Jacksonville Jaguars,JAX,25,3-11,New York Jets,NYJ,32,4-10,False,57,7,EverBank Stadium,Jacksonville,False,FOX,True,18.0,21.666666666666668,0.0,24.6,23.0,0.4,23.4,20.4,0.4,18.0,29.333333333333332,0.0,17.2,29.6,0.0,16.6,26.7,0.2,1446.3705569032472,1439.0900063690708,7.280550534176427,0.6025449195810539,14.0,7.0,7.0,0,0,0.7794117647058824,0,-7,57,0
2024,15,401671825,2024-12-15 18:00:00+00:00,STATUS_FINAL,Tennessee Titans,TEN,27,3-11,Cincinnati Bengals,CIN,37,6-8,False,64,10,Nissan Stadium,Nashville,False,FOX,True,13.0,16.666666666666668,0.3333333333333333,14.0,20.0,0.2,17.6,21.4,0.2,29.333333333333332,29.666666666666668,0.3333333333333333,25.2,22.0,0.6,24.7,25.0,0.5,1443.3992603859201,1479.0300212739137,-35.630760887993574,0.5421653486205151,7.0,5.0,2.0,0,0,0.20955882352941177,0,-10,64,0
2024,15,401671860,2024-12-15 18:00:00+00:00,STATUS_FINAL,Houston Texans,HOU,20,9-5,Miami Dolphins,MIA,12,6-8,True,32,8,NRG Stadium,Houston,False,CBS,False,24.333333333333332,26.0,0.3333333333333333,24.0,23.6,0.6,23.0,21.1,0.6,22.333333333333332,25.0,0.3333333333333333,18.4,20.2,0.4,20.7,23.0,0.4,1521.8014699878681,1491.0813748409778,30.720095146890344,0.6343696922426321,21.0,16.0,5.0,0,0,0.6213235294117647,1,8,32,1
2024,15,401671639,2024-12-15 18:00:00+00:00,STATUS_FINAL,New York Giants,NYG,14,2-12,Baltimore Ravens,BAL,35,9-5,False,49,21,MetLife Stadium,East Rutherford,False,CBS,True,13.333333333333334,23.666666666666668,0.0,10.0,23.2,0.0,14.7,22.2,0.2,23.333333333333332,23.333333333333332,0.3333333333333333,30.4,27.8,0.6,27.6,22.7,0.7,1416.475852475681,1530.7556422897328,-114.27978981405181,0.4295524749785426,7.0,19.0,-12.0,0,0,0.08455882352941177,0,-21,49,0
2024,15,401671737,2024-12-15 18:00:00+00:00,STATUS_FINAL,New Orleans Saints,NO,19,5-9,Washington Commanders,WSH,20,9-5,False,39,1,Caesars Superdome,New Orleans,False,FOX,True,23.0,17.333333333333332,0.6666666666666666,21.2,27.2,0.4,26.5,19.0,0.6,22.666666666666668,26.0,0.3333333333333333,29.6,25.0,0.6,25.2,29.4,0.3,1471.0710555867693,1518.3824332630195,-47.31137767625023,0.5254340023933772,13.0,30.0,-17.0,0,0,0.9926470588235294,0,-1,39,0
2024,15,401671677,2024-12-15 21:25:00+00:00,STATUS_FINAL,Arizona Cardinals,ARI,30,7-7,New England Patriots,NE,17,3-11,True,47,13,State Farm Stadium,Glendale,False,CBS,False,26.0,15.0,0.6666666666666666,21.8,20.4,0.6,22.6,23.5,0.4,17.0,19.0,0.3333333333333333,16.0,23.8,0.2,16.7,22.1,0.4,1490.7790819540235,1437.444345572625,53.33473638139844,0.6640041297372646,7.0,21.0,-14.0,0,0,0.6875,1,13,47,1
2024,15,401671669,2024-12-15 21:25:00+00:00,STATUS_FINAL,Denver Broncos,DEN,31,9-5,Indianapolis Colts,IND,13,6-8,True,44,18,Empower Field at Mile High,Denver,False,CBS,False,35.666666666666664,17.333333333333332,1.0,31.4,18.6,0.8,25.2,17.3,0.7,22.0,24.0,0.6666666666666666,21.2,22.4,0.6,20.5,25.6,0.4,1529.614970824836,1495.7427097129582,33.87226111187783,0.6385680544094468,12.0,14.0,-2.0,0,0,0.43014705882352944,1,18,44,1
2024,15,401671681,2024-12-15 21:25:00+00:00,STATUS_FINAL,Detroit Lions,DET,42,12-2,Buffalo Bills,BUF,48,11-3,False,90,6,Ford Field,Detroit,False,CBS,True,36.333333333333336,19.0,1.0,40.6,20.0,1.0,33.9,20.6,0.8,34.333333333333336,24.666666666666668,0.6666666666666666,29.2,23.4,0.6,25.2,21.5,0.7,1596.527105270299,1560.6837345490944,35.843370721204565,0.6411827025223197,9.0,7.0,2.0,0,0,0.11764705882352941,0,-6,90,0
2024,15,401671762,2024-12-15 21:25:00+00:00,STATUS_FINAL,Los Angeles Chargers,LAC,17,8-6,Tampa Bay Buccaneers,TB,40,8-6,False,57,23,SoFi Stadium,Inglewood,False,FOX,True,28.0,24.666666666666668,0.6666666666666666,24.0,19.8,0.6,19.3,19.0,0.4,26.666666666666668,20.0,0.6666666666666666,32.2,24.6,0.6,27.3,21.1,0.7,1527.2320893586868,1504.8956395334196,22.33644982526721,0.62310514296464,19.0,14.0,5.0,0,0,0.9301470588235294,0,-23,57,0
2024,15,401671766,2024-12-15 21:25:00+00:00,STATUS_FINAL,Philadelphia Eagles,PHI,27,12-2,Pittsburgh Steelers,PIT,13,10-4,True,40,14,Lincoln Financial Field,Philadelphia,False,FOX,False,25.333333333333332,19.0,1.0,23.4,19.0,0.8,27.1,26.0,0.7,30.333333333333332,29.666666666666668,0.6666666666666666,29.4,25.8,0.6,23.8,20.8,0.7,1580.7833592675008,1558.6777341219445,22.10562514555636,0.6227930453371447,7.0,14.0,-7.0,0,0,0.8419117647058824,1,14,40,1
2024,15,401671796,2024-12-16 01:20:00+00:00,STATUS_FINAL,Seattle Seahawks,SEA,13,8-6,Green Bay Packers,GB,30,10-4,False,43,17,Lumen Field,Seattle,False,NBC,True,15.333333333333334,21.0,0.3333333333333333,18.0,25.6,0.2,19.6,22.9,0.4,27.0,26.666666666666668,0.6666666666666666,27.0,22.6,0.8,28.1,23.3,0.7,1526.28681995219,1543.5953144206974,-17.308494468507433,0.5682057467724404,21.0,10.0,11.0,0,0,0.3639705882352941,0,-17,43,0
2024,15,401671489,2024-12-17 01:00:00+00:00,STATUS_FINAL,Minnesota Vikings,MIN,30,12-2,Chicago Bears,CHI,12,4-10,True,42,18,U.S. Bank Stadium,Minneapolis,False,ABC,False,28.666666666666668,18.666666666666668,1.0,27.6,20.8,0.8,23.9,20.3,0.6,14.0,30.0,0.0,14.6,25.8,0.0,15.0,22.6,0.1,1573.8679187555333,1452.3299966873178,121.5379220682155,0.7453186324285188,8.0,8.0,0.0,0,0,0.17647058823529413,1,18,42,1
2024,15,401671697,2024-12-17 01:30:00+00:00,STATUS_FINAL,Las Vegas Raiders,LV,9,2-12,Atlanta Falcons,ATL,15,7-7,False,24,6,Allegiant Stadium,Las Vegas,False,ESPN,True,17.333333333333332,29.333333333333332,0.0,18.8,28.0,0.2,21.7,22.1,0.4,14.666666666666666,33.333333333333336,0.0,22.6,29.2,0.4,18.9,26.9,0.4,1425.988725676767,1488.0355410560048,-62.04681537923784,0.5042498719535392,22.0,8.0,14.0,0,0,0.051470588235294115,0,-6,24,0
2024,16,401671749,2024-12-20 01:15:00+00:00,STATUS_FINAL,Los Angeles Chargers,LAC,34,9-6,Denver Broncos,DEN,27,9-6,True,61,7,SoFi Stadium,Inglewood,False,Prime Video,False,24.666666666666668,32.333333333333336,0.3333333333333333,25.4,24.4,0.6,20.0,21.0,0.4,17.666666666666668,25.333333333333332,0.3333333333333333,19.2,19.0,0.6,19.7,20.4,0.5,1514.769986499394,1536.843609736647,-22.07362323725306,0.5614635903937613,4.0,25.0,-21.0,0,0,0.30514705882352944,1,7,61,1
2024,16,401671780,2024-12-21 18:00:00+00:00,STATUS_FINAL,Kansas City Chiefs,KC,27,14-1,Houston Texans,HOU,19,9-6,True,46,8,GEHA Field at Arrowhead Stadium,Kansas City,False,NBC,False,18.0,16.0,1.0,22.0,17.0,1.0,21.9,18.7,0.8,23.333333333333332,17.0,0.6666666666666666,26.6,19.2,0.6,21.7,22.2,0.6,1597.771765268952,1529.1140761430154,68.65768912593671,0.6833901151193389,12.0,20.0,-8.0,0,0,0.39705882352941174,1,8,46,1
2024,16,401671778,2024-12-21 21:30:00+00:00,STATUS_FINAL,Baltimore Ravens,BAL,34,10-5,Pittsburgh Steelers,PIT,17,10-5,True,51,17,M&T Bank Stadium,Baltimore,False,FOX,False,31.666666666666668,22.666666666666668,0.6666666666666666,32.0,20.2,0.8,32.0,21.4,0.7,25.333333333333332,29.666666666666668,0.3333333333333333,27.2,25.8,0.6,23.8,20.5,0.7,1539.3466917893036,1551.1335950286873,-11.786903239383719,0.5759865683366734,20.0,6.0,14.0,0,0,0.8455882352941176,1,17,51,1
2024,16,401671862,2024-12-22 18:00:00+00:00,STATUS_FINAL,Indianapolis Colts,IND,38,7-8,Tennessee Titans,TEN,30,3-12,True,68,8,Lucas Oil Stadium,Indianapolis,False,CBS,False,14.0,21.333333333333332,0.3333333333333333,18.0,20.8,0.6,21.6,20.9,0.6,22.666666666666668,32.0,0.3333333333333333,18.4,36.4,0.2,18.5,30.5,0.3,1488.5140708011472,1432.5559534135098,55.95811738763746,0.6673649034429046,28.0,21.0,7.0,0,0,0.9632352941176471,1,8,68,1
2024,16,401671732,2024-12-22 18:00:00+00:00,STATUS_FINAL,Carolina Panthers,CAR,36,4-11,Arizona Cardinals,ARI,30,7-8,True,66,6,Bank of America Stadium,Charlotte,False,FOX,False,21.333333333333332,28.666666666666668,0.0,21.4,25.0,0.4,18.4,26.5,0.2,18.666666666666668,22.0,0.3333333333333333,18.6,24.6,0.4,21.2,24.6,0.4,1429.566375614066,1497.4989993592783,-67.93262374521237,0.4957797154020603,7.0,21.0,-14.0,0,0,0.022058823529411766,1,6,66,1
2024,16,401671717,2024-12-22 18:00:00+00:00,STATUS_FINAL,Washington Commanders,WSH,36,10-5,Philadelphia Eagles,PHI,33,12-3,True,69,3,Northwest Stadium,Landover,False,FOX,False,31.666666666666668,27.0,0.3333333333333333,30.6,20.6,0.6,24.3,24.4,0.5,31.666666666666668,15.0,1.0,32.0,13.0,1.0,23.1,19.0,0.6,1528.891113310887,1588.327498360758,-59.43638504987098,0.5080060012201761,21.0,20.0,1.0,0,0,0.8125,1,3,69,0
2024,16,401671729,2024-12-22 18:00:00+00:00,STATUS_FINAL,Atlanta Falcons,ATL,34,8-7,New York Giants,NYG,7,2-13,True,41,27,Mercedes-Benz Stadium,Atlanta,False,FOX,False,18.0,24.0,0.3333333333333333,23.2,25.2,0.6,22.1,22.0,0.5,18.333333333333332,24.333333333333332,0.0,21.0,21.6,0.4,20.2,25.4,0.3,1498.1205384950756,1407.8848029761102,90.23573551896538,0.7096343252154721,21.0,23.0,-2.0,0,0,0.7463235294117647,1,27,41,1
2024,16,401671811,2024-12-22 18:00:00+00:00,STATUS_FINAL,Cincinnati Bengals,CIN,24,7-8,Cleveland Browns,CLE,6,3-12,True,30,18,Paycor Stadium,Cincinnati,False,CBS,False,32.0,35.0,0.3333333333333333,33.4,36.8,0.2,27.9,26.8,0.4,20.0,34.333333333333336,0.0,17.8,31.4,0.0,19.2,27.9,0.2,1489.873328246324,1437.47771356441,52.39561468191414,0.6627969652392652,21.0,14.0,7.0,0,0,0.2426470588235294,1,18,30,1
2024,16,401671868,2024-12-22 18:00:00+00:00,STATUS_FINAL,Chicago Bears,CHI,17,4-11,Detroit Lions,DET,34,13-2,False,51,17,Soldier Field,Chicago,False,FOX,True,16.333333333333332,23.0,0.0,24.0,19.0,0.4,26.0,17.6,0.7,24.666666666666668,14.333333333333334,1.0,30.4,16.2,1.0,26.7,19.4,0.8,1447.2363693358882,1583.7034512198527,-136.4670818839645,0.3985770518496977,28.0,28.0,0.0,0,0,0.33455882352941174,0,-17,51,0
2024,16,401671621,2024-12-22 18:00:00+00:00,STATUS_FINAL,New York Jets,NYJ,9,4-11,Los Angeles Rams,LAR,19,9-6,False,28,10,MetLife Stadium,East Rutherford,False,CBS,True,23.0,22.333333333333332,0.3333333333333333,19.6,20.0,0.2,20.3,18.4,0.4,20.333333333333332,14.0,1.0,21.0,17.2,0.8,21.3,23.5,0.6,1451.140904760692,1523.3103979516295,-72.1694931909376,0.4896837341657194,21.0,9.0,12.0,0,0,0.5625,0,-10,28,0
2024,16,401671759,2024-12-22 21:05:00+00:00,STATUS_FINAL,Seattle Seahawks,SEA,24,8-7,Minnesota Vikings,MIN,27,13-2,False,51,3,Lumen Field,Seattle,False,FOX,True,16.333333333333332,20.666666666666668,0.3333333333333333,16.6,25.8,0.2,19.6,22.8,0.4,21.666666666666668,15.666666666666666,1.0,23.2,21.2,0.8,21.1,19.0,0.6,1514.9227050167412,1578.961546106963,-64.0388410902217,0.5013832153323713,6.0,28.0,-22.0,0,0,0.6544117647058824,0,-3,51,0
2024,16,401671494,2024-12-22 21:25:00+00:00,STATUS_FINAL,Buffalo Bills,BUF,24,12-3,New England Patriots,NE,21,3-12,True,45,3,Highmark Stadium,Orchard Park,False,CBS,False,31.666666666666668,19.333333333333332,1.0,35.2,15.6,1.0,32.2,16.7,0.9,17.0,22.333333333333332,0.3333333333333333,16.8,23.8,0.2,16.3,23.3,0.3,1573.5073885995407,1430.7244281673702,142.7829604321705,0.7678293538961748,20.0,7.0,13.0,0,0,0.6911764705882353,1,3,45,0
2024,16,401671673,2024-12-22 21:25:00+00:00,STATUS_FINAL,Las Vegas Raiders,LV,19,3-12,Jacksonville Jaguars,JAX,14,3-12,True,33,5,Allegiant Stadium,Las Vegas,False,CBS,False,16.0,23.666666666666668,0.0,16.2,23.8,0.2,21.0,22.4,0.3,13.0,28.666666666666668,0.3333333333333333,15.0,29.0,0.2,16.1,30.1,0.1,1415.9037282376962,1434.3196585116261,-18.415930273929916,0.5666409997224069,5.0,14.0,-9.0,0,0,0.4632352941176471,1,5,33,1
2024,16,401671874,2024-12-22 21:25:00+00:00,STATUS_FINAL,Miami Dolphins,MIA,29,7-8,San Francisco 49ers,SF,17,6-9,True,46,12,Hard Rock Stadium,Miami Gardens,False,CBS,False,33.333333333333336,20.0,1.0,27.8,23.8,0.6,23.5,20.8,0.6,14.333333333333334,31.0,0.3333333333333333,20.6,28.8,0.4,26.5,23.8,0.6,1483.7687686858305,1479.5231207086101,4.245647977220415,0.598353649981405,14.0,20.0,-6.0,0,0,0.9007352941176471,1,12,46,1
2024,16,401671790,2024-12-23 01:20:00+00:00,STATUS_FINAL,Dallas Cowboys,DAL,26,7-8,Tampa Bay Buccaneers,TB,24,8-7,True,50,2,AT&T Stadium,Arlington,False,NBC,False,19.0,27.0,0.3333333333333333,14.4,32.4,0.2,21.0,30.1,0.4,32.0,15.666666666666666,1.0,34.2,20.8,0.8,29.3,20.1,0.8,1482.4078668022341,1517.3577423927125,-34.949875590478314,0.5431380907954606,13.0,7.0,6.0,0,0,0.9338235294117647,1,2,50,0
2024,16,401671692,2024-12-24 01:15:00+00:00,STATUS_FINAL,Green Bay Packers,GB,34,11-4,New Orleans Saints,NO,0,5-10,True,34,34,Lambeau Field,Green Bay,False,ESPN,False,27.333333333333332,17.0,0.6666666666666666,28.0,17.2,0.8,24.9,18.9,0.7,14.666666666666666,20.0,0.3333333333333333,16.2,22.4,0.2,20.4,22.5,0.3,1554.959429356146,1460.5623755389017,94.39705381724434,0.714545330826456,24.0,15.0,9.0,0,0,0.7169117647058824,1,34,34,1
2024,17,401671799,2024-12-25 18:00:00+00:00,STATUS_FINAL,Pittsburgh Steelers,PIT,10,10-6,Kansas City Chiefs,KC,29,15-1,False,39,19,Acrisure Stadium,Pittsburgh,False,Netflix,True,23.666666666666668,16.0,1.0,25.0,16.6,0.8,23.0,16.8,0.7,24.0,21.333333333333332,0.6666666666666666,25.4,20.4,0.8,22.5,18.5,0.8,1542.6533263954207,1604.1039629665654,-61.45063657114474,0.5051077668871385,17.0,10.0,7.0,0,0,0.4963235294117647,0,-19,39,0
2024,17,401671800,2024-12-25 21:30:00+00:00,STATUS_FINAL,Houston Texans,HOU,2,9-7,Baltimore Ravens,BAL,31,11-5,False,33,29,NRG Stadium,Houston,False,Netflix,True,23.333333333333332,23.333333333333332,0.3333333333333333,23.2,22.0,0.6,22.9,19.9,0.7,27.0,18.333333333333332,0.6666666666666666,29.2,23.0,0.6,29.1,23.1,0.7,1522.781878445402,1547.8269604225702,-25.045081977168138,0.5572476070315557,10.0,10.0,0.0,0,0,0.08823529411764706,0,-29,33,0
2024,17,401671876,2024-12-27 01:15:00+00:00,STATUS_FINAL,Chicago Bears,CHI,3,4-12,Seattle Seahawks,SEA,6,9-7,False,9,3,Soldier Field,Chicago,False,Prime Video,True,21.0,28.0,0.0,20.2,23.8,0.2,24.9,19.7,0.6,25.333333333333332,18.666666666666668,1.0,27.8,22.4,0.8,25.4,23.8,0.7,1439.2648282988941,1504.8950407100938,-65.63021241119964,0.49909305243003127,4.0,18.0,-14.0,0,0,0.8713235294117647,0,-3,9,0
2024,17,401671832,2024-12-28 18:00:00+00:00,STATUS_FINAL,New England Patriots,NE,7,3-13,Los Angeles Chargers,LAC,40,10-6,False,47,33,Gillette Stadium,Foxborough,False,NFL Net,True,23.666666666666668,25.0,0.3333333333333333,20.4,26.2,0.2,14.8,21.4,0.1,20.333333333333332,14.0,0.6666666666666666,19.8,15.0,0.6,17.1,17.7,0.5,1426.0810152452937,1523.5407146915188,-97.45969944622516,0.45342217708254207,27.0,19.0,8.0,0,0,0.5294117647058824,0,-33,47,0
2024,17,401671835,2024-12-28 21:30:00+00:00,STATUS_FINAL,Cincinnati Bengals,CIN,30,8-8,Denver Broncos,DEN,24,9-7,True,54,6,Paycor Stadium,Cincinnati,False,NFL Net,False,34.333333333333336,24.666666666666668,0.6666666666666666,31.6,30.4,0.4,29.3,25.8,0.5,23.333333333333332,23.0,0.3333333333333333,22.6,24.0,0.4,20.0,23.1,0.4,1496.6173889415388,1528.0728815445223,-31.45549260298344,0.5481249842713434,6.0,8.0,-2.0,0,0,0.3088235294117647,1,6,54,1
2024,17,401671829,2024-12-29 01:00:00+00:00,STATUS_FINAL,Los Angeles Rams,LAR,13,10-6,Arizona Cardinals,ARI,9,7-9,True,22,4,SoFi Stadium,Inglewood,False,NFL Net,False,26.333333333333332,34.0,0.3333333333333333,25.8,27.4,0.6,26.9,24.6,0.7,19.333333333333332,25.0,0.0,19.8,27.2,0.2,22.6,26.1,0.4,1533.1040726349438,1487.4145936673194,45.68947896762438,0.6541156863125211,20.0,6.0,14.0,0,0,0.025735294117647058,1,4,22,1
2024,17,401671846,2024-12-29 18:00:00+00:00,STATUS_FINAL,New York Giants,NYG,45,3-13,Indianapolis Colts,IND,33,7-9,True,78,12,MetLife Stadium,East Rutherford,False,FOX,False,10.666666666666666,26.333333333333332,0.0,11.4,26.8,0.0,13.7,23.5,0.1,22.0,27.333333333333332,0.6666666666666666,19.8,25.2,0.4,18.7,25.9,0.3,1402.0774894804197,1495.1667727322892,-93.08928325186957,0.4596641163021236,14.0,13.0,1.0,0,0,0.4338235294117647,1,12,78,1
2024,17,401671738,2024-12-29 18:00:00+00:00,STATUS_FINAL,New Orleans Saints,NO,10,5-11,Las Vegas Raiders,LV,25,4-12,False,35,15,Caesars Superdome,New Orleans,False,FOX,True,22.666666666666668,18.333333333333332,0.3333333333333333,19.6,21.0,0.4,25.6,20.4,0.5,16.333333333333332,27.0,0.0,17.6,28.4,0.0,18.2,25.8,0.2,1454.8532821554309,1424.5709082432481,30.28237391218272,0.6337850573077761,14.0,21.0,-7.0,0,0,0.5955882352941176,0,-15,35,0
2024,17,401671634,2024-12-29 18:00:00+00:00,STATUS_FINAL,Jacksonville Jaguars,JAX,20,4-12,Tennessee Titans,TEN,13,3-13,True,33,7,EverBank Stadium,Jacksonville,False,CBS,False,17.333333333333332,22.333333333333332,0.0,22.2,22.6,0.2,22.5,22.2,0.3,27.0,35.666666666666664,0.3333333333333333,22.4,37.2,0.2,20.1,30.9,0.3,1425.6524785060742,1425.9032514823678,-0.2507729762935469,0.5921176352796493,14.0,7.0,7.0,0,0,0.9669117647058824,1,7,33,1
2024,17,401671765,2024-12-29 18:00:00+00:00,STATUS_FINAL,Philadelphia Eagles,PHI,41,13-3,Dallas Cowboys,DAL,7,7-9,True,48,34,Lincoln Financial Field,Philadelphia,False,FOX,False,25.0,15.666666666666666,1.0,24.6,17.2,1.0,26.1,23.9,0.7,28.333333333333332,22.333333333333332,0.6666666666666666,25.8,22.8,0.6,25.0,20.9,0.6,1578.4876183851616,1491.545104986325,86.94251339883658,0.7057126382691921,13.0,14.0,-1.0,0,0,0.2757352941176471,1,34,48,1
2024,17,401671495,2024-12-29 18:00:00+00:00,STATUS_FINAL,Buffalo Bills,BUF,40,13-3,New York Jets,NYJ,14,4-12,True,54,26,Highmark Stadium,Orchard Park,False,CBS,False,29.666666666666668,17.333333333333332,1.0,30.6,17.8,1.0,32.4,16.4,1.0,21.333333333333332,29.333333333333332,0.3333333333333333,20.2,30.0,0.2,19.8,26.2,0.3,1578.1508015216173,1441.3472300773776,136.80357144423965,0.7616368903234999,6.0,14.0,-8.0,0,0,0.7830882352941176,1,26,54,1
2024,17,401671653,2024-12-29 18:00:00+00:00,STATUS_FINAL,Tampa Bay Buccaneers,TB,48,9-7,Carolina Panthers,CAR,14,4-12,True,62,34,Raymond James Stadium,Tampa,False,CBS,False,24.666666666666668,22.333333333333332,0.3333333333333333,27.6,24.8,0.4,24.6,22.3,0.5,12.333333333333334,30.0,0.0,16.6,29.6,0.2,12.7,28.7,0.1,1508.2205042086216,1439.6507813060248,68.56972290259682,0.6832805417214011,21.0,21.0,0.0,0,0,0.14705882352941177,1,34,62,1
2024,17,401671877,2024-12-29 21:05:00+00:00,STATUS_FINAL,Cleveland Browns,CLE,3,3-13,Miami Dolphins,MIA,20,8-8,False,23,17,Huntington Bank Field,Cleveland,False,CBS,True,13.666666666666666,22.333333333333332,0.3333333333333333,16.8,22.4,0.4,20.4,23.0,0.5,17.333333333333332,21.666666666666668,0.3333333333333333,17.8,22.2,0.2,20.5,22.9,0.4,1430.733652869195,1491.8016956862025,-61.06804281700738,0.5056582996846667,14.0,14.0,0.0,0,0,0.625,0,-17,23,0
2024,17,401671725,2024-12-29 21:25:00+00:00,STATUS_FINAL,Minnesota Vikings,MIN,27,14-2,Green Bay Packers,GB,25,11-5,True,52,2,U.S. Bank Stadium,Minneapolis,False,FOX,False,31.666666666666668,18.333333333333332,1.0,29.0,19.8,0.8,25.9,20.3,0.7,27.0,22.0,0.6666666666666666,27.0,22.4,0.8,28.2,22.4,0.7,1588.9892104136104,1560.668522739617,28.32068767399346,0.631160142068744,12.0,13.0,-1.0,0,0,0.36764705882352944,1,2,52,0
2024,17,401671842,2024-12-30 01:20:00+00:00,STATUS_FINAL,Washington Commanders,WSH,30,11-5,Atlanta Falcons,ATL,24,8-8,True,54,6,Northwest Stadium,Landover,False,NBC,False,34.666666666666664,28.666666666666668,0.6666666666666666,29.8,25.8,0.6,26.4,23.2,0.6,14.0,29.666666666666668,0.3333333333333333,18.0,27.0,0.4,19.1,27.0,0.4,1538.7309932864835,1503.9278519907662,34.803141295717296,0.6398038874787172,7.0,12.0,-5.0,0,0,0.05514705882352941,1,6,54,1
2024,17,401671698,2024-12-31 01:15:00+00:00,STATUS_FINAL,San Francisco 49ers,SF,34,6-10,Detroit Lions,DET,40,14-2,False,74,6,Levi's Stadium,Santa Clara,False,ESPN,True,20.333333333333332,15.0,0.3333333333333333,21.8,19.4,0.4,23.3,20.7,0.4,28.0,15.333333333333334,1.0,27.8,17.8,1.0,26.8,18.3,0.8,1471.4901937082382,1591.6749922568467,-120.18479854860857,0.421243877621191,18.0,8.0,10.0,0,0,0.3382352941176471,0,-6,74,0
2024,18,401671834,2025-01-04 21:30:00+00:00,STATUS_FINAL,Baltimore Ravens,BAL,35,12-5,Cleveland Browns,CLE,10,3-14,True,45,25,M&T Bank Stadium,Baltimore,False,ESPN,False,29.333333333333332,25.0,0.6666666666666666,31.8,21.6,0.8,32.0,21.1,0.7,17.333333333333332,30.666666666666668,0.0,16.4,29.4,0.0,17.9,26.7,0.2,1558.9719125632014,1420.6204868755017,138.3514256876997,0.763250723523428,14.0,13.0,1.0,0,0,0.24632352941176472,1,25,45,1
2024,18,401671836,2025-01-05 01:00:00+00:00,STATUS_FINAL,Pittsburgh Steelers,PIT,17,10-7,Cincinnati Bengals,CIN,19,9-8,False,36,2,Acrisure Stadium,Pittsburgh,False,ESPN,True,18.333333333333332,19.666666666666668,0.6666666666666666,23.6,18.4,0.8,21.7,17.8,0.6,30.333333333333332,27.0,0.6666666666666666,29.2,26.0,0.6,25.0,24.6,0.5,1532.551171057678,1505.654889256112,26.89628180156592,0.629249269425874,10.0,20.0,-10.0,0,0,0.21323529411764705,0,-2,36,0
2024,18,401671840,2025-01-05 18:00:00+00:00,STATUS_FINAL,Dallas Cowboys,DAL,19,7-10,Washington Commanders,WSH,23,12-5,False,42,4,AT&T Stadium,Arlington,False,FOX,True,24.333333333333332,23.666666666666668,0.6666666666666666,17.8,27.8,0.4,19.5,29.0,0.4,21.666666666666668,22.333333333333332,0.6666666666666666,26.0,22.2,0.6,24.6,28.4,0.4,1485.6593577517087,1545.934915536909,-60.27555778520036,0.506798599855085,13.0,21.0,-8.0,0,0,0.9963235294117647,0,-4,42,0
2024,18,401671841,2025-01-05 18:00:00+00:00,STATUS_FINAL,Philadelphia Eagles,PHI,20,14-3,New York Giants,NYG,13,3-14,True,33,7,Lincoln Financial Field,Philadelphia,False,CBS,False,30.0,12.0,1.0,28.8,15.4,1.0,28.3,20.4,0.8,14.666666666666666,27.0,0.0,18.2,25.4,0.2,19.2,23.9,0.3,1584.3733656197778,1412.8842071543772,171.48915846540058,0.7959775633527354,7.0,14.0,-7.0,0,0,0.75,1,7,33,1
2024,18,401671828,2025-01-05 18:00:00+00:00,STATUS_FINAL,Tampa Bay Buccaneers,TB,27,10-7,New Orleans Saints,NO,19,5-12,True,46,8,Raymond James Stadium,Tampa,False,FOX,False,32.0,16.666666666666668,0.6666666666666666,30.6,24.4,0.4,27.3,21.9,0.5,12.0,22.666666666666668,0.3333333333333333,11.4,24.0,0.2,18.5,23.2,0.3,1514.5548933741936,1442.1775810092754,72.37731236491823,0.6880046641968992,7.0,12.0,-5.0,0,0,0.7205882352941176,1,8,46,1
2024,18,401671837,2025-01-05 18:00:00+00:00,STATUS_FINAL,Indianapolis Colts,IND,26,8-9,Jacksonville Jaguars,JAX,23,4-13,True,49,3,Lucas Oil Stadium,Indianapolis,False,FOX,False,21.333333333333332,28.0,0.3333333333333333,21.4,23.6,0.6,22.7,21.9,0.6,10.0,25.666666666666668,0.3333333333333333,13.8,28.0,0.2,14.8,28.9,0.1,1484.3600550583317,1433.8101258004813,50.54992925785041,0.6604183012184391,14.0,13.0,1.0,0,0,0.46691176470588236,1,3,49,0
2024,18,401671826,2025-01-05 18:00:00+00:00,STATUS_FINAL,Tennessee Titans,TEN,14,3-14,Houston Texans,HOU,23,10-7,False,37,9,Nissan Stadium,Nashville,False,CBS,True,15.333333333333334,23.333333333333332,0.0,16.6,21.4,0.2,17.5,22.0,0.2,25.333333333333332,19.0,0.6666666666666666,22.2,20.4,0.4,23.0,21.9,0.6,1417.7456041879607,1511.636926304771,-93.89132211681022,0.45851761677015745,21.0,15.0,6.0,0,0,0.4007352941176471,0,-9,37,0
2024,18,401671844,2025-01-05 18:00:00+00:00,STATUS_FINAL,Green Bay Packers,GB,22,11-6,Chicago Bears,CHI,24,5-12,False,46,2,Lambeau Field,Green Bay,False,FOX,True,34.0,9.0,1.0,28.0,14.6,0.8,25.6,17.0,0.7,15.0,30.333333333333332,0.0,13.8,27.6,0.0,13.6,22.5,0.1,1553.2917255809919,1429.2829672502935,124.00875833069836,0.748009044492338,12.0,19.0,-7.0,0,0,0.1801470588235294,0,-2,46,0
2024,18,401671827,2025-01-05 18:00:00+00:00,STATUS_FINAL,Atlanta Falcons,ATL,38,8-9,Carolina Panthers,CAR,44,5-12,False,82,6,Mercedes-Benz Stadium,Atlanta,False,CBS,True,24.666666666666668,15.0,0.6666666666666666,24.8,21.8,0.6,23.1,21.2,0.5,14.666666666666666,32.666666666666664,0.0,12.2,34.8,0.0,13.1,31.8,0.1,1496.7239297403405,1433.3163921404528,63.407537599887746,0.6768150324333188,14.0,7.0,7.0,0,0,0.15073529411764705,0,-6,82,0
2024,18,401671831,2025-01-05 18:00:00+00:00,STATUS_FINAL,New England Patriots,NE,23,4-13,Buffalo Bills,BUF,16,13-4,True,39,7,Gillette Stadium,Foxborough,False,CBS,False,17.666666666666668,31.0,0.0,19.8,31.2,0.2,14.9,24.4,0.1,40.0,35.333333333333336,0.6666666666666666,34.8,27.2,0.8,28.0,24.0,0.7,1417.0125717036428,1582.9180637151474,-165.90549201150452,0.35873502976863075,8.0,20.0,-12.0,0,0,0.1213235294117647,1,7,39,1
2024,18,401671830,2025-01-05 21:25:00+00:00,STATUS_FINAL,Los Angeles Rams,LAR,25,10-7,Seattle Seahawks,SEA,30,10-7,False,55,5,SoFi Stadium,Inglewood,False,FOX,True,25.666666666666668,29.333333333333332,0.6666666666666666,24.4,26.2,0.6,24.6,23.6,0.7,20.666666666666668,14.0,1.0,23.2,14.6,1.0,22.5,20.0,0.8,1540.0217589086933,1514.8769017586944,25.14485714999887,0.6268941414981207,7.0,9.0,-2.0,0,0,0.875,0,-5,55,0
2024,18,401671833,2025-01-05 21:25:00+00:00,STATUS_FINAL,New York Jets,NYJ,32,5-12,Miami Dolphins,MIA,20,8-9,True,52,12,MetLife Stadium,East Rutherford,False,FOX,False,19.0,24.333333333333332,0.0,19.6,21.8,0.2,19.9,16.9,0.4,16.333333333333332,17.666666666666668,0.3333333333333333,19.8,19.6,0.4,19.1,21.9,0.4,1436.5799678838475,1501.914861679896,-65.33489379604839,0.4995180492351879,14.0,7.0,7.0,0,0,0.6286764705882353,1,12,52,1
2024,18,401671839,2025-01-05 21:25:00+00:00,STATUS_FINAL,Las Vegas Raiders,LV,20,4-13,Los Angeles Chargers,LAC,34,11-6,False,54,14,Allegiant Stadium,Las Vegas,False,CBS,True,15.666666666666666,19.333333333333332,0.3333333333333333,16.0,23.4,0.2,21.2,20.7,0.4,24.666666666666668,13.0,0.6666666666666666,23.2,13.2,0.6,20.5,18.4,0.5,1437.2466093894036,1532.6091582331696,-95.36254884376604,0.45641567578571707,14.0,8.0,6.0,0,0,0.5330882352941176,0,-14,54,0
2024,18,401671845,2025-01-05 21:25:00+00:00,STATUS_FINAL,Arizona Cardinals,ARI,47,8-9,San Francisco 49ers,SF,24,6-11,True,71,23,State Farm Stadium,Glendale,False,FOX,False,26.333333333333332,17.666666666666668,0.6666666666666666,25.0,15.4,0.8,24.2,21.5,0.5,12.333333333333334,34.0,0.0,19.2,29.2,0.4,25.1,25.4,0.5,1480.49690739357,1463.0653161558143,17.431591237755583,0.6164516922025288,21.0,14.0,7.0,0,0,0.9044117647058824,1,23,71,1
2024,18,401671838,2025-01-05 21:25:00+00:00,STATUS_FINAL,Denver Broncos,DEN,38,10-7,Kansas City Chiefs,KC,0,15-2,True,38,38,Empower Field at Mile High,Denver,False,CBS,False,36.666666666666664,17.0,1.0,30.8,17.6,0.8,26.2,16.6,0.7,26.666666666666668,14.666666666666666,1.0,25.6,18.8,0.8,23.5,16.8,0.9,1519.035381229949,1614.2061183043081,-95.17073707435907,0.4566896308174107,21.0,11.0,10.0,0,0,0.5,1,38,38,1
2024,18,401671843,2025-01-06 01:20:00+00:00,STATUS_FINAL,Detroit Lions,DET,31,15-2,Minnesota Vikings,MIN,9,14-3,True,40,22,Ford Field,Detroit,False,NBC,False,33.0,33.0,0.6666666666666666,40.6,23.8,0.8,35.9,22.5,0.8,26.666666666666668,21.333333333333332,1.0,22.4,20.2,0.8,21.8,19.3,0.7,1600.0998698092706,1596.3660075722355,3.733862237035055,0.5976454250815733,21.0,14.0,7.0,0,0,0.6580882352941176,1,22,40,1
