season,game_id,date,matchup,away_team,away_abbr,away_score,away_win,away_fg_pct,away_fg3_pct,away_ft_pct,away_rebounds,away_assists,away_turnovers,home_team,home_abbr,home_score,home_win,home_fg_pct,home_fg3_pct,home_ft_pct,home_rebounds,home_assists,home_turnovers,total_points,point_differential
2021,0022100002,2021-10-19,GSW @ LAL,Golden State Warriors,GSW,121,True,0.441,0.359,0.833,50,30,17,Los Angeles Lakers,LAL,114,False,0.474,0.357,0.474,45,21,17,235,7
2021,0022100001,2021-10-19,MIL vs. BKN,Brooklyn Nets,BKN,104,False,0.44,0.531,0.565,44,19,12,Milwaukee Bucks,MIL,127,True,0.457,0.378,0.778,54,25,7,231,23
2021,0022100012,2021-10-20,DEN @ PHX,Denver Nuggets,DEN,110,True,0.53,0.436,0.556,46,25,17,Phoenix Suns,PHX,98,False,0.414,0.378,0.706,45,23,18,208,12
2021,0022100004,2021-10-20,DET vs. CHI,Chicago Bulls,CHI,94,True,0.43,0.304,0.867,48,18,17,Detroit Pistons,DET,88,False,0.4,0.214,0.769,47,17,16,182,6
2021,0022100009,2021-10-20,NOP vs. PHI,Philadelphia 76ers,PHI,117,True,0.518,0.52,0.8,47,24,12,New Orleans Pelicans,NOP,97,False,0.419,0.433,0.667,44,28,13,214,20
2021,0022100011,2021-10-20,UTA vs. OKC,Oklahoma City Thunder,OKC,86,False,0.374,0.2,0.611,50,19,14,Utah Jazz,UTA,107,True,0.44,0.298,0.867,53,18,10,193,21
2021,0022100007,2021-10-20,CLE @ MEM,Cleveland Cavaliers,CLE,121,False,0.505,0.368,0.722,36,38,10,Memphis Grizzlies,MEM,132,True,0.53,0.424,1.0,53,28,10,253,11
2021,0022100006,2021-10-20,WAS @ TOR,Washington Wizards,WAS,98,True,0.444,0.185,0.808,51,20,21,Toronto Raptors,TOR,83,False,0.309,0.206,0.727,54,14,19,181,15
2021,0022100010,2021-10-20,SAS vs. ORL,Orlando Magic,ORL,97,False,0.407,0.31,0.783,44,17,16,San Antonio Spurs,SAS,123,True,0.5,0.433,0.667,43,32,8,220,26
2021,0022100003,2021-10-20,IND @ CHA,Indiana Pacers,IND,122,False,0.467,0.362,0.875,51,29,16,Charlotte Hornets,CHA,123,True,0.43,0.419,0.667,46,29,8,245,1
2021,0022100005,2021-10-20,NYK vs. BOS,Boston Celtics,BOS,134,False,0.41,0.368,0.739,56,34,18,New York Knicks,NYK,138,True,0.486,0.378,0.704,55,27,17,272,4
2021,0022100013,2021-10-20,SAC @ POR,Sacramento Kings,SAC,124,True,0.457,0.415,0.793,43,24,10,Portland Trail Blazers,POR,121,False,0.484,0.343,0.864,49,25,12,245,3
2021,0022100008,2021-10-20,MIN vs. HOU,Houston Rockets,HOU,106,False,0.455,0.333,0.682,41,21,24,Minnesota Timberwolves,MIN,124,True,0.483,0.421,0.774,46,26,18,230,18
2021,0022100016,2021-10-21,LAC @ GSW,LA Clippers,LAC,113,False,0.438,0.35,0.714,39,24,7,Golden State Warriors,GSW,115,True,0.518,0.484,0.636,53,27,21,228,2
2021,0022100014,2021-10-21,ATL vs. DAL,Dallas Mavericks,DAL,87,False,0.333,0.302,0.923,50,16,15,Atlanta Hawks,ATL,113,True,0.479,0.429,0.889,55,31,13,200,26
2021,0022100015,2021-10-21,MIA vs. MIL,Milwaukee Bucks,MIL,95,False,0.381,0.286,0.655,38,19,15,Miami Heat,MIA,137,True,0.531,0.429,0.645,58,28,11,232,42
2021,0022100021,2021-10-22,BKN @ PHI,Brooklyn Nets,BKN,114,True,0.466,0.316,0.833,47,26,12,Philadelphia 76ers,PHI,109,False,0.473,0.389,0.818,35,17,8,223,5
2021,0022100026,2021-10-22,UTA @ SAC,Utah Jazz,UTA,110,True,0.411,0.381,0.87,51,16,17,Sacramento Kings,SAC,101,False,0.394,0.222,0.714,52,20,15,211,9
2021,0022100019,2021-10-22,IND @ WAS,Indiana Pacers,IND,134,False,0.536,0.441,0.75,42,28,12,Washington Wizards,WAS,135,True,0.521,0.5,0.947,38,24,9,269,1
2021,0022100024,2021-10-22,DEN vs. SAS,San Antonio Spurs,SAS,96,False,0.476,0.25,0.714,39,24,20,Denver Nuggets,DEN,102,True,0.512,0.3,0.625,41,26,21,198,6
2021,0022100020,2021-10-22,BOS vs. TOR,Toronto Raptors,TOR,115,True,0.42,0.286,1.0,60,22,11,Boston Celtics,BOS,83,False,0.39,0.324,0.727,42,19,25,198,32
2021,0022100022,2021-10-22,NOP @ CHI,New Orleans Pelicans,NOP,112,False,0.483,0.517,0.813,42,26,16,Chicago Bulls,CHI,128,True,0.528,0.5,0.8,46,32,14,240,16
2021,0022100023,2021-10-22,OKC @ HOU,Oklahoma City Thunder,OKC,91,False,0.374,0.326,0.563,39,22,19,Houston Rockets,HOU,124,True,0.505,0.447,0.786,54,29,17,215,33
2021,0022100018,2021-10-22,ORL vs. NYK,New York Knicks,NYK,121,True,0.5,0.444,0.529,38,34,11,Orlando Magic,ORL,96,False,0.398,0.395,0.867,46,24,18,217,25
2021,0022100017,2021-10-22,CHA @ CLE,Charlotte Hornets,CHA,123,True,0.527,0.406,0.824,46,32,18,Cleveland Cavaliers,CLE,112,False,0.512,0.29,0.85,36,26,18,235,11
2021,0022100025,2021-10-22,LAL vs. PHX,Phoenix Suns,PHX,115,True,0.488,0.313,0.75,47,31,11,Los Angeles Lakers,LAL,105,False,0.395,0.441,0.759,46,25,16,220,10
2021,0022100029,2021-10-23,DAL @ TOR,Dallas Mavericks,DAL,103,True,0.418,0.333,0.722,50,24,9,Toronto Raptors,TOR,95,False,0.4,0.297,0.696,49,17,12,198,8
2021,0022100033,2021-10-23,POR vs. PHX,Phoenix Suns,PHX,105,False,0.483,0.321,0.667,38,27,14,Portland Trail Blazers,POR,134,True,0.543,0.42,0.647,48,24,9,239,29
2021,0022100032,2021-10-23,MIL @ SAS,Milwaukee Bucks,MIL,121,True,0.53,0.429,0.818,44,21,20,San Antonio Spurs,SAS,111,False,0.485,0.256,0.833,38,29,12,232,10
2021,0022100027,2021-10-23,ATL @ CLE,Atlanta Hawks,ATL,95,False,0.384,0.294,0.6,54,20,9,Cleveland Cavaliers,CLE,101,True,0.416,0.25,0.741,54,23,10,196,6
2021,0022100028,2021-10-23,IND vs. MIA,Miami Heat,MIA,91,False,0.385,0.273,0.857,55,18,22,Indiana Pacers,IND,102,True,0.392,0.256,0.762,55,18,16,193,11
2021,0022100034,2021-10-23,LAC vs. MEM,Memphis Grizzlies,MEM,120,True,0.467,0.417,0.84,48,26,11,LA Clippers,LAC,114,False,0.434,0.333,0.882,44,23,7,234,6
2021,0022100031,2021-10-23,NOP @ MIN,New Orleans Pelicans,NOP,89,False,0.348,0.225,0.783,61,15,28,Minnesota Timberwolves,MIN,96,True,0.406,0.316,0.6,47,22,19,185,7
2021,0022100030,2021-10-23,CHI vs. DET,Detroit Pistons,DET,82,False,0.386,0.179,0.6,53,14,20,Chicago Bulls,CHI,97,True,0.417,0.423,0.842,42,24,12,179,15
2021,0022100035,2021-10-24,CHA @ BKN,Charlotte Hornets,CHA,111,True,0.457,0.333,0.789,48,26,12,Brooklyn Nets,BKN,95,False,0.437,0.257,0.833,44,18,17,206,16
2021,0022100040,2021-10-24,LAL vs. MEM,Memphis Grizzlies,MEM,118,False,0.45,0.371,0.833,49,25,17,Los Angeles Lakers,LAL,121,True,0.536,0.533,0.682,36,29,17,239,3
2021,0022100039,2021-10-24,SAC vs. GSW,Golden State Warriors,GSW,119,True,0.443,0.351,0.833,43,26,6,Sacramento Kings,SAC,107,False,0.488,0.326,0.615,47,26,19,226,12
2021,0022100036,2021-10-24,NYK vs. ORL,Orlando Magic,ORL,110,True,0.409,0.279,0.765,57,22,13,New York Knicks,NYK,104,False,0.37,0.271,0.68,52,20,12,214,6
2021,0022100038,2021-10-24,PHI @ OKC,Philadelphia 76ers,PHI,115,True,0.466,0.415,0.8,47,25,12,Oklahoma City Thunder,OKC,103,False,0.476,0.258,0.789,42,24,11,218,12
2021,0022100037,2021-10-24,HOU vs. BOS,Boston Celtics,BOS,107,True,0.442,0.319,0.8,43,22,11,Houston Rockets,HOU,97,False,0.427,0.438,0.792,40,20,18,204,10
2021,0022100048,2021-10-25,DEN vs. CLE,Cleveland Cavaliers,CLE,99,True,0.463,0.28,0.8,49,26,14,Denver Nuggets,DEN,87,False,0.407,0.237,0.667,47,21,21,186,12
2021,0022100047,2021-10-25,NOP @ MIN,New Orleans Pelicans,NOP,107,True,0.448,0.333,0.826,60,19,17,Minnesota Timberwolves,MIN,98,False,0.344,0.3,0.778,41,20,11,205,9
2021,0022100042,2021-10-25,IND vs. MIL,Milwaukee Bucks,MIL,119,True,0.482,0.344,0.839,42,24,13,Indiana Pacers,IND,109,False,0.444,0.389,0.882,47,23,19,228,10
2021,0022100043,2021-10-25,DET @ ATL,Detroit Pistons,DET,104,False,0.44,0.273,0.833,36,26,14,Atlanta Hawks,ATL,122,True,0.511,0.375,0.857,49,24,13,226,18
2021,0022100049,2021-10-25,LAC vs. POR,Portland Trail Blazers,POR,86,False,0.376,0.216,0.778,47,15,30,LA Clippers,LAC,116,True,0.473,0.326,0.737,43,37,17,202,30
2021,0022100046,2021-10-25,CHI @ TOR,Chicago Bulls,CHI,111,True,0.481,0.444,0.955,29,24,13,Toronto Raptors,TOR,108,False,0.482,0.4,0.8,47,27,19,219,3
2021,0022100045,2021-10-25,MIA vs. ORL,Orlando Magic,ORL,90,False,0.407,0.273,0.632,39,21,16,Miami Heat,MIA,107,True,0.471,0.222,1.0,42,28,10,197,17
2021,0022100044,2021-10-25,BKN vs. WAS,Washington Wizards,WAS,90,False,0.347,0.231,0.75,53,16,12,Brooklyn Nets,BKN,104,True,0.426,0.286,0.824,54,23,9,194,14
2021,0022100041,2021-10-25,CHA vs. BOS,Boston Celtics,BOS,140,True,0.495,0.38,0.84,53,33,12,Charlotte Hornets,CHA,129,False,0.447,0.432,0.643,52,26,14,269,11
2021,0022100052,2021-10-26,HOU @ DAL,Houston Rockets,HOU,106,False,0.419,0.41,0.692,49,24,17,Dallas Mavericks,DAL,116,True,0.462,0.279,0.72,50,25,14,222,10
2021,0022100054,2021-10-26,DEN @ UTA,Denver Nuggets,DEN,110,False,0.506,0.357,0.667,35,19,13,Utah Jazz,UTA,122,True,0.518,0.308,0.759,41,20,13,232,12
2021,0022100051,2021-10-26,OKC vs. GSW,Golden State Warriors,GSW,106,True,0.47,0.35,0.778,46,30,15,Oklahoma City Thunder,OKC,98,False,0.419,0.353,0.824,42,19,13,204,8
2021,0022100053,2021-10-26,LAL @ SAS,Los Angeles Lakers,LAL,125,True,0.476,0.267,0.773,56,20,13,San Antonio Spurs,SAS,121,False,0.444,0.361,0.545,59,33,15,246,4
2021,0022100050,2021-10-26,NYK vs. PHI,Philadelphia 76ers,PHI,99,False,0.439,0.293,0.882,40,24,14,New York Knicks,NYK,112,True,0.471,0.432,0.933,45,24,12,211,13
2021,0022100057,2021-10-27,BKN vs. MIA,Miami Heat,MIA,106,True,0.396,0.276,0.846,62,21,14,Brooklyn Nets,BKN,93,False,0.388,0.326,0.929,42,21,15,199,13
2021,0022100064,2021-10-27,CLE @ LAC,Cleveland Cavaliers,CLE,92,True,0.407,0.15,0.852,57,12,20,LA Clippers,LAC,79,False,0.356,0.22,0.615,36,19,14,171,13
2021,0022100059,2021-10-27,ATL @ NOP,Atlanta Hawks,ATL,102,True,0.417,0.267,0.824,55,21,11,New Orleans Pelicans,NOP,99,False,0.43,0.306,0.889,44,24,9,201,3
2021,0022100055,2021-10-27,ORL vs. CHA,Charlotte Hornets,CHA,120,True,0.518,0.467,0.833,40,22,16,Orlando Magic,ORL,111,False,0.489,0.375,0.769,33,22,18,231,9
2021,0022100062,2021-10-27,SAC @ PHX,Sacramento Kings,SAC,110,True,0.442,0.395,0.733,40,28,11,Phoenix Suns,PHX,107,False,0.452,0.273,0.708,56,23,11,217,3
2021,0022100063,2021-10-27,MEM @ POR,Memphis Grizzlies,MEM,96,False,0.365,0.34,0.474,50,27,21,Portland Trail Blazers,POR,116,True,0.464,0.417,0.742,48,22,13,212,20
2021,0022100056,2021-10-27,WAS @ BOS,Washington Wizards,WAS,116,True,0.512,0.36,0.724,47,18,15,Boston Celtics,BOS,107,False,0.435,0.345,0.821,37,18,13,223,9
2021,0022100058,2021-10-27,TOR vs. IND,Indiana Pacers,IND,100,False,0.481,0.345,0.824,40,19,22,Toronto Raptors,TOR,118,True,0.46,0.467,0.632,41,22,10,218,18
2021,0022100060,2021-10-27,MIN @ MIL,Minnesota Timberwolves,MIN,113,True,0.473,0.289,0.824,49,29,17,Milwaukee Bucks,MIL,108,False,0.411,0.275,0.762,43,22,8,221,5
2021,0022100061,2021-10-27,OKC vs. LAL,Los Angeles Lakers,LAL,115,False,0.5,0.314,0.857,40,29,17,Oklahoma City Thunder,OKC,123,True,0.5,0.405,0.759,42,21,15,238,8
2021,0022100069,2021-10-28,SAS @ DAL,San Antonio Spurs,SAS,99,False,0.443,0.4,0.6,48,21,14,Dallas Mavericks,DAL,104,True,0.461,0.4,0.308,45,18,12,203,5
2021,0022100066,2021-10-28,ATL @ WAS,Atlanta Hawks,ATL,111,False,0.545,0.286,0.643,43,26,13,Washington Wizards,WAS,122,True,0.465,0.382,0.81,51,26,6,233,11
2021,0022100070,2021-10-28,GSW vs. MEM,Memphis Grizzlies,MEM,104,True,0.402,0.25,1.0,51,25,17,Golden State Warriors,GSW,101,False,0.433,0.35,0.75,48,29,22,205,3
2021,0022100068,2021-10-28,HOU vs. UTA,Utah Jazz,UTA,122,True,0.482,0.348,0.8,58,24,16,Houston Rockets,HOU,91,False,0.326,0.205,0.87,41,15,11,213,31
2021,0022100067,2021-10-28,CHI vs. NYK,New York Knicks,NYK,104,True,0.459,0.379,0.75,49,16,13,Chicago Bulls,CHI,103,False,0.429,0.344,0.909,37,25,7,207,1
2021,0022100065,2021-10-28,PHI vs. DET,Detroit Pistons,DET,102,False,0.407,0.333,0.704,37,22,12,Philadelphia 76ers,PHI,110,True,0.5,0.444,0.917,46,22,20,212,8
2021,0022100075,2021-10-29,DAL @ DEN,Dallas Mavericks,DAL,75,False,0.295,0.216,0.778,36,14,15,Denver Nuggets,DEN,106,True,0.518,0.306,0.692,51,28,19,181,31
2021,0022100077,2021-10-29,LAL vs. CLE,Cleveland Cavaliers,CLE,101,False,0.425,0.353,0.682,36,28,15,Los Angeles Lakers,LAL,113,True,0.548,0.444,0.9,42,24,20,214,12
2021,0022100071,2021-10-29,ORL @ TOR,Orlando Magic,ORL,109,False,0.471,0.471,0.688,46,24,17,Toronto Raptors,TOR,110,True,0.5,0.3,0.682,40,18,7,219,1
2021,0022100073,2021-10-29,MIA vs. CHA,Charlotte Hornets,CHA,99,False,0.389,0.351,0.727,37,21,11,Miami Heat,MIA,114,True,0.473,0.257,1.0,60,23,17,213,15
2021,0022100076,2021-10-29,POR vs. LAC,LA Clippers,LAC,92,False,0.391,0.357,0.563,43,17,12,Portland Trail Blazers,POR,111,True,0.418,0.463,0.625,63,21,14,203,19
2021,0022100072,2021-10-29,IND @ BKN,Indiana Pacers,IND,98,False,0.398,0.276,0.696,46,20,14,Brooklyn Nets,BKN,105,True,0.447,0.231,0.756,50,20,18,203,7
2021,0022100074,2021-10-29,SAC @ NOP,Sacramento Kings,SAC,113,True,0.5,0.333,0.96,45,19,14,New Orleans Pelicans,NOP,109,False,0.429,0.265,0.64,49,18,10,222,4
2021,0022100080,2021-10-30,NOP vs. NYK,New York Knicks,NYK,123,True,0.519,0.576,0.8,37,22,12,New Orleans Pelicans,NOP,117,False,0.457,0.333,0.917,43,30,11,240,6
2021,0022100084,2021-10-30,MIA @ MEM,Miami Heat,MIA,129,True,0.523,0.568,0.842,50,31,18,Memphis Grizzlies,MEM,103,False,0.386,0.32,0.905,32,26,14,232,26
2021,0022100079,2021-10-30,ORL @ DET,Orlando Magic,ORL,103,False,0.437,0.5,0.733,46,21,17,Detroit Pistons,DET,110,True,0.404,0.326,0.8,48,26,13,213,7
2021,0022100082,2021-10-30,ATL @ PHI,Atlanta Hawks,ATL,94,False,0.379,0.364,0.737,49,24,19,Philadelphia 76ers,PHI,122,True,0.535,0.316,0.947,37,24,12,216,28
2021,0022100078,2021-10-30,BOS @ WAS,Boston Celtics,BOS,112,False,0.411,0.077,0.88,54,23,11,Washington Wizards,WAS,115,True,0.365,0.278,0.806,62,19,13,227,3
2021,0022100088,2021-10-30,PHX vs. CLE,Cleveland Cavaliers,CLE,92,False,0.396,0.318,0.857,47,21,19,Phoenix Suns,PHX,101,True,0.464,0.231,0.63,52,27,13,193,9
2021,0022100085,2021-10-30,SAS @ MIL,San Antonio Spurs,SAS,102,True,0.411,0.226,0.708,49,28,9,Milwaukee Bucks,MIL,93,False,0.404,0.256,0.688,52,20,19,195,9
2021,0022100086,2021-10-30,OKC @ GSW,Oklahoma City Thunder,OKC,82,False,0.349,0.205,0.762,45,14,15,Golden State Warriors,GSW,103,True,0.424,0.389,0.5,56,30,15,185,21
2021,0022100087,2021-10-30,MIN vs. DEN,Denver Nuggets,DEN,93,True,0.409,0.243,0.75,48,24,18,Minnesota Timberwolves,MIN,91,False,0.393,0.317,0.889,46,21,20,184,2
2021,0022100081,2021-10-30,TOR @ IND,Toronto Raptors,TOR,97,True,0.424,0.344,0.667,48,18,15,Indiana Pacers,IND,94,False,0.432,0.302,0.688,40,25,19,191,3
2021,0022100083,2021-10-30,CHI vs. UTA,Utah Jazz,UTA,99,False,0.38,0.289,0.947,54,15,20,Chicago Bulls,CHI,107,True,0.429,0.238,0.8,45,16,9,206,8
2021,0022100089,2021-10-31,SAC @ DAL,Sacramento Kings,SAC,99,False,0.396,0.194,0.8,56,20,12,Dallas Mavericks,DAL,105,True,0.444,0.324,0.65,45,24,9,204,6
2021,0022100091,2021-10-31,MIL vs. UTA,Utah Jazz,UTA,107,True,0.467,0.324,0.926,44,13,12,Milwaukee Bucks,MIL,95,False,0.406,0.293,0.833,44,16,9,202,12
2021,0022100090,2021-10-31,CHA vs. POR,Portland Trail Blazers,POR,113,False,0.443,0.315,0.909,47,30,12,Charlotte Hornets,CHA,125,True,0.517,0.476,0.619,44,36,8,238,12
2021,0022100093,2021-10-31,LAL vs. HOU,Houston Rockets,HOU,85,False,0.421,0.214,0.517,55,18,25,Los Angeles Lakers,LAL,95,True,0.406,0.29,0.615,43,22,12,180,10
2021,0022100092,2021-10-31,BKN vs. DET,Detroit Pistons,DET,91,False,0.405,0.364,0.682,29,21,15,Brooklyn Nets,BKN,117,True,0.653,0.52,0.625,41,30,19,208,26
2021,0022100094,2021-11-01,CLE @ CHA,Cleveland Cavaliers,CLE,113,True,0.433,0.321,0.684,49,21,16,Charlotte Hornets,CHA,110,False,0.416,0.385,0.733,46,27,17,223,3
2021,0022100101,2021-11-01,ORL @ MIN,Orlando Magic,ORL,115,True,0.451,0.395,0.8,51,21,16,Minnesota Timberwolves,MIN,97,False,0.371,0.275,0.579,47,21,12,212,18
2021,0022100095,2021-11-01,SAS @ IND,San Antonio Spurs,SAS,118,False,0.528,0.5,0.714,36,34,16,Indiana Pacers,IND,131,True,0.571,0.474,0.75,39,37,14,249,13
2021,0022100100,2021-11-01,DEN @ MEM,Denver Nuggets,DEN,97,False,0.443,0.237,0.667,40,27,12,Memphis Grizzlies,MEM,106,True,0.454,0.382,0.714,55,20,12,203,9
2021,0022100098,2021-11-01,CHI @ BOS,Chicago Bulls,CHI,128,True,0.57,0.419,0.944,50,30,14,Boston Celtics,BOS,114,False,0.438,0.455,0.75,38,20,9,242,14
2021,0022100096,2021-11-01,PHI vs. POR,Portland Trail Blazers,POR,103,False,0.476,0.353,0.611,45,21,14,Philadelphia 76ers,PHI,113,True,0.518,0.361,0.875,34,34,10,216,10
2021,0022100097,2021-11-01,WAS @ ATL,Washington Wizards,WAS,111,False,0.477,0.333,1.0,36,27,12,Atlanta Hawks,ATL,118,True,0.458,0.382,1.0,47,24,11,229,7
2021,0022100099,2021-11-01,TOR @ NYK,Toronto Raptors,TOR,113,True,0.434,0.333,0.929,48,24,8,New York Knicks,NYK,104,False,0.461,0.421,0.75,41,20,16,217,9
2021,0022100102,2021-11-01,LAC vs. OKC,Oklahoma City Thunder,OKC,94,False,0.389,0.297,0.813,51,17,16,LA Clippers,LAC,99,True,0.38,0.357,0.737,51,18,12,193,5
2021,0022100105,2021-11-02,UTA vs. SAC,Sacramento Kings,SAC,113,False,0.452,0.387,0.708,38,24,11,Utah Jazz,UTA,119,True,0.439,0.292,0.704,59,16,16,232,6
2021,0022100106,2021-11-02,NOP @ PHX,New Orleans Pelicans,NOP,100,False,0.396,0.333,0.938,43,21,17,Phoenix Suns,PHX,112,True,0.524,0.346,0.944,42,32,19,212,12
2021,0022100104,2021-11-02,MIA @ DAL,Miami Heat,MIA,125,True,0.518,0.52,0.867,45,25,6,Dallas Mavericks,DAL,110,False,0.44,0.333,0.71,41,17,9,235,15
2021,0022100107,2021-11-02,HOU @ LAL,Houston Rockets,HOU,117,False,0.527,0.381,0.417,38,27,24,Los Angeles Lakers,LAL,119,True,0.527,0.24,0.75,43,26,17,236,2
2021,0022100103,2021-11-02,MIL @ DET,Milwaukee Bucks,MIL,117,True,0.5,0.459,0.762,52,28,15,Detroit Pistons,DET,89,False,0.323,0.17,0.7,43,21,14,206,28
2021,0022100116,2021-11-03,SAS vs. DAL,Dallas Mavericks,DAL,109,True,0.43,0.235,0.724,56,21,19,San Antonio Spurs,SAS,108,False,0.489,0.333,0.75,40,25,15,217,1
2021,0022100117,2021-11-03,GSW vs. CHA,Charlotte Hornets,CHA,92,False,0.374,0.278,0.737,49,18,16,Golden State Warriors,GSW,114,True,0.488,0.4,0.667,53,33,16,206,22
2021,0022100115,2021-11-03,MIN vs. LAC,LA Clippers,LAC,126,True,0.603,0.583,0.917,35,33,20,Minnesota Timberwolves,MIN,115,False,0.457,0.35,0.938,39,27,16,241,11
2021,0022100109,2021-11-03,NYK @ IND,New York Knicks,NYK,98,False,0.414,0.208,0.778,46,23,10,Indiana Pacers,IND,111,True,0.462,0.39,0.786,49,26,11,209,13
2021,0022100108,2021-11-03,CLE vs. POR,Portland Trail Blazers,POR,104,False,0.444,0.351,0.647,39,24,9,Cleveland Cavaliers,CLE,107,True,0.527,0.5,0.778,43,29,17,211,3
2021,0022100118,2021-11-03,SAC vs. NOP,New Orleans Pelicans,NOP,99,False,0.43,0.353,0.867,40,24,16,Sacramento Kings,SAC,112,True,0.525,0.333,0.818,37,27,8,211,13
2021,0022100110,2021-11-03,BOS @ ORL,Boston Celtics,BOS,92,True,0.418,0.27,0.64,50,24,11,Orlando Magic,ORL,79,False,0.321,0.209,0.8,46,15,14,171,13
2021,0022100113,2021-11-03,BKN vs. ATL,Atlanta Hawks,ATL,108,False,0.436,0.371,0.867,52,23,14,Brooklyn Nets,BKN,117,True,0.489,0.458,0.75,42,34,14,225,9
2021,0022100114,2021-11-03,DEN @ MEM,Denver Nuggets,DEN,106,False,0.473,0.296,0.923,44,24,11,Memphis Grizzlies,MEM,108,True,0.519,0.471,0.571,36,28,11,214,2
2021,0022100111,2021-11-03,PHI vs. CHI,Chicago Bulls,CHI,98,False,0.463,0.286,0.889,47,19,15,Philadelphia 76ers,PHI,103,True,0.494,0.429,0.714,35,24,14,201,5
2021,0022100112,2021-11-03,WAS vs. TOR,Toronto Raptors,TOR,109,True,0.466,0.4,0.85,42,17,10,Washington Wizards,WAS,100,False,0.436,0.25,0.8,44,19,13,209,9
2021,0022100119,2021-11-04,DET vs. PHI,Philadelphia 76ers,PHI,109,True,0.494,0.375,0.682,49,22,12,Detroit Pistons,DET,98,False,0.402,0.306,0.895,41,21,11,207,11
2021,0022100123,2021-11-04,OKC @ LAL,Oklahoma City Thunder,OKC,107,True,0.425,0.366,0.692,50,23,16,Los Angeles Lakers,LAL,104,False,0.415,0.364,0.824,49,22,13,211,3
2021,0022100120,2021-11-04,ATL vs. UTA,Utah Jazz,UTA,116,True,0.506,0.415,0.739,46,30,14,Atlanta Hawks,ATL,98,False,0.427,0.25,0.808,32,18,9,214,18
2021,0022100122,2021-11-04,HOU @ PHX,Houston Rockets,HOU,111,False,0.432,0.344,0.857,43,25,18,Phoenix Suns,PHX,123,True,0.473,0.452,0.913,46,29,12,234,12
2021,0022100121,2021-11-04,MIA vs. BOS,Boston Celtics,BOS,95,True,0.397,0.39,0.85,46,16,16,Miami Heat,MIA,78,False,0.346,0.22,0.684,45,18,18,173,17
2021,0022100126,2021-11-05,WAS vs. MEM,Memphis Grizzlies,MEM,87,False,0.354,0.194,0.765,39,19,9,Washington Wizards,WAS,115,True,0.583,0.4,0.538,53,34,18,202,28
2021,0022100130,2021-11-05,GSW vs. NOP,New Orleans Pelicans,NOP,85,False,0.352,0.25,0.75,42,23,17,Golden State Warriors,GSW,126,True,0.516,0.4,0.857,49,36,11,211,41
2021,0022100127,2021-11-05,TOR vs. CLE,Cleveland Cavaliers,CLE,102,True,0.458,0.333,0.842,39,22,17,Toronto Raptors,TOR,101,False,0.424,0.444,0.556,45,20,9,203,1
2021,0022100129,2021-11-05,MIN vs. LAC,LA Clippers,LAC,104,True,0.409,0.214,0.813,62,18,17,Minnesota Timberwolves,MIN,84,False,0.348,0.327,0.714,42,17,21,188,20
2021,0022100128,2021-11-05,NYK @ MIL,New York Knicks,NYK,113,True,0.427,0.25,0.808,59,16,14,Milwaukee Bucks,MIL,98,False,0.402,0.372,0.762,37,19,15,211,15
2021,0022100125,2021-11-05,SAS @ ORL,San Antonio Spurs,SAS,102,True,0.444,0.316,0.889,48,23,13,Orlando Magic,ORL,89,False,0.393,0.293,0.7,43,23,18,191,13
2021,0022100131,2021-11-05,IND @ POR,Indiana Pacers,IND,106,False,0.489,0.333,0.6,40,28,11,Portland Trail Blazers,POR,110,True,0.488,0.436,0.867,42,27,13,216,4
2021,0022100124,2021-11-05,BKN @ DET,Brooklyn Nets,BKN,96,True,0.45,0.407,0.929,45,25,16,Detroit Pistons,DET,90,False,0.379,0.324,0.722,44,17,13,186,6
2021,0022100132,2021-11-05,CHA @ SAC,Charlotte Hornets,CHA,110,False,0.467,0.314,0.619,28,29,10,Sacramento Kings,SAC,140,True,0.552,0.5,0.846,56,29,18,250,30
2021,0022100135,2021-11-06,CHI vs. PHI,Philadelphia 76ers,PHI,114,True,0.531,0.5,0.789,41,22,14,Chicago Bulls,CHI,105,False,0.402,0.241,0.8,46,20,9,219,9
2021,0022100136,2021-11-06,DAL vs. BOS,Boston Celtics,BOS,104,False,0.488,0.29,0.688,36,20,11,Dallas Mavericks,DAL,107,True,0.526,0.333,0.857,40,19,15,211,3
2021,0022100137,2021-11-06,PHX vs. ATL,Atlanta Hawks,ATL,117,False,0.433,0.394,0.87,50,18,12,Phoenix Suns,PHX,121,True,0.511,0.326,0.81,42,26,12,238,4
2021,0022100138,2021-11-06,POR vs. LAL,Los Angeles Lakers,LAL,90,False,0.344,0.281,0.792,59,20,19,Portland Trail Blazers,POR,105,True,0.379,0.273,0.75,52,22,11,195,15
2021,0022100134,2021-11-06,UTA @ MIA,Utah Jazz,UTA,115,False,0.518,0.333,0.737,31,26,6,Miami Heat,MIA,118,True,0.603,0.524,0.765,36,30,14,233,3
2021,0022100133,2021-11-06,DEN vs. HOU,Houston Rockets,HOU,94,False,0.467,0.286,0.667,47,19,16,Denver Nuggets,DEN,95,True,0.404,0.225,0.824,45,19,11,189,1
2021,0022100144,2021-11-07,SAS @ OKC,San Antonio Spurs,SAS,94,False,0.41,0.2,0.667,46,29,9,Oklahoma City Thunder,OKC,99,True,0.372,0.286,0.85,57,21,13,193,5
2021,0022100145,2021-11-07,GSW vs. HOU,Houston Rockets,HOU,107,False,0.456,0.303,0.676,42,17,21,Golden State Warriors,GSW,120,True,0.518,0.326,0.85,41,31,15,227,13
2021,0022100143,2021-11-07,SAC vs. IND,Indiana Pacers,IND,94,True,0.446,0.24,0.778,54,13,19,Sacramento Kings,SAC,91,False,0.369,0.294,0.864,33,20,12,185,3
2021,0022100139,2021-11-07,TOR vs. BKN,Brooklyn Nets,BKN,116,True,0.513,0.447,0.85,48,29,15,Toronto Raptors,TOR,103,False,0.471,0.233,0.778,35,23,8,219,13
2021,0022100142,2021-11-07,MIL @ WAS,Milwaukee Bucks,MIL,94,False,0.394,0.278,0.556,49,17,12,Washington Wizards,WAS,101,True,0.506,0.407,0.615,42,24,19,195,7
2021,0022100140,2021-11-07,NYK vs. CLE,Cleveland Cavaliers,CLE,126,True,0.544,0.543,0.818,48,31,15,New York Knicks,NYK,109,False,0.459,0.29,0.917,32,21,10,235,17
2021,0022100141,2021-11-07,ORL vs. UTA,Utah Jazz,UTA,100,False,0.382,0.19,0.828,50,21,17,Orlando Magic,ORL,107,True,0.494,0.375,0.818,39,24,13,207,7
2021,0022100146,2021-11-07,LAC vs. CHA,Charlotte Hornets,CHA,106,False,0.406,0.303,0.778,44,20,13,LA Clippers,LAC,120,True,0.477,0.375,0.952,50,24,20,226,14
2021,0022100153,2021-11-08,SAC vs. PHX,Phoenix Suns,PHX,109,True,0.473,0.4,0.818,38,28,14,Sacramento Kings,SAC,104,False,0.451,0.417,0.769,46,18,24,213,5
2021,0022100151,2021-11-08,DEN vs. MIA,Miami Heat,MIA,96,False,0.397,0.361,0.84,37,22,13,Denver Nuggets,DEN,113,True,0.462,0.293,0.708,49,28,9,209,17
2021,0022100152,2021-11-08,GSW vs. ATL,Atlanta Hawks,ATL,113,False,0.463,0.395,0.769,35,21,18,Golden State Warriors,GSW,127,True,0.478,0.409,0.955,39,31,13,240,14
2021,0022100154,2021-11-08,LAL vs. CHA,Charlotte Hornets,CHA,123,False,0.434,0.333,0.821,55,23,18,Los Angeles Lakers,LAL,126,True,0.484,0.406,0.714,51,30,15,249,3
2021,0022100150,2021-11-08,DAL vs. NOP,New Orleans Pelicans,NOP,92,False,0.425,0.265,0.818,39,27,13,Dallas Mavericks,DAL,108,True,0.506,0.4,0.615,46,27,12,200,16
2021,0022100147,2021-11-08,NYK @ PHI,New York Knicks,NYK,103,True,0.44,0.325,0.769,55,25,13,Philadelphia 76ers,PHI,96,False,0.385,0.325,0.813,47,20,8,199,7
2021,0022100148,2021-11-08,BKN @ CHI,Brooklyn Nets,BKN,95,False,0.395,0.333,0.842,42,19,14,Chicago Bulls,CHI,118,True,0.469,0.29,0.85,56,21,9,213,23
2021,0022100149,2021-11-08,MEM vs. MIN,Minnesota Timberwolves,MIN,118,False,0.423,0.378,0.826,45,23,13,Memphis Grizzlies,MEM,125,True,0.5,0.393,0.846,51,28,13,243,7
2021,0022100155,2021-11-09,MIL @ PHI,Milwaukee Bucks,MIL,118,True,0.463,0.385,0.714,52,21,8,Philadelphia 76ers,PHI,109,False,0.408,0.326,0.917,46,21,7,227,9
2021,0022100157,2021-11-09,LAC vs. POR,Portland Trail Blazers,POR,109,False,0.473,0.378,0.75,43,29,9,LA Clippers,LAC,117,True,0.518,0.533,0.684,43,25,8,226,8
2021,0022100156,2021-11-09,UTA vs. ATL,Atlanta Hawks,ATL,98,False,0.435,0.514,0.6,32,22,11,Utah Jazz,UTA,110,True,0.506,0.395,0.813,44,21,14,208,12
2021,0022100164,2021-11-10,MEM vs. CHA,Charlotte Hornets,CHA,118,True,0.456,0.417,0.875,49,32,17,Memphis Grizzlies,MEM,108,False,0.421,0.237,0.6,57,27,16,226,10
2021,0022100162,2021-11-10,DET @ HOU,Detroit Pistons,DET,112,True,0.433,0.333,0.667,49,23,14,Houston Rockets,HOU,104,False,0.427,0.353,0.647,42,17,13,216,8
2021,0022100160,2021-11-10,TOR @ BOS,Toronto Raptors,TOR,88,False,0.429,0.24,0.842,41,20,18,Boston Celtics,BOS,104,True,0.447,0.345,0.667,44,21,15,192,16
2021,0022100166,2021-11-10,SAS vs. SAC,Sacramento Kings,SAC,117,False,0.516,0.278,0.813,44,20,15,San Antonio Spurs,SAS,136,True,0.533,0.563,0.645,43,34,8,253,19
2021,0022100158,2021-11-10,CLE vs. WAS,Washington Wizards,WAS,97,True,0.417,0.357,1.0,49,25,12,Cleveland Cavaliers,CLE,94,False,0.461,0.29,0.714,40,21,14,191,3
2021,0022100165,2021-11-10,NOP vs. OKC,Oklahoma City Thunder,OKC,108,True,0.425,0.294,0.8,56,23,18,New Orleans Pelicans,NOP,100,False,0.351,0.257,0.719,50,24,9,208,8
2021,0022100161,2021-11-10,MIL @ NYK,Milwaukee Bucks,MIL,112,True,0.444,0.52,0.667,50,29,14,New York Knicks,NYK,100,False,0.434,0.432,0.706,38,19,10,212,12
2021,0022100163,2021-11-10,DAL @ CHI,Dallas Mavericks,DAL,107,False,0.458,0.364,0.792,43,23,12,Chicago Bulls,CHI,117,True,0.506,0.484,0.857,46,26,11,224,10
2021,0022100170,2021-11-10,LAL vs. MIA,Miami Heat,MIA,117,False,0.417,0.27,0.771,47,26,14,Los Angeles Lakers,LAL,120,True,0.5,0.474,0.625,50,26,22,237,3
2021,0022100167,2021-11-10,DEN vs. IND,Indiana Pacers,IND,98,False,0.476,0.355,0.636,48,22,12,Denver Nuggets,DEN,101,True,0.429,0.4,0.85,39,19,10,199,3
2021,0022100168,2021-11-10,POR @ PHX,Portland Trail Blazers,POR,109,False,0.484,0.233,0.875,46,24,14,Phoenix Suns,PHX,119,True,0.521,0.393,0.833,39,27,10,228,10
2021,0022100159,2021-11-10,ORL vs. BKN,Brooklyn Nets,BKN,123,True,0.505,0.432,0.882,49,29,15,Orlando Magic,ORL,90,False,0.38,0.121,0.667,49,19,17,213,33
2021,0022100169,2021-11-10,MIN @ GSW,Minnesota Timberwolves,MIN,110,False,0.411,0.386,0.75,40,30,17,Golden State Warriors,GSW,123,True,0.471,0.275,0.8,53,23,16,233,13
2021,0022100171,2021-11-11,TOR @ PHI,Toronto Raptors,TOR,115,True,0.438,0.424,1.0,47,25,11,Philadelphia 76ers,PHI,109,False,0.455,0.324,0.947,39,29,12,224,6
2021,0022100173,2021-11-11,MIA @ LAC,Miami Heat,MIA,109,False,0.443,0.22,0.824,50,18,15,LA Clippers,LAC,112,True,0.473,0.297,0.882,42,20,12,221,3
2021,0022100172,2021-11-11,UTA vs. IND,Indiana Pacers,IND,111,True,0.448,0.355,0.737,53,19,10,Utah Jazz,UTA,100,False,0.47,0.281,0.565,37,22,12,211,11
2021,0022100183,2021-11-12,CHI @ GSW,Chicago Bulls,CHI,93,False,0.436,0.296,0.773,38,18,20,Golden State Warriors,GSW,119,True,0.484,0.326,0.875,47,27,16,212,26
2021,0022100174,2021-11-12,NYK @ CHA,New York Knicks,NYK,96,False,0.387,0.371,0.611,51,17,19,Charlotte Hornets,CHA,104,True,0.433,0.278,0.667,49,25,12,200,8
2021,0022100182,2021-11-12,DEN vs. ATL,Atlanta Hawks,ATL,96,False,0.409,0.179,0.714,50,20,8,Denver Nuggets,DEN,105,True,0.444,0.286,0.75,49,26,7,201,9
2021,0022100177,2021-11-12,HOU vs. POR,Portland Trail Blazers,POR,104,True,0.391,0.306,0.806,52,21,13,Houston Rockets,HOU,92,False,0.4,0.219,0.63,49,13,13,196,12
2021,0022100181,2021-11-12,DAL @ SAS,Dallas Mavericks,DAL,123,True,0.46,0.4,0.684,48,30,5,San Antonio Spurs,SAS,109,False,0.488,0.433,0.7,41,30,13,232,14
2021,0022100178,2021-11-12,MEM vs. PHX,Phoenix Suns,PHX,119,True,0.489,0.486,1.0,46,28,12,Memphis Grizzlies,MEM,94,False,0.378,0.212,0.565,59,19,15,213,25
2021,0022100180,2021-11-12,SAC @ OKC,Sacramento Kings,SAC,103,False,0.4,0.341,0.765,49,20,13,Oklahoma City Thunder,OKC,105,True,0.424,0.333,0.733,52,13,10,208,2
2021,0022100175,2021-11-12,MIL @ BOS,Milwaukee Bucks,MIL,113,False,0.449,0.34,0.818,39,23,11,Boston Celtics,BOS,122,True,0.49,0.293,0.889,53,22,16,235,9
2021,0022100184,2021-11-12,MIN @ LAL,Minnesota Timberwolves,MIN,107,True,0.457,0.324,0.75,54,24,16,Los Angeles Lakers,LAL,83,False,0.354,0.22,0.8,44,17,19,190,24
2021,0022100179,2021-11-12,BKN @ NOP,Brooklyn Nets,BKN,120,True,0.5,0.529,0.741,34,27,12,New Orleans Pelicans,NOP,112,False,0.489,0.406,0.813,43,26,15,232,8
2021,0022100176,2021-11-12,DET @ CLE,Detroit Pistons,DET,78,False,0.367,0.3,0.846,43,18,23,Cleveland Cavaliers,CLE,98,True,0.476,0.341,0.667,40,27,19,176,20
2021,0022100186,2021-11-13,PHI @ IND,Philadelphia 76ers,PHI,113,False,0.427,0.522,0.862,46,16,14,Indiana Pacers,IND,118,True,0.573,0.5,0.667,37,33,15,231,5
2021,0022100188,2021-11-13,NOP vs. MEM,Memphis Grizzlies,MEM,101,False,0.432,0.333,0.81,39,21,9,New Orleans Pelicans,NOP,112,True,0.481,0.483,0.88,37,29,13,213,11
2021,0022100187,2021-11-13,WAS @ ORL,Washington Wizards,WAS,104,True,0.5,0.343,0.8,48,29,15,Orlando Magic,ORL,92,False,0.337,0.325,0.85,44,21,13,196,12
2021,0022100189,2021-11-13,DET @ TOR,Detroit Pistons,DET,127,True,0.544,0.429,0.867,34,34,13,Toronto Raptors,TOR,121,False,0.506,0.382,0.645,39,21,13,248,6
2021,0022100191,2021-11-13,MIN @ LAC,Minnesota Timberwolves,MIN,102,False,0.392,0.306,0.688,41,25,10,LA Clippers,LAC,129,True,0.535,0.4,0.778,57,35,14,231,27
2021,0022100190,2021-11-13,BOS @ CLE,Boston Celtics,BOS,89,False,0.423,0.261,0.944,47,20,19,Cleveland Cavaliers,CLE,91,True,0.383,0.263,0.864,39,17,11,180,2
2021,0022100185,2021-11-13,MIA @ UTA,Miami Heat,MIA,111,True,0.494,0.394,0.875,48,23,19,Utah Jazz,UTA,105,False,0.412,0.321,0.72,38,23,16,216,6
2021,0022100195,2021-11-14,PHX @ HOU,Phoenix Suns,PHX,115,True,0.433,0.35,0.85,52,19,10,Houston Rockets,HOU,89,False,0.412,0.219,0.667,48,19,23,204,26
2021,0022100192,2021-11-14,SAS @ LAL,San Antonio Spurs,SAS,106,False,0.444,0.444,0.667,43,28,15,Los Angeles Lakers,LAL,114,True,0.518,0.484,0.765,46,28,14,220,8
2021,0022100194,2021-11-14,CHA vs. GSW,Golden State Warriors,GSW,102,False,0.422,0.231,0.68,49,31,15,Charlotte Hornets,CHA,106,True,0.477,0.389,0.667,39,23,11,208,4
2021,0022100197,2021-11-14,DEN vs. POR,Portland Trail Blazers,POR,95,False,0.438,0.333,0.923,36,22,12,Denver Nuggets,DEN,124,True,0.522,0.475,0.786,49,29,9,219,29
2021,0022100196,2021-11-14,OKC vs. BKN,Brooklyn Nets,BKN,120,True,0.5,0.419,0.952,44,31,13,Oklahoma City Thunder,OKC,96,False,0.4,0.311,0.909,44,20,14,216,24
2021,0022100193,2021-11-14,MIL @ ATL,Milwaukee Bucks,MIL,100,False,0.452,0.341,0.625,30,24,11,Atlanta Hawks,ATL,120,True,0.485,0.429,0.846,51,21,12,220,20
2021,0022100198,2021-11-14,CHI @ LAC,Chicago Bulls,CHI,100,True,0.442,0.379,0.929,45,19,15,LA Clippers,LAC,90,False,0.358,0.324,1.0,44,16,19,190,10
2021,0022100201,2021-11-15,NOP @ WAS,New Orleans Pelicans,NOP,100,False,0.405,0.524,0.853,45,20,12,Washington Wizards,WAS,105,True,0.464,0.357,0.68,42,23,5,205,5
2021,0022100203,2021-11-15,IND @ NYK,Indiana Pacers,IND,84,False,0.372,0.216,0.75,44,16,7,New York Knicks,NYK,92,True,0.43,0.324,0.7,46,22,10,176,8
2021,0022100205,2021-11-15,MEM vs. HOU,Houston Rockets,HOU,102,False,0.379,0.289,0.731,46,24,17,Memphis Grizzlies,MEM,136,True,0.542,0.39,0.8,49,33,10,238,34
2021,0022100207,2021-11-15,OKC vs. MIA,Miami Heat,MIA,103,True,0.451,0.45,0.846,45,22,17,Oklahoma City Thunder,OKC,90,False,0.41,0.366,0.7,42,26,20,193,13
2021,0022100200,2021-11-15,SAC @ DET,Sacramento Kings,SAC,129,True,0.531,0.485,0.818,47,32,13,Detroit Pistons,DET,107,False,0.406,0.277,0.941,47,23,17,236,22
2021,0022100209,2021-11-15,LAL vs. CHI,Chicago Bulls,CHI,121,True,0.551,0.441,0.727,36,31,16,Los Angeles Lakers,LAL,103,False,0.456,0.188,0.806,43,19,17,224,18
2021,0022100199,2021-11-15,BOS @ CLE,Boston Celtics,BOS,98,True,0.462,0.345,0.8,46,23,14,Cleveland Cavaliers,CLE,92,False,0.386,0.4,0.75,42,18,13,190,6
2021,0022100202,2021-11-15,ATL vs. ORL,Orlando Magic,ORL,111,False,0.453,0.372,0.643,41,30,16,Atlanta Hawks,ATL,129,True,0.553,0.467,0.656,46,32,11,240,18
2021,0022100206,2021-11-15,PHX @ MIN,Phoenix Suns,PHX,99,True,0.376,0.226,0.778,52,21,15,Minnesota Timberwolves,MIN,96,False,0.365,0.295,0.778,54,18,18,195,3
2021,0022100204,2021-11-15,DEN @ DAL,Denver Nuggets,DEN,101,False,0.476,0.281,0.706,46,20,11,Dallas Mavericks,DAL,111,True,0.5,0.389,0.7,44,30,8,212,10
2021,0022100208,2021-11-15,TOR @ POR,Toronto Raptors,TOR,113,False,0.461,0.455,0.889,39,20,11,Portland Trail Blazers,POR,118,True,0.561,0.444,0.714,39,25,12,231,5
2021,0022100212,2021-11-16,LAC vs. SAS,San Antonio Spurs,SAS,92,False,0.432,0.227,0.714,41,26,16,LA Clippers,LAC,106,True,0.435,0.316,0.909,52,16,20,198,14
2021,0022100210,2021-11-16,BKN vs. GSW,Golden State Warriors,GSW,117,True,0.519,0.325,0.786,53,25,21,Brooklyn Nets,BKN,99,False,0.386,0.278,0.778,38,21,11,216,18
2021,0022100211,2021-11-16,PHI @ UTA,Philadelphia 76ers,PHI,85,False,0.367,0.207,0.765,42,19,8,Utah Jazz,UTA,120,True,0.517,0.421,0.632,56,27,9,205,35
2021,0022100213,2021-11-17,WAS @ CHA,Washington Wizards,WAS,87,False,0.367,0.19,0.813,48,23,10,Charlotte Hornets,CHA,97,True,0.438,0.313,0.5,59,30,11,184,10
2021,0022100222,2021-11-17,DAL @ PHX,Dallas Mavericks,DAL,98,False,0.418,0.5,1.0,49,28,10,Phoenix Suns,PHX,105,True,0.441,0.333,0.714,49,27,7,203,7
2021,0022100218,2021-11-17,ORL @ NYK,Orlando Magic,ORL,104,True,0.406,0.289,0.833,51,20,12,New York Knicks,NYK,98,False,0.42,0.327,0.667,45,25,18,202,6
2021,0022100219,2021-11-17,MIL vs. LAL,Los Angeles Lakers,LAL,102,False,0.417,0.279,0.833,48,24,13,Milwaukee Bucks,MIL,109,True,0.46,0.324,0.708,52,22,15,211,7
2021,0022100215,2021-11-17,BOS @ ATL,Boston Celtics,BOS,99,False,0.44,0.268,0.824,42,24,14,Atlanta Hawks,ATL,110,True,0.506,0.351,0.833,40,28,11,209,11
2021,0022100214,2021-11-17,DET vs. IND,Indiana Pacers,IND,89,False,0.418,0.243,0.737,43,14,18,Detroit Pistons,DET,97,True,0.425,0.286,0.75,42,16,12,186,8
2021,0022100223,2021-11-17,CHI @ POR,Chicago Bulls,CHI,107,False,0.47,0.448,0.8,36,23,15,Portland Trail Blazers,POR,112,True,0.44,0.355,0.964,44,26,16,219,5
2021,0022100220,2021-11-17,SAC @ MIN,Sacramento Kings,SAC,97,False,0.366,0.263,0.76,47,19,16,Minnesota Timberwolves,MIN,107,True,0.5,0.278,0.833,35,20,17,204,10
2021,0022100217,2021-11-17,NOP @ MIA,New Orleans Pelicans,NOP,98,False,0.44,0.286,0.786,38,18,16,Miami Heat,MIA,113,True,0.483,0.375,0.824,39,29,10,211,15
2021,0022100216,2021-11-17,CLE @ BKN,Cleveland Cavaliers,CLE,99,False,0.393,0.25,0.857,50,20,13,Brooklyn Nets,BKN,109,True,0.458,0.375,0.84,47,29,11,208,10
2021,0022100221,2021-11-17,OKC vs. HOU,Houston Rockets,HOU,89,False,0.356,0.286,0.684,46,16,14,Oklahoma City Thunder,OKC,101,True,0.446,0.256,0.563,56,18,10,190,12
2021,0022100224,2021-11-18,GSW @ CLE,Golden State Warriors,GSW,104,True,0.494,0.349,0.875,34,36,11,Cleveland Cavaliers,CLE,89,False,0.425,0.308,0.563,42,22,17,193,15
2021,0022100228,2021-11-18,DEN vs. PHI,Philadelphia 76ers,PHI,103,True,0.506,0.379,0.5,45,22,9,Denver Nuggets,DEN,89,False,0.36,0.333,0.813,46,22,10,192,14
2021,0022100226,2021-11-18,LAC @ MEM,LA Clippers,LAC,108,False,0.467,0.41,1.0,34,24,13,Memphis Grizzlies,MEM,120,True,0.542,0.423,0.833,47,28,11,228,12
2021,0022100225,2021-11-18,MIA vs. WAS,Washington Wizards,WAS,97,False,0.494,0.417,0.6,37,25,17,Miami Heat,MIA,112,True,0.5,0.385,0.833,41,27,6,209,15
2021,0022100227,2021-11-18,SAS @ MIN,San Antonio Spurs,SAS,90,False,0.417,0.188,0.737,42,26,12,Minnesota Timberwolves,MIN,115,True,0.477,0.429,0.8,47,30,12,205,25
2021,0022100229,2021-11-18,TOR @ UTA,Toronto Raptors,TOR,103,False,0.415,0.263,0.882,35,24,12,Utah Jazz,UTA,119,True,0.55,0.413,0.923,46,34,23,222,16
2021,0022100238,2021-11-19,TOR @ SAC,Toronto Raptors,TOR,108,True,0.452,0.387,0.833,53,20,14,Sacramento Kings,SAC,89,False,0.381,0.243,0.64,40,15,13,197,19
2021,0022100234,2021-11-19,MIL vs. OKC,Oklahoma City Thunder,OKC,89,False,0.352,0.25,0.619,53,17,12,Milwaukee Bucks,MIL,96,True,0.373,0.293,0.846,53,21,12,185,7
2021,0022100232,2021-11-19,BOS vs. LAL,Los Angeles Lakers,LAL,108,False,0.464,0.4,0.75,33,20,12,Boston Celtics,BOS,130,True,0.5,0.367,0.816,51,22,12,238,22
2021,0022100233,2021-11-19,ORL @ BKN,Orlando Magic,ORL,113,False,0.449,0.368,0.76,45,26,13,Brooklyn Nets,BKN,115,True,0.451,0.303,0.92,43,19,11,228,2
2021,0022100235,2021-11-19,LAC @ NOP,LA Clippers,LAC,81,False,0.378,0.243,0.8,43,22,11,New Orleans Pelicans,NOP,94,True,0.437,0.433,0.625,55,19,13,175,13
2021,0022100230,2021-11-19,IND @ CHA,Indiana Pacers,IND,118,False,0.466,0.306,0.781,38,19,10,Charlotte Hornets,CHA,121,True,0.543,0.387,0.75,45,28,17,239,3
2021,0022100237,2021-11-19,PHX vs. DAL,Dallas Mavericks,DAL,104,False,0.411,0.3,0.783,40,25,10,Phoenix Suns,PHX,112,True,0.518,0.483,0.714,53,28,17,216,8
2021,0022100231,2021-11-19,DET vs. GSW,Golden State Warriors,GSW,105,True,0.475,0.4,0.81,48,22,18,Detroit Pistons,DET,102,False,0.4,0.333,0.8,35,21,12,207,3
2021,0022100236,2021-11-19,CHI @ DEN,Chicago Bulls,CHI,114,True,0.441,0.258,1.0,50,19,11,Denver Nuggets,DEN,108,False,0.476,0.378,0.8,38,24,11,222,6
2021,0022100244,2021-11-20,MIL vs. ORL,Orlando Magic,ORL,108,False,0.398,0.373,0.786,39,26,10,Milwaukee Bucks,MIL,117,True,0.451,0.475,0.649,60,25,14,225,9
2021,0022100245,2021-11-20,MEM @ MIN,Memphis Grizzlies,MEM,95,False,0.349,0.281,0.8,33,21,14,Minnesota Timberwolves,MIN,138,True,0.538,0.488,0.714,50,28,13,233,43
2021,0022100240,2021-11-20,IND vs. NOP,New Orleans Pelicans,NOP,94,False,0.398,0.333,0.947,52,17,16,Indiana Pacers,IND,111,True,0.462,0.368,0.722,46,28,10,205,17
2021,0022100247,2021-11-20,UTA @ SAC,Utah Jazz,UTA,123,True,0.505,0.436,0.824,52,20,11,Sacramento Kings,SAC,105,False,0.451,0.323,0.619,35,20,8,228,18
2021,0022100239,2021-11-20,NYK vs. HOU,Houston Rockets,HOU,99,False,0.452,0.256,0.591,48,21,22,New York Knicks,NYK,106,True,0.423,0.439,0.846,37,25,12,205,7
2021,0022100241,2021-11-20,WAS vs. MIA,Miami Heat,MIA,100,False,0.469,0.259,0.85,37,21,12,Washington Wizards,WAS,103,True,0.486,0.367,0.87,35,22,19,203,3
2021,0022100243,2021-11-20,OKC @ BOS,Oklahoma City Thunder,OKC,105,False,0.406,0.429,0.563,54,23,9,Boston Celtics,BOS,111,True,0.466,0.436,0.857,48,28,7,216,6
2021,0022100242,2021-11-20,CHA @ ATL,Charlotte Hornets,CHA,105,False,0.422,0.25,0.6,51,26,10,Atlanta Hawks,ATL,115,True,0.524,0.353,0.81,46,24,12,220,10
2021,0022100246,2021-11-20,POR vs. PHI,Philadelphia 76ers,PHI,111,False,0.506,0.357,0.905,32,24,11,Portland Trail Blazers,POR,118,True,0.5,0.441,1.0,38,23,12,229,7
2021,0022100250,2021-11-21,CHI vs. NYK,New York Knicks,NYK,103,False,0.417,0.259,0.839,44,16,13,Chicago Bulls,CHI,109,True,0.42,0.379,0.889,44,21,9,212,6
2021,0022100248,2021-11-21,LAC vs. DAL,Dallas Mavericks,DAL,91,False,0.41,0.2,0.944,39,21,10,LA Clippers,LAC,97,True,0.48,0.414,0.722,42,18,14,188,6
2021,0022100252,2021-11-21,TOR @ GSW,Toronto Raptors,TOR,104,False,0.394,0.405,0.55,47,25,10,Golden State Warriors,GSW,119,True,0.494,0.489,0.792,47,31,16,223,15
2021,0022100251,2021-11-21,PHX vs. DEN,Denver Nuggets,DEN,97,False,0.367,0.289,0.714,42,20,10,Phoenix Suns,PHX,126,True,0.529,0.306,0.885,51,34,11,223,29
2021,0022100249,2021-11-21,LAL @ DET,Los Angeles Lakers,LAL,121,True,0.489,0.323,0.778,51,29,13,Detroit Pistons,DET,116,False,0.443,0.35,0.762,39,27,11,237,5
2021,0022100262,2021-11-22,SAC vs. PHI,Philadelphia 76ers,PHI,102,True,0.424,0.281,0.778,45,19,7,Sacramento Kings,SAC,94,False,0.413,0.226,0.724,49,17,13,196,8
2021,0022100257,2021-11-22,IND @ CHI,Indiana Pacers,IND,109,True,0.444,0.419,0.889,59,27,11,Chicago Bulls,CHI,77,False,0.365,0.214,0.6,38,13,9,186,32
2021,0022100260,2021-11-22,SAS vs. PHX,Phoenix Suns,PHX,115,True,0.511,0.444,0.813,44,25,15,San Antonio Spurs,SAS,111,False,0.527,0.25,0.5,44,23,15,226,4
2021,0022100255,2021-11-22,OKC @ ATL,Oklahoma City Thunder,OKC,101,False,0.402,0.263,0.929,50,24,8,Atlanta Hawks,ATL,113,True,0.483,0.412,0.938,44,25,7,214,12
2021,0022100258,2021-11-22,ORL @ MIL,Orlando Magic,ORL,92,False,0.366,0.268,0.722,47,16,15,Milwaukee Bucks,MIL,123,True,0.468,0.4,0.708,55,28,12,215,31
2021,0022100256,2021-11-22,BOS vs. HOU,Houston Rockets,HOU,90,False,0.373,0.262,0.708,42,19,14,Boston Celtics,BOS,108,True,0.424,0.343,0.947,58,19,14,198,18
2021,0022100253,2021-11-22,BKN @ CLE,Brooklyn Nets,BKN,117,True,0.474,0.314,0.889,42,32,9,Cleveland Cavaliers,CLE,112,False,0.387,0.318,0.897,53,24,12,229,5
2021,0022100254,2021-11-22,CHA @ WAS,Charlotte Hornets,CHA,109,True,0.44,0.484,0.583,36,21,10,Washington Wizards,WAS,103,False,0.383,0.243,0.815,65,23,18,212,6
2021,0022100259,2021-11-22,MIN @ NOP,Minnesota Timberwolves,MIN,110,True,0.4,0.227,0.714,49,21,11,New Orleans Pelicans,NOP,96,False,0.42,0.188,0.889,48,24,21,206,14
2021,0022100261,2021-11-22,UTA vs. MEM,Memphis Grizzlies,MEM,119,True,0.442,0.371,0.815,50,24,7,Utah Jazz,UTA,118,False,0.471,0.395,0.76,46,26,14,237,1
2021,0022100266,2021-11-23,DAL @ LAC,Dallas Mavericks,DAL,112,True,0.438,0.308,0.815,42,22,14,LA Clippers,LAC,104,False,0.412,0.313,0.828,47,17,18,216,8
2021,0022100264,2021-11-23,NYK vs. LAL,Los Angeles Lakers,LAL,100,False,0.374,0.306,0.7,50,23,12,New York Knicks,NYK,106,True,0.451,0.441,0.81,52,23,14,206,6
2021,0022100263,2021-11-23,DET vs. MIA,Miami Heat,MIA,100,True,0.461,0.31,0.724,51,22,16,Detroit Pistons,DET,92,False,0.417,0.263,0.857,35,22,14,192,8
2021,0022100265,2021-11-23,POR vs. DEN,Denver Nuggets,DEN,100,False,0.487,0.455,0.818,37,26,17,Portland Trail Blazers,POR,119,True,0.511,0.385,0.7,43,25,9,219,19
2021,0022100275,2021-11-24,NOP vs. WAS,Washington Wizards,WAS,102,False,0.429,0.226,0.639,45,23,19,New Orleans Pelicans,NOP,127,True,0.458,0.414,0.844,52,33,10,229,25
2021,0022100274,2021-11-24,MIA @ MIN,Miami Heat,MIA,101,False,0.446,0.357,0.69,40,25,21,Minnesota Timberwolves,MIN,113,True,0.409,0.327,0.905,52,24,16,214,12
2021,0022100271,2021-11-24,HOU vs. CHI,Chicago Bulls,CHI,113,False,0.458,0.429,0.833,40,26,13,Houston Rockets,HOU,118,True,0.5,0.472,0.773,46,27,21,231,5
2021,0022100267,2021-11-24,CLE vs. PHX,Phoenix Suns,PHX,120,True,0.523,0.364,0.786,47,26,15,Cleveland Cavaliers,CLE,115,False,0.443,0.308,0.68,44,22,10,235,5
2021,0022100277,2021-11-24,ATL @ SAS,Atlanta Hawks,ATL,124,True,0.511,0.462,0.917,44,26,9,San Antonio Spurs,SAS,106,False,0.43,0.364,0.8,44,27,12,230,18
2021,0022100273,2021-11-24,DET @ MIL,Detroit Pistons,DET,93,False,0.358,0.244,0.737,44,16,8,Milwaukee Bucks,MIL,114,True,0.483,0.417,0.882,56,23,15,207,21
2021,0022100278,2021-11-24,GSW vs. PHI,Philadelphia 76ers,PHI,96,False,0.425,0.286,0.909,41,17,19,Golden State Warriors,GSW,116,True,0.525,0.395,0.708,41,32,16,212,20
2021,0022100269,2021-11-24,ORL vs. CHA,Charlotte Hornets,CHA,106,True,0.419,0.3,0.762,49,26,10,Orlando Magic,ORL,99,False,0.409,0.357,0.8,51,23,14,205,7
2021,0022100268,2021-11-24,IND vs. LAL,Los Angeles Lakers,LAL,124,True,0.442,0.405,0.862,52,20,11,Indiana Pacers,IND,116,False,0.404,0.283,0.792,52,25,11,240,8
2021,0022100276,2021-11-24,UTA @ OKC,Utah Jazz,UTA,110,True,0.453,0.319,0.85,43,19,9,Oklahoma City Thunder,OKC,104,False,0.451,0.417,0.682,43,21,12,214,6
2021,0022100272,2021-11-24,TOR @ MEM,Toronto Raptors,TOR,126,True,0.528,0.467,0.857,34,25,10,Memphis Grizzlies,MEM,113,False,0.512,0.31,0.769,40,25,14,239,13
2021,0022100279,2021-11-24,SAC vs. POR,Portland Trail Blazers,POR,121,False,0.468,0.316,0.84,43,27,13,Sacramento Kings,SAC,125,True,0.523,0.364,0.676,43,21,14,246,4
2021,0022100270,2021-11-24,BOS vs. BKN,Brooklyn Nets,BKN,123,True,0.506,0.4,0.767,50,29,10,Boston Celtics,BOS,104,False,0.374,0.229,0.893,45,25,11,227,19
2021,0022100286,2021-11-26,WAS @ OKC,Washington Wizards,WAS,101,True,0.481,0.345,1.0,43,17,15,Oklahoma City Thunder,OKC,99,False,0.404,0.333,0.857,41,23,9,200,2
2021,0022100290,2021-11-26,POR @ GSW,Portland Trail Blazers,POR,103,False,0.419,0.342,0.783,37,23,10,Golden State Warriors,GSW,118,True,0.54,0.324,0.75,48,31,15,221,15
2021,0022100280,2021-11-26,DET @ LAC,Detroit Pistons,DET,96,False,0.367,0.242,0.846,52,17,15,LA Clippers,LAC,107,True,0.429,0.289,0.947,54,26,14,203,11
2021,0022100288,2021-11-26,MIL @ DEN,Milwaukee Bucks,MIL,120,True,0.63,0.485,0.6,44,24,19,Denver Nuggets,DEN,109,False,0.435,0.362,0.857,31,24,8,229,11
2021,0022100289,2021-11-26,UTA vs. NOP,New Orleans Pelicans,NOP,98,True,0.427,0.407,0.846,39,27,13,Utah Jazz,UTA,97,False,0.45,0.394,0.667,43,17,17,195,1
2021,0022100284,2021-11-26,TOR @ IND,Toronto Raptors,TOR,97,False,0.416,0.233,0.727,41,17,10,Indiana Pacers,IND,114,True,0.485,0.282,0.818,53,31,12,211,17
2021,0022100282,2021-11-26,PHX @ NYK,Phoenix Suns,PHX,118,True,0.557,0.464,0.81,35,28,11,New York Knicks,NYK,97,False,0.37,0.308,0.773,51,13,15,215,21
2021,0022100285,2021-11-26,ATL @ MEM,Atlanta Hawks,ATL,132,True,0.584,0.481,0.714,49,33,12,Memphis Grizzlies,MEM,100,False,0.407,0.316,0.737,36,27,13,232,32
2021,0022100287,2021-11-26,BOS @ SAS,Boston Celtics,BOS,88,False,0.37,0.294,0.667,51,20,10,San Antonio Spurs,SAS,96,True,0.437,0.25,0.737,53,21,10,184,8
2021,0022100283,2021-11-26,CHI @ ORL,Chicago Bulls,CHI,123,True,0.558,0.5,0.625,47,32,13,Orlando Magic,ORL,88,False,0.375,0.219,0.7,36,18,13,211,35
2021,0022100281,2021-11-26,CHA vs. MIN,Minnesota Timberwolves,MIN,115,False,0.45,0.314,0.737,45,24,12,Charlotte Hornets,CHA,133,True,0.557,0.575,0.8,44,32,15,248,18
2021,0022100291,2021-11-26,SAC @ LAL,Sacramento Kings,SAC,141,True,0.45,0.311,0.655,56,32,13,Los Angeles Lakers,LAL,137,False,0.5,0.341,0.714,51,32,19,278,4
2021,0022100293,2021-11-27,ATL vs. NYK,New York Knicks,NYK,99,True,0.439,0.379,0.727,50,20,10,Atlanta Hawks,ATL,90,False,0.355,0.243,0.75,52,18,6,189,9
2021,0022100299,2021-11-27,NOP @ UTA,New Orleans Pelicans,NOP,105,False,0.43,0.229,0.81,45,27,13,Utah Jazz,UTA,127,True,0.563,0.571,0.773,41,24,18,232,22
2021,0022100298,2021-11-27,DAL vs. WAS,Washington Wizards,WAS,120,True,0.577,0.375,0.808,43,28,14,Dallas Mavericks,DAL,114,False,0.472,0.368,0.727,35,23,7,234,6
2021,0022100295,2021-11-27,ORL @ CLE,Orlando Magic,ORL,92,False,0.398,0.25,0.609,43,21,8,Cleveland Cavaliers,CLE,105,True,0.456,0.359,0.75,51,28,13,197,13
2021,0022100294,2021-11-27,PHX @ BKN,Phoenix Suns,PHX,113,True,0.446,0.342,0.857,41,17,12,Brooklyn Nets,BKN,107,False,0.5,0.304,0.762,47,25,20,220,6
2021,0022100297,2021-11-27,HOU vs. CHA,Charlotte Hornets,CHA,143,False,0.466,0.4,0.9,39,31,11,Houston Rockets,HOU,146,True,0.537,0.469,0.677,41,36,13,289,3
2021,0022100292,2021-11-27,PHI vs. MIN,Minnesota Timberwolves,MIN,121,True,0.5,0.389,0.688,54,22,21,Philadelphia 76ers,PHI,120,False,0.419,0.353,0.769,44,27,16,241,1
2021,0022100296,2021-11-27,MIA @ CHI,Miami Heat,MIA,107,True,0.43,0.35,0.864,36,23,10,Chicago Bulls,CHI,104,False,0.469,0.282,0.81,47,22,22,211,3
2021,0022100303,2021-11-28,SAC @ MEM,Sacramento Kings,SAC,101,False,0.34,0.214,0.703,49,17,8,Memphis Grizzlies,MEM,128,True,0.481,0.333,0.75,68,30,9,229,27
2021,0022100301,2021-11-28,MIL @ IND,Milwaukee Bucks,MIL,118,True,0.511,0.229,0.818,52,27,13,Indiana Pacers,IND,100,False,0.413,0.267,0.75,45,21,13,218,18
2021,0022100300,2021-11-28,GSW @ LAC,Golden State Warriors,GSW,105,True,0.442,0.425,0.545,43,25,16,LA Clippers,LAC,90,False,0.4,0.321,0.68,47,18,24,195,15
2021,0022100304,2021-11-28,DET @ LAL,Detroit Pistons,DET,106,False,0.427,0.394,0.895,53,29,17,Los Angeles Lakers,LAL,110,True,0.5,0.281,0.6,42,32,12,216,4
2021,0022100302,2021-11-28,TOR vs. BOS,Boston Celtics,BOS,109,True,0.415,0.353,0.935,53,24,17,Toronto Raptors,TOR,97,False,0.376,0.31,0.875,44,19,10,206,12
2021,0022100306,2021-11-29,MIA vs. DEN,Denver Nuggets,DEN,120,True,0.581,0.514,0.762,35,32,13,Miami Heat,MIA,111,False,0.473,0.341,0.667,39,32,9,231,9
2021,0022100311,2021-11-29,SAS vs. WAS,Washington Wizards,WAS,99,False,0.446,0.29,0.615,40,26,6,San Antonio Spurs,SAS,116,True,0.533,0.444,0.625,51,28,10,215,17
2021,0022100312,2021-11-29,UTA vs. POR,Portland Trail Blazers,POR,107,False,0.462,0.355,0.706,42,19,8,Utah Jazz,UTA,129,True,0.528,0.413,0.696,43,30,5,236,22
2021,0022100305,2021-11-29,ORL @ PHI,Orlando Magic,ORL,96,False,0.411,0.242,0.778,55,20,12,Philadelphia 76ers,PHI,101,True,0.402,0.303,0.722,55,24,10,197,5
2021,0022100308,2021-11-29,OKC @ HOU,Oklahoma City Thunder,OKC,89,False,0.356,0.163,0.769,45,16,12,Houston Rockets,HOU,102,True,0.417,0.326,0.636,60,31,13,191,13
2021,0022100309,2021-11-29,IND @ MIN,Indiana Pacers,IND,98,False,0.396,0.243,0.81,47,27,13,Minnesota Timberwolves,MIN,100,True,0.439,0.257,0.731,47,25,13,198,2
2021,0022100310,2021-11-29,DAL vs. CLE,Cleveland Cavaliers,CLE,114,True,0.563,0.526,0.778,48,29,19,Dallas Mavericks,DAL,96,False,0.438,0.308,0.4,33,20,10,210,18
2021,0022100313,2021-11-29,NOP @ LAC,New Orleans Pelicans,NOP,123,True,0.511,0.4,0.813,47,30,7,LA Clippers,LAC,104,False,0.514,0.389,0.762,35,17,15,227,19
2021,0022100307,2021-11-29,CHA @ CHI,Charlotte Hornets,CHA,119,False,0.477,0.462,0.81,34,23,9,Chicago Bulls,CHI,133,True,0.596,0.467,0.684,41,35,10,252,14
2021,0022100318,2021-11-30,LAL @ SAC,Los Angeles Lakers,LAL,117,True,0.5,0.393,0.7,47,21,14,Sacramento Kings,SAC,92,False,0.443,0.207,0.727,40,22,19,209,25
2021,0022100316,2021-11-30,PHX vs. GSW,Golden State Warriors,GSW,96,False,0.419,0.35,0.714,51,25,22,Phoenix Suns,PHX,104,True,0.494,0.4,0.545,35,28,12,200,8
2021,0022100317,2021-11-30,DET @ POR,Detroit Pistons,DET,92,False,0.382,0.257,0.833,45,17,18,Portland Trail Blazers,POR,110,True,0.427,0.333,0.778,43,24,10,202,18
2021,0022100314,2021-11-30,BKN vs. NYK,New York Knicks,NYK,110,False,0.484,0.344,0.917,42,27,10,Brooklyn Nets,BKN,112,True,0.482,0.286,0.88,38,27,9,222,2
2021,0022100315,2021-11-30,TOR vs. MEM,Memphis Grizzlies,MEM,98,True,0.387,0.294,0.842,54,18,17,Toronto Raptors,TOR,91,False,0.396,0.256,0.75,44,14,18,189,7
2021,0022100323,2021-12-01,CLE @ MIA,Cleveland Cavaliers,CLE,111,True,0.544,0.516,0.913,46,27,20,Miami Heat,MIA,85,False,0.376,0.324,0.692,28,21,11,196,26
2021,0022100327,2021-12-01,LAC vs. SAC,Sacramento Kings,SAC,124,True,0.523,0.395,0.85,38,28,11,LA Clippers,LAC,115,False,0.47,0.29,0.75,49,35,11,239,9
2021,0022100319,2021-12-01,ATL @ IND,Atlanta Hawks,ATL,114,True,0.512,0.485,0.833,41,24,13,Indiana Pacers,IND,111,False,0.489,0.303,0.813,40,23,10,225,3
2021,0022100322,2021-12-01,BOS vs. PHI,Philadelphia 76ers,PHI,87,False,0.371,0.258,0.765,46,20,7,Boston Celtics,BOS,88,True,0.418,0.393,0.733,46,18,13,175,1
2021,0022100326,2021-12-01,OKC vs. HOU,Houston Rockets,HOU,114,True,0.506,0.405,0.864,40,25,18,Oklahoma City Thunder,OKC,110,False,0.471,0.25,0.759,35,16,13,224,4
2021,0022100324,2021-12-01,MIL vs. CHA,Charlotte Hornets,CHA,125,False,0.494,0.412,0.857,36,30,16,Milwaukee Bucks,MIL,127,True,0.489,0.389,0.808,45,29,13,252,2
2021,0022100320,2021-12-01,DEN @ ORL,Denver Nuggets,DEN,103,False,0.488,0.294,0.714,35,22,14,Orlando Magic,ORL,108,True,0.543,0.222,0.737,39,26,12,211,5
2021,0022100325,2021-12-01,DAL @ NOP,Dallas Mavericks,DAL,139,True,0.687,0.529,0.778,34,32,18,New Orleans Pelicans,NOP,107,False,0.449,0.351,0.875,32,22,13,246,32
2021,0022100321,2021-12-01,MIN @ WAS,Minnesota Timberwolves,MIN,107,False,0.42,0.297,0.846,39,15,12,Washington Wizards,WAS,115,True,0.495,0.313,0.714,52,34,13,222,8
2021,0022100328,2021-12-02,CHI @ NYK,Chicago Bulls,CHI,119,True,0.494,0.379,0.952,39,24,15,New York Knicks,NYK,115,False,0.512,0.346,0.815,39,19,18,234,4
2021,0022100330,2021-12-02,MEM vs. OKC,Oklahoma City Thunder,OKC,79,False,0.329,0.289,0.818,26,14,19,Memphis Grizzlies,MEM,152,True,0.625,0.528,0.722,53,41,10,231,73
2021,0022100329,2021-12-02,MIL @ TOR,Milwaukee Bucks,MIL,93,False,0.376,0.355,0.72,47,16,13,Toronto Raptors,TOR,97,True,0.42,0.35,0.643,47,23,13,190,4
2021,0022100331,2021-12-02,DET @ PHX,Detroit Pistons,DET,103,False,0.45,0.407,0.769,36,20,12,Phoenix Suns,PHX,114,True,0.544,0.571,0.696,44,23,14,217,11
2021,0022100332,2021-12-02,POR vs. SAS,San Antonio Spurs,SAS,114,True,0.484,0.389,0.75,48,32,12,Portland Trail Blazers,POR,83,False,0.354,0.353,0.765,41,19,18,197,31
2021,0022100336,2021-12-03,BKN vs. MIN,Minnesota Timberwolves,MIN,105,False,0.387,0.31,0.833,44,22,15,Brooklyn Nets,BKN,110,True,0.474,0.261,0.78,41,26,17,215,5
2021,0022100335,2021-12-03,PHI @ ATL,Philadelphia 76ers,PHI,98,True,0.469,0.409,0.765,40,22,11,Atlanta Hawks,ATL,96,False,0.408,0.357,0.8,47,20,14,194,2
2021,0022100337,2021-12-03,ORL @ HOU,Orlando Magic,ORL,116,False,0.488,0.351,0.905,45,24,18,Houston Rockets,HOU,118,True,0.478,0.362,0.867,35,33,10,234,2
2021,0022100334,2021-12-03,CLE @ WAS,Cleveland Cavaliers,CLE,116,True,0.472,0.433,0.76,54,30,14,Washington Wizards,WAS,101,False,0.463,0.323,0.789,33,21,8,217,15
2021,0022100339,2021-12-03,UTA vs. BOS,Boston Celtics,BOS,130,False,0.516,0.359,1.0,30,23,6,Utah Jazz,UTA,137,True,0.556,0.529,0.87,44,26,19,267,7
2021,0022100340,2021-12-03,GSW vs. PHX,Phoenix Suns,PHX,96,False,0.383,0.364,0.743,38,23,14,Golden State Warriors,GSW,118,True,0.489,0.487,0.75,51,30,17,214,22
2021,0022100341,2021-12-03,LAL vs. LAC,LA Clippers,LAC,119,True,0.506,0.457,0.875,34,28,9,Los Angeles Lakers,LAL,115,False,0.5,0.364,0.619,43,28,11,234,4
2021,0022100333,2021-12-03,MIA @ IND,Miami Heat,MIA,113,True,0.531,0.471,0.846,38,24,13,Indiana Pacers,IND,104,False,0.438,0.25,0.758,39,20,12,217,9
2021,0022100338,2021-12-03,NOP @ DAL,New Orleans Pelicans,NOP,107,True,0.411,0.4,0.75,55,30,10,Dallas Mavericks,DAL,91,False,0.405,0.294,0.654,42,17,15,198,16
2021,0022100346,2021-12-04,SAS @ GSW,San Antonio Spurs,SAS,112,True,0.477,0.343,0.842,45,24,12,Golden State Warriors,GSW,107,False,0.444,0.333,0.667,45,26,12,219,5
2021,0022100342,2021-12-04,NYK vs. DEN,Denver Nuggets,DEN,113,True,0.524,0.465,1.0,42,30,13,New York Knicks,NYK,99,False,0.398,0.3,0.81,40,23,11,212,14
2021,0022100348,2021-12-04,LAC @ SAC,LA Clippers,LAC,99,False,0.382,0.382,0.667,47,23,17,Sacramento Kings,SAC,104,True,0.419,0.353,0.8,51,19,15,203,5
2021,0022100347,2021-12-04,BOS @ POR,Boston Celtics,BOS,145,True,0.563,0.568,0.897,46,26,11,Portland Trail Blazers,POR,117,False,0.472,0.276,0.781,32,22,9,262,28
2021,0022100345,2021-12-04,DAL vs. MEM,Memphis Grizzlies,MEM,97,True,0.487,0.346,0.583,52,20,22,Dallas Mavericks,DAL,90,False,0.337,0.349,0.684,42,19,13,187,7
2021,0022100343,2021-12-04,BKN vs. CHI,Chicago Bulls,CHI,111,True,0.477,0.323,0.704,47,22,9,Brooklyn Nets,BKN,107,False,0.414,0.32,0.778,55,28,5,218,4
2021,0022100344,2021-12-04,MIA @ MIL,Miami Heat,MIA,102,False,0.405,0.395,0.708,39,29,14,Milwaukee Bucks,MIL,124,True,0.449,0.36,0.9,57,32,14,226,22
2021,0022100350,2021-12-05,CHA @ ATL,Charlotte Hornets,CHA,130,True,0.535,0.459,0.75,39,21,6,Atlanta Hawks,ATL,127,False,0.516,0.459,0.778,45,29,10,257,3
2021,0022100351,2021-12-05,TOR vs. WAS,Washington Wizards,WAS,90,False,0.411,0.32,0.759,43,20,10,Toronto Raptors,TOR,102,True,0.447,0.348,0.75,47,22,8,192,12
2021,0022100352,2021-12-05,NOP @ HOU,New Orleans Pelicans,NOP,108,False,0.426,0.263,0.72,50,19,7,Houston Rockets,HOU,118,True,0.494,0.425,0.793,40,24,14,226,10
2021,0022100349,2021-12-05,CLE vs. UTA,Utah Jazz,UTA,109,True,0.444,0.417,0.9,46,24,17,Cleveland Cavaliers,CLE,108,False,0.462,0.368,0.769,45,20,13,217,1
2021,0022100353,2021-12-06,CHA vs. PHI,Philadelphia 76ers,PHI,127,True,0.529,0.417,0.741,49,28,15,Charlotte Hornets,CHA,124,False,0.449,0.348,0.706,42,31,8,251,3
2021,0022100358,2021-12-06,MIL vs. CLE,Cleveland Cavaliers,CLE,104,False,0.389,0.326,0.95,39,27,9,Milwaukee Bucks,MIL,112,True,0.465,0.406,0.792,53,21,16,216,8
2021,0022100361,2021-12-06,GSW vs. ORL,Orlando Magic,ORL,95,False,0.434,0.289,0.818,38,18,22,Golden State Warriors,GSW,126,True,0.494,0.5,0.69,43,28,15,221,31
2021,0022100354,2021-12-06,OKC @ DET,Oklahoma City Thunder,OKC,114,True,0.5,0.36,0.767,40,22,11,Detroit Pistons,DET,103,False,0.414,0.39,0.833,52,21,16,217,11
2021,0022100359,2021-12-06,MIN vs. ATL,Atlanta Hawks,ATL,121,True,0.444,0.51,0.842,49,31,10,Minnesota Timberwolves,MIN,110,False,0.398,0.425,0.789,50,22,8,231,11
2021,0022100355,2021-12-06,WAS @ IND,Washington Wizards,WAS,110,False,0.531,0.467,0.81,30,25,12,Indiana Pacers,IND,116,True,0.524,0.391,0.955,40,25,15,226,6
2021,0022100360,2021-12-06,PHX vs. SAS,San Antonio Spurs,SAS,104,False,0.43,0.379,0.684,41,31,15,Phoenix Suns,PHX,108,True,0.457,0.345,0.667,49,27,17,212,4
2021,0022100357,2021-12-06,DEN @ CHI,Denver Nuggets,DEN,97,False,0.396,0.344,0.667,50,30,9,Chicago Bulls,CHI,109,True,0.451,0.371,0.7,55,25,11,206,12
2021,0022100362,2021-12-06,POR vs. LAC,LA Clippers,LAC,102,True,0.446,0.306,0.643,37,18,13,Portland Trail Blazers,POR,90,False,0.443,0.227,0.75,45,16,18,192,12
2021,0022100356,2021-12-06,MIA vs. MEM,Memphis Grizzlies,MEM,105,True,0.427,0.394,0.762,47,26,19,Miami Heat,MIA,90,False,0.461,0.273,0.824,36,26,23,195,15
2021,0022100365,2021-12-07,BOS @ LAL,Boston Celtics,BOS,102,False,0.439,0.303,0.69,34,27,13,Los Angeles Lakers,LAL,117,True,0.516,0.296,0.765,51,25,14,219,15
2021,0022100363,2021-12-07,DAL vs. BKN,Brooklyn Nets,BKN,102,True,0.506,0.308,0.769,50,28,12,Dallas Mavericks,DAL,99,False,0.4,0.196,0.818,39,21,4,201,3
2021,0022100364,2021-12-07,SAS vs. NYK,New York Knicks,NYK,121,True,0.473,0.474,0.895,52,22,10,San Antonio Spurs,SAS,109,False,0.446,0.387,0.75,43,30,10,230,12
2021,0022100377,2021-12-08,ORL @ SAC,Orlando Magic,ORL,130,False,0.495,0.471,0.783,43,29,12,Sacramento Kings,SAC,142,True,0.546,0.441,0.84,43,24,8,272,12
2021,0022100378,2021-12-08,LAC vs. BOS,Boston Celtics,BOS,111,False,0.477,0.313,0.905,47,26,22,LA Clippers,LAC,114,True,0.471,0.438,0.909,38,20,20,225,3
2021,0022100371,2021-12-08,OKC @ TOR,Oklahoma City Thunder,OKC,110,True,0.452,0.425,0.85,40,28,13,Toronto Raptors,TOR,109,False,0.452,0.366,0.667,46,27,13,219,1
2021,0022100369,2021-12-08,IND vs. NYK,New York Knicks,NYK,102,False,0.419,0.3,0.913,36,17,13,Indiana Pacers,IND,122,True,0.535,0.37,0.8,42,27,9,224,20
2021,0022100366,2021-12-08,PHI @ CHA,Philadelphia 76ers,PHI,110,True,0.48,0.382,0.833,36,23,15,Charlotte Hornets,CHA,106,False,0.488,0.345,0.857,35,22,18,216,4
2021,0022100375,2021-12-08,NOP vs. DEN,Denver Nuggets,DEN,120,True,0.511,0.281,0.778,33,28,11,New Orleans Pelicans,NOP,114,False,0.522,0.367,0.75,46,32,22,234,6
2021,0022100367,2021-12-08,CHI @ CLE,Chicago Bulls,CHI,92,False,0.417,0.269,0.714,37,21,17,Cleveland Cavaliers,CLE,115,True,0.55,0.464,0.875,42,28,14,207,23
2021,0022100368,2021-12-08,WAS @ DET,Washington Wizards,WAS,119,True,0.477,0.375,0.821,45,27,17,Detroit Pistons,DET,116,False,0.468,0.542,0.829,37,22,15,235,3
2021,0022100373,2021-12-08,MEM vs. DAL,Dallas Mavericks,DAL,104,True,0.481,0.364,0.783,47,24,18,Memphis Grizzlies,MEM,96,False,0.4,0.29,0.6,40,23,13,200,8
2021,0022100374,2021-12-08,MIN vs. UTA,Utah Jazz,UTA,136,True,0.568,0.463,0.733,48,26,13,Minnesota Timberwolves,MIN,104,False,0.4,0.362,0.647,37,19,15,240,32
2021,0022100376,2021-12-08,POR @ GSW,Portland Trail Blazers,POR,94,False,0.413,0.267,0.714,42,24,16,Golden State Warriors,GSW,104,True,0.398,0.304,0.774,47,22,15,198,10
2021,0022100372,2021-12-08,BKN @ HOU,Brooklyn Nets,BKN,104,False,0.393,0.242,0.839,44,18,13,Houston Rockets,HOU,114,True,0.494,0.341,0.69,38,23,13,218,10
2021,0022100370,2021-12-08,MIA vs. MIL,Milwaukee Bucks,MIL,104,False,0.424,0.308,0.741,41,18,18,Miami Heat,MIA,113,True,0.519,0.468,0.917,42,32,20,217,9
2021,0022100379,2021-12-09,UTA @ PHI,Utah Jazz,UTA,118,True,0.473,0.375,0.708,52,22,11,Philadelphia 76ers,PHI,96,False,0.432,0.182,0.933,34,17,9,214,22
2021,0022100380,2021-12-09,LAL @ MEM,Los Angeles Lakers,LAL,95,False,0.462,0.4,0.647,45,26,22,Memphis Grizzlies,MEM,108,True,0.436,0.333,0.667,47,28,11,203,13
2021,0022100381,2021-12-09,SAS vs. DEN,Denver Nuggets,DEN,111,False,0.447,0.385,0.923,33,29,8,San Antonio Spurs,SAS,123,True,0.523,0.429,0.727,54,32,13,234,12
2021,0022100382,2021-12-10,CHA vs. SAC,Sacramento Kings,SAC,123,False,0.475,0.341,0.765,48,22,14,Charlotte Hornets,CHA,124,True,0.552,0.4,0.7,39,29,15,247,1
2021,0022100385,2021-12-10,NYK @ TOR,New York Knicks,NYK,87,False,0.358,0.265,0.833,55,18,13,Toronto Raptors,TOR,90,True,0.345,0.343,0.783,48,21,8,177,3
2021,0022100386,2021-12-10,HOU vs. MIL,Milwaukee Bucks,MIL,123,True,0.506,0.385,0.75,48,19,15,Houston Rockets,HOU,114,False,0.472,0.413,0.55,40,30,16,237,9
2021,0022100389,2021-12-10,LAL @ OKC,Los Angeles Lakers,LAL,116,True,0.471,0.452,0.75,47,23,16,Oklahoma City Thunder,OKC,95,False,0.396,0.227,0.643,51,21,15,211,21
2021,0022100390,2021-12-10,PHX vs. BOS,Boston Celtics,BOS,90,False,0.376,0.154,0.667,46,13,13,Phoenix Suns,PHX,111,True,0.448,0.368,1.0,53,25,12,201,21
2021,0022100383,2021-12-10,DAL @ IND,Dallas Mavericks,DAL,93,False,0.464,0.138,0.917,37,18,12,Indiana Pacers,IND,106,True,0.471,0.361,0.917,44,28,11,199,13
2021,0022100384,2021-12-10,ATL vs. BKN,Brooklyn Nets,BKN,113,True,0.495,0.261,0.938,41,26,13,Atlanta Hawks,ATL,105,False,0.394,0.324,0.833,49,21,14,218,8
2021,0022100388,2021-12-10,DET @ NOP,Detroit Pistons,DET,93,False,0.389,0.324,0.917,38,22,12,New Orleans Pelicans,NOP,109,True,0.432,0.351,0.875,60,29,14,202,16
2021,0022100387,2021-12-10,MIN vs. CLE,Cleveland Cavaliers,CLE,123,True,0.541,0.394,0.818,47,34,15,Minnesota Timberwolves,MIN,106,False,0.391,0.282,0.821,40,24,14,229,17
2021,0022100395,2021-12-11,HOU @ MEM,Houston Rockets,HOU,106,False,0.494,0.333,0.655,40,25,16,Memphis Grizzlies,MEM,113,True,0.5,0.379,0.611,38,22,11,219,7
2021,0022100397,2021-12-11,DEN @ SAS,Denver Nuggets,DEN,127,True,0.505,0.465,0.929,41,33,11,San Antonio Spurs,SAS,112,False,0.461,0.37,0.69,45,28,17,239,15
2021,0022100396,2021-12-11,GSW @ PHI,Golden State Warriors,GSW,93,False,0.4,0.25,0.722,42,21,13,Philadelphia 76ers,PHI,102,True,0.461,0.333,0.885,44,19,11,195,9
2021,0022100391,2021-12-11,ORL @ LAC,Orlando Magic,ORL,104,False,0.438,0.364,0.917,45,21,11,LA Clippers,LAC,106,True,0.457,0.5,0.667,45,27,7,210,2
2021,0022100394,2021-12-11,MIA vs. CHI,Chicago Bulls,CHI,92,False,0.373,0.425,0.65,34,22,14,Miami Heat,MIA,118,True,0.495,0.442,0.778,50,37,8,210,26
2021,0022100393,2021-12-11,CLE vs. SAC,Sacramento Kings,SAC,103,False,0.441,0.25,0.636,48,19,17,Cleveland Cavaliers,CLE,117,True,0.466,0.387,0.821,47,27,14,220,14
2021,0022100392,2021-12-11,WAS vs. UTA,Utah Jazz,UTA,123,True,0.516,0.333,0.824,49,28,8,Washington Wizards,WAS,98,False,0.461,0.32,0.571,39,17,12,221,25
2021,0022100402,2021-12-12,POR vs. MIN,Minnesota Timberwolves,MIN,116,True,0.447,0.389,0.813,42,23,17,Portland Trail Blazers,POR,111,False,0.457,0.375,0.679,45,25,19,227,5
2021,0022100401,2021-12-12,SAS vs. NOP,New Orleans Pelicans,NOP,97,False,0.426,0.276,0.6,42,24,14,San Antonio Spurs,SAS,112,True,0.495,0.28,0.75,55,31,13,209,15
2021,0022100399,2021-12-12,BKN @ DET,Brooklyn Nets,BKN,116,True,0.471,0.393,0.92,43,28,17,Detroit Pistons,DET,104,False,0.424,0.378,0.667,40,24,19,220,12
2021,0022100400,2021-12-12,OKC vs. DAL,Dallas Mavericks,DAL,103,True,0.422,0.273,0.783,54,25,6,Oklahoma City Thunder,OKC,84,False,0.375,0.351,0.688,39,19,11,187,19
2021,0022100403,2021-12-12,LAL vs. ORL,Orlando Magic,ORL,94,False,0.375,0.342,0.789,47,17,18,Los Angeles Lakers,LAL,106,True,0.488,0.464,0.647,44,24,13,200,12
2021,0022100398,2021-12-12,NYK vs. MIL,Milwaukee Bucks,MIL,112,True,0.477,0.341,0.824,46,27,15,New York Knicks,NYK,97,False,0.427,0.347,0.769,37,27,16,209,15
2021,0022100409,2021-12-13,MEM vs. PHI,Philadelphia 76ers,PHI,91,False,0.446,0.182,0.684,38,22,15,Memphis Grizzlies,MEM,126,True,0.528,0.412,0.783,50,29,9,217,35
2021,0022100405,2021-12-13,GSW @ IND,Golden State Warriors,GSW,102,True,0.5,0.267,0.714,47,21,17,Indiana Pacers,IND,100,False,0.402,0.233,0.742,42,16,10,202,2
2021,0022100406,2021-12-13,TOR vs. SAC,Sacramento Kings,SAC,101,False,0.404,0.324,0.667,53,21,17,Toronto Raptors,TOR,124,True,0.541,0.355,0.7,46,28,8,225,23
2021,0022100412,2021-12-13,PHX @ LAC,Phoenix Suns,PHX,95,False,0.375,0.241,0.842,41,22,10,LA Clippers,LAC,111,True,0.551,0.429,0.696,45,24,16,206,16
2021,0022100408,2021-12-13,MIL @ BOS,Milwaukee Bucks,MIL,103,False,0.444,0.306,0.8,45,22,13,Boston Celtics,BOS,117,True,0.5,0.426,0.846,40,31,11,220,14
2021,0022100404,2021-12-13,MIA @ CLE,Miami Heat,MIA,94,False,0.447,0.325,0.556,39,26,14,Cleveland Cavaliers,CLE,105,True,0.444,0.444,0.944,42,24,12,199,11
2021,0022100407,2021-12-13,ATL vs. HOU,Houston Rockets,HOU,132,True,0.479,0.413,0.778,45,27,11,Atlanta Hawks,ATL,126,False,0.494,0.385,0.871,40,20,12,258,6
2021,0022100411,2021-12-13,DEN vs. WAS,Washington Wizards,WAS,107,False,0.456,0.353,0.619,41,25,10,Denver Nuggets,DEN,113,True,0.468,0.313,0.879,49,26,13,220,6
2021,0022100410,2021-12-13,CHA @ DAL,Charlotte Hornets,CHA,96,False,0.395,0.351,0.625,38,22,8,Dallas Mavericks,DAL,120,True,0.518,0.463,0.882,50,28,9,216,24
2021,0022100413,2021-12-14,BKN vs. TOR,Toronto Raptors,TOR,129,False,0.457,0.346,0.789,41,26,12,Brooklyn Nets,BKN,131,True,0.485,0.359,0.739,60,28,16,260,2
2021,0022100414,2021-12-14,NYK vs. GSW,Golden State Warriors,GSW,105,True,0.455,0.375,0.741,49,28,12,New York Knicks,NYK,96,False,0.361,0.381,0.909,35,18,8,201,9
2021,0022100416,2021-12-14,POR vs. PHX,Phoenix Suns,PHX,111,True,0.473,0.355,0.8,49,30,14,Portland Trail Blazers,POR,107,False,0.417,0.317,0.636,48,23,13,218,4
2021,0022100421,2021-12-15,IND @ MIL,Indiana Pacers,IND,99,False,0.47,0.289,0.909,45,24,18,Milwaukee Bucks,MIL,114,True,0.489,0.483,0.8,38,25,8,213,15
2021,0022100422,2021-12-15,NOP @ OKC,New Orleans Pelicans,NOP,113,True,0.488,0.393,0.667,49,23,11,Oklahoma City Thunder,OKC,110,False,0.419,0.371,1.0,42,22,8,223,3
2021,0022100426,2021-12-15,MEM @ POR,Memphis Grizzlies,MEM,113,True,0.476,0.344,0.8,53,22,15,Portland Trail Blazers,POR,103,False,0.378,0.395,0.929,38,18,13,216,10
2021,0022100423,2021-12-15,SAS vs. CHA,Charlotte Hornets,CHA,131,True,0.593,0.529,0.688,48,34,11,San Antonio Spurs,SAS,115,False,0.433,0.324,1.0,38,27,8,246,16
2021,0022100419,2021-12-15,MIA @ PHI,Miami Heat,MIA,101,True,0.449,0.409,0.765,44,25,16,Philadelphia 76ers,PHI,96,False,0.443,0.324,0.824,35,26,11,197,5
2021,0022100418,2021-12-15,ATL @ ORL,Atlanta Hawks,ATL,111,True,0.494,0.355,1.0,40,25,13,Orlando Magic,ORL,99,False,0.389,0.286,0.905,46,25,16,210,12
2021,0022100425,2021-12-15,UTA vs. LAC,LA Clippers,LAC,103,False,0.471,0.333,0.65,42,24,16,Utah Jazz,UTA,124,True,0.528,0.405,0.75,44,26,9,227,21
2021,0022100427,2021-12-15,SAC vs. WAS,Washington Wizards,WAS,105,False,0.472,0.208,0.762,39,20,10,Sacramento Kings,SAC,119,True,0.549,0.308,0.724,39,25,11,224,14
2021,0022100417,2021-12-15,CLE vs. HOU,Houston Rockets,HOU,89,False,0.385,0.172,0.686,41,20,16,Cleveland Cavaliers,CLE,124,True,0.563,0.45,0.667,44,26,15,213,35
2021,0022100420,2021-12-15,DAL vs. LAL,Los Angeles Lakers,LAL,107,True,0.433,0.385,0.778,46,24,14,Dallas Mavericks,DAL,104,False,0.398,0.273,0.824,51,22,11,211,3
2021,0022100424,2021-12-15,DEN vs. MIN,Minnesota Timberwolves,MIN,124,True,0.511,0.479,0.688,39,24,11,Denver Nuggets,DEN,107,False,0.452,0.359,0.739,42,33,17,231,17
2021,0022100429,2021-12-16,PHI @ BKN,Philadelphia 76ers,PHI,105,False,0.438,0.294,0.85,38,19,9,Brooklyn Nets,BKN,114,True,0.494,0.478,0.938,48,21,14,219,9
2021,0022100428,2021-12-16,DET @ IND,Detroit Pistons,DET,113,False,0.494,0.28,0.867,37,20,12,Indiana Pacers,IND,122,True,0.495,0.219,0.893,41,26,8,235,9
2021,0022100432,2021-12-16,WAS @ PHX,Washington Wizards,WAS,98,False,0.488,0.286,0.632,32,22,16,Phoenix Suns,PHX,118,True,0.532,0.31,0.962,47,25,19,216,20
2021,0022100431,2021-12-16,NYK @ HOU,New York Knicks,NYK,116,True,0.47,0.472,0.84,40,25,11,Houston Rockets,HOU,103,False,0.5,0.344,0.8,29,29,17,219,13
2021,0022100439,2021-12-17,CHA @ POR,Charlotte Hornets,CHA,116,False,0.478,0.351,0.833,38,29,13,Portland Trail Blazers,POR,125,True,0.518,0.447,0.889,41,27,15,241,9
2021,0022100440,2021-12-17,SAC vs. MEM,Memphis Grizzlies,MEM,124,True,0.464,0.542,0.778,50,25,11,Sacramento Kings,SAC,105,False,0.409,0.371,0.769,45,21,18,229,19
2021,0022100438,2021-12-17,MIL @ NOP,Milwaukee Bucks,MIL,112,False,0.433,0.298,0.8,44,16,13,New Orleans Pelicans,NOP,116,True,0.472,0.351,0.633,57,34,20,228,4
2021,0022100437,2021-12-17,SAS @ UTA,San Antonio Spurs,SAS,128,True,0.5,0.366,0.722,43,27,7,Utah Jazz,UTA,126,False,0.495,0.351,0.808,50,26,12,254,2
2021,0022100434,2021-12-17,DEN @ ATL,Denver Nuggets,DEN,133,True,0.581,0.447,0.889,38,35,14,Atlanta Hawks,ATL,115,False,0.466,0.292,0.765,37,22,15,248,18
2021,0022100436,2021-12-17,LAL @ MIN,Los Angeles Lakers,LAL,92,False,0.385,0.279,0.69,36,26,18,Minnesota Timberwolves,MIN,110,True,0.418,0.273,0.667,61,23,15,202,18
2021,0022100435,2021-12-17,GSW @ BOS,Golden State Warriors,GSW,111,True,0.433,0.348,0.81,45,27,12,Boston Celtics,BOS,107,False,0.439,0.366,0.69,45,20,16,218,4
2021,0022100433,2021-12-17,ORL vs. MIA,Miami Heat,MIA,115,True,0.5,0.543,0.737,46,25,15,Orlando Magic,ORL,105,False,0.483,0.344,0.8,36,23,11,220,10
2021,0022100443,2021-12-18,TOR vs. GSW,Golden State Warriors,GSW,100,False,0.468,0.306,0.714,47,26,20,Toronto Raptors,TOR,119,True,0.5,0.368,0.652,41,26,10,219,19
2021,0022100441,2021-12-18,HOU @ DET,Houston Rockets,HOU,116,True,0.495,0.368,0.588,47,27,19,Detroit Pistons,DET,107,False,0.462,0.278,0.688,42,29,20,223,9
2021,0022100446,2021-12-18,MIL vs. CLE,Cleveland Cavaliers,CLE,119,True,0.5,0.356,0.929,46,36,13,Milwaukee Bucks,MIL,90,False,0.393,0.316,0.727,44,18,17,209,29
2021,0022100445,2021-12-18,NYK @ BOS,New York Knicks,NYK,107,False,0.438,0.361,0.8,42,18,14,Boston Celtics,BOS,114,True,0.472,0.378,0.765,45,23,12,221,7
2021,0022100444,2021-12-18,LAC @ OKC,LA Clippers,LAC,103,False,0.446,0.41,0.684,39,26,12,Oklahoma City Thunder,OKC,104,True,0.467,0.387,0.6,55,23,15,207,1
2021,0022100442,2021-12-18,BKN vs. ORL,Orlando Magic,ORL,100,True,0.415,0.323,0.923,50,20,16,Brooklyn Nets,BKN,93,False,0.382,0.196,0.75,51,24,15,193,7
2021,0022100447,2021-12-18,UTA vs. WAS,Washington Wizards,WAS,109,True,0.447,0.29,0.8,47,27,9,Utah Jazz,UTA,103,False,0.432,0.318,0.633,46,17,15,212,6
2021,0022100448,2021-12-19,CHI vs. LAL,Los Angeles Lakers,LAL,110,False,0.512,0.353,0.636,46,25,19,Chicago Bulls,CHI,115,True,0.43,0.333,0.806,43,20,10,225,5
2021,0022100455,2021-12-19,DAL @ MIN,Dallas Mavericks,DAL,105,False,0.439,0.293,0.955,41,27,10,Minnesota Timberwolves,MIN,111,True,0.468,0.441,0.774,37,26,9,216,6
2021,0022100451,2021-12-19,SAC vs. SAS,San Antonio Spurs,SAS,114,False,0.495,0.48,0.923,44,24,14,Sacramento Kings,SAC,121,True,0.505,0.56,0.833,40,23,11,235,7
2021,0022100450,2021-12-19,POR @ MEM,Portland Trail Blazers,POR,105,True,0.473,0.344,0.857,51,17,20,Memphis Grizzlies,MEM,100,False,0.385,0.265,0.84,33,22,8,205,5
2021,0022100449,2021-12-19,DET vs. MIA,Miami Heat,MIA,90,False,0.378,0.302,0.636,39,23,13,Detroit Pistons,DET,100,True,0.467,0.25,0.733,47,24,13,190,10
2021,0022100456,2021-12-19,PHX vs. CHA,Charlotte Hornets,CHA,106,False,0.36,0.222,0.857,43,26,9,Phoenix Suns,PHX,137,True,0.568,0.488,0.692,57,35,17,243,31
2021,0022100459,2021-12-20,HOU @ CHI,Houston Rockets,HOU,118,False,0.564,0.364,0.75,35,27,14,Chicago Bulls,CHI,133,True,0.534,0.457,0.958,34,33,8,251,15
2021,0022100457,2021-12-20,PHI @ BOS,Philadelphia 76ers,PHI,108,True,0.5,0.4,0.839,34,20,15,Boston Celtics,BOS,103,False,0.463,0.259,0.8,42,16,18,211,5
2021,0022100460,2021-12-20,MEM vs. OKC,Oklahoma City Thunder,OKC,102,True,0.429,0.289,0.679,47,24,14,Memphis Grizzlies,MEM,99,False,0.386,0.344,0.769,51,24,12,201,3
2021,0022100461,2021-12-20,CHA @ UTA,Charlotte Hornets,CHA,102,False,0.386,0.349,1.0,51,27,13,Utah Jazz,UTA,112,True,0.354,0.302,0.757,68,21,17,214,10
2021,0022100463,2021-12-20,SAS @ LAC,San Antonio Spurs,SAS,116,True,0.439,0.324,0.667,66,37,11,LA Clippers,LAC,92,False,0.391,0.281,0.75,43,18,14,208,24
2021,0022100462,2021-12-20,SAC @ GSW,Sacramento Kings,SAC,98,False,0.446,0.406,0.688,37,23,19,Golden State Warriors,GSW,113,True,0.523,0.405,0.667,42,28,16,211,15
2021,0022100466,2021-12-21,DET @ NYK,Detroit Pistons,DET,91,False,0.362,0.242,0.789,48,22,12,New York Knicks,NYK,105,True,0.444,0.333,0.737,52,22,12,196,14
2021,0022100469,2021-12-21,PHX @ LAL,Phoenix Suns,PHX,108,True,0.441,0.293,0.933,53,29,16,Los Angeles Lakers,LAL,90,False,0.391,0.2,0.652,47,14,14,198,18
2021,0022100468,2021-12-21,MIN @ DAL,Minnesota Timberwolves,MIN,102,False,0.456,0.325,0.85,39,26,17,Dallas Mavericks,DAL,114,True,0.488,0.324,0.826,44,30,10,216,12
2021,0022100465,2021-12-21,IND @ MIA,Indiana Pacers,IND,96,False,0.356,0.355,0.821,42,22,11,Miami Heat,MIA,125,True,0.495,0.449,0.818,53,30,11,221,29
2021,0022100467,2021-12-21,POR @ NOP,Portland Trail Blazers,POR,97,False,0.449,0.382,0.737,31,18,10,New Orleans Pelicans,NOP,111,True,0.525,0.364,0.833,44,27,15,208,14
2021,0022100474,2021-12-22,DEN @ OKC,Denver Nuggets,DEN,94,False,0.393,0.295,0.577,39,21,11,Oklahoma City Thunder,OKC,108,True,0.447,0.235,0.842,60,22,11,202,14
2021,0022100471,2021-12-22,BOS vs. CLE,Cleveland Cavaliers,CLE,101,False,0.391,0.237,0.833,53,17,15,Boston Celtics,BOS,111,True,0.467,0.367,0.778,48,24,13,212,10
2021,0022100475,2021-12-22,LAC @ SAC,LA Clippers,LAC,105,True,0.512,0.292,0.875,43,26,12,Sacramento Kings,SAC,89,False,0.4,0.316,0.75,40,24,16,194,16
2021,0022100470,2021-12-22,ORL @ ATL,Orlando Magic,ORL,104,True,0.447,0.297,0.739,40,27,10,Atlanta Hawks,ATL,98,False,0.4,0.387,0.759,49,21,14,202,6
2021,0022100473,2021-12-22,MIL vs. HOU,Houston Rockets,HOU,106,False,0.419,0.289,0.677,52,23,15,Milwaukee Bucks,MIL,126,True,0.437,0.37,0.905,48,25,5,232,20
2021,0022100487,2021-12-23,LAL vs. SAS,San Antonio Spurs,SAS,138,True,0.484,0.462,0.848,50,33,6,Los Angeles Lakers,LAL,110,False,0.468,0.185,0.567,48,21,14,248,28
2021,0022100482,2021-12-23,DEN vs. CHA,Charlotte Hornets,CHA,115,True,0.415,0.34,0.875,50,28,11,Denver Nuggets,DEN,107,False,0.417,0.35,0.765,54,23,15,222,8
2021,0022100485,2021-12-23,MEM @ GSW,Memphis Grizzlies,MEM,104,False,0.422,0.308,0.833,42,18,13,Golden State Warriors,GSW,113,True,0.488,0.475,0.778,39,30,18,217,9
2021,0022100481,2021-12-23,DAL vs. MIL,Milwaukee Bucks,MIL,102,True,0.451,0.278,0.818,47,26,12,Dallas Mavericks,DAL,95,False,0.407,0.267,0.765,43,25,11,197,7
2021,0022100478,2021-12-23,PHI vs. ATL,Atlanta Hawks,ATL,98,True,0.451,0.292,0.895,46,20,10,Philadelphia 76ers,PHI,96,False,0.413,0.222,0.923,38,20,8,194,2
2021,0022100480,2021-12-23,NYK vs. WAS,Washington Wizards,WAS,124,True,0.56,0.432,0.75,38,30,11,New York Knicks,NYK,117,False,0.452,0.31,0.87,44,17,7,241,7
2021,0022100484,2021-12-23,MIN @ UTA,Minnesota Timberwolves,MIN,116,False,0.446,0.378,0.75,44,29,14,Utah Jazz,UTA,128,True,0.533,0.41,0.727,45,31,15,244,12
2021,0022100479,2021-12-23,MIA vs. DET,Detroit Pistons,DET,112,False,0.45,0.45,0.88,43,23,16,Miami Heat,MIA,115,True,0.489,0.375,0.895,43,23,13,227,3
2021,0022100477,2021-12-23,ORL vs. NOP,New Orleans Pelicans,NOP,110,True,0.43,0.433,0.885,46,21,10,Orlando Magic,ORL,104,False,0.432,0.281,0.905,44,19,8,214,6
2021,0022100476,2021-12-23,IND vs. HOU,Houston Rockets,HOU,106,False,0.438,0.405,0.808,28,16,12,Indiana Pacers,IND,118,True,0.523,0.342,0.684,47,27,13,224,12
2021,0022100483,2021-12-23,OKC @ PHX,Oklahoma City Thunder,OKC,101,False,0.385,0.268,0.762,44,17,12,Phoenix Suns,PHX,113,True,0.484,0.385,0.615,52,26,13,214,12
2021,0022100490,2021-12-25,PHX vs. GSW,Golden State Warriors,GSW,116,True,0.494,0.378,0.857,42,28,9,Phoenix Suns,PHX,107,False,0.482,0.367,1.0,37,20,13,223,9
2021,0022100492,2021-12-25,DAL @ UTA,Dallas Mavericks,DAL,116,False,0.427,0.333,0.857,43,19,13,Utah Jazz,UTA,120,True,0.444,0.333,0.757,49,24,14,236,4
2021,0022100489,2021-12-25,BOS @ MIL,Boston Celtics,BOS,113,False,0.427,0.378,0.833,44,24,14,Milwaukee Bucks,MIL,117,True,0.473,0.364,0.704,48,24,13,230,4
2021,0022100488,2021-12-25,NYK vs. ATL,Atlanta Hawks,ATL,87,False,0.379,0.342,0.571,46,23,12,New York Knicks,NYK,101,True,0.447,0.4,0.417,50,28,10,188,14
2021,0022100491,2021-12-25,BKN @ LAL,Brooklyn Nets,BKN,122,True,0.483,0.438,0.815,41,31,10,Los Angeles Lakers,LAL,115,False,0.417,0.286,0.893,47,29,13,237,7
2021,0022100498,2021-12-26,DET @ SAS,Detroit Pistons,DET,109,False,0.388,0.25,0.735,42,16,14,San Antonio Spurs,SAS,144,True,0.56,0.481,0.784,52,39,18,253,35
2021,0022100495,2021-12-26,PHI @ WAS,Philadelphia 76ers,PHI,117,True,0.5,0.387,0.864,50,25,12,Washington Wizards,WAS,96,False,0.389,0.242,0.643,43,22,8,213,21
2021,0022100500,2021-12-26,LAC vs. DEN,Denver Nuggets,DEN,103,True,0.411,0.366,0.909,48,29,14,LA Clippers,LAC,100,False,0.465,0.308,0.667,46,26,14,203,3
2021,0022100497,2021-12-26,NOP @ OKC,New Orleans Pelicans,NOP,112,False,0.415,0.244,0.857,49,26,10,Oklahoma City Thunder,OKC,117,True,0.477,0.361,0.71,47,24,12,229,5
2021,0022100493,2021-12-26,MIA vs. ORL,Orlando Magic,ORL,83,False,0.431,0.313,0.647,43,17,18,Miami Heat,MIA,93,True,0.404,0.294,0.611,51,28,13,176,10
2021,0022100494,2021-12-26,CLE vs. TOR,Toronto Raptors,TOR,99,False,0.416,0.25,0.696,43,24,21,Cleveland Cavaliers,CLE,144,True,0.528,0.423,0.833,52,39,12,243,45
2021,0022100499,2021-12-26,CHI vs. IND,Indiana Pacers,IND,105,False,0.436,0.267,0.714,45,23,9,Chicago Bulls,CHI,113,True,0.566,0.478,0.727,40,17,15,218,8
2021,0022100496,2021-12-26,MEM @ SAC,Memphis Grizzlies,MEM,127,True,0.47,0.3,0.8,53,33,11,Sacramento Kings,SAC,102,False,0.42,0.345,0.889,38,22,18,229,25
2021,0022100502,2021-12-27,ATL vs. CHI,Chicago Bulls,CHI,130,True,0.543,0.486,0.714,44,29,7,Atlanta Hawks,ATL,118,False,0.449,0.441,0.885,45,22,10,248,12
2021,0022100503,2021-12-27,BOS @ MIN,Boston Celtics,BOS,103,False,0.371,0.34,0.75,53,23,14,Minnesota Timberwolves,MIN,108,True,0.444,0.412,0.737,53,30,14,211,5
2021,0022100506,2021-12-27,DAL @ POR,Dallas Mavericks,DAL,132,True,0.571,0.364,0.727,41,38,13,Portland Trail Blazers,POR,117,False,0.427,0.3,0.833,33,19,11,249,15
2021,0022100507,2021-12-27,LAC vs. BKN,Brooklyn Nets,BKN,124,True,0.568,0.382,0.688,47,31,13,LA Clippers,LAC,108,False,0.381,0.378,0.741,45,25,11,232,16
2021,0022100505,2021-12-27,MEM @ PHX,Memphis Grizzlies,MEM,114,True,0.511,0.379,0.765,50,22,18,Phoenix Suns,PHX,113,False,0.456,0.355,0.87,35,25,11,227,1
2021,0022100501,2021-12-27,HOU @ CHA,Houston Rockets,HOU,99,False,0.414,0.326,0.667,44,20,21,Charlotte Hornets,CHA,123,True,0.534,0.439,0.786,39,33,16,222,24
2021,0022100504,2021-12-27,UTA @ SAS,Utah Jazz,UTA,110,True,0.453,0.29,0.767,55,19,14,San Antonio Spurs,SAS,104,False,0.45,0.333,0.444,44,26,10,214,6
2021,0022100509,2021-12-28,WAS @ MIA,Washington Wizards,WAS,112,False,0.494,0.405,0.786,47,27,18,Miami Heat,MIA,119,True,0.446,0.471,0.913,42,26,7,231,7
2021,0022100511,2021-12-28,LAL @ HOU,Los Angeles Lakers,LAL,132,True,0.522,0.412,0.759,48,27,12,Houston Rockets,HOU,123,False,0.53,0.457,0.76,30,24,14,255,9
2021,0022100514,2021-12-28,DEN @ GSW,Denver Nuggets,DEN,89,True,0.41,0.242,0.65,44,24,15,Golden State Warriors,GSW,86,False,0.417,0.313,0.516,43,20,16,175,3
2021,0022100513,2021-12-28,NOP vs. CLE,Cleveland Cavaliers,CLE,104,False,0.42,0.341,0.842,42,27,7,New Orleans Pelicans,NOP,108,True,0.45,0.444,0.769,44,24,12,212,4
2021,0022100508,2021-12-28,MIL @ ORL,Milwaukee Bucks,MIL,127,True,0.553,0.459,0.727,40,31,12,Orlando Magic,ORL,110,False,0.458,0.308,0.846,37,24,13,237,17
2021,0022100512,2021-12-28,NYK @ MIN,New York Knicks,NYK,96,True,0.411,0.4,0.375,54,20,15,Minnesota Timberwolves,MIN,88,False,0.4,0.184,0.65,45,22,10,184,8
2021,0022100515,2021-12-28,OKC @ SAC,Oklahoma City Thunder,OKC,111,False,0.389,0.333,0.833,45,16,9,Sacramento Kings,SAC,117,True,0.421,0.436,0.741,57,25,10,228,6
2021,0022100510,2021-12-28,PHI @ TOR,Philadelphia 76ers,PHI,114,True,0.442,0.467,0.842,42,23,8,Toronto Raptors,TOR,109,False,0.437,0.366,0.818,43,24,10,223,5
2021,0022100518,2021-12-29,BOS vs. LAC,LA Clippers,LAC,91,True,0.407,0.393,0.824,49,17,14,Boston Celtics,BOS,82,False,0.347,0.095,0.727,50,19,8,173,9
2021,0022100517,2021-12-29,IND vs. CHA,Charlotte Hornets,CHA,116,True,0.518,0.346,0.594,48,27,13,Indiana Pacers,IND,108,False,0.419,0.378,0.655,45,25,18,224,8
2021,0022100523,2021-12-29,UTA @ POR,Utah Jazz,UTA,120,True,0.529,0.276,0.625,46,22,11,Portland Trail Blazers,POR,105,False,0.42,0.35,0.708,45,23,10,225,15
2021,0022100519,2021-12-29,CHI vs. ATL,Atlanta Hawks,ATL,117,False,0.478,0.423,0.692,37,26,11,Chicago Bulls,CHI,131,True,0.619,0.455,0.773,41,38,13,248,14
2021,0022100524,2021-12-29,SAC vs. DAL,Dallas Mavericks,DAL,94,False,0.469,0.375,0.692,36,23,11,Sacramento Kings,SAC,95,True,0.48,0.385,0.867,38,21,14,189,1
2021,0022100522,2021-12-29,PHX vs. OKC,Oklahoma City Thunder,OKC,97,False,0.396,0.2,0.875,45,19,11,Phoenix Suns,PHX,115,True,0.461,0.353,0.75,56,22,14,212,18
2021,0022100516,2021-12-29,DET vs. NYK,New York Knicks,NYK,94,True,0.383,0.258,0.889,48,19,16,Detroit Pistons,DET,85,False,0.37,0.343,0.765,43,19,17,179,9
2021,0022100520,2021-12-29,MEM vs. LAL,Los Angeles Lakers,LAL,99,False,0.453,0.366,0.75,39,24,18,Memphis Grizzlies,MEM,104,True,0.412,0.333,0.828,43,18,12,203,5
2021,0022100526,2021-12-30,ORL vs. MIL,Milwaukee Bucks,MIL,136,True,0.495,0.394,0.917,50,24,13,Orlando Magic,ORL,118,False,0.483,0.361,0.778,33,26,10,254,18
2021,0022100527,2021-12-30,CLE @ WAS,Cleveland Cavaliers,CLE,93,False,0.422,0.286,0.652,44,20,12,Washington Wizards,WAS,110,True,0.5,0.31,0.647,47,27,7,203,17
2021,0022100525,2021-12-30,PHI @ BKN,Philadelphia 76ers,PHI,110,True,0.42,0.406,0.65,43,22,7,Brooklyn Nets,BKN,102,False,0.457,0.259,0.778,52,21,17,212,8
2021,0022100530,2021-12-31,IND vs. CHI,Chicago Bulls,CHI,108,True,0.407,0.444,0.867,42,22,9,Indiana Pacers,IND,106,False,0.418,0.258,0.759,55,23,17,214,2
2021,0022100534,2021-12-31,TOR vs. LAC,LA Clippers,LAC,108,False,0.487,0.441,0.895,37,27,12,Toronto Raptors,TOR,116,True,0.417,0.314,0.758,54,19,7,224,8
2021,0022100537,2021-12-31,UTA vs. MIN,Minnesota Timberwolves,MIN,108,False,0.43,0.341,0.636,41,23,10,Utah Jazz,UTA,120,True,0.474,0.379,0.854,49,18,17,228,12
2021,0022100533,2021-12-31,CLE vs. ATL,Atlanta Hawks,ATL,121,True,0.443,0.421,0.905,44,23,2,Cleveland Cavaliers,CLE,118,False,0.571,0.32,0.583,46,27,9,239,3
2021,0022100536,2021-12-31,NYK @ OKC,New York Knicks,NYK,80,False,0.37,0.195,0.545,48,12,10,Oklahoma City Thunder,OKC,95,True,0.414,0.419,0.714,49,21,9,175,15
2021,0022100529,2021-12-31,PHX @ BOS,Phoenix Suns,PHX,108,False,0.41,0.314,0.938,37,20,9,Boston Celtics,BOS,123,True,0.542,0.37,0.885,51,28,17,231,15
2021,0022100538,2021-12-31,LAL vs. POR,Portland Trail Blazers,POR,106,False,0.353,0.286,0.815,54,19,9,Los Angeles Lakers,LAL,139,True,0.553,0.463,0.867,47,27,7,245,33
2021,0022100535,2021-12-31,MEM vs. SAS,San Antonio Spurs,SAS,105,False,0.433,0.343,0.625,47,24,11,Memphis Grizzlies,MEM,118,True,0.48,0.385,0.625,58,28,9,223,13
2021,0022100531,2021-12-31,SAC vs. DAL,Dallas Mavericks,DAL,112,True,0.519,0.409,0.864,47,30,11,Sacramento Kings,SAC,96,False,0.418,0.345,0.833,33,25,10,208,16
2021,0022100532,2021-12-31,HOU vs. MIA,Miami Heat,MIA,120,True,0.465,0.424,0.839,43,21,14,Houston Rockets,HOU,110,False,0.441,0.333,0.824,46,21,18,230,10
2021,0022100544,2022-01-01,UTA vs. GSW,Golden State Warriors,GSW,123,True,0.535,0.531,0.667,40,39,15,Utah Jazz,UTA,116,False,0.435,0.318,0.786,45,19,13,239,7
2021,0022100543,2022-01-01,DEN @ HOU,Denver Nuggets,DEN,124,True,0.535,0.313,0.815,46,33,18,Houston Rockets,HOU,111,False,0.435,0.381,0.875,36,20,17,235,13
2021,0022100540,2022-01-01,DET vs. SAS,San Antonio Spurs,SAS,116,False,0.412,0.3,0.714,48,30,16,Detroit Pistons,DET,117,True,0.406,0.257,0.788,63,18,20,233,1
2021,0022100542,2022-01-01,LAC @ BKN,LA Clippers,LAC,120,True,0.488,0.389,0.71,40,23,10,Brooklyn Nets,BKN,116,False,0.433,0.333,0.84,57,26,14,236,4
2021,0022100539,2022-01-01,NOP @ MIL,New Orleans Pelicans,NOP,113,False,0.411,0.314,0.633,50,28,15,Milwaukee Bucks,MIL,136,True,0.533,0.479,0.833,48,27,13,249,23
2021,0022100541,2022-01-01,WAS vs. CHI,Chicago Bulls,CHI,120,True,0.488,0.5,0.84,44,17,15,Washington Wizards,WAS,119,False,0.529,0.222,0.808,43,26,11,239,1
2021,0022100547,2022-01-02,CLE vs. IND,Indiana Pacers,IND,104,False,0.446,0.413,0.786,39,24,14,Cleveland Cavaliers,CLE,108,True,0.466,0.231,0.714,48,26,8,212,4
2021,0022100548,2022-01-02,SAC vs. MIA,Miami Heat,MIA,113,False,0.438,0.273,1.0,49,26,9,Sacramento Kings,SAC,115,True,0.513,0.382,0.815,39,31,16,228,2
2021,0022100545,2022-01-02,TOR vs. NYK,New York Knicks,NYK,105,False,0.449,0.333,0.821,30,22,17,Toronto Raptors,TOR,120,True,0.477,0.382,0.833,44,21,16,225,15
2021,0022100550,2022-01-02,OKC vs. DAL,Dallas Mavericks,DAL,95,True,0.447,0.359,0.714,48,28,16,Oklahoma City Thunder,OKC,86,False,0.412,0.333,0.667,41,20,11,181,9
2021,0022100551,2022-01-02,LAL vs. MIN,Minnesota Timberwolves,MIN,103,False,0.446,0.237,0.75,56,21,23,Los Angeles Lakers,LAL,108,True,0.48,0.317,0.793,28,20,15,211,5
2021,0022100549,2022-01-02,PHX @ CHA,Phoenix Suns,PHX,133,True,0.505,0.415,1.0,53,36,17,Charlotte Hornets,CHA,99,False,0.459,0.257,0.571,34,27,17,232,34
2021,0022100546,2022-01-02,ORL @ BOS,Orlando Magic,ORL,111,False,0.421,0.333,0.815,45,17,14,Boston Celtics,BOS,116,True,0.453,0.361,0.893,46,25,21,227,5
2021,0022100554,2022-01-03,BKN vs. MEM,Memphis Grizzlies,MEM,118,True,0.471,0.286,0.571,61,24,12,Brooklyn Nets,BKN,104,False,0.451,0.29,0.808,33,28,12,222,14
2021,0022100556,2022-01-03,MIL vs. DET,Detroit Pistons,DET,115,True,0.484,0.419,0.643,47,31,13,Milwaukee Bucks,MIL,106,False,0.424,0.239,0.773,47,21,8,221,9
2021,0022100559,2022-01-03,GSW vs. MIA,Miami Heat,MIA,108,False,0.411,0.405,0.895,49,24,18,Golden State Warriors,GSW,115,True,0.489,0.368,0.846,43,39,12,223,7
2021,0022100553,2022-01-03,CHA @ WAS,Charlotte Hornets,CHA,121,False,0.481,0.368,0.538,45,28,8,Washington Wizards,WAS,124,True,0.46,0.421,0.903,51,26,15,245,3
2021,0022100560,2022-01-03,ATL @ POR,Atlanta Hawks,ATL,131,False,0.545,0.341,0.875,39,31,12,Portland Trail Blazers,POR,136,True,0.528,0.439,0.857,41,29,9,267,5
2021,0022100555,2022-01-03,CHI vs. ORL,Orlando Magic,ORL,98,False,0.424,0.37,0.889,44,24,13,Chicago Bulls,CHI,102,True,0.43,0.355,0.739,49,17,13,200,4
2021,0022100558,2022-01-03,DAL vs. DEN,Denver Nuggets,DEN,89,False,0.463,0.24,0.724,47,21,25,Dallas Mavericks,DAL,103,True,0.449,0.378,0.905,28,23,11,192,14
2021,0022100561,2022-01-03,LAC vs. MIN,Minnesota Timberwolves,MIN,122,True,0.527,0.356,0.889,40,34,17,LA Clippers,LAC,104,False,0.5,0.344,0.882,31,22,20,226,18
2021,0022100552,2022-01-03,HOU @ PHI,Houston Rockets,HOU,113,False,0.416,0.341,0.727,42,25,11,Philadelphia 76ers,PHI,133,True,0.521,0.425,0.941,54,33,12,246,20
2021,0022100557,2022-01-03,UTA @ NOP,Utah Jazz,UTA,115,True,0.482,0.487,0.824,43,22,14,New Orleans Pelicans,NOP,104,False,0.402,0.261,0.636,47,21,10,219,11
2021,0022100566,2022-01-04,LAL vs. SAC,Sacramento Kings,SAC,114,False,0.518,0.412,0.778,45,31,18,Los Angeles Lakers,LAL,122,True,0.495,0.344,0.65,44,24,5,236,8
2021,0022100564,2022-01-04,NYK vs. IND,Indiana Pacers,IND,94,False,0.421,0.237,0.656,35,22,10,New York Knicks,NYK,104,True,0.488,0.214,0.714,51,17,9,198,10
2021,0022100565,2022-01-04,PHX @ NOP,Phoenix Suns,PHX,123,True,0.541,0.548,0.7,42,32,10,New Orleans Pelicans,NOP,110,False,0.404,0.303,0.875,48,28,12,233,13
2021,0022100562,2022-01-04,MEM @ CLE,Memphis Grizzlies,MEM,110,True,0.467,0.333,0.773,45,21,9,Cleveland Cavaliers,CLE,106,False,0.435,0.294,0.762,49,28,11,216,4
2021,0022100563,2022-01-04,SAS @ TOR,San Antonio Spurs,SAS,104,False,0.432,0.257,0.684,50,27,20,Toronto Raptors,TOR,129,True,0.469,0.409,0.724,52,30,12,233,25
2021,0022100573,2022-01-05,TOR @ MIL,Toronto Raptors,TOR,117,True,0.472,0.444,0.68,44,24,14,Milwaukee Bucks,MIL,111,False,0.447,0.436,0.692,45,22,17,228,6
2021,0022100577,2022-01-05,ATL @ SAC,Atlanta Hawks,ATL,108,True,0.453,0.267,0.733,48,20,10,Sacramento Kings,SAC,102,False,0.422,0.407,0.75,47,15,11,210,6
2021,0022100571,2022-01-05,BKN @ IND,Brooklyn Nets,BKN,129,True,0.57,0.238,0.897,38,28,11,Indiana Pacers,IND,121,False,0.5,0.333,0.929,33,26,15,250,8
2021,2022100051,2022-01-05,WES @ GRG,Westchester Knicks,WES,108,False,0.444,0.318,0.727,38,25,16,Grand Rapids Gold,GRG,127,True,0.524,0.429,0.929,47,26,14,235,19
2021,0022100569,2022-01-05,WAS vs. HOU,Houston Rockets,HOU,114,True,0.471,0.346,0.781,48,15,20,Washington Wizards,WAS,111,False,0.44,0.256,0.808,41,18,15,225,3
2021,2022100054,2022-01-05,WIS vs. DEL,Delaware Blue Coats,DEL,123,False,0.432,0.378,0.875,47,24,16,Wisconsin Herd,WIS,124,True,0.462,0.286,0.6,51,33,19,247,1
2021,0022100575,2022-01-05,UTA @ DEN,Utah Jazz,UTA,115,True,0.467,0.341,0.833,44,22,7,Denver Nuggets,DEN,109,False,0.477,0.306,0.933,42,27,12,224,6
2021,0022100568,2022-01-05,ORL vs. PHI,Philadelphia 76ers,PHI,116,True,0.506,0.429,0.75,42,26,15,Orlando Magic,ORL,106,False,0.444,0.308,0.7,47,22,19,222,10
2021,0022100576,2022-01-05,POR vs. MIA,Miami Heat,MIA,115,True,0.451,0.463,0.759,50,29,11,Portland Trail Blazers,POR,109,False,0.423,0.395,0.778,36,18,5,224,6
2021,2022100053,2022-01-05,WCB vs. MCC,Motor City Cruise,MCC,112,True,0.436,0.222,0.75,56,26,12,Windy City Bulls,WCB,108,False,0.44,0.28,0.762,45,22,14,220,4
2021,2022100056,2022-01-05,BIR @ STO,Birmingham Squadron,BIR,80,False,0.378,0.171,0.545,41,20,8,Stockton Kings,STO,103,True,0.482,0.286,0.8,51,29,9,183,23
2021,2022100052,2022-01-05,CPS @ LIN,College Park Skyhawks,CPS,107,False,0.444,0.29,0.5,59,23,16,Long Island Nets,LIN,111,True,0.45,0.333,0.75,44,21,9,218,4
2021,0022100570,2022-01-05,BOS vs. SAS,San Antonio Spurs,SAS,99,True,0.477,0.385,1.0,48,20,17,Boston Celtics,BOS,97,False,0.444,0.321,0.889,41,19,8,196,2
2021,0022100567,2022-01-05,CHA vs. DET,Detroit Pistons,DET,111,False,0.467,0.333,0.55,36,26,13,Charlotte Hornets,CHA,140,True,0.593,0.571,0.69,49,39,17,251,29
2021,0022100574,2022-01-05,OKC @ MIN,Oklahoma City Thunder,OKC,90,False,0.367,0.257,0.833,52,21,17,Minnesota Timberwolves,MIN,98,True,0.4,0.273,0.7,55,23,16,188,8
2021,0022100572,2022-01-05,GSW @ DAL,Golden State Warriors,GSW,82,False,0.407,0.179,0.688,46,20,16,Dallas Mavericks,DAL,99,True,0.379,0.3,0.808,46,22,12,181,17
2021,0022100580,2022-01-06,GSW @ NOP,Golden State Warriors,GSW,96,False,0.425,0.212,0.833,43,22,14,New Orleans Pelicans,NOP,101,True,0.422,0.235,0.793,46,20,17,197,5
2021,2022100058,2022-01-06,IWA @ SXF,Iowa Wolves,IWA,109,True,0.513,0.313,0.75,50,24,19,Sioux Falls Skyforce,SXF,94,False,0.357,0.405,0.688,40,23,19,203,15
2021,0022100579,2022-01-06,MEM vs. DET,Detroit Pistons,DET,88,False,0.343,0.227,0.769,39,23,11,Memphis Grizzlies,MEM,118,True,0.49,0.313,0.632,61,31,18,206,30
2021,2022100061,2022-01-06,BIR @ STO,Birmingham Squadron,BIR,119,False,0.513,0.516,0.778,30,31,13,Stockton Kings,STO,137,True,0.58,0.643,0.909,42,37,11,256,18
2021,0022100578,2022-01-06,NYK vs. BOS,Boston Celtics,BOS,105,False,0.475,0.378,0.923,38,22,12,New York Knicks,NYK,108,True,0.444,0.5,0.667,42,23,8,213,3
2021,2022100057,2022-01-06,FWN vs. RAP,Raptors 905,RAP,103,True,0.43,0.375,0.545,58,23,21,Fort Wayne Mad Ants,FWN,94,False,0.31,0.286,0.909,49,18,14,197,9
2021,0022100581,2022-01-06,PHX vs. LAC,LA Clippers,LAC,89,False,0.36,0.214,0.84,49,20,12,Phoenix Suns,PHX,106,True,0.411,0.323,0.8,63,22,8,195,17
2021,2022100060,2022-01-06,SCW vs. OKL,Oklahoma City Blue,OKL,106,False,0.398,0.368,0.706,53,22,21,Santa Cruz Warriors,SCW,116,True,0.429,0.3,0.739,41,25,15,222,10
2021,2022100068,2022-01-07,OKL @ SCW,Oklahoma City Blue,OKL,123,False,0.441,0.227,0.65,56,29,17,Santa Cruz Warriors,SCW,127,True,0.437,0.286,0.867,54,28,17,250,4
2021,2022100063,2022-01-07,GRG vs. WES,Westchester Knicks,WES,96,False,0.382,0.325,0.938,44,20,19,Grand Rapids Gold,GRG,110,True,0.455,0.371,0.625,45,17,12,206,14
2021,0022100587,2022-01-07,OKC vs. MIN,Minnesota Timberwolves,MIN,135,True,0.556,0.415,0.72,45,39,15,Oklahoma City Thunder,OKC,105,False,0.404,0.341,0.783,45,26,19,240,30
2021,0022100589,2022-01-07,LAL vs. ATL,Atlanta Hawks,ATL,118,False,0.448,0.361,0.704,54,29,15,Los Angeles Lakers,LAL,134,True,0.495,0.415,0.895,47,37,8,252,16
2021,0022100585,2022-01-07,WAS @ CHI,Washington Wizards,WAS,122,False,0.511,0.292,0.962,41,28,15,Chicago Bulls,CHI,130,True,0.527,0.455,0.905,41,34,15,252,8
2021,0022100583,2022-01-07,BKN vs. MIL,Milwaukee Bucks,MIL,121,True,0.458,0.356,0.81,45,21,10,Brooklyn Nets,BKN,109,False,0.457,0.222,0.95,49,23,10,230,12
2021,2022100065,2022-01-07,GBO @ LIN,Greensboro Swarm,GBO,119,True,0.494,0.323,0.85,36,28,9,Long Island Nets,LIN,114,False,0.455,0.37,0.75,46,24,12,233,5
2021,0022100588,2022-01-07,SAC @ DEN,Sacramento Kings,SAC,111,False,0.435,0.379,0.833,47,21,11,Denver Nuggets,DEN,121,True,0.553,0.353,0.625,41,32,7,232,10
2021,0022100582,2022-01-07,SAS @ PHI,San Antonio Spurs,SAS,100,False,0.413,0.3,0.75,39,22,12,Philadelphia 76ers,PHI,119,True,0.517,0.348,0.778,49,28,13,219,19
2021,0022100584,2022-01-07,UTA @ TOR,Utah Jazz,UTA,108,False,0.481,0.447,0.722,40,23,21,Toronto Raptors,TOR,122,True,0.45,0.293,0.8,48,26,7,230,14
2021,2022100062,2022-01-07,CLC vs. CCG,Capital City Go-Go,CCG,106,True,0.535,0.357,0.333,53,30,13,Cleveland Charge,CLC,95,False,0.367,0.237,0.7,45,13,10,201,11
2021,0022100586,2022-01-07,DAL @ HOU,Dallas Mavericks,DAL,130,True,0.544,0.447,0.536,55,34,14,Houston Rockets,HOU,106,False,0.425,0.279,0.69,40,17,13,236,24
2021,0022100590,2022-01-07,CLE @ POR,Cleveland Cavaliers,CLE,114,True,0.488,0.436,0.655,43,22,8,Portland Trail Blazers,POR,101,False,0.402,0.457,0.579,51,22,11,215,13
2021,2022100064,2022-01-07,LAK vs. CPS,College Park Skyhawks,CPS,111,True,0.5,0.412,0.8,48,20,20,Lakeland Magic,LAK,100,False,0.447,0.324,0.692,37,23,20,211,11
2021,2022100074,2022-01-08,IWA @ BIR,Iowa Wolves,IWA,115,True,0.483,0.371,0.667,45,30,13,Birmingham Squadron,BIR,113,False,0.533,0.323,0.737,37,21,14,228,2
2021,2022100070,2022-01-08,CCG vs. MCC,Motor City Cruise,MCC,118,True,0.471,0.333,0.808,48,28,11,Capital City Go-Go,CCG,113,False,0.439,0.261,1.0,44,23,7,231,5
2021,2022100077,2022-01-08,SLC vs. SXF,Sioux Falls Skyforce,SXF,115,True,0.511,0.375,0.5,46,30,9,Salt Lake City Stars,SLC,95,False,0.453,0.342,0.636,39,23,17,210,20
2021,2022100069,2022-01-08,FWN vs. RAP,Raptors 905,RAP,114,True,0.408,0.256,0.789,63,22,11,Fort Wayne Mad Ants,FWN,99,False,0.375,0.244,0.857,41,17,13,213,15
2021,0022100594,2022-01-08,UTA @ IND,Utah Jazz,UTA,113,False,0.476,0.429,0.947,39,20,14,Indiana Pacers,IND,125,True,0.55,0.483,0.719,38,30,10,238,12
2021,0022100596,2022-01-08,MIA @ PHX,Miami Heat,MIA,123,True,0.5,0.5,0.867,49,33,14,Phoenix Suns,PHX,100,False,0.38,0.412,0.897,35,24,15,223,23
2021,2022100072,2022-01-08,CPS @ LAK,College Park Skyhawks,CPS,102,False,0.452,0.345,0.833,39,17,17,Lakeland Magic,LAK,112,True,0.494,0.429,0.867,41,25,14,214,10
2021,0022100591,2022-01-08,LAC vs. MEM,Memphis Grizzlies,MEM,123,True,0.44,0.316,0.742,56,26,9,LA Clippers,LAC,108,False,0.406,0.313,0.833,49,16,12,231,15
2021,0022100592,2022-01-08,CHA vs. MIL,Milwaukee Bucks,MIL,106,False,0.389,0.324,0.923,53,21,15,Charlotte Hornets,CHA,114,True,0.444,0.333,0.588,49,29,10,220,8
2021,2022100076,2022-01-08,RGV @ TEX,Rio Grande Valley Vipers,RGV,122,True,0.417,0.257,1.0,56,22,14,Texas Legends,TEX,105,False,0.465,0.304,0.714,38,24,17,227,17
2021,0022100593,2022-01-08,ORL @ DET,Orlando Magic,ORL,92,False,0.337,0.304,0.87,44,25,12,Detroit Pistons,DET,97,True,0.437,0.303,0.688,49,23,12,189,5
2021,2022100071,2022-01-08,GRG vs. CLC,Cleveland Charge,CLC,92,False,0.402,0.303,0.643,55,16,13,Grand Rapids Gold,GRG,99,True,0.368,0.318,0.692,50,23,5,191,7
2021,0022100595,2022-01-08,BOS vs. NYK,New York Knicks,NYK,75,False,0.367,0.355,0.4,40,13,12,Boston Celtics,BOS,99,True,0.474,0.414,0.882,45,26,10,174,24
2021,2022100079,2022-01-09,MNE vs. WIS,Wisconsin Herd,WIS,89,False,0.345,0.239,0.727,36,19,11,Maine Celtics,MNE,117,True,0.483,0.341,0.8,57,32,16,206,28
2021,0022100599,2022-01-09,NOP @ TOR,New Orleans Pelicans,NOP,101,False,0.453,0.364,0.84,35,20,13,Toronto Raptors,TOR,105,True,0.424,0.412,0.95,46,18,12,206,4
2021,2022100078,2022-01-09,GBO @ LIN,Greensboro Swarm,GBO,111,True,0.482,0.387,0.933,46,23,19,Long Island Nets,LIN,103,False,0.43,0.405,0.6,41,24,14,214,8
2021,0022100604,2022-01-09,GSW vs. CLE,Cleveland Cavaliers,CLE,82,False,0.427,0.292,0.611,42,21,18,Golden State Warriors,GSW,96,True,0.402,0.238,0.8,54,24,14,178,14
2021,2022100066,2022-01-09,WCB vs. DEL,Delaware Blue Coats,DEL,85,False,0.347,0.289,0.375,46,19,17,Windy City Bulls,WCB,123,True,0.511,0.405,0.455,56,37,15,208,38
2021,0022100597,2022-01-09,LAC vs. ATL,Atlanta Hawks,ATL,93,False,0.449,0.269,0.842,39,19,13,LA Clippers,LAC,106,True,0.478,0.364,0.857,47,24,12,199,13
2021,0022100598,2022-01-09,WAS @ ORL,Washington Wizards,WAS,102,True,0.409,0.379,0.792,54,23,12,Orlando Magic,ORL,100,False,0.4,0.321,0.938,42,18,7,202,2
2021,0022100600,2022-01-09,HOU vs. MIN,Minnesota Timberwolves,MIN,141,True,0.509,0.357,0.762,56,37,11,Houston Rockets,HOU,123,False,0.474,0.326,0.607,45,31,12,264,18
2021,2022100080,2022-01-09,OKL @ STO,Oklahoma City Blue,OKL,118,True,0.53,0.438,0.818,44,35,16,Stockton Kings,STO,100,False,0.402,0.206,0.722,44,24,16,218,18
2021,0022100602,2022-01-09,SAS @ BKN,San Antonio Spurs,SAS,119,False,0.43,0.406,0.778,44,33,15,Brooklyn Nets,BKN,121,True,0.48,0.286,0.864,55,26,21,240,2
2021,0022100601,2022-01-09,OKC vs. DEN,Denver Nuggets,DEN,99,True,0.416,0.361,0.75,53,28,15,Oklahoma City Thunder,OKC,95,False,0.432,0.237,0.833,41,29,9,194,4
2021,0022100605,2022-01-09,POR vs. SAC,Sacramento Kings,SAC,88,False,0.388,0.226,0.714,46,20,12,Portland Trail Blazers,POR,103,True,0.42,0.425,0.8,48,26,16,191,15
2021,0022100603,2022-01-09,CHI @ DAL,Chicago Bulls,CHI,99,False,0.433,0.333,0.769,39,23,7,Dallas Mavericks,DAL,113,True,0.5,0.444,1.0,48,28,9,212,14
2021,0022100606,2022-01-09,LAL vs. MEM,Memphis Grizzlies,MEM,127,True,0.547,0.367,0.688,47,33,12,Los Angeles Lakers,LAL,119,False,0.464,0.424,0.789,41,26,12,246,8
2021,0022100486,2022-01-10,POR vs. BKN,Brooklyn Nets,BKN,108,False,0.462,0.375,0.8,42,23,15,Portland Trail Blazers,POR,114,True,0.465,0.395,0.731,47,23,13,222,6
2021,2022100082,2022-01-10,MCC @ WES,Motor City Cruise,MCC,107,True,0.488,0.382,0.769,50,30,18,Westchester Knicks,WES,98,False,0.396,0.313,0.714,38,24,11,205,9
2021,0022100711,2022-01-10,PHI @ HOU,Philadelphia 76ers,PHI,111,True,0.457,0.286,0.833,47,23,14,Houston Rockets,HOU,91,False,0.39,0.31,0.667,39,18,20,202,20
2021,2022100084,2022-01-10,MHU vs. SCW,Santa Cruz Warriors,SCW,132,True,0.511,0.361,0.938,49,31,17,Memphis Hustle,MHU,130,False,0.452,0.423,0.75,37,24,12,262,2
2021,0022100609,2022-01-10,IND @ BOS,Indiana Pacers,IND,98,False,0.383,0.297,0.882,47,22,17,Boston Celtics,BOS,101,True,0.398,0.286,0.821,53,17,20,199,3
2021,2022100085,2022-01-10,SXF @ SLC,Sioux Falls Skyforce,SXF,103,True,0.474,0.361,0.917,42,25,19,Salt Lake City Stars,SLC,93,False,0.412,0.297,0.583,35,21,14,196,10
2021,2022100083,2022-01-10,LIN @ RAP,Long Island Nets,LIN,102,False,0.422,0.179,0.7,62,18,19,Raptors 905,RAP,103,True,0.36,0.325,0.455,60,25,11,205,1
2021,0022100608,2022-01-10,UTA @ DET,Utah Jazz,UTA,116,False,0.512,0.333,0.773,40,23,16,Detroit Pistons,DET,126,True,0.516,0.514,0.917,39,30,11,242,10
2021,0022100607,2022-01-10,MIL @ CHA,Milwaukee Bucks,MIL,99,False,0.44,0.302,0.75,48,25,20,Charlotte Hornets,CHA,103,True,0.396,0.295,0.875,48,23,14,202,4
2021,0022100611,2022-01-10,CLE @ SAC,Cleveland Cavaliers,CLE,109,True,0.494,0.294,0.867,48,29,16,Sacramento Kings,SAC,108,False,0.429,0.467,0.727,43,20,10,217,1
2021,0022100610,2022-01-10,SAS @ NYK,San Antonio Spurs,SAS,96,False,0.411,0.276,0.667,43,19,10,New York Knicks,NYK,111,True,0.488,0.406,0.75,49,23,15,207,15
2021,2022100087,2022-01-11,GRG @ CPS,Grand Rapids Gold,GRG,94,False,0.413,0.194,0.619,49,17,20,College Park Skyhawks,CPS,120,True,0.515,0.333,0.714,45,27,10,214,26
2021,0022100415,2022-01-11,DET @ CHI,Detroit Pistons,DET,87,False,0.337,0.171,0.778,41,17,18,Chicago Bulls,CHI,133,True,0.543,0.529,0.789,61,33,17,220,46
2021,0022100616,2022-01-11,LAC vs. DEN,Denver Nuggets,DEN,85,False,0.4,0.121,0.85,56,24,19,LA Clippers,LAC,87,True,0.405,0.294,0.75,31,23,9,172,2
2021,2022100086,2022-01-11,WCB @ CLC,Windy City Bulls,WCB,94,False,0.4,0.257,0.533,49,18,14,Cleveland Charge,CLC,103,True,0.396,0.344,0.684,57,22,15,197,9
2021,2022100089,2022-01-11,WES vs. MCC,Motor City Cruise,MCC,105,False,0.47,0.323,0.692,43,25,21,Westchester Knicks,WES,110,True,0.489,0.29,0.7,44,24,15,215,5
2021,2022100088,2022-01-11,CCG @ LAK,Capital City Go-Go,CCG,132,True,0.617,0.391,0.684,47,25,13,Lakeland Magic,LAK,95,False,0.38,0.237,0.824,34,17,15,227,37
2021,0022100614,2022-01-11,MEM vs. GSW,Golden State Warriors,GSW,108,False,0.427,0.361,0.862,45,25,16,Memphis Grizzlies,MEM,116,True,0.44,0.412,0.778,49,30,11,224,8
2021,0022100613,2022-01-11,PHX @ TOR,Phoenix Suns,PHX,99,True,0.473,0.344,0.818,39,25,20,Toronto Raptors,TOR,95,False,0.404,0.216,0.6,47,15,14,194,4
2021,0022100615,2022-01-11,MIN @ NOP,Minnesota Timberwolves,MIN,125,False,0.488,0.462,0.742,32,27,13,New Orleans Pelicans,NOP,128,True,0.553,0.485,0.757,38,33,20,253,3
2021,0022100612,2022-01-11,OKC @ WAS,Oklahoma City Thunder,OKC,118,False,0.48,0.282,0.867,41,23,5,Washington Wizards,WAS,122,True,0.54,0.333,0.739,42,29,8,240,4
2021,0022100625,2022-01-12,BKN @ CHI,Brooklyn Nets,BKN,138,True,0.563,0.531,0.821,41,35,9,Chicago Bulls,CHI,112,False,0.469,0.367,0.806,35,22,17,250,26
2021,0022100624,2022-01-12,UTA vs. CLE,Cleveland Cavaliers,CLE,111,True,0.531,0.367,0.824,50,28,13,Utah Jazz,UTA,91,False,0.4,0.34,0.636,32,11,7,202,20
2021,0022100622,2022-01-12,NYK vs. DAL,Dallas Mavericks,DAL,85,False,0.41,0.216,0.684,39,16,13,New York Knicks,NYK,108,True,0.467,0.444,0.8,54,24,9,193,23
2021,2022100090,2022-01-12,LIN vs. WIS,Wisconsin Herd,WIS,104,False,0.402,0.25,0.9,50,23,16,Long Island Nets,LIN,133,True,0.505,0.396,0.667,56,31,13,237,29
2021,0022100621,2022-01-12,ATL vs. MIA,Miami Heat,MIA,115,True,0.478,0.356,0.929,54,28,14,Atlanta Hawks,ATL,91,False,0.378,0.289,0.696,37,20,14,206,24
2021,2022100091,2022-01-12,SXF @ ACC,Sioux Falls Skyforce,SXF,95,False,0.412,0.394,0.636,40,23,16,Agua Caliente Clippers,ACC,96,True,0.449,0.385,0.706,44,18,21,191,1
2021,0022100626,2022-01-12,LAL @ SAC,Los Angeles Lakers,LAL,116,False,0.429,0.34,0.667,45,25,9,Sacramento Kings,SAC,125,True,0.551,0.367,0.842,45,28,12,241,9
2021,0022100620,2022-01-12,ORL @ WAS,Orlando Magic,ORL,106,False,0.414,0.314,0.813,49,31,9,Washington Wizards,WAS,112,True,0.524,0.323,0.762,42,26,10,218,6
2021,0022100619,2022-01-12,CHA @ PHI,Charlotte Hornets,CHA,109,True,0.517,0.294,0.875,42,29,10,Philadelphia 76ers,PHI,98,False,0.466,0.4,0.643,33,18,16,207,11
2021,0022100618,2022-01-12,IND vs. BOS,Boston Celtics,BOS,119,True,0.513,0.474,0.84,37,23,11,Indiana Pacers,IND,100,False,0.465,0.194,0.65,37,27,11,219,19
2021,0022100623,2022-01-12,HOU @ SAS,Houston Rockets,HOU,128,True,0.549,0.444,0.688,48,23,14,San Antonio Spurs,SAS,124,False,0.434,0.37,0.778,43,27,9,252,4
2021,0022100631,2022-01-13,DEN vs. POR,Portland Trail Blazers,POR,108,False,0.453,0.325,0.607,34,28,15,Denver Nuggets,DEN,140,True,0.627,0.5,0.75,40,35,15,248,32
2021,2022100092,2022-01-13,CCG vs. RAP,Raptors 905,RAP,104,False,0.448,0.313,0.769,43,17,14,Capital City Go-Go,CCG,113,True,0.482,0.4,0.706,47,28,16,217,9
2021,0022100627,2022-01-13,MIL vs. GSW,Golden State Warriors,GSW,99,False,0.347,0.333,0.708,49,20,15,Milwaukee Bucks,MIL,118,True,0.512,0.439,0.667,54,29,16,217,19
2021,2022100094,2022-01-13,MHU @ IWA,Memphis Hustle,MHU,102,False,0.411,0.371,0.667,41,25,12,Iowa Wolves,IWA,117,True,0.544,0.436,0.833,47,26,21,219,15
2021,0022100629,2022-01-13,LAC @ NOP,LA Clippers,LAC,89,False,0.383,0.294,0.85,46,19,15,New Orleans Pelicans,NOP,113,True,0.443,0.359,0.813,57,23,6,202,24
2021,2022100095,2022-01-13,SBL vs. RGV,Rio Grande Valley Vipers,RGV,121,False,0.449,0.179,0.762,52,29,19,South Bay Lakers,SBL,130,True,0.462,0.345,0.8,49,27,16,251,9
2021,0022100628,2022-01-13,MIN @ MEM,Minnesota Timberwolves,MIN,108,False,0.427,0.313,0.786,46,23,15,Memphis Grizzlies,MEM,116,True,0.457,0.25,0.686,56,22,13,224,8
2021,2022100093,2022-01-13,DEL @ MNE,Delaware Blue Coats,DEL,111,True,0.408,0.382,0.667,43,25,6,Maine Celtics,MNE,107,False,0.478,0.349,0.8,55,33,16,218,4
2021,0022100630,2022-01-13,BKN vs. OKC,Oklahoma City Thunder,OKC,130,True,0.516,0.444,0.889,38,32,10,Brooklyn Nets,BKN,109,False,0.418,0.219,0.909,50,16,12,239,21
2021,0022100638,2022-01-14,CLE @ SAS,Cleveland Cavaliers,CLE,114,True,0.484,0.4,0.583,46,24,9,San Antonio Spurs,SAS,109,False,0.457,0.441,0.769,47,22,15,223,5
2021,0022100640,2022-01-14,HOU @ SAC,Houston Rockets,HOU,114,False,0.436,0.302,0.813,50,25,16,Sacramento Kings,SAC,126,True,0.5,0.351,0.708,53,33,14,240,12
2021,2022100099,2022-01-14,SCW @ TEX,Santa Cruz Warriors,SCW,121,False,0.455,0.404,0.833,43,35,9,Texas Legends,TEX,126,True,0.495,0.394,0.786,56,28,12,247,5
2021,2022100098,2022-01-14,AUS @ OKL,Austin Spurs,AUS,108,False,0.422,0.375,0.611,49,21,20,Oklahoma City Blue,OKL,126,True,0.495,0.607,0.688,43,31,16,234,18
2021,0022100635,2022-01-14,PHI vs. BOS,Boston Celtics,BOS,99,False,0.474,0.355,0.778,44,20,20,Philadelphia 76ers,PHI,111,True,0.447,0.341,0.84,40,26,9,210,12
2021,0022100639,2022-01-14,DAL @ MEM,Dallas Mavericks,DAL,112,True,0.516,0.25,0.625,52,30,13,Memphis Grizzlies,MEM,85,False,0.382,0.226,0.769,41,19,14,197,27
2021,0022100634,2022-01-14,IND vs. PHX,Phoenix Suns,PHX,112,True,0.455,0.393,0.913,51,24,14,Indiana Pacers,IND,94,False,0.386,0.302,0.722,42,20,12,206,18
2021,0022100637,2022-01-14,GSW @ CHI,Golden State Warriors,GSW,138,True,0.564,0.452,0.765,47,39,7,Chicago Bulls,CHI,96,False,0.425,0.263,0.667,36,26,14,234,42
2021,2022100096,2022-01-14,CPS @ GBO,College Park Skyhawks,CPS,124,True,0.534,0.423,0.824,36,32,13,Greensboro Swarm,GBO,111,False,0.532,0.278,0.706,30,28,17,235,13
2021,0022100633,2022-01-14,TOR @ DET,Toronto Raptors,TOR,87,False,0.322,0.289,0.769,46,18,11,Detroit Pistons,DET,103,True,0.469,0.296,0.826,43,22,8,190,16
2021,2022100097,2022-01-14,WIS @ LIN,Wisconsin Herd,WIS,133,True,0.543,0.385,0.643,55,24,18,Long Island Nets,LIN,112,False,0.419,0.306,0.786,40,22,14,245,21
2021,0022100636,2022-01-14,MIA vs. ATL,Atlanta Hawks,ATL,118,False,0.481,0.421,0.867,34,26,15,Miami Heat,MIA,124,True,0.532,0.467,0.933,37,30,15,242,6
2021,2022100100,2022-01-14,SBL @ SLC,South Bay Lakers,SBL,125,False,0.49,0.344,0.875,47,31,16,Salt Lake City Stars,SLC,135,True,0.545,0.517,0.727,46,27,14,260,10
2021,0022100632,2022-01-14,ORL @ CHA,Orlando Magic,ORL,116,True,0.517,0.333,0.733,43,32,19,Charlotte Hornets,CHA,109,False,0.412,0.286,0.81,44,28,16,225,7
2021,2022100101,2022-01-14,ACC @ STO,Agua Caliente Clippers,ACC,106,True,0.427,0.342,0.7,60,27,12,Stockton Kings,STO,91,False,0.368,0.313,0.714,44,22,10,197,15
2021,0022100641,2022-01-15,TOR @ MIL,Toronto Raptors,TOR,103,True,0.44,0.343,0.55,50,25,14,Milwaukee Bucks,MIL,96,False,0.338,0.308,0.914,41,19,13,199,7
2021,0022100650,2022-01-15,DAL vs. ORL,Orlando Magic,ORL,92,False,0.481,0.269,0.688,37,16,15,Dallas Mavericks,DAL,108,True,0.41,0.353,0.842,47,16,9,200,16
2021,0022100644,2022-01-15,NOP @ BKN,New Orleans Pelicans,NOP,105,False,0.46,0.29,0.667,35,27,11,Brooklyn Nets,BKN,120,True,0.548,0.444,0.941,44,30,14,225,15
2021,2022100107,2022-01-15,TEX vs. SCW,Santa Cruz Warriors,SCW,132,False,0.533,0.371,0.667,39,37,12,Texas Legends,TEX,136,True,0.505,0.4,0.815,45,27,11,268,4
2021,2022100106,2022-01-15,SXF vs. MHU,Memphis Hustle,MHU,113,True,0.468,0.355,0.889,42,21,16,Sioux Falls Skyforce,SXF,105,False,0.409,0.257,0.737,45,22,18,218,8
2021,0022100649,2022-01-15,DEN vs. LAL,Los Angeles Lakers,LAL,96,False,0.439,0.333,0.737,41,21,10,Denver Nuggets,DEN,133,True,0.516,0.575,0.941,51,35,6,229,37
2021,0022100645,2022-01-15,PHI @ MIA,Philadelphia 76ers,PHI,109,True,0.506,0.406,0.762,43,24,15,Miami Heat,MIA,98,False,0.384,0.257,0.767,43,24,10,207,11
2021,0022100647,2022-01-15,CHI @ BOS,Chicago Bulls,CHI,112,False,0.506,0.414,0.8,32,31,6,Boston Celtics,BOS,114,True,0.489,0.346,0.895,50,27,11,226,2
2021,2022100105,2022-01-15,GBO vs. CCG,Capital City Go-Go,CCG,116,True,0.489,0.31,0.647,43,29,12,Greensboro Swarm,GBO,109,False,0.5,0.379,0.75,46,23,22,225,7
2021,2022100102,2022-01-15,MNE vs. CLC,Cleveland Charge,CLC,86,False,0.357,0.303,1.0,41,18,18,Maine Celtics,MNE,98,True,0.442,0.422,0.875,50,27,23,184,12
2021,0022100642,2022-01-15,WAS vs. POR,Portland Trail Blazers,POR,115,True,0.459,0.333,0.686,39,19,12,Washington Wizards,WAS,110,False,0.433,0.324,0.87,43,20,20,225,5
2021,2022100108,2022-01-15,RGV @ ACC,Rio Grande Valley Vipers,RGV,115,False,0.389,0.35,0.643,49,27,19,Agua Caliente Clippers,ACC,117,True,0.446,0.296,0.952,52,20,30,232,2
2021,0022100643,2022-01-15,ATL vs. NYK,New York Knicks,NYK,117,True,0.506,0.419,0.769,44,24,8,Atlanta Hawks,ATL,108,False,0.5,0.364,0.706,31,23,9,225,9
2021,0022100648,2022-01-15,SAS vs. LAC,LA Clippers,LAC,94,False,0.38,0.316,0.75,54,24,14,San Antonio Spurs,SAS,101,True,0.41,0.297,0.815,54,19,14,195,7
2021,2022100103,2022-01-15,LAK @ RAP,Lakeland Magic,LAK,82,False,0.316,0.172,0.875,49,16,14,Raptors 905,RAP,88,True,0.375,0.344,0.846,46,19,12,170,6
2021,2022100104,2022-01-15,FWN vs. WES,Westchester Knicks,WES,104,False,0.427,0.324,0.778,46,25,24,Fort Wayne Mad Ants,FWN,132,True,0.528,0.447,0.667,48,30,15,236,28
2021,0022100646,2022-01-15,CLE @ OKC,Cleveland Cavaliers,CLE,107,True,0.46,0.257,0.72,37,28,7,Oklahoma City Thunder,OKC,102,False,0.434,0.37,0.909,51,17,15,209,5
2021,2022100114,2022-01-16,IWA @ SBL,Iowa Wolves,IWA,113,True,0.414,0.343,0.625,61,28,17,South Bay Lakers,SBL,99,False,0.404,0.143,0.636,52,25,15,212,14
2021,2022100115,2022-01-16,RAP vs. LAK,Lakeland Magic,LAK,99,False,0.405,0.323,0.895,41,20,21,Raptors 905,RAP,111,True,0.432,0.462,0.8,42,27,22,210,12
2021,0022100653,2022-01-16,UTA @ DEN,Utah Jazz,UTA,125,True,0.524,0.385,0.759,51,26,9,Denver Nuggets,DEN,102,False,0.442,0.256,0.875,39,32,9,227,23
2021,2022100112,2022-01-16,BIR vs. SLC,Salt Lake City Stars,SLC,110,False,0.523,0.2,0.769,38,23,11,Birmingham Squadron,BIR,123,True,0.473,0.44,1.0,47,32,15,233,13
2021,2022100113,2022-01-16,WCB vs. WIS,Wisconsin Herd,WIS,113,True,0.471,0.2,0.593,49,26,11,Windy City Bulls,WCB,109,False,0.483,0.235,1.0,41,26,14,222,4
2021,0022100617,2022-01-16,DET vs. PHX,Phoenix Suns,PHX,135,True,0.586,0.407,0.733,51,30,14,Detroit Pistons,DET,108,False,0.463,0.36,0.676,32,25,9,243,27
2021,0022100651,2022-01-16,HOU @ SAC,Houston Rockets,HOU,118,True,0.539,0.4,0.833,47,22,22,Sacramento Kings,SAC,112,False,0.451,0.316,0.75,37,26,12,230,6
2021,2022100111,2022-01-16,SXF vs. MHU,Memphis Hustle,MHU,107,True,0.413,0.297,0.882,47,29,12,Sioux Falls Skyforce,SXF,99,False,0.47,0.242,0.636,44,20,18,206,8
2021,2022100109,2022-01-16,GRG @ DEL,Grand Rapids Gold,GRG,111,False,0.427,0.267,0.867,56,25,26,Delaware Blue Coats,DEL,115,True,0.449,0.432,0.722,34,31,13,226,4
2021,2022100110,2022-01-16,MCC vs. CPS,College Park Skyhawks,CPS,114,False,0.474,0.273,0.643,42,26,9,Motor City Cruise,MCC,133,True,0.544,0.457,0.818,48,29,13,247,19
2021,0022100652,2022-01-16,GSW @ MIN,Golden State Warriors,GSW,99,False,0.39,0.31,0.759,47,20,15,Minnesota Timberwolves,MIN,119,True,0.495,0.372,0.65,47,30,15,218,20
2021,2022100117,2022-01-17,CCG @ GBO,Capital City Go-Go,CCG,94,False,0.452,0.267,0.8,42,28,19,Greensboro Swarm,GBO,108,True,0.494,0.385,0.833,30,27,12,202,14
2021,0022100658,2022-01-17,MEM vs. CHI,Chicago Bulls,CHI,106,False,0.435,0.419,0.867,43,24,18,Memphis Grizzlies,MEM,119,True,0.511,0.4,0.75,48,29,17,225,13
2021,0022100662,2022-01-17,TOR @ MIA,Toronto Raptors,TOR,99,False,0.411,0.361,0.706,45,24,11,Miami Heat,MIA,104,True,0.458,0.375,0.864,49,20,12,203,5
2021,0022100657,2022-01-17,CLE vs. BKN,Brooklyn Nets,BKN,107,False,0.494,0.4,0.722,35,27,14,Cleveland Cavaliers,CLE,114,True,0.519,0.344,0.905,40,26,15,221,7
2021,0022100660,2022-01-17,MIL @ ATL,Milwaukee Bucks,MIL,114,False,0.443,0.421,0.833,42,21,13,Atlanta Hawks,ATL,121,True,0.442,0.417,0.938,46,25,13,235,7
2021,0022100664,2022-01-17,PHX @ SAS,Phoenix Suns,PHX,121,True,0.516,0.281,0.7,45,29,5,San Antonio Spurs,SAS,107,False,0.446,0.3,0.727,47,21,12,228,14
2021,2022100120,2022-01-17,STO @ SCW,Stockton Kings,STO,91,False,0.423,0.273,0.667,36,25,17,Santa Cruz Warriors,SCW,124,True,0.536,0.452,0.909,42,39,14,215,33
2021,0022100655,2022-01-17,CHA @ NYK,Charlotte Hornets,CHA,97,True,0.419,0.359,0.647,39,23,7,New York Knicks,NYK,87,False,0.4,0.353,0.524,53,22,15,184,10
2021,0022100656,2022-01-17,WAS vs. PHI,Philadelphia 76ers,PHI,98,False,0.407,0.269,0.84,42,19,12,Washington Wizards,WAS,117,True,0.483,0.3,0.75,49,25,12,215,19
2021,0022100663,2022-01-17,DAL vs. OKC,Oklahoma City Thunder,OKC,102,False,0.434,0.314,0.792,42,20,13,Dallas Mavericks,DAL,104,True,0.398,0.324,0.786,47,28,11,206,2
2021,2022100116,2022-01-17,DEL vs. GRG,Grand Rapids Gold,GRG,118,False,0.455,0.366,0.714,59,25,20,Delaware Blue Coats,DEL,125,True,0.485,0.326,0.579,47,29,14,243,7
2021,2022100121,2022-01-17,AUS vs. RGV,Rio Grande Valley Vipers,RGV,124,False,0.453,0.333,0.714,47,18,24,Austin Spurs,AUS,127,True,0.489,0.292,0.692,54,19,24,251,3
2021,0022100659,2022-01-17,IND @ LAC,Indiana Pacers,IND,133,False,0.515,0.394,0.87,41,30,12,LA Clippers,LAC,139,True,0.549,0.5,0.861,37,32,11,272,6
2021,2022100118,2022-01-17,LIN vs. MNE,Maine Celtics,MNE,108,False,0.47,0.302,0.786,40,30,17,Long Island Nets,LIN,118,True,0.455,0.488,0.692,49,21,20,226,10
2021,2022100119,2022-01-17,TEX vs. OKL,Oklahoma City Blue,OKL,94,False,0.415,0.258,0.647,46,19,20,Texas Legends,TEX,117,True,0.46,0.439,0.833,48,26,13,211,23
2021,0022100661,2022-01-17,ORL vs. POR,Portland Trail Blazers,POR,98,True,0.411,0.206,0.944,55,20,17,Orlando Magic,ORL,88,False,0.378,0.25,0.6,50,21,16,186,10
2021,0022100654,2022-01-17,NOP @ BOS,New Orleans Pelicans,NOP,92,False,0.414,0.3,0.611,41,23,11,Boston Celtics,BOS,104,True,0.475,0.313,0.9,47,22,14,196,12
2021,0022100665,2022-01-17,UTA @ LAL,Utah Jazz,UTA,95,False,0.373,0.261,0.875,44,21,15,Los Angeles Lakers,LAL,101,True,0.442,0.297,0.609,45,15,12,196,6
2021,2022100124,2022-01-18,WCB vs. RAP,Raptors 905,RAP,114,False,0.416,0.286,0.87,36,24,16,Windy City Bulls,WCB,125,True,0.556,0.6,0.781,46,21,28,239,11
2021,2022100125,2022-01-18,IWA @ ACC,Iowa Wolves,IWA,92,False,0.354,0.282,0.563,54,24,12,Agua Caliente Clippers,ACC,113,True,0.43,0.378,0.75,61,23,8,205,21
2021,2022100122,2022-01-18,MCC vs. CPS,College Park Skyhawks,CPS,113,False,0.473,0.316,0.75,33,26,12,Motor City Cruise,MCC,123,True,0.558,0.32,0.684,47,28,19,236,10
2021,2022100123,2022-01-18,SXF vs. SBL,South Bay Lakers,SBL,117,True,0.518,0.208,0.762,50,20,21,Sioux Falls Skyforce,SXF,113,False,0.432,0.308,0.75,38,19,17,230,4
2021,0022100666,2022-01-18,MIN @ NYK,Minnesota Timberwolves,MIN,112,True,0.432,0.317,0.763,38,21,12,New York Knicks,NYK,110,False,0.463,0.316,0.727,44,21,18,222,2
2021,0022100667,2022-01-18,GSW vs. DET,Detroit Pistons,DET,86,False,0.353,0.265,0.708,50,18,16,Golden State Warriors,GSW,102,True,0.41,0.333,0.741,54,26,13,188,16
2021,2022100055,2022-01-18,SLC vs. MHU,Memphis Hustle,MHU,106,False,0.438,0.357,0.563,38,31,14,Salt Lake City Stars,SLC,117,True,0.518,0.447,1.0,50,31,22,223,11
2021,0022100674,2022-01-19,MEM @ MIL,Memphis Grizzlies,MEM,114,False,0.415,0.225,0.68,47,26,9,Milwaukee Bucks,MIL,126,True,0.474,0.351,0.955,56,29,15,240,12
2021,2022100067,2022-01-19,SLC vs. MHU,Memphis Hustle,MHU,98,False,0.438,0.242,0.5,50,24,15,Salt Lake City Stars,SLC,120,True,0.444,0.375,0.9,52,26,8,218,22
2021,2022100127,2022-01-19,LIN vs. FWN,Fort Wayne Mad Ants,FWN,125,True,0.465,0.297,0.882,44,24,10,Long Island Nets,LIN,115,False,0.489,0.353,0.538,55,22,21,240,10
2021,0022100679,2022-01-19,DET @ SAC,Detroit Pistons,DET,133,True,0.505,0.417,0.867,41,27,8,Sacramento Kings,SAC,131,False,0.524,0.444,0.705,35,22,7,264,2
2021,0022100676,2022-01-19,OKC @ SAS,Oklahoma City Thunder,OKC,96,False,0.388,0.258,0.8,46,20,14,San Antonio Spurs,SAS,118,True,0.49,0.375,0.643,50,32,9,214,22
2021,0022100680,2022-01-19,IND @ LAL,Indiana Pacers,IND,111,True,0.489,0.367,0.8,48,28,12,Los Angeles Lakers,LAL,104,False,0.444,0.324,0.722,40,23,11,215,7
2021,0022100678,2022-01-19,DEN vs. LAC,LA Clippers,LAC,128,False,0.536,0.385,0.75,47,35,12,Denver Nuggets,DEN,130,True,0.49,0.342,0.84,44,32,12,258,2
2021,0022100668,2022-01-19,ORL @ PHI,Orlando Magic,ORL,110,False,0.444,0.514,0.75,43,26,11,Philadelphia 76ers,PHI,123,True,0.542,0.357,0.852,44,21,9,233,13
2021,0022100670,2022-01-19,MIN @ ATL,Minnesota Timberwolves,MIN,122,False,0.433,0.37,0.724,45,21,13,Atlanta Hawks,ATL,134,True,0.523,0.395,0.879,39,34,11,256,12
2021,2022100130,2022-01-19,RGV vs. AUS,Austin Spurs,AUS,100,False,0.382,0.276,0.75,50,15,31,Rio Grande Valley Vipers,RGV,112,True,0.482,0.4,0.588,44,24,23,212,12
2021,0022100673,2022-01-19,CHI vs. CLE,Cleveland Cavaliers,CLE,104,False,0.519,0.333,0.682,38,27,14,Chicago Bulls,CHI,117,True,0.547,0.455,0.722,37,25,9,221,13
2021,0022100675,2022-01-19,TOR @ DAL,Toronto Raptors,TOR,98,False,0.385,0.25,0.8,44,17,12,Dallas Mavericks,DAL,102,True,0.487,0.273,0.95,45,23,16,200,4
2021,0022100677,2022-01-19,UTA vs. HOU,Houston Rockets,HOU,116,True,0.427,0.489,0.706,44,24,8,Utah Jazz,UTA,111,False,0.472,0.263,0.85,49,26,9,227,5
2021,0022100671,2022-01-19,BOS vs. CHA,Charlotte Hornets,CHA,111,True,0.488,0.41,0.733,47,27,15,Boston Celtics,BOS,102,False,0.433,0.304,0.769,38,27,14,213,9
2021,0022100672,2022-01-19,MIA vs. POR,Portland Trail Blazers,POR,92,False,0.407,0.304,0.75,43,19,16,Miami Heat,MIA,104,True,0.463,0.343,0.72,43,24,14,196,12
2021,2022100126,2022-01-19,WIS vs. LAK,Lakeland Magic,LAK,103,False,0.448,0.366,0.625,41,24,14,Wisconsin Herd,WIS,104,True,0.432,0.281,0.65,47,21,11,207,1
2021,0022100669,2022-01-19,WAS vs. BKN,Brooklyn Nets,BKN,119,True,0.528,0.32,0.85,36,23,12,Washington Wizards,WAS,118,False,0.477,0.345,0.813,40,23,12,237,1
2021,2022100128,2022-01-19,MNE @ WES,Maine Celtics,MNE,99,False,0.44,0.341,0.667,38,28,22,Westchester Knicks,WES,126,True,0.484,0.511,0.75,44,32,15,225,27
2021,2022100129,2022-01-19,TEX @ OKL,Texas Legends,TEX,103,False,0.38,0.333,0.684,45,22,15,Oklahoma City Blue,OKL,113,True,0.5,0.292,0.8,47,29,18,216,10
2021,2022100131,2022-01-20,MCC @ GRG,Motor City Cruise,MCC,113,True,0.5,0.281,0.813,41,19,8,Grand Rapids Gold,GRG,98,False,0.448,0.273,0.667,38,27,6,211,15
2021,0022100682,2022-01-20,PHX @ DAL,Phoenix Suns,PHX,109,True,0.453,0.222,0.92,40,25,7,Dallas Mavericks,DAL,101,False,0.435,0.297,0.8,50,19,19,210,8
2021,2022100135,2022-01-20,LAK @ WIS,Lakeland Magic,LAK,110,True,0.512,0.343,0.583,40,27,14,Wisconsin Herd,WIS,109,False,0.452,0.324,0.647,45,25,16,219,1
2021,2022100134,2022-01-20,RAP vs. CLC,Cleveland Charge,CLC,114,False,0.457,0.282,0.833,37,28,14,Raptors 905,RAP,116,True,0.494,0.323,0.722,56,21,24,230,2
2021,2022100133,2022-01-20,MNE vs. WCB,Windy City Bulls,WCB,97,False,0.434,0.324,0.5,43,25,19,Maine Celtics,MNE,111,True,0.443,0.341,0.588,53,25,21,208,14
2021,0022100683,2022-01-20,IND @ GSW,Indiana Pacers,IND,121,True,0.432,0.429,0.706,48,23,14,Golden State Warriors,GSW,117,False,0.447,0.214,0.828,53,28,21,238,4
2021,2022100132,2022-01-20,LIN vs. FWN,Fort Wayne Mad Ants,FWN,112,False,0.406,0.395,0.846,49,25,14,Long Island Nets,LIN,115,True,0.442,0.308,0.625,52,26,13,227,3
2021,2022100136,2022-01-20,SCW vs. ACC,Agua Caliente Clippers,ACC,115,True,0.478,0.333,0.75,57,27,16,Santa Cruz Warriors,SCW,101,False,0.413,0.261,0.727,41,27,12,216,14
2021,0022100681,2022-01-20,NYK vs. NOP,New Orleans Pelicans,NOP,102,True,0.5,0.393,0.682,35,27,12,New York Knicks,NYK,91,False,0.377,0.237,0.667,48,21,15,193,11
2021,2022100137,2022-01-20,STO vs. SXF,Sioux Falls Skyforce,SXF,107,False,0.512,0.222,0.583,28,24,18,Stockton Kings,STO,117,True,0.573,0.389,0.625,49,37,24,224,10
2021,2022100138,2022-01-21,SBL @ BIR,South Bay Lakers,SBL,123,True,0.512,0.333,0.857,48,30,13,Birmingham Squadron,BIR,109,False,0.465,0.351,0.692,38,26,12,232,14
2021,0022100692,2022-01-21,DEN vs. MEM,Memphis Grizzlies,MEM,122,True,0.524,0.44,0.625,48,19,15,Denver Nuggets,DEN,118,False,0.473,0.406,0.826,37,34,13,240,4
2021,0022100684,2022-01-21,OKC @ CHA,Oklahoma City Thunder,OKC,98,False,0.378,0.273,0.8,52,20,11,Charlotte Hornets,CHA,121,True,0.455,0.347,0.7,62,34,12,219,23
2021,0022100685,2022-01-21,LAL @ ORL,Los Angeles Lakers,LAL,116,True,0.494,0.433,0.826,45,23,18,Orlando Magic,ORL,105,False,0.444,0.275,0.759,35,23,17,221,11
2021,0022100688,2022-01-21,POR @ BOS,Portland Trail Blazers,POR,109,True,0.474,0.485,0.7,42,20,13,Boston Celtics,BOS,105,False,0.451,0.297,0.87,42,25,11,214,4
2021,0022100690,2022-01-21,MIL vs. CHI,Chicago Bulls,CHI,90,False,0.365,0.184,0.875,49,21,8,Milwaukee Bucks,MIL,94,True,0.386,0.194,0.714,53,20,8,184,4
2021,2022100141,2022-01-21,RGV vs. SLC,Salt Lake City Stars,SLC,93,False,0.382,0.286,0.625,41,22,26,Rio Grande Valley Vipers,RGV,130,True,0.511,0.333,0.867,54,30,20,223,37
2021,0022100691,2022-01-21,BKN @ SAS,Brooklyn Nets,BKN,117,True,0.48,0.36,1.0,53,24,7,San Antonio Spurs,SAS,102,False,0.389,0.276,0.833,49,24,6,219,15
2021,0022100693,2022-01-21,UTA vs. DET,Detroit Pistons,DET,101,False,0.437,0.406,0.75,40,22,10,Utah Jazz,UTA,111,True,0.456,0.323,0.853,44,22,10,212,10
2021,2022100140,2022-01-21,AUS vs. MHU,Memphis Hustle,MHU,107,False,0.387,0.265,0.882,46,21,14,Austin Spurs,AUS,114,True,0.505,0.333,0.636,51,28,17,221,7
2021,0022100689,2022-01-21,TOR @ WAS,Toronto Raptors,TOR,109,True,0.467,0.367,0.824,40,20,8,Washington Wizards,WAS,105,False,0.506,0.333,0.8,45,29,17,214,4
2021,0022100687,2022-01-21,MIA @ ATL,Miami Heat,MIA,108,False,0.482,0.375,0.917,33,30,15,Atlanta Hawks,ATL,110,True,0.559,0.424,0.833,36,26,16,218,2
2021,0022100694,2022-01-21,HOU @ GSW,Houston Rockets,HOU,103,False,0.427,0.286,0.85,39,25,12,Golden State Warriors,GSW,105,True,0.481,0.333,0.773,41,25,17,208,2
2021,2022100139,2022-01-21,TEX @ OKL,Texas Legends,TEX,110,True,0.385,0.219,1.0,62,20,21,Oklahoma City Blue,OKL,107,False,0.471,0.233,0.706,45,23,23,217,3
2021,0022100686,2022-01-21,PHI vs. LAC,LA Clippers,LAC,102,True,0.46,0.344,0.733,49,21,10,Philadelphia 76ers,PHI,101,False,0.418,0.357,0.714,44,23,7,203,1
2021,0022100695,2022-01-22,OKC @ CLE,Oklahoma City Thunder,OKC,87,False,0.388,0.293,0.563,41,16,15,Cleveland Cavaliers,CLE,94,True,0.461,0.222,0.514,54,22,22,181,7
2021,2022100143,2022-01-22,WCB @ CCG,Windy City Bulls,WCB,108,False,0.439,0.16,0.87,40,23,16,Capital City Go-Go,CCG,111,True,0.5,0.182,0.621,45,27,16,219,3
2021,2022100144,2022-01-22,GRG vs. FWN,Fort Wayne Mad Ants,FWN,122,False,0.435,0.367,0.75,34,27,8,Grand Rapids Gold,GRG,124,True,0.463,0.294,0.862,49,23,17,246,2
2021,0022100697,2022-01-22,PHX vs. IND,Indiana Pacers,IND,103,False,0.44,0.345,0.704,44,19,17,Phoenix Suns,PHX,113,True,0.49,0.28,0.857,51,34,11,216,10
2021,2022100145,2022-01-22,DEL @ GBO,Delaware Blue Coats,DEL,118,True,0.484,0.35,0.833,44,31,15,Greensboro Swarm,GBO,109,False,0.458,0.367,0.857,40,21,21,227,9
2021,2022100142,2022-01-22,RAP vs. CLC,Cleveland Charge,CLC,102,False,0.474,0.379,0.529,38,16,11,Raptors 905,RAP,119,True,0.527,0.281,0.667,50,28,12,221,17
2021,2022100147,2022-01-22,MCC vs. LAK,Lakeland Magic,LAK,100,False,0.4,0.313,1.0,41,20,9,Motor City Cruise,MCC,113,True,0.441,0.436,0.667,59,22,15,213,13
2021,2022100146,2022-01-22,MNE vs. WES,Westchester Knicks,WES,117,False,0.538,0.378,0.786,27,22,9,Maine Celtics,MNE,142,True,0.533,0.5,0.833,51,41,10,259,25
2021,0022100696,2022-01-22,MIL vs. SAC,Sacramento Kings,SAC,127,False,0.526,0.405,0.625,48,29,14,Milwaukee Bucks,MIL,133,True,0.495,0.5,0.88,43,19,7,260,6
2021,2022100148,2022-01-22,OKL vs. SCW,Santa Cruz Warriors,SCW,113,False,0.393,0.295,1.0,60,25,17,Oklahoma City Blue,OKL,117,True,0.494,0.422,0.706,40,29,17,230,4
2021,2022100149,2022-01-22,RGV vs. SLC,Salt Lake City Stars,SLC,122,False,0.5,0.333,0.647,42,25,15,Rio Grande Valley Vipers,RGV,146,True,0.561,0.535,0.6,46,30,13,268,24
2021,0022100701,2022-01-23,CHI @ ORL,Chicago Bulls,CHI,95,False,0.434,0.238,0.75,44,10,21,Orlando Magic,ORL,114,True,0.525,0.462,0.783,35,31,12,209,19
2021,0022100705,2022-01-23,MEM @ DAL,Memphis Grizzlies,MEM,91,False,0.374,0.167,0.684,50,20,15,Dallas Mavericks,DAL,104,True,0.486,0.3,0.742,42,22,15,195,13
2021,2022100150,2022-01-23,SXF @ STO,Sioux Falls Skyforce,SXF,75,False,0.35,0.071,0.667,39,22,15,Stockton Kings,STO,91,True,0.453,0.278,0.583,52,20,19,166,16
2021,0022100699,2022-01-23,WAS vs. BOS,Boston Celtics,BOS,116,True,0.444,0.487,0.81,57,26,13,Washington Wizards,WAS,87,False,0.355,0.235,0.813,44,20,6,203,29
2021,0022100702,2022-01-23,TOR vs. POR,Portland Trail Blazers,POR,114,True,0.529,0.563,0.462,47,31,22,Toronto Raptors,TOR,105,False,0.398,0.333,0.643,43,28,15,219,9
2021,0022100700,2022-01-23,LAL @ MIA,Los Angeles Lakers,LAL,107,False,0.456,0.275,0.8,38,20,17,Miami Heat,MIA,113,True,0.494,0.455,0.9,39,31,15,220,6
2021,0022100698,2022-01-23,NYK vs. LAC,LA Clippers,LAC,102,False,0.43,0.341,0.667,40,20,12,New York Knicks,NYK,110,True,0.429,0.444,0.842,52,26,12,212,8
2021,2022100153,2022-01-23,BIR vs. AUS,Austin Spurs,AUS,106,False,0.4,0.353,0.571,62,24,19,Birmingham Squadron,BIR,113,True,0.436,0.389,0.737,51,26,14,219,7
2021,0022100703,2022-01-23,ATL @ CHA,Atlanta Hawks,ATL,113,True,0.455,0.385,0.75,45,25,10,Charlotte Hornets,CHA,91,False,0.391,0.111,0.704,54,23,16,204,22
2021,0022100704,2022-01-23,PHI @ SAS,Philadelphia 76ers,PHI,115,True,0.478,0.438,0.87,47,22,10,San Antonio Spurs,SAS,109,False,0.472,0.333,0.682,43,30,8,224,6
2021,2022100151,2022-01-23,CPS @ WIS,College Park Skyhawks,CPS,107,False,0.394,0.16,0.714,45,27,9,Wisconsin Herd,WIS,117,True,0.458,0.226,0.778,61,20,19,224,10
2021,2022100152,2022-01-23,TEX @ IWA,Texas Legends,TEX,85,False,0.353,0.194,0.579,39,17,14,Iowa Wolves,IWA,111,True,0.523,0.346,0.7,59,24,19,196,26
2021,0022100706,2022-01-23,MIN vs. BKN,Brooklyn Nets,BKN,125,False,0.505,0.395,0.933,48,27,17,Minnesota Timberwolves,MIN,136,True,0.522,0.438,0.839,37,24,9,261,11
2021,0022100708,2022-01-23,GSW vs. UTA,Utah Jazz,UTA,92,False,0.383,0.314,0.826,51,17,9,Golden State Warriors,GSW,94,True,0.434,0.31,0.9,40,19,9,186,2
2021,0022100707,2022-01-23,DET @ DEN,Detroit Pistons,DET,111,False,0.56,0.379,0.842,34,28,22,Denver Nuggets,DEN,117,True,0.518,0.343,0.739,34,29,11,228,6
2021,0022100709,2022-01-24,CLE vs. NYK,New York Knicks,NYK,93,False,0.417,0.316,0.524,45,21,11,Cleveland Cavaliers,CLE,95,True,0.432,0.361,0.6,51,29,19,188,2
2021,2022100154,2022-01-24,WCB @ CCG,Windy City Bulls,WCB,103,True,0.417,0.346,0.593,45,19,12,Capital City Go-Go,CCG,101,False,0.481,0.417,0.733,44,26,21,204,2
2021,2022100155,2022-01-24,MCC vs. GRG,Grand Rapids Gold,GRG,122,True,0.516,0.382,1.0,55,31,22,Motor City Cruise,MCC,111,False,0.466,0.241,0.632,30,20,8,233,11
2021,2022100159,2022-01-24,STO @ ACC,Stockton Kings,STO,103,True,0.481,0.385,0.643,41,20,13,Agua Caliente Clippers,ACC,94,False,0.392,0.364,0.786,41,22,17,197,9
2021,0022100713,2022-01-24,UTA @ PHX,Utah Jazz,UTA,109,False,0.494,0.452,0.682,38,16,13,Phoenix Suns,PHX,115,True,0.475,0.361,0.533,51,28,14,224,6
2021,0022100730,2022-01-24,CHI @ OKC,Chicago Bulls,CHI,111,True,0.461,0.385,0.737,51,31,16,Oklahoma City Thunder,OKC,110,False,0.413,0.356,0.75,44,26,11,221,1
2021,2022100156,2022-01-24,WES @ RAP,Westchester Knicks,WES,105,False,0.443,0.25,0.625,44,19,11,Raptors 905,RAP,112,True,0.467,0.324,0.6,48,24,10,217,7
2021,2022100157,2022-01-24,BIR vs. OKL,Oklahoma City Blue,OKL,124,True,0.518,0.432,0.7,41,28,14,Birmingham Squadron,BIR,117,False,0.481,0.439,0.8,42,25,18,241,7
2021,0022100712,2022-01-24,NOP vs. IND,Indiana Pacers,IND,113,False,0.437,0.413,0.72,41,26,15,New Orleans Pelicans,NOP,117,True,0.466,0.2,0.935,45,23,11,230,4
2021,2022100158,2022-01-24,SBL @ MHU,South Bay Lakers,SBL,124,True,0.511,0.471,0.917,40,29,11,Memphis Hustle,MHU,116,False,0.447,0.342,0.786,45,24,11,240,8
2021,0022100717,2022-01-25,SAC @ BOS,Sacramento Kings,SAC,75,False,0.305,0.182,0.733,45,15,10,Boston Celtics,BOS,128,True,0.495,0.444,0.857,67,32,11,203,53
2021,2022100163,2022-01-25,WCB vs. LAK,Lakeland Magic,LAK,88,False,0.365,0.263,0.909,42,22,14,Windy City Bulls,WCB,98,True,0.443,0.344,0.733,53,23,18,186,10
2021,2022100164,2022-01-25,RGV vs. SCW,Santa Cruz Warriors,SCW,110,False,0.414,0.306,0.786,54,27,24,Rio Grande Valley Vipers,RGV,134,True,0.476,0.306,0.714,50,34,14,244,24
2021,0022100454,2022-01-25,PHI vs. NOP,New Orleans Pelicans,NOP,107,False,0.482,0.409,0.692,39,26,8,Philadelphia 76ers,PHI,117,True,0.464,0.323,0.935,44,26,10,224,10
2021,2022100161,2022-01-25,CPS vs. LIN,Long Island Nets,LIN,102,False,0.394,0.275,0.714,52,17,8,College Park Skyhawks,CPS,105,True,0.409,0.391,0.882,49,18,13,207,3
2021,0022100719,2022-01-25,HOU vs. SAS,San Antonio Spurs,SAS,134,True,0.574,0.375,1.0,49,38,13,Houston Rockets,HOU,104,False,0.411,0.265,0.68,45,21,15,238,30
2021,0022100718,2022-01-25,LAL @ BKN,Los Angeles Lakers,LAL,106,True,0.472,0.316,1.0,33,23,8,Brooklyn Nets,BKN,96,False,0.42,0.259,0.682,54,20,18,202,10
2021,0022100715,2022-01-25,TOR vs. CHA,Charlotte Hornets,CHA,113,False,0.488,0.323,0.719,37,25,12,Toronto Raptors,TOR,125,True,0.524,0.471,0.793,42,27,14,238,12
2021,0022100716,2022-01-25,LAC @ WAS,LA Clippers,LAC,116,True,0.415,0.379,0.871,48,28,11,Washington Wizards,WAS,115,False,0.463,0.333,0.8,52,25,18,231,1
2021,0022100720,2022-01-25,DAL @ GSW,Dallas Mavericks,DAL,92,False,0.352,0.25,1.0,39,17,11,Golden State Warriors,GSW,130,True,0.533,0.395,0.833,58,31,14,222,38
2021,2022100165,2022-01-25,SXF @ ACC,Sioux Falls Skyforce,SXF,101,False,0.398,0.406,0.563,38,22,7,Agua Caliente Clippers,ACC,129,True,0.541,0.583,0.818,50,30,15,230,28
2021,2022100162,2022-01-25,TEX @ IWA,Texas Legends,TEX,135,True,0.566,0.5,0.944,43,29,19,Iowa Wolves,IWA,118,False,0.472,0.378,0.733,36,29,17,253,17
2021,0022100714,2022-01-25,DEN @ DET,Denver Nuggets,DEN,110,True,0.429,0.344,0.871,56,25,25,Detroit Pistons,DET,105,False,0.423,0.333,0.786,36,25,9,215,5
2021,2022100160,2022-01-25,MNE @ FWN,Maine Celtics,MNE,129,False,0.489,0.381,1.0,51,32,26,Fort Wayne Mad Ants,FWN,130,True,0.505,0.447,0.556,40,34,17,259,1
2021,0022100721,2022-01-25,MIN @ POR,Minnesota Timberwolves,MIN,109,True,0.439,0.326,0.742,49,21,15,Portland Trail Blazers,POR,107,False,0.394,0.39,0.85,50,26,14,216,2
2021,0022100472,2022-01-26,CHI vs. TOR,Toronto Raptors,TOR,105,False,0.481,0.387,0.607,34,24,12,Chicago Bulls,CHI,111,True,0.548,0.269,0.75,45,32,13,216,6
2021,0022100722,2022-01-26,MIL @ CLE,Milwaukee Bucks,MIL,99,False,0.463,0.281,0.889,41,22,19,Cleveland Cavaliers,CLE,115,True,0.471,0.452,0.824,41,27,12,214,16
2021,0022100728,2022-01-26,SAS vs. MEM,Memphis Grizzlies,MEM,118,True,0.511,0.304,0.731,44,24,13,San Antonio Spurs,SAS,110,False,0.457,0.243,0.789,39,30,13,228,8
2021,2022100169,2022-01-26,SBL @ MHU,South Bay Lakers,SBL,127,True,0.431,0.295,1.0,61,31,14,Memphis Hustle,MHU,124,False,0.41,0.326,0.833,45,27,8,251,3
2021,2022100167,2022-01-26,CCG vs. WES,Westchester Knicks,WES,115,True,0.435,0.298,0.882,40,25,16,Capital City Go-Go,CCG,112,False,0.557,0.214,0.833,45,28,21,227,3
2021,0022100453,2022-01-26,DEN @ BKN,Denver Nuggets,DEN,124,True,0.472,0.417,0.926,48,27,13,Brooklyn Nets,BKN,118,False,0.489,0.414,0.769,38,26,12,242,6
2021,2022100166,2022-01-26,MCC @ RAP,Motor City Cruise,MCC,116,False,0.457,0.211,0.714,47,23,18,Raptors 905,RAP,123,True,0.494,0.313,0.731,40,29,16,239,7
2021,2022100170,2022-01-26,CLC @ WIS,Cleveland Charge,CLC,113,False,0.385,0.349,0.769,57,24,12,Wisconsin Herd,WIS,121,True,0.434,0.3,0.8,56,33,13,234,8
2021,0022100725,2022-01-26,SAC @ ATL,Sacramento Kings,SAC,104,False,0.419,0.3,0.737,42,23,12,Atlanta Hawks,ATL,121,True,0.533,0.333,0.765,48,29,8,225,17
2021,0022100724,2022-01-26,LAC @ ORL,LA Clippers,LAC,111,True,0.444,0.517,0.889,49,20,15,Orlando Magic,ORL,102,False,0.452,0.257,0.773,39,29,13,213,9
2021,0022100727,2022-01-26,MIA vs. NYK,New York Knicks,NYK,96,False,0.422,0.341,0.647,44,24,17,Miami Heat,MIA,110,True,0.5,0.432,0.909,38,30,17,206,14
2021,0022100723,2022-01-26,IND vs. CHA,Charlotte Hornets,CHA,158,True,0.581,0.533,0.788,36,37,13,Indiana Pacers,IND,126,False,0.478,0.294,0.824,41,33,19,284,32
2021,0022100732,2022-01-26,POR vs. DAL,Dallas Mavericks,DAL,132,True,0.545,0.444,0.769,45,35,8,Portland Trail Blazers,POR,112,False,0.512,0.368,0.609,38,27,9,244,20
2021,2022100168,2022-01-26,OKL @ BIR,Oklahoma City Blue,OKL,97,False,0.435,0.29,0.714,43,27,16,Birmingham Squadron,BIR,100,True,0.457,0.323,0.667,48,27,18,197,3
2021,0022100731,2022-01-26,UTA vs. PHX,Phoenix Suns,PHX,105,True,0.488,0.389,0.667,44,14,7,Utah Jazz,UTA,97,False,0.43,0.4,0.739,39,20,14,202,8
2021,0022100734,2022-01-27,MIN @ GSW,Minnesota Timberwolves,MIN,115,False,0.442,0.227,0.778,41,22,9,Golden State Warriors,GSW,124,True,0.537,0.583,0.714,47,31,18,239,9
2021,2022100173,2022-01-27,SXF @ AUS,Sioux Falls Skyforce,SXF,97,False,0.381,0.273,0.867,42,17,15,Austin Spurs,AUS,119,True,0.48,0.444,0.692,60,37,13,216,22
2021,2022100172,2022-01-27,DEL vs. GBO,Greensboro Swarm,GBO,94,False,0.413,0.35,0.615,42,20,18,Delaware Blue Coats,DEL,106,True,0.443,0.378,0.778,51,31,17,200,12
2021,2022100175,2022-01-27,ACC vs. IWA,Iowa Wolves,IWA,108,False,0.429,0.256,0.667,57,22,18,Agua Caliente Clippers,ACC,116,True,0.462,0.3,0.85,42,22,14,224,8
2021,2022100171,2022-01-27,MNE @ FWN,Maine Celtics,MNE,138,True,0.538,0.391,0.765,52,36,18,Fort Wayne Mad Ants,FWN,126,False,0.417,0.333,0.9,44,28,15,264,12
2021,2022100174,2022-01-27,SCW @ RGV,Santa Cruz Warriors,SCW,111,False,0.477,0.31,0.846,49,28,18,Rio Grande Valley Vipers,RGV,126,True,0.394,0.306,0.714,56,28,9,237,15
2021,0022100733,2022-01-27,PHI vs. LAL,Los Angeles Lakers,LAL,87,False,0.409,0.207,1.0,42,19,17,Philadelphia 76ers,PHI,105,True,0.5,0.371,0.588,41,30,14,192,18
2021,2022100176,2022-01-27,STO vs. SLC,Salt Lake City Stars,SLC,118,False,0.495,0.359,0.7,39,21,7,Stockton Kings,STO,123,True,0.57,0.5,0.923,35,30,10,241,5
2021,2022100180,2022-01-28,SLC vs. OKL,Oklahoma City Blue,OKL,114,True,0.517,0.316,0.7,44,29,14,Salt Lake City Stars,SLC,112,False,0.459,0.394,0.833,45,23,10,226,2
2021,0022100735,2022-01-28,LAL @ CHA,Los Angeles Lakers,LAL,114,False,0.418,0.375,0.719,44,19,6,Charlotte Hornets,CHA,117,True,0.518,0.306,0.714,50,25,11,231,3
2021,0022100741,2022-01-28,IND @ OKC,Indiana Pacers,IND,113,True,0.432,0.333,0.621,60,25,19,Oklahoma City Thunder,OKC,110,False,0.453,0.326,0.588,43,22,13,223,3
2021,0022100729,2022-01-28,DEN @ NOP,Denver Nuggets,DEN,116,True,0.5,0.364,0.88,43,29,21,New Orleans Pelicans,NOP,105,False,0.389,0.147,0.909,43,23,13,221,11
2021,0022100738,2022-01-28,LAC @ MIA,LA Clippers,LAC,114,False,0.446,0.257,0.719,37,22,13,Miami Heat,MIA,121,True,0.471,0.441,0.963,51,28,18,235,7
2021,0022100743,2022-01-28,MIN @ PHX,Minnesota Timberwolves,MIN,124,False,0.489,0.359,0.815,38,20,7,Phoenix Suns,PHX,134,True,0.512,0.513,0.757,49,36,12,258,10
2021,0022100740,2022-01-28,UTA @ MEM,Utah Jazz,UTA,109,False,0.435,0.37,0.857,37,20,16,Memphis Grizzlies,MEM,119,True,0.561,0.391,0.75,42,27,15,228,10
2021,2022100177,2022-01-28,GRG @ CLC,Grand Rapids Gold,GRG,94,True,0.404,0.308,0.6,48,27,14,Cleveland Charge,CLC,82,False,0.381,0.268,0.5,50,18,21,176,12
2021,0022100737,2022-01-28,ATL vs. BOS,Boston Celtics,BOS,92,False,0.349,0.194,0.926,52,15,16,Atlanta Hawks,ATL,108,True,0.461,0.387,0.7,43,19,11,200,16
2021,2022100179,2022-01-28,LIN @ LAK,Long Island Nets,LIN,94,True,0.352,0.219,0.875,51,19,12,Lakeland Magic,LAK,93,False,0.43,0.333,0.778,39,19,16,187,1
2021,0022100739,2022-01-28,HOU vs. POR,Portland Trail Blazers,POR,125,True,0.568,0.436,0.8,34,20,13,Houston Rockets,HOU,110,False,0.481,0.244,0.774,38,25,17,235,15
2021,0022100744,2022-01-28,MIL vs. NYK,New York Knicks,NYK,108,False,0.464,0.35,0.571,45,21,14,Milwaukee Bucks,MIL,123,True,0.461,0.326,0.871,47,27,12,231,15
2021,2022100181,2022-01-28,STO vs. IWA,Iowa Wolves,IWA,82,True,0.41,0.3,0.667,45,13,16,Stockton Kings,STO,76,False,0.378,0.171,0.833,47,16,18,158,6
2021,0022100736,2022-01-28,DET @ ORL,Detroit Pistons,DET,103,False,0.368,0.345,0.784,41,23,10,Orlando Magic,ORL,119,True,0.494,0.48,0.962,47,28,15,222,16
2021,0022100742,2022-01-28,SAS vs. CHI,Chicago Bulls,CHI,122,False,0.523,0.267,0.846,37,22,6,San Antonio Spurs,SAS,131,True,0.526,0.432,0.833,44,35,7,253,9
2021,2022100178,2022-01-28,CPS @ DEL,College Park Skyhawks,CPS,127,True,0.48,0.379,0.833,57,32,18,Delaware Blue Coats,DEL,111,False,0.412,0.306,0.667,41,26,16,238,16
2021,0022100745,2022-01-29,NOP vs. BOS,Boston Celtics,BOS,107,True,0.531,0.341,0.636,43,31,14,New Orleans Pelicans,NOP,97,False,0.439,0.25,0.739,40,22,13,204,10
2021,2022100188,2022-01-29,OKL @ ACC,Oklahoma City Blue,OKL,116,True,0.46,0.346,0.762,50,25,21,Agua Caliente Clippers,ACC,113,False,0.489,0.333,0.583,41,31,16,229,3
2021,0022100750,2022-01-29,BKN @ GSW,Brooklyn Nets,BKN,106,False,0.398,0.393,0.81,52,21,10,Golden State Warriors,GSW,110,True,0.408,0.311,0.889,55,24,10,216,4
2021,2022100183,2022-01-29,LAK vs. LIN,Long Island Nets,LIN,124,True,0.5,0.422,0.813,43,22,12,Lakeland Magic,LAK,121,False,0.528,0.5,0.455,41,33,12,245,3
2021,0022100749,2022-01-29,WAS @ MEM,Washington Wizards,WAS,95,False,0.417,0.345,0.714,37,27,12,Memphis Grizzlies,MEM,115,True,0.46,0.419,0.833,60,24,9,210,20
2021,2022100184,2022-01-29,FWN @ WCB,Fort Wayne Mad Ants,FWN,102,False,0.38,0.222,0.769,59,20,16,Windy City Bulls,WCB,104,True,0.483,0.308,0.5,41,32,13,206,2
2021,2022100182,2022-01-29,GRG @ CLC,Grand Rapids Gold,GRG,98,True,0.44,0.323,0.455,57,24,8,Cleveland Charge,CLC,82,False,0.365,0.294,0.538,48,16,14,180,16
2021,0022100746,2022-01-29,IND @ DAL,Indiana Pacers,IND,105,False,0.44,0.273,0.696,47,25,11,Dallas Mavericks,DAL,132,True,0.531,0.471,0.636,46,31,5,237,27
2021,0022100747,2022-01-29,PHI vs. SAC,Sacramento Kings,SAC,101,False,0.439,0.343,0.85,43,24,13,Philadelphia 76ers,PHI,103,True,0.514,0.4,0.731,36,24,17,204,2
2021,2022100186,2022-01-29,RGV vs. BIR,Birmingham Squadron,BIR,117,True,0.477,0.333,0.882,47,26,17,Rio Grande Valley Vipers,RGV,116,False,0.378,0.333,0.76,53,25,19,233,1
2021,2022100185,2022-01-29,WIS vs. GBO,Greensboro Swarm,GBO,115,True,0.43,0.333,0.778,48,30,9,Wisconsin Herd,WIS,108,False,0.413,0.286,0.733,59,23,15,223,7
2021,2022100187,2022-01-29,TEX vs. SBL,South Bay Lakers,SBL,117,True,0.469,0.31,0.833,59,24,9,Texas Legends,TEX,100,False,0.354,0.372,0.7,45,26,11,217,17
2021,0022100748,2022-01-29,TOR @ MIA,Toronto Raptors,TOR,124,True,0.439,0.356,0.778,53,24,16,Miami Heat,MIA,120,False,0.409,0.32,0.7,61,26,23,244,4
2021,0022100758,2022-01-30,PHX vs. SAS,San Antonio Spurs,SAS,110,False,0.45,0.351,0.875,43,27,11,Phoenix Suns,PHX,115,True,0.495,0.344,0.667,46,31,8,225,5
2021,0022100754,2022-01-30,DET vs. CLE,Cleveland Cavaliers,CLE,105,False,0.463,0.382,0.64,41,25,11,Detroit Pistons,DET,115,True,0.462,0.385,0.84,48,26,9,220,10
2021,0022100753,2022-01-30,POR @ CHI,Portland Trail Blazers,POR,116,False,0.518,0.462,0.75,36,23,12,Chicago Bulls,CHI,130,True,0.556,0.406,0.944,44,36,7,246,14
2021,2022100189,2022-01-30,MCC vs. MNE,Maine Celtics,MNE,112,False,0.448,0.289,0.632,39,31,11,Motor City Cruise,MCC,126,True,0.512,0.364,0.655,58,24,20,238,14
2021,0022100756,2022-01-30,MIL vs. DEN,Denver Nuggets,DEN,136,True,0.602,0.535,0.7,41,39,9,Milwaukee Bucks,MIL,100,False,0.474,0.333,0.727,32,23,15,236,36
2021,2022100190,2022-01-30,AUS vs. SCW,Santa Cruz Warriors,SCW,123,True,0.473,0.302,0.556,45,36,12,Austin Spurs,AUS,110,False,0.548,0.256,0.5,49,26,26,233,13
2021,0022100755,2022-01-30,ORL vs. DAL,Dallas Mavericks,DAL,108,False,0.481,0.421,0.778,40,22,18,Orlando Magic,ORL,110,True,0.512,0.324,0.813,40,26,16,218,2
2021,0022100752,2022-01-30,CHA vs. LAC,LA Clippers,LAC,115,True,0.524,0.393,0.842,60,23,17,Charlotte Hornets,CHA,90,False,0.327,0.235,0.667,44,24,8,205,25
2021,0022100751,2022-01-30,ATL vs. LAL,Los Angeles Lakers,LAL,121,False,0.54,0.429,0.522,38,29,12,Atlanta Hawks,ATL,129,True,0.583,0.323,0.656,45,31,12,250,8
2021,0022100757,2022-01-30,UTA @ MIN,Utah Jazz,UTA,106,False,0.469,0.375,0.714,38,23,18,Minnesota Timberwolves,MIN,126,True,0.551,0.419,0.833,40,35,16,232,20
2021,2022100192,2022-01-31,CCG @ RAP,Capital City Go-Go,CCG,116,True,0.453,0.393,0.833,51,27,16,Raptors 905,RAP,112,False,0.447,0.29,0.929,45,27,16,228,4
2021,0022100762,2022-01-31,BOS vs. MIA,Miami Heat,MIA,92,False,0.391,0.386,0.7,38,25,18,Boston Celtics,BOS,122,True,0.524,0.381,0.667,44,24,10,214,30
2021,0022100759,2022-01-31,CLE vs. NOP,New Orleans Pelicans,NOP,90,False,0.388,0.2,0.857,51,26,13,Cleveland Cavaliers,CLE,93,True,0.429,0.29,0.857,37,26,9,183,3
2021,2022100193,2022-01-31,ACC @ BIR,Agua Caliente Clippers,ACC,102,False,0.44,0.381,0.818,48,17,11,Birmingham Squadron,BIR,107,True,0.411,0.313,0.833,51,18,10,209,5
2021,0022100764,2022-01-31,HOU vs. GSW,Golden State Warriors,GSW,122,True,0.538,0.425,0.826,41,23,14,Houston Rockets,HOU,108,False,0.429,0.372,0.69,37,25,16,230,14
2021,0022100763,2022-01-31,NYK vs. SAC,Sacramento Kings,SAC,96,False,0.43,0.289,0.5,36,24,16,New York Knicks,NYK,116,True,0.5,0.371,0.793,47,25,17,212,20
2021,0022100767,2022-01-31,ATL vs. TOR,Toronto Raptors,TOR,106,True,0.427,0.5,0.706,43,21,8,Atlanta Hawks,ATL,100,False,0.457,0.375,0.875,46,28,15,206,6
2021,0022100761,2022-01-31,PHI vs. MEM,Memphis Grizzlies,MEM,119,False,0.461,0.2,0.679,48,18,14,Philadelphia 76ers,PHI,122,True,0.49,0.355,0.867,49,30,21,241,3
2021,0022100765,2022-01-31,POR @ OKC,Portland Trail Blazers,POR,81,False,0.42,0.184,0.75,41,18,14,Oklahoma City Thunder,OKC,98,True,0.407,0.293,0.941,50,22,12,179,17
2021,0022100760,2022-01-31,IND vs. LAC,LA Clippers,LAC,116,False,0.469,0.341,0.846,41,25,9,Indiana Pacers,IND,122,True,0.526,0.483,0.667,50,31,11,238,6
2021,2022100191,2022-01-31,OKL vs. SBL,South Bay Lakers,SBL,100,False,0.438,0.353,0.636,42,23,21,Oklahoma City Blue,OKL,113,True,0.506,0.387,0.682,44,28,20,213,13
2021,0022100772,2022-02-01,PHX vs. BKN,Brooklyn Nets,BKN,111,False,0.494,0.4,0.714,33,25,11,Phoenix Suns,PHX,121,True,0.553,0.355,0.839,37,26,15,232,10
2021,0022100766,2022-02-01,NOP @ DET,New Orleans Pelicans,NOP,111,True,0.438,0.286,0.893,46,24,15,Detroit Pistons,DET,101,False,0.488,0.25,0.786,35,21,18,212,10
2021,2022100197,2022-02-01,SCW @ BIR,Santa Cruz Warriors,SCW,110,False,0.481,0.324,0.917,35,27,22,Birmingham Squadron,BIR,122,True,0.561,0.375,0.765,40,32,21,232,12
2021,0022100771,2022-02-01,SAS vs. GSW,Golden State Warriors,GSW,124,True,0.448,0.435,1.0,46,30,14,San Antonio Spurs,SAS,120,False,0.554,0.485,0.706,34,33,14,244,4
2021,2022100194,2022-02-01,CLC vs. GBO,Greensboro Swarm,GBO,96,False,0.363,0.302,0.765,36,17,20,Cleveland Charge,CLC,105,True,0.519,0.318,0.75,52,18,24,201,9
2021,0022100784,2022-02-01,TOR vs. MIA,Miami Heat,MIA,106,False,0.487,0.267,0.88,38,26,16,Toronto Raptors,TOR,110,True,0.481,0.462,0.69,43,20,15,216,4
2021,0022100770,2022-02-01,DEN @ MIN,Denver Nuggets,DEN,115,False,0.427,0.318,0.893,46,27,12,Minnesota Timberwolves,MIN,130,True,0.495,0.422,0.76,52,35,10,245,15
2021,2022100195,2022-02-01,DEL @ WES,Delaware Blue Coats,DEL,107,False,0.406,0.333,0.917,52,22,20,Westchester Knicks,WES,117,True,0.433,0.356,0.727,46,20,18,224,10
2021,2022100196,2022-02-01,RAP vs. WCB,Windy City Bulls,WCB,93,False,0.341,0.29,0.636,40,20,12,Raptors 905,RAP,130,True,0.516,0.389,0.857,56,37,13,223,37
2021,2022100256,2022-02-01,LAK vs. MCC,Motor City Cruise,MCC,118,True,0.5,0.324,0.667,57,27,16,Lakeland Magic,LAK,104,False,0.392,0.25,0.909,43,25,10,222,14
2021,0022100769,2022-02-01,CHI vs. ORL,Orlando Magic,ORL,115,False,0.495,0.359,0.818,36,33,9,Chicago Bulls,CHI,126,True,0.511,0.367,0.793,49,25,9,241,11
2021,2022100198,2022-02-01,SLC vs. RGV,Rio Grande Valley Vipers,RGV,111,True,0.446,0.237,0.389,57,24,14,Salt Lake City Stars,SLC,109,False,0.435,0.324,0.786,48,19,14,220,2
2021,0022100768,2022-02-01,MIL vs. WAS,Washington Wizards,WAS,98,False,0.439,0.343,0.7,40,22,12,Milwaukee Bucks,MIL,112,True,0.5,0.316,0.889,44,26,9,210,14
2021,0022100775,2022-02-02,CHA @ BOS,Charlotte Hornets,CHA,107,False,0.425,0.3,0.778,46,18,16,Boston Celtics,BOS,113,True,0.512,0.389,0.882,42,31,18,220,6
2021,2022100201,2022-02-02,MHU vs. IWA,Iowa Wolves,IWA,103,False,0.432,0.375,0.625,57,24,25,Memphis Hustle,MHU,111,True,0.471,0.25,0.65,36,27,13,214,8
2021,0022100774,2022-02-02,PHI vs. WAS,Washington Wizards,WAS,106,True,0.456,0.409,0.789,52,25,8,Philadelphia 76ers,PHI,103,False,0.451,0.407,0.769,41,23,4,209,3
2021,2022100202,2022-02-02,STO @ TEX,Stockton Kings,STO,109,True,0.43,0.273,0.643,55,22,10,Texas Legends,TEX,99,False,0.448,0.333,0.4,49,24,17,208,10
2021,0022100777,2022-02-02,HOU vs. CLE,Cleveland Cavaliers,CLE,104,False,0.513,0.333,0.556,48,23,17,Houston Rockets,HOU,115,True,0.476,0.35,0.697,37,25,12,219,11
2021,0022100778,2022-02-02,OKC @ DAL,Oklahoma City Thunder,OKC,120,True,0.477,0.459,0.84,50,25,18,Dallas Mavericks,DAL,114,False,0.469,0.326,0.8,39,28,13,234,6
2021,2022100200,2022-02-02,CLC @ LIN,Cleveland Charge,CLC,105,False,0.44,0.385,0.667,56,15,24,Long Island Nets,LIN,109,True,0.438,0.395,0.692,39,23,14,214,4
2021,0022100776,2022-02-02,NYK vs. MEM,Memphis Grizzlies,MEM,120,True,0.431,0.41,0.696,51,30,9,New York Knicks,NYK,108,False,0.432,0.333,0.769,48,23,15,228,12
2021,0022100780,2022-02-02,SAC vs. BKN,Brooklyn Nets,BKN,101,False,0.488,0.32,0.786,40,22,13,Sacramento Kings,SAC,112,True,0.441,0.333,0.889,48,23,11,213,11
2021,2022100199,2022-02-02,CCG vs. FWN,Fort Wayne Mad Ants,FWN,121,False,0.43,0.375,0.688,45,28,13,Capital City Go-Go,CCG,126,True,0.538,0.36,0.75,49,35,18,247,5
2021,0022100779,2022-02-02,DEN @ UTA,Denver Nuggets,DEN,104,False,0.532,0.393,0.75,39,24,14,Utah Jazz,UTA,108,True,0.488,0.241,0.773,37,21,7,212,4
2021,0022100773,2022-02-02,ORL @ IND,Orlando Magic,ORL,119,True,0.442,0.314,0.923,52,29,12,Indiana Pacers,IND,118,False,0.449,0.438,0.696,46,25,8,237,1
2021,0022100781,2022-02-02,POR @ LAL,Portland Trail Blazers,POR,94,False,0.357,0.333,0.526,55,23,12,Los Angeles Lakers,LAL,99,True,0.423,0.367,0.667,53,25,16,193,5
2021,0022100430,2022-02-03,TOR vs. CHI,Chicago Bulls,CHI,120,False,0.478,0.414,0.917,51,30,17,Toronto Raptors,TOR,127,True,0.425,0.389,0.895,58,30,12,247,7
2021,0022100521,2022-02-03,SAS vs. MIA,Miami Heat,MIA,112,True,0.506,0.4,0.889,42,27,13,San Antonio Spurs,SAS,95,False,0.375,0.242,0.711,43,21,17,207,17
2021,2022100206,2022-02-03,ACC @ SXF,Agua Caliente Clippers,ACC,109,False,0.419,0.333,0.833,41,30,12,Sioux Falls Skyforce,SXF,116,True,0.483,0.44,0.8,48,21,12,225,7
2021,2022100204,2022-02-03,WIS @ LAK,Wisconsin Herd,WIS,115,False,0.523,0.242,0.526,37,17,13,Lakeland Magic,LAK,134,True,0.505,0.395,1.0,52,37,13,249,19
2021,0022100782,2022-02-03,MIN @ DET,Minnesota Timberwolves,MIN,128,True,0.506,0.441,0.893,42,29,14,Detroit Pistons,DET,117,False,0.44,0.326,0.786,45,27,15,245,11
2021,2022100203,2022-02-03,DEL vs. GBO,Greensboro Swarm,GBO,105,False,0.424,0.311,0.8,45,25,20,Delaware Blue Coats,DEL,109,True,0.392,0.093,0.773,57,22,12,214,4
2021,0022100786,2022-02-03,LAL @ LAC,Los Angeles Lakers,LAL,110,False,0.466,0.379,0.68,44,19,10,LA Clippers,LAC,111,True,0.517,0.433,0.545,43,29,7,221,1
2021,2022100205,2022-02-03,RAP vs. WCB,Windy City Bulls,WCB,89,False,0.368,0.303,0.813,41,18,20,Raptors 905,RAP,104,True,0.47,0.357,0.667,45,25,14,193,15
2021,0022100785,2022-02-03,SAC @ GSW,Sacramento Kings,SAC,114,False,0.525,0.355,0.826,25,29,15,Golden State Warriors,GSW,126,True,0.56,0.476,0.75,40,27,15,240,12
2021,0022100783,2022-02-03,PHX @ ATL,Phoenix Suns,PHX,115,False,0.523,0.281,0.778,39,30,10,Atlanta Hawks,ATL,124,True,0.524,0.5,0.727,41,25,15,239,9
2021,2022100207,2022-02-03,SBL vs. SLC,Salt Lake City Stars,SLC,120,False,0.444,0.321,0.769,36,25,12,South Bay Lakers,SBL,132,True,0.576,0.345,0.882,48,28,21,252,12
2021,0022100795,2022-02-04,OKC @ POR,Oklahoma City Thunder,OKC,96,True,0.379,0.357,0.714,52,24,14,Portland Trail Blazers,POR,93,False,0.396,0.182,0.7,53,18,12,189,3
2021,2022100210,2022-02-04,GBO vs. WIS,Wisconsin Herd,WIS,109,False,0.402,0.375,0.789,37,22,13,Greensboro Swarm,GBO,127,True,0.5,0.395,0.727,51,29,17,236,18
2021,2022100214,2022-02-04,MHU vs. BIR,Birmingham Squadron,BIR,129,True,0.547,0.432,0.909,36,33,14,Memphis Hustle,MHU,116,False,0.476,0.345,0.889,38,16,15,245,13
2021,0022100790,2022-02-04,ATL @ TOR,Atlanta Hawks,ATL,114,False,0.462,0.31,0.905,40,27,9,Toronto Raptors,TOR,125,True,0.568,0.63,0.889,45,29,14,239,11
2021,0022100794,2022-02-04,DEN vs. NOP,New Orleans Pelicans,NOP,113,True,0.56,0.32,0.913,38,27,14,Denver Nuggets,DEN,105,False,0.449,0.463,0.941,31,22,15,218,8
2021,2022100209,2022-02-04,CPS vs. MCC,Motor City Cruise,MCC,127,True,0.448,0.265,0.903,50,20,24,College Park Skyhawks,CPS,124,False,0.486,0.263,0.611,45,32,19,251,3
2021,0022100793,2022-02-04,UTA vs. BKN,Brooklyn Nets,BKN,102,False,0.414,0.353,0.727,42,25,9,Utah Jazz,UTA,125,True,0.565,0.447,0.857,50,33,16,227,23
2021,2022100217,2022-02-04,SCW vs. RGV,Rio Grande Valley Vipers,RGV,127,True,0.484,0.342,0.826,59,28,22,Santa Cruz Warriors,SCW,115,False,0.459,0.383,0.571,38,31,12,242,12
2021,2022100212,2022-02-04,GRG @ MNE,Grand Rapids Gold,GRG,116,True,0.524,0.378,0.7,44,27,19,Maine Celtics,MNE,108,False,0.471,0.381,0.6,35,27,14,224,8
2021,0022100789,2022-02-04,CHI @ IND,Chicago Bulls,CHI,122,True,0.544,0.231,0.783,43,30,9,Indiana Pacers,IND,115,False,0.495,0.444,1.0,37,25,12,237,7
2021,0022100788,2022-02-04,DET vs. BOS,Boston Celtics,BOS,102,True,0.451,0.321,0.76,55,23,13,Detroit Pistons,DET,93,False,0.327,0.385,0.75,56,18,11,195,9
2021,0022100791,2022-02-04,PHI @ DAL,Philadelphia 76ers,PHI,98,False,0.514,0.333,0.739,36,23,13,Dallas Mavericks,DAL,107,True,0.459,0.294,0.826,40,22,10,205,9
2021,2022100213,2022-02-04,WCB @ WES,Windy City Bulls,WCB,107,True,0.425,0.359,0.846,57,23,16,Westchester Knicks,WES,90,False,0.361,0.222,0.867,43,20,13,197,17
2021,0022100792,2022-02-04,HOU @ SAS,Houston Rockets,HOU,106,False,0.434,0.333,0.793,35,15,17,San Antonio Spurs,SAS,131,True,0.573,0.464,0.8,44,33,12,237,25
2021,2022100215,2022-02-04,OKL @ AUS,Oklahoma City Blue,OKL,104,False,0.425,0.29,0.682,48,19,17,Austin Spurs,AUS,109,True,0.476,0.25,0.727,48,28,16,213,5
2021,2022100216,2022-02-04,TEX vs. STO,Stockton Kings,STO,91,False,0.402,0.2,0.857,41,18,11,Texas Legends,TEX,99,True,0.429,0.273,0.917,49,17,13,190,8
2021,0022100787,2022-02-04,CLE @ CHA,Cleveland Cavaliers,CLE,102,True,0.4,0.4,0.8,51,26,12,Charlotte Hornets,CHA,101,False,0.413,0.326,0.917,52,27,14,203,1
2021,2022100208,2022-02-04,CCG vs. FWN,Fort Wayne Mad Ants,FWN,117,True,0.512,0.378,0.667,41,26,17,Capital City Go-Go,CCG,106,False,0.446,0.4,0.647,48,28,20,223,11
2021,2022100211,2022-02-04,CLC @ LIN,Cleveland Charge,CLC,113,False,0.43,0.324,0.64,46,17,19,Long Island Nets,LIN,118,True,0.451,0.357,0.727,49,27,15,231,5
2021,2022100218,2022-02-04,SLC @ SBL,Salt Lake City Stars,SLC,117,True,0.488,0.344,0.938,35,26,16,South Bay Lakers,SBL,116,False,0.466,0.3,0.75,51,28,15,233,1
2021,2022100221,2022-02-05,IWA vs. ACC,Agua Caliente Clippers,ACC,133,True,0.526,0.469,0.769,45,32,6,Iowa Wolves,IWA,111,False,0.464,0.333,0.591,46,21,16,244,22
2021,0022100798,2022-02-05,PHX @ WAS,Phoenix Suns,PHX,95,True,0.404,0.258,0.5,64,26,10,Washington Wizards,WAS,80,False,0.353,0.208,0.789,42,14,9,175,15
2021,2022100219,2022-02-05,RAP vs. DEL,Delaware Blue Coats,DEL,126,True,0.511,0.395,0.833,44,31,18,Raptors 905,RAP,121,False,0.456,0.379,0.692,50,27,14,247,5
2021,2022100220,2022-02-05,LIN @ MCC,Long Island Nets,LIN,101,False,0.427,0.161,0.833,37,26,14,Motor City Cruise,MCC,117,True,0.447,0.386,0.938,52,24,21,218,16
2021,0022100797,2022-02-05,CHA vs. MIA,Miami Heat,MIA,104,True,0.418,0.344,0.944,49,27,12,Charlotte Hornets,CHA,86,False,0.384,0.278,0.625,50,23,19,190,18
2021,0022100796,2022-02-05,MEM @ ORL,Memphis Grizzlies,MEM,135,True,0.505,0.333,0.727,62,33,8,Orlando Magic,ORL,115,False,0.433,0.354,0.69,38,27,9,250,20
2021,0022100801,2022-02-05,SAC vs. OKC,Oklahoma City Thunder,OKC,103,False,0.483,0.3,0.625,41,23,14,Sacramento Kings,SAC,113,True,0.518,0.375,0.682,47,30,15,216,10
2021,0022100799,2022-02-05,NYK @ LAL,New York Knicks,NYK,115,False,0.398,0.289,0.722,56,24,14,Los Angeles Lakers,LAL,122,True,0.471,0.265,0.607,57,29,13,237,7
2021,0022100800,2022-02-05,POR vs. MIL,Milwaukee Bucks,MIL,137,True,0.533,0.46,0.727,44,36,10,Portland Trail Blazers,POR,108,False,0.482,0.311,0.571,38,25,16,245,29
2021,2022100225,2022-02-06,WIS vs. FWN,Fort Wayne Mad Ants,FWN,113,True,0.406,0.395,0.8,56,25,19,Wisconsin Herd,WIS,110,False,0.361,0.293,0.789,55,21,13,223,3
2021,0022100804,2022-02-06,BKN @ DEN,Brooklyn Nets,BKN,104,False,0.414,0.39,0.727,36,24,10,Denver Nuggets,DEN,124,True,0.521,0.313,0.762,55,37,10,228,20
2021,2022100229,2022-02-06,SCW vs. SBL,South Bay Lakers,SBL,112,True,0.448,0.359,0.875,36,28,12,Santa Cruz Warriors,SCW,110,False,0.5,0.368,0.727,47,25,23,222,2
2021,2022100223,2022-02-06,MNE vs. GRG,Grand Rapids Gold,GRG,111,True,0.481,0.469,0.786,51,32,17,Maine Celtics,MNE,97,False,0.381,0.317,0.688,40,27,16,208,14
2021,0022100805,2022-02-06,CLE vs. IND,Indiana Pacers,IND,85,False,0.373,0.258,0.882,47,17,19,Cleveland Cavaliers,CLE,98,True,0.405,0.344,0.679,50,25,10,183,13
2021,0022100808,2022-02-06,NOP @ HOU,New Orleans Pelicans,NOP,120,True,0.532,0.414,0.722,33,29,10,Houston Rockets,HOU,107,False,0.476,0.356,0.688,33,28,16,227,13
2021,2022100228,2022-02-06,WES vs. WCB,Windy City Bulls,WCB,111,False,0.506,0.375,0.75,38,22,17,Westchester Knicks,WES,117,True,0.422,0.294,0.84,46,24,16,228,6
2021,0022100807,2022-02-06,DAL vs. ATL,Atlanta Hawks,ATL,94,False,0.389,0.2,0.938,50,21,12,Dallas Mavericks,DAL,103,True,0.432,0.444,0.846,48,25,14,197,9
2021,2022100226,2022-02-06,SXF vs. BIR,Birmingham Squadron,BIR,104,False,0.448,0.333,0.75,40,30,12,Sioux Falls Skyforce,SXF,111,True,0.488,0.375,0.619,46,18,12,215,7
2021,0022100803,2022-02-06,MIN vs. DET,Detroit Pistons,DET,105,False,0.421,0.375,0.684,47,28,10,Minnesota Timberwolves,MIN,118,True,0.462,0.472,0.81,51,27,10,223,13
2021,0022100802,2022-02-06,CHI vs. PHI,Philadelphia 76ers,PHI,119,True,0.536,0.5,0.81,38,29,9,Chicago Bulls,CHI,108,False,0.481,0.269,0.885,38,21,8,227,11
2021,0022100806,2022-02-06,BOS @ ORL,Boston Celtics,BOS,116,True,0.455,0.283,0.929,55,29,14,Orlando Magic,ORL,83,False,0.358,0.192,0.952,40,17,17,199,33
2021,2022100222,2022-02-06,MHU @ TEX,Memphis Hustle,MHU,110,True,0.494,0.313,0.65,51,17,18,Texas Legends,TEX,97,False,0.374,0.2,0.9,47,27,14,207,13
2021,0022100809,2022-02-06,LAC vs. MIL,Milwaukee Bucks,MIL,137,True,0.545,0.5,0.815,50,28,10,LA Clippers,LAC,113,False,0.417,0.391,0.938,44,26,10,250,24
2021,2022100224,2022-02-06,LAK vs. GBO,Greensboro Swarm,GBO,97,False,0.391,0.271,0.769,48,20,14,Lakeland Magic,LAK,107,True,0.418,0.409,0.684,48,26,12,204,10
2021,2022100230,2022-02-07,ACC @ OKL,Agua Caliente Clippers,ACC,108,True,0.476,0.395,1.0,40,25,19,Oklahoma City Blue,OKL,100,False,0.481,0.222,0.733,34,21,14,208,8
2021,2022100235,2022-02-07,LAK @ WES,Lakeland Magic,LAK,105,False,0.461,0.211,0.529,43,24,8,Westchester Knicks,WES,114,True,0.488,0.486,0.818,47,28,14,219,9
2021,0022100810,2022-02-07,TOR @ CHA,Toronto Raptors,TOR,116,True,0.488,0.429,0.655,51,21,18,Charlotte Hornets,CHA,101,False,0.411,0.225,0.875,38,28,13,217,15
2021,0022100813,2022-02-07,OKC vs. GSW,Golden State Warriors,GSW,110,True,0.5,0.349,0.765,40,30,15,Oklahoma City Thunder,OKC,98,False,0.411,0.306,0.765,50,21,17,208,12
2021,2022100231,2022-02-07,MCC vs. LIN,Long Island Nets,LIN,105,False,0.421,0.256,0.643,47,20,13,Motor City Cruise,MCC,116,True,0.489,0.297,0.8,52,27,14,221,11
2021,0022100812,2022-02-07,PHX @ CHI,Phoenix Suns,PHX,127,True,0.544,0.375,0.895,44,31,10,Chicago Bulls,CHI,124,False,0.478,0.385,0.903,40,18,9,251,3
2021,0022100811,2022-02-07,WAS vs. MIA,Miami Heat,MIA,121,True,0.566,0.563,0.81,37,29,18,Washington Wizards,WAS,100,False,0.45,0.226,0.913,33,25,16,221,21
2021,2022100227,2022-02-07,IWA vs. AUS,Austin Spurs,AUS,115,False,0.436,0.344,0.75,37,32,11,Iowa Wolves,IWA,121,True,0.505,0.286,0.875,56,20,21,236,6
2021,0022100814,2022-02-07,UTA vs. NYK,New York Knicks,NYK,104,False,0.379,0.242,0.686,56,18,16,Utah Jazz,UTA,113,True,0.419,0.25,0.852,49,19,10,217,9
2021,0022100815,2022-02-08,PHX @ PHI,Phoenix Suns,PHX,114,True,0.453,0.231,0.917,48,27,8,Philadelphia 76ers,PHI,109,False,0.461,0.313,0.944,44,24,14,223,5
2021,2022100233,2022-02-08,DEL @ FWN,Delaware Blue Coats,DEL,129,True,0.48,0.481,0.857,48,38,16,Fort Wayne Mad Ants,FWN,117,False,0.444,0.356,0.571,58,32,18,246,12
2021,0022100823,2022-02-08,ORL @ POR,Orlando Magic,ORL,113,True,0.489,0.5,0.75,50,34,14,Portland Trail Blazers,POR,95,False,0.352,0.289,0.769,50,21,13,208,18
2021,0022100817,2022-02-08,BKN vs. BOS,Boston Celtics,BOS,126,True,0.549,0.35,0.75,52,32,13,Brooklyn Nets,BKN,91,False,0.384,0.278,0.385,40,22,13,217,35
2021,0022100821,2022-02-08,DEN vs. NYK,New York Knicks,NYK,115,False,0.446,0.349,0.833,41,25,8,Denver Nuggets,DEN,132,True,0.541,0.41,0.774,52,31,13,247,17
2021,0022100819,2022-02-08,NOP vs. HOU,Houston Rockets,HOU,97,False,0.372,0.31,0.645,47,19,21,New Orleans Pelicans,NOP,110,True,0.525,0.25,0.9,43,27,19,207,13
2021,0022100816,2022-02-08,IND @ ATL,Indiana Pacers,IND,112,False,0.398,0.323,0.848,43,22,13,Atlanta Hawks,ATL,133,True,0.578,0.515,0.75,43,36,14,245,21
2021,0022100824,2022-02-08,SAC vs. MIN,Minnesota Timberwolves,MIN,134,True,0.481,0.5,0.706,49,34,12,Sacramento Kings,SAC,114,False,0.494,0.36,0.885,38,29,19,248,20
2021,0022100822,2022-02-08,LAL vs. MIL,Milwaukee Bucks,MIL,131,True,0.542,0.417,0.6,42,31,11,Los Angeles Lakers,LAL,116,False,0.518,0.313,0.6,41,28,16,247,15
2021,2022100232,2022-02-08,AUS @ IWA,Austin Spurs,AUS,118,True,0.474,0.282,0.667,39,32,12,Iowa Wolves,IWA,115,False,0.551,0.433,0.692,48,32,32,233,3
2021,0022100820,2022-02-08,DAL vs. DET,Detroit Pistons,DET,86,False,0.379,0.167,0.682,45,20,15,Dallas Mavericks,DAL,116,True,0.506,0.5,0.783,47,24,13,202,30
2021,2022100234,2022-02-08,CLC vs. RAP,Raptors 905,RAP,110,True,0.43,0.318,0.556,53,26,12,Cleveland Charge,CLC,99,False,0.389,0.268,0.688,49,19,14,209,11
2021,2022100236,2022-02-08,BIR vs. MHU,Memphis Hustle,MHU,110,False,0.47,0.367,0.867,34,18,21,Birmingham Squadron,BIR,122,True,0.544,0.5,0.778,43,32,18,232,12
2021,0022100818,2022-02-08,LAC @ MEM,LA Clippers,LAC,109,False,0.449,0.355,0.75,40,25,17,Memphis Grizzlies,MEM,135,True,0.515,0.346,0.8,55,26,13,244,26
2021,2022100237,2022-02-08,STO vs. RGV,Rio Grande Valley Vipers,RGV,121,True,0.529,0.371,0.769,56,28,26,Stockton Kings,STO,103,False,0.454,0.258,0.462,37,28,16,224,18
2021,2022100241,2022-02-09,ACC @ TEX,Agua Caliente Clippers,ACC,121,True,0.479,0.471,1.0,53,29,15,Texas Legends,TEX,115,False,0.443,0.433,0.692,48,21,13,236,6
2021,0022100827,2022-02-09,TOR @ OKC,Toronto Raptors,TOR,117,True,0.511,0.371,1.0,45,22,16,Oklahoma City Thunder,OKC,98,False,0.414,0.298,0.857,45,28,17,215,19
2021,2022100240,2022-02-09,GBO vs. MCC,Motor City Cruise,MCC,102,False,0.422,0.289,0.563,41,26,13,Greensboro Swarm,GBO,120,True,0.505,0.421,0.857,56,32,11,222,18
2021,0022100825,2022-02-09,CLE vs. SAS,San Antonio Spurs,SAS,92,False,0.384,0.242,0.727,46,24,13,Cleveland Cavaliers,CLE,105,True,0.476,0.429,0.75,51,18,13,197,13
2021,2022100242,2022-02-09,STO vs. SLC,Salt Lake City Stars,SLC,97,False,0.453,0.233,0.583,40,19,14,Stockton Kings,STO,111,True,0.494,0.394,0.615,48,30,14,208,14
2021,0022100828,2022-02-09,GSW @ UTA,Golden State Warriors,GSW,85,False,0.359,0.372,0.765,35,17,11,Utah Jazz,UTA,111,True,0.461,0.333,0.706,52,26,9,196,26
2021,2022100239,2022-02-09,SXF @ OKL,Sioux Falls Skyforce,SXF,97,False,0.398,0.382,0.714,45,19,12,Oklahoma City Blue,OKL,108,True,0.43,0.326,0.786,53,28,10,205,11
2021,0022100829,2022-02-09,POR vs. LAL,Los Angeles Lakers,LAL,105,False,0.554,0.459,0.462,38,29,21,Portland Trail Blazers,POR,107,True,0.472,0.313,0.813,41,26,11,212,2
2021,2022100238,2022-02-09,CCG vs. CPS,College Park Skyhawks,CPS,120,True,0.483,0.409,0.739,42,20,10,Capital City Go-Go,CCG,113,False,0.441,0.333,0.938,50,23,15,233,7
2021,0022100830,2022-02-09,MIN @ SAC,Minnesota Timberwolves,MIN,119,False,0.449,0.348,0.833,34,28,10,Sacramento Kings,SAC,132,True,0.516,0.4,0.889,51,32,13,251,13
2021,0022100826,2022-02-09,CHA vs. CHI,Chicago Bulls,CHI,121,True,0.561,0.485,0.684,40,27,12,Charlotte Hornets,CHA,109,False,0.43,0.302,0.696,43,26,8,230,12
2021,0022100831,2022-02-10,MEM @ DET,Memphis Grizzlies,MEM,132,True,0.478,0.5,0.69,60,32,12,Detroit Pistons,DET,107,False,0.436,0.2,0.857,40,27,9,239,25
2021,0022100832,2022-02-10,BKN @ WAS,Brooklyn Nets,BKN,112,False,0.464,0.345,0.857,42,19,10,Washington Wizards,WAS,113,True,0.506,0.355,0.889,41,29,11,225,1
2021,2022100245,2022-02-10,DEL @ FWN,Delaware Blue Coats,DEL,134,True,0.515,0.341,0.579,54,30,19,Fort Wayne Mad Ants,FWN,121,False,0.443,0.39,0.857,43,23,23,255,13
2021,0022100834,2022-02-10,TOR @ HOU,Toronto Raptors,TOR,139,True,0.546,0.385,0.818,37,25,11,Houston Rockets,HOU,120,False,0.524,0.421,0.6,41,25,21,259,19
2021,2022100243,2022-02-10,WES @ CPS,Westchester Knicks,WES,118,False,0.45,0.294,0.706,43,26,6,College Park Skyhawks,CPS,123,True,0.484,0.405,1.0,51,32,13,241,5
2021,2022100246,2022-02-10,AUS vs. RGV,Rio Grande Valley Vipers,RGV,139,True,0.522,0.375,0.762,41,29,16,Austin Spurs,AUS,127,False,0.56,0.444,0.786,36,24,20,266,12
2021,0022100835,2022-02-10,DAL vs. LAC,LA Clippers,LAC,105,False,0.481,0.391,0.72,31,24,10,Dallas Mavericks,DAL,112,True,0.487,0.333,0.852,41,19,13,217,7
2021,2022100249,2022-02-10,SBL vs. SCW,Santa Cruz Warriors,SCW,117,True,0.49,0.343,0.875,43,38,16,South Bay Lakers,SBL,111,False,0.476,0.281,0.8,41,26,19,228,6
2021,0022100836,2022-02-10,MIL @ PHX,Milwaukee Bucks,MIL,107,False,0.455,0.263,0.68,39,18,14,Phoenix Suns,PHX,131,True,0.567,0.3,0.69,43,35,8,238,24
2021,0022100837,2022-02-10,GSW vs. NYK,New York Knicks,NYK,116,True,0.433,0.389,0.727,51,24,13,Golden State Warriors,GSW,114,False,0.462,0.333,0.882,38,27,7,230,2
2021,2022100248,2022-02-10,MNE vs. WIS,Wisconsin Herd,WIS,117,False,0.475,0.293,0.583,51,30,13,Maine Celtics,MNE,121,True,0.489,0.347,0.667,48,37,16,238,4
2021,0022100833,2022-02-10,NOP vs. MIA,Miami Heat,MIA,112,True,0.481,0.313,0.857,43,25,13,New Orleans Pelicans,NOP,97,False,0.424,0.268,0.875,39,19,17,209,15
2021,2022100244,2022-02-10,IWA @ MHU,Iowa Wolves,IWA,111,True,0.465,0.368,0.824,55,23,26,Memphis Hustle,MHU,106,False,0.406,0.206,0.706,45,22,12,217,5
2021,0022100843,2022-02-11,MIN @ CHI,Minnesota Timberwolves,MIN,122,False,0.5,0.325,0.813,32,32,9,Chicago Bulls,CHI,134,True,0.632,0.452,0.769,43,32,13,256,12
2021,2022100253,2022-02-11,ACC @ TEX,Agua Caliente Clippers,ACC,127,True,0.531,0.333,0.917,43,32,13,Texas Legends,TEX,111,False,0.506,0.44,0.75,33,28,18,238,16
2021,2022100252,2022-02-11,WCB vs. LIN,Long Island Nets,LIN,110,True,0.467,0.243,0.909,46,29,12,Windy City Bulls,WCB,107,False,0.464,0.355,0.706,40,24,15,217,3
2021,0022100844,2022-02-11,ORL @ UTA,Orlando Magic,ORL,99,False,0.44,0.371,0.75,40,23,18,Utah Jazz,UTA,114,True,0.449,0.317,0.875,50,22,15,213,15
2021,0022100842,2022-02-11,DEN @ BOS,Denver Nuggets,DEN,102,False,0.433,0.25,0.722,52,23,21,Boston Celtics,BOS,108,True,0.396,0.27,0.733,54,24,12,210,6
2021,2022100250,2022-02-11,CCG @ GRG,Capital City Go-Go,CCG,117,True,0.456,0.333,0.75,44,25,13,Grand Rapids Gold,GRG,114,False,0.506,0.323,0.8,40,34,17,231,3
2021,0022100840,2022-02-11,PHI vs. OKC,Oklahoma City Thunder,OKC,87,False,0.389,0.171,0.917,52,21,15,Philadelphia 76ers,PHI,100,True,0.387,0.269,0.808,55,19,11,187,13
2021,2022100251,2022-02-11,SXF vs. STO,Stockton Kings,STO,101,False,0.513,0.391,0.667,36,26,20,Sioux Falls Skyforce,SXF,113,True,0.512,0.444,0.778,37,30,14,214,12
2021,0022100839,2022-02-11,IND vs. CLE,Cleveland Cavaliers,CLE,120,True,0.531,0.375,0.833,32,20,13,Indiana Pacers,IND,113,False,0.472,0.474,0.688,38,25,20,233,7
2021,0022100841,2022-02-11,SAS @ ATL,San Antonio Spurs,SAS,136,True,0.556,0.563,0.857,41,37,14,Atlanta Hawks,ATL,121,False,0.456,0.326,0.867,49,28,14,257,15
2021,0022100838,2022-02-11,DET vs. CHA,Charlotte Hornets,CHA,141,True,0.557,0.429,0.652,51,36,18,Detroit Pistons,DET,119,False,0.471,0.343,0.611,45,32,18,260,22
2021,2022100258,2022-02-12,RGV @ BIR,Rio Grande Valley Vipers,RGV,140,True,0.545,0.4,0.824,45,30,17,Birmingham Squadron,BIR,120,False,0.472,0.297,0.938,39,28,14,260,20
2021,0022100851,2022-02-12,BKN @ MIA,Brooklyn Nets,BKN,111,False,0.452,0.3,0.682,41,16,8,Miami Heat,MIA,115,True,0.5,0.345,0.793,52,20,15,226,4
2021,0022100850,2022-02-12,TOR vs. DEN,Denver Nuggets,DEN,110,True,0.464,0.378,0.857,50,28,17,Toronto Raptors,TOR,109,False,0.489,0.353,0.647,35,22,7,219,1
2021,0022100852,2022-02-12,CHI vs. OKC,Oklahoma City Thunder,OKC,101,False,0.386,0.306,0.733,43,22,8,Chicago Bulls,CHI,106,True,0.449,0.28,0.826,57,20,13,207,5
2021,2022100261,2022-02-12,SBL vs. SCW,Santa Cruz Warriors,SCW,89,False,0.375,0.262,0.667,39,20,22,South Bay Lakers,SBL,127,True,0.481,0.286,0.778,56,38,9,216,38
2021,0022100855,2022-02-12,PHX vs. ORL,Orlando Magic,ORL,105,False,0.425,0.366,0.667,44,25,14,Phoenix Suns,PHX,132,True,0.524,0.441,0.7,52,40,7,237,27
2021,2022100259,2022-02-12,SXF vs. SLC,Salt Lake City Stars,SLC,107,False,0.481,0.433,0.786,35,21,18,Sioux Falls Skyforce,SXF,119,True,0.489,0.333,0.842,45,27,15,226,12
2021,0022100848,2022-02-12,NOP vs. SAS,San Antonio Spurs,SAS,124,True,0.505,0.378,0.842,34,26,5,New Orleans Pelicans,NOP,114,False,0.494,0.344,0.85,46,22,15,238,10
2021,0022100847,2022-02-12,WAS vs. SAC,Sacramento Kings,SAC,123,True,0.566,0.429,0.862,42,27,14,Washington Wizards,WAS,110,False,0.466,0.342,0.714,32,26,9,233,13
2021,0022100845,2022-02-12,POR vs. NYK,New York Knicks,NYK,103,False,0.383,0.308,0.853,41,19,12,Portland Trail Blazers,POR,112,True,0.476,0.375,0.85,51,29,15,215,9
2021,2022100254,2022-02-12,CPS vs. FWN,Fort Wayne Mad Ants,FWN,112,True,0.476,0.242,0.867,41,26,16,College Park Skyhawks,CPS,97,False,0.375,0.219,0.75,50,20,23,209,15
2021,2022100260,2022-02-12,WCB vs. LIN,Long Island Nets,LIN,112,True,0.494,0.5,0.667,44,24,16,Windy City Bulls,WCB,98,False,0.443,0.27,0.588,39,21,12,210,14
2021,2022100255,2022-02-12,DEL vs. RAP,Raptors 905,RAP,109,True,0.387,0.27,0.818,63,22,21,Delaware Blue Coats,DEL,104,False,0.391,0.308,0.7,43,21,16,213,5
2021,0022100853,2022-02-12,DAL vs. LAC,LA Clippers,LAC,99,True,0.524,0.318,0.545,42,23,14,Dallas Mavericks,DAL,97,False,0.412,0.385,0.632,44,16,14,196,2
2021,0022100846,2022-02-12,MEM @ CHA,Memphis Grizzlies,MEM,125,True,0.49,0.333,0.606,57,31,17,Charlotte Hornets,CHA,118,False,0.402,0.311,0.788,53,28,16,243,7
2021,0022100849,2022-02-12,PHI vs. CLE,Cleveland Cavaliers,CLE,93,False,0.468,0.333,0.867,34,21,15,Philadelphia 76ers,PHI,103,True,0.481,0.455,0.81,40,24,11,196,10
2021,0022100854,2022-02-12,GSW vs. LAL,Los Angeles Lakers,LAL,115,False,0.466,0.407,0.667,48,25,8,Golden State Warriors,GSW,117,True,0.444,0.316,0.735,50,24,9,232,2
2021,2022100257,2022-02-12,MNE vs. GBO,Greensboro Swarm,GBO,99,False,0.43,0.347,0.714,41,24,14,Maine Celtics,MNE,105,True,0.473,0.308,0.75,49,28,11,204,6
2021,2022100265,2022-02-13,CCG @ GRG,Capital City Go-Go,CCG,106,True,0.402,0.29,0.938,41,21,14,Grand Rapids Gold,GRG,103,False,0.457,0.297,0.786,48,21,20,209,3
2021,0022100856,2022-02-13,ATL @ BOS,Atlanta Hawks,ATL,95,False,0.366,0.316,1.0,48,18,13,Boston Celtics,BOS,105,True,0.424,0.289,0.815,54,21,12,200,10
2021,0022100857,2022-02-13,MIN @ IND,Minnesota Timberwolves,MIN,129,True,0.512,0.529,0.893,38,23,13,Indiana Pacers,IND,120,False,0.441,0.289,0.773,54,28,13,249,9
2021,2022100262,2022-02-13,CLC @ WES,Cleveland Charge,CLC,100,False,0.416,0.366,0.7,40,16,17,Westchester Knicks,WES,141,True,0.591,0.545,0.8,42,33,12,241,41
2021,2022100264,2022-02-13,OKL @ MHU,Oklahoma City Blue,OKL,97,False,0.407,0.333,0.643,58,23,20,Memphis Hustle,MHU,104,True,0.34,0.317,0.682,57,19,9,201,7
2021,0022100866,2022-02-14,GSW @ LAC,Golden State Warriors,GSW,104,False,0.453,0.39,0.769,38,23,14,LA Clippers,LAC,119,True,0.565,0.441,0.533,43,25,12,223,15
2021,0022100859,2022-02-14,BKN vs. SAC,Sacramento Kings,SAC,85,False,0.344,0.257,0.778,43,12,18,Brooklyn Nets,BKN,109,True,0.512,0.346,0.933,49,25,16,194,24
2021,2022100263,2022-02-14,ACC @ AUS,Agua Caliente Clippers,ACC,116,True,0.563,0.32,0.538,53,26,14,Austin Spurs,AUS,78,False,0.33,0.129,0.563,36,16,15,194,38
2021,2022100266,2022-02-14,CPS vs. FWN,Fort Wayne Mad Ants,FWN,137,True,0.505,0.409,0.917,47,27,14,College Park Skyhawks,CPS,128,False,0.459,0.366,1.0,49,25,14,265,9
2021,0022100860,2022-02-14,NYK vs. OKC,Oklahoma City Thunder,OKC,127,True,0.5,0.382,0.667,46,28,11,New York Knicks,NYK,123,False,0.417,0.3,0.818,56,28,14,250,4
2021,0022100858,2022-02-14,WAS vs. DET,Detroit Pistons,DET,94,False,0.376,0.348,0.815,44,19,11,Washington Wizards,WAS,103,True,0.471,0.31,0.778,45,21,15,197,9
2021,0022100865,2022-02-14,HOU @ UTA,Houston Rockets,HOU,101,False,0.422,0.324,0.679,33,23,12,Utah Jazz,UTA,135,True,0.551,0.45,0.864,53,34,13,236,34
2021,0022100864,2022-02-14,ORL @ DEN,Orlando Magic,ORL,111,False,0.44,0.282,0.87,42,24,15,Denver Nuggets,DEN,121,True,0.477,0.4,0.913,52,25,22,232,10
2021,0022100861,2022-02-14,CHI vs. SAS,San Antonio Spurs,SAS,109,False,0.478,0.3,0.714,33,28,7,Chicago Bulls,CHI,120,True,0.523,0.417,0.857,53,25,15,229,11
2021,2022100269,2022-02-14,MHU vs. OKL,Oklahoma City Blue,OKL,116,True,0.462,0.368,0.714,61,29,17,Memphis Hustle,MHU,87,False,0.333,0.212,0.692,50,17,15,203,29
2021,2022100267,2022-02-14,GRG vs. LIN,Long Island Nets,LIN,115,True,0.483,0.425,0.778,57,24,15,Grand Rapids Gold,GRG,86,False,0.337,0.189,0.9,44,14,10,201,29
2021,0022100863,2022-02-14,TOR @ NOP,Toronto Raptors,TOR,90,False,0.305,0.235,0.774,44,8,6,New Orleans Pelicans,NOP,120,True,0.584,0.457,0.875,47,36,13,210,30
2021,0022100862,2022-02-14,POR @ MIL,Portland Trail Blazers,POR,122,True,0.455,0.419,0.737,58,30,13,Milwaukee Bucks,MIL,107,False,0.427,0.317,0.75,43,18,13,229,15
2021,2022100268,2022-02-14,IWA vs. SCW,Santa Cruz Warriors,SCW,119,True,0.409,0.318,0.76,47,28,7,Iowa Wolves,IWA,113,False,0.418,0.225,0.81,52,30,12,232,6
2021,2022100274,2022-02-15,STO vs. TEX,Texas Legends,TEX,113,True,0.547,0.483,1.0,41,24,20,Stockton Kings,STO,107,False,0.462,0.394,0.667,35,26,11,220,6
2021,0022100870,2022-02-15,IND @ MIL,Indiana Pacers,IND,119,False,0.505,0.415,0.421,41,32,12,Milwaukee Bucks,MIL,128,True,0.558,0.345,0.733,47,28,13,247,9
2021,2022100272,2022-02-15,WIS vs. WCB,Windy City Bulls,WCB,111,True,0.511,0.308,0.538,46,25,13,Wisconsin Herd,WIS,101,False,0.429,0.29,0.733,41,22,20,212,10
2021,0022100872,2022-02-15,NOP vs. MEM,Memphis Grizzlies,MEM,121,True,0.5,0.294,0.63,49,29,12,New Orleans Pelicans,NOP,109,False,0.5,0.154,0.85,34,20,15,230,12
2021,2022100271,2022-02-15,SXF vs. RGV,Rio Grande Valley Vipers,RGV,119,False,0.511,0.341,0.727,43,23,16,Sioux Falls Skyforce,SXF,130,True,0.588,0.548,0.722,36,31,12,249,11
2021,0022100867,2022-02-15,CLE @ ATL,Cleveland Cavaliers,CLE,116,False,0.511,0.39,0.833,39,30,13,Atlanta Hawks,ATL,124,True,0.538,0.424,0.889,35,25,11,240,8
2021,0022100873,2022-02-15,LAC @ PHX,LA Clippers,LAC,96,False,0.412,0.286,0.667,46,26,13,Phoenix Suns,PHX,103,True,0.489,0.32,0.7,52,30,16,199,7
2021,2022100505,2022-02-15,SBL @ SLC,South Bay Lakers,SBL,116,True,0.469,0.378,0.636,42,31,13,Salt Lake City Stars,SLC,115,False,0.471,0.343,0.875,49,21,19,231,1
2021,0022100869,2022-02-15,BOS @ PHI,Boston Celtics,BOS,135,True,0.561,0.556,0.818,51,28,9,Philadelphia 76ers,PHI,87,False,0.288,0.25,0.846,40,17,9,222,48
2021,0022100868,2022-02-15,DAL @ MIA,Dallas Mavericks,DAL,107,True,0.447,0.439,0.636,38,27,8,Miami Heat,MIA,99,False,0.417,0.259,0.815,48,19,12,206,8
2021,0022100871,2022-02-15,CHA @ MIN,Charlotte Hornets,CHA,120,False,0.412,0.242,0.757,62,31,14,Minnesota Timberwolves,MIN,126,True,0.394,0.236,0.628,58,29,13,246,6
2021,0022100883,2022-02-16,GSW vs. DEN,Denver Nuggets,DEN,117,True,0.473,0.389,0.81,48,27,18,Golden State Warriors,GSW,116,False,0.517,0.294,0.667,37,26,10,233,1
2021,0022100882,2022-02-16,PHX vs. HOU,Houston Rockets,HOU,121,False,0.433,0.295,0.857,49,23,16,Phoenix Suns,PHX,124,True,0.512,0.292,0.806,42,27,11,245,3
2021,0022100878,2022-02-16,SAC @ CHI,Sacramento Kings,SAC,118,False,0.512,0.4,0.909,36,24,13,Chicago Bulls,CHI,125,True,0.5,0.414,0.95,47,25,11,243,7
2021,0022100881,2022-02-16,SAS @ OKC,San Antonio Spurs,SAS,114,True,0.439,0.294,0.818,57,29,13,Oklahoma City Thunder,OKC,106,False,0.39,0.344,0.684,50,25,8,220,8
2021,2022100273,2022-02-16,SLC vs. AUS,Austin Spurs,AUS,125,True,0.533,0.405,0.636,49,33,16,Salt Lake City Stars,SLC,104,False,0.411,0.294,0.688,47,27,18,229,21
2021,0022100874,2022-02-16,ATL @ ORL,Atlanta Hawks,ATL,130,True,0.5,0.545,0.786,47,23,11,Orlando Magic,ORL,109,False,0.429,0.317,0.923,45,23,13,239,21
2021,0022100875,2022-02-16,DET @ BOS,Detroit Pistons,DET,112,True,0.462,0.533,0.769,47,28,16,Boston Celtics,BOS,111,False,0.545,0.406,0.778,30,29,15,223,1
2021,2022100278,2022-02-16,RAP @ WES,Raptors 905,RAP,106,False,0.453,0.192,0.727,52,26,19,Westchester Knicks,WES,119,True,0.505,0.389,0.7,40,30,16,225,13
2021,0022100880,2022-02-16,TOR @ MIN,Toronto Raptors,TOR,103,True,0.455,0.32,0.789,48,21,13,Minnesota Timberwolves,MIN,91,False,0.39,0.238,0.724,42,23,14,194,12
2021,2022100277,2022-02-16,LIN @ GRG,Long Island Nets,LIN,115,True,0.563,0.424,0.615,45,23,16,Grand Rapids Gold,GRG,102,False,0.455,0.353,0.6,34,23,10,217,13
2021,2022100279,2022-02-16,ACC vs. SBL,South Bay Lakers,SBL,111,True,0.468,0.344,0.583,48,31,16,Agua Caliente Clippers,ACC,98,False,0.451,0.259,0.733,42,21,19,209,13
2021,2022100276,2022-02-16,GBO @ CCG,Greensboro Swarm,GBO,85,False,0.411,0.279,0.875,34,19,19,Capital City Go-Go,CCG,106,True,0.423,0.225,0.615,57,27,11,191,21
2021,2022100275,2022-02-16,BIR @ OKL,Birmingham Squadron,BIR,102,True,0.457,0.294,0.824,48,25,13,Oklahoma City Blue,OKL,96,False,0.422,0.22,0.636,46,22,11,198,6
2021,0022100879,2022-02-16,POR @ MEM,Portland Trail Blazers,POR,123,True,0.506,0.406,0.75,43,23,12,Memphis Grizzlies,MEM,119,False,0.435,0.367,0.81,39,20,9,242,4
2021,0022100877,2022-02-16,BKN @ NYK,Brooklyn Nets,BKN,111,True,0.439,0.324,0.609,51,21,9,New York Knicks,NYK,106,False,0.435,0.372,0.889,44,22,9,217,5
2021,0022100884,2022-02-16,UTA @ LAL,Utah Jazz,UTA,101,False,0.468,0.333,0.842,41,17,13,Los Angeles Lakers,LAL,106,True,0.477,0.278,0.636,44,24,11,207,5
2021,0022100876,2022-02-16,WAS @ IND,Washington Wizards,WAS,108,False,0.429,0.459,0.813,44,25,12,Indiana Pacers,IND,113,True,0.542,0.2,0.655,40,30,11,221,5
2021,0022100886,2022-02-17,NOP vs. DAL,Dallas Mavericks,DAL,125,True,0.537,0.475,0.72,38,18,8,New Orleans Pelicans,NOP,118,False,0.5,0.429,0.667,48,22,13,243,7
2021,2022100283,2022-02-17,WIS @ RAP,Wisconsin Herd,WIS,133,True,0.548,0.421,0.682,47,26,21,Raptors 905,RAP,124,False,0.444,0.325,0.636,43,30,17,257,9
2021,2022100284,2022-02-17,RGV @ SXF,Rio Grande Valley Vipers,RGV,127,True,0.565,0.375,0.813,45,24,19,Sioux Falls Skyforce,SXF,117,False,0.489,0.37,0.765,30,25,11,244,10
2021,0022100885,2022-02-17,MIA @ CHA,Miami Heat,MIA,111,True,0.402,0.292,0.652,56,31,14,Charlotte Hornets,CHA,107,False,0.4,0.238,0.7,58,27,18,218,4
2021,2022100282,2022-02-17,MCC vs. FWN,Fort Wayne Mad Ants,FWN,120,False,0.431,0.286,0.867,59,25,11,Motor City Cruise,MCC,132,True,0.414,0.304,0.81,61,29,7,252,12
2021,2022100281,2022-02-17,CPS @ MNE,College Park Skyhawks,CPS,113,False,0.448,0.308,0.813,54,22,23,Maine Celtics,MNE,122,True,0.475,0.324,0.786,48,34,15,235,9
2021,2022100280,2022-02-17,DEL vs. WCB,Windy City Bulls,WCB,96,False,0.444,0.282,0.5,46,24,20,Delaware Blue Coats,DEL,115,True,0.537,0.4,0.636,43,29,21,211,19
2021,2022100285,2022-02-17,MHU vs. STO,Stockton Kings,STO,114,False,0.51,0.303,0.364,44,31,16,Memphis Hustle,MHU,121,True,0.5,0.438,0.778,40,29,18,235,7
2021,0022100887,2022-02-17,PHI @ MIL,Philadelphia 76ers,PHI,123,True,0.5,0.353,0.852,46,21,12,Milwaukee Bucks,MIL,120,False,0.442,0.318,0.786,44,20,7,243,3
2021,0022100464,2022-02-17,WAS @ BKN,Washington Wizards,WAS,117,True,0.554,0.5,0.813,38,26,15,Brooklyn Nets,BKN,103,False,0.404,0.368,0.708,42,19,15,220,14
2021,2022100286,2022-02-17,TEX @ SCW,Texas Legends,TEX,112,True,0.484,0.424,0.714,41,31,9,Santa Cruz Warriors,SCW,97,False,0.404,0.244,0.818,50,19,16,209,15
2021,0022100888,2022-02-17,LAC vs. HOU,Houston Rockets,HOU,111,False,0.462,0.351,0.737,35,29,18,LA Clippers,LAC,142,True,0.554,0.514,0.846,50,34,16,253,31
2021,2022100506,2022-02-22,OKL vs. SXF,Sioux Falls Skyforce,SXF,89,False,0.314,0.452,0.917,36,18,20,Oklahoma City Blue,OKL,130,True,0.541,0.4,0.813,55,27,18,219,41
2021,2022100292,2022-02-23,IWA vs. SLC,Salt Lake City Stars,SLC,109,False,0.447,0.313,0.615,43,25,15,Iowa Wolves,IWA,116,True,0.529,0.39,0.545,47,32,17,225,7
2021,2022100291,2022-02-23,GBO vs. RAP,Raptors 905,RAP,100,True,0.394,0.2,0.667,57,23,20,Greensboro Swarm,GBO,98,False,0.453,0.4,0.867,39,19,21,198,2
2021,2022100295,2022-02-23,TEX vs. RGV,Rio Grande Valley Vipers,RGV,141,True,0.51,0.419,0.833,59,29,16,Texas Legends,TEX,95,False,0.352,0.258,0.765,44,20,19,236,46
2021,2022100294,2022-02-23,SXF @ OKL,Sioux Falls Skyforce,SXF,115,True,0.474,0.444,0.84,42,21,16,Oklahoma City Blue,OKL,111,False,0.441,0.4,0.583,42,27,12,226,4
2021,2022100287,2022-02-23,WCB vs. GRG,Grand Rapids Gold,GRG,116,False,0.456,0.268,0.813,50,21,18,Windy City Bulls,WCB,117,True,0.474,0.4,0.588,42,28,14,233,1
2021,2022100289,2022-02-23,CLC vs. FWN,Fort Wayne Mad Ants,FWN,133,True,0.505,0.41,0.545,57,33,7,Cleveland Charge,CLC,110,False,0.446,0.258,0.533,52,26,14,243,23
2021,2022100293,2022-02-23,MHU vs. AUS,Austin Spurs,AUS,142,True,0.528,0.45,0.8,57,31,10,Memphis Hustle,MHU,116,False,0.441,0.273,0.714,47,20,10,258,26
2021,2022100296,2022-02-23,MCC @ WIS,Motor City Cruise,MCC,110,True,0.418,0.304,0.667,53,25,20,Wisconsin Herd,WIS,107,False,0.426,0.333,0.538,50,26,24,217,3
2021,2022100288,2022-02-23,STO vs. SBL,South Bay Lakers,SBL,118,True,0.523,0.357,0.824,45,35,19,Stockton Kings,STO,112,False,0.479,0.419,0.625,42,32,20,230,6
2021,2022100290,2022-02-23,CCG @ CPS,Capital City Go-Go,CCG,132,True,0.554,0.333,0.778,41,28,13,College Park Skyhawks,CPS,106,False,0.47,0.474,0.579,37,23,18,238,26
2021,2022100301,2022-02-24,WES @ WIS,Westchester Knicks,WES,125,True,0.523,0.464,0.706,56,33,14,Wisconsin Herd,WIS,86,False,0.375,0.2,0.455,48,11,19,211,39
2021,2022100300,2022-02-24,LAK @ LIN,Lakeland Magic,LAK,107,False,0.494,0.429,0.429,30,26,13,Long Island Nets,LIN,111,True,0.444,0.368,0.789,54,16,23,218,4
2021,2022100297,2022-02-24,ACC vs. STO,Stockton Kings,STO,119,True,0.588,0.577,0.583,33,28,11,Agua Caliente Clippers,ACC,107,False,0.471,0.346,0.818,39,24,13,226,12
2021,2022100299,2022-02-24,MNE @ GRG,Maine Celtics,MNE,118,False,0.465,0.356,0.867,32,22,13,Grand Rapids Gold,GRG,129,True,0.485,0.4,0.7,52,26,14,247,11
2021,0022100889,2022-02-24,CLE @ DET,Cleveland Cavaliers,CLE,103,False,0.442,0.343,0.676,43,20,12,Detroit Pistons,DET,106,True,0.407,0.324,0.893,49,23,10,209,3
2021,0022100894,2022-02-24,POR vs. GSW,Golden State Warriors,GSW,132,True,0.511,0.366,0.844,46,36,12,Portland Trail Blazers,POR,95,False,0.392,0.257,0.828,31,16,18,227,37
2021,0022100890,2022-02-24,BOS @ BKN,Boston Celtics,BOS,129,True,0.541,0.405,0.741,48,28,13,Brooklyn Nets,BKN,106,False,0.415,0.241,0.75,38,25,10,235,23
2021,2022100298,2022-02-24,FWN @ DEL,Fort Wayne Mad Ants,FWN,108,False,0.358,0.2,0.778,53,21,19,Delaware Blue Coats,DEL,131,True,0.515,0.378,0.8,53,39,21,239,23
2021,0022100895,2022-02-24,DEN @ SAC,Denver Nuggets,DEN,128,True,0.558,0.429,0.85,39,30,16,Sacramento Kings,SAC,110,False,0.5,0.31,0.833,34,25,15,238,18
2021,0022100893,2022-02-24,PHX @ OKC,Phoenix Suns,PHX,124,True,0.535,0.382,0.905,43,32,15,Oklahoma City Thunder,OKC,104,False,0.473,0.194,0.909,42,22,16,228,20
2021,0022100891,2022-02-24,CHI vs. ATL,Atlanta Hawks,ATL,108,False,0.423,0.286,0.667,45,20,9,Chicago Bulls,CHI,112,True,0.488,0.296,0.815,43,16,8,220,4
2021,0022100892,2022-02-24,MEM @ MIN,Memphis Grizzlies,MEM,114,False,0.388,0.29,0.725,59,25,15,Minnesota Timberwolves,MIN,119,True,0.462,0.381,0.68,42,26,12,233,5
2021,2022100302,2022-02-24,SCW vs. BIR,Birmingham Squadron,BIR,126,True,0.5,0.477,0.706,40,29,14,Santa Cruz Warriors,SCW,120,False,0.523,0.375,1.0,38,28,15,246,6
2021,0022100901,2022-02-25,MIN vs. PHI,Philadelphia 76ers,PHI,133,True,0.512,0.487,0.833,42,30,11,Minnesota Timberwolves,MIN,102,False,0.419,0.231,0.84,41,23,16,235,31
2021,2022100305,2022-02-25,AUS @ MHU,Austin Spurs,AUS,114,True,0.394,0.41,0.75,60,25,15,Memphis Hustle,MHU,105,False,0.412,0.294,0.714,47,23,18,219,9
2021,0022100903,2022-02-25,DAL @ UTA,Dallas Mavericks,DAL,109,False,0.477,0.436,1.0,30,22,11,Utah Jazz,UTA,114,True,0.541,0.421,0.818,44,22,18,223,5
2021,0022100904,2022-02-25,LAC @ LAL,LA Clippers,LAC,105,True,0.494,0.385,0.684,47,25,15,Los Angeles Lakers,LAL,102,False,0.419,0.258,0.762,47,18,12,207,3
2021,2022100303,2022-02-25,CCG vs. CLC,Cleveland Charge,CLC,111,False,0.473,0.423,0.571,60,23,17,Capital City Go-Go,CCG,112,True,0.453,0.343,0.692,39,24,10,223,1
2021,0022100900,2022-02-25,MIA @ NYK,Miami Heat,MIA,115,True,0.47,0.344,0.743,44,22,8,New York Knicks,NYK,100,False,0.4,0.35,0.722,45,19,18,215,15
2021,2022100306,2022-02-25,RGV vs. OKL,Oklahoma City Blue,OKL,118,False,0.489,0.355,0.688,46,27,15,Rio Grande Valley Vipers,RGV,126,True,0.444,0.477,0.75,44,31,14,244,8
2021,2022100304,2022-02-25,RAP @ GBO,Raptors 905,RAP,130,True,0.577,0.529,0.722,34,32,12,Greensboro Swarm,GBO,115,False,0.528,0.556,0.765,33,22,17,245,15
2021,0022100897,2022-02-25,IND vs. OKC,Oklahoma City Thunder,OKC,129,True,0.495,0.355,0.75,54,23,11,Indiana Pacers,IND,125,False,0.485,0.378,0.591,51,31,14,254,4
2021,0022100902,2022-02-25,NOP @ PHX,New Orleans Pelicans,NOP,117,True,0.437,0.276,0.805,53,21,10,Phoenix Suns,PHX,102,False,0.439,0.3,0.75,37,23,14,219,15
2021,0022100896,2022-02-25,TOR @ CHA,Toronto Raptors,TOR,93,False,0.44,0.261,0.565,36,18,16,Charlotte Hornets,CHA,125,True,0.553,0.375,0.667,52,34,16,218,32
2021,0022100899,2022-02-25,SAS @ WAS,San Antonio Spurs,SAS,157,True,0.543,0.31,0.791,50,35,17,Washington Wizards,WAS,153,False,0.546,0.421,0.792,39,36,15,310,4
2021,0022100898,2022-02-25,ORL vs. HOU,Houston Rockets,HOU,111,False,0.468,0.298,0.45,41,22,13,Orlando Magic,ORL,119,True,0.506,0.361,0.759,54,20,18,230,8
2021,0022100908,2022-02-26,SAS @ MIA,San Antonio Spurs,SAS,129,False,0.556,0.452,0.789,46,33,20,Miami Heat,MIA,133,True,0.566,0.429,0.711,32,25,11,262,4
2021,2022100307,2022-02-26,DEL @ CPS,Delaware Blue Coats,DEL,113,True,0.451,0.214,0.8,53,26,15,College Park Skyhawks,CPS,102,False,0.418,0.28,0.688,48,23,16,215,11
2021,0022100905,2022-02-26,DET vs. BOS,Boston Celtics,BOS,113,True,0.477,0.385,0.905,37,31,10,Detroit Pistons,DET,104,False,0.448,0.259,0.864,41,18,14,217,9
2021,2022100313,2022-02-26,RGV vs. TEX,Texas Legends,TEX,110,False,0.484,0.414,0.6,36,27,15,Rio Grande Valley Vipers,RGV,137,True,0.545,0.442,0.5,54,35,14,247,27
2021,0022100907,2022-02-26,CLE vs. WAS,Washington Wizards,WAS,86,False,0.432,0.478,0.833,42,19,18,Cleveland Cavaliers,CLE,92,True,0.386,0.32,0.833,49,22,13,178,6
2021,2022100308,2022-02-26,GBO vs. GRG,Grand Rapids Gold,GRG,122,True,0.519,0.514,0.6,44,26,15,Greensboro Swarm,GBO,106,False,0.447,0.341,0.615,40,28,17,228,16
2021,2022100311,2022-02-26,WCB vs. MNE,Maine Celtics,MNE,94,False,0.368,0.225,0.563,45,21,15,Windy City Bulls,WCB,127,True,0.505,0.361,0.706,57,37,18,221,33
2021,2022100310,2022-02-26,WIS vs. WES,Westchester Knicks,WES,105,True,0.416,0.27,0.667,48,24,13,Wisconsin Herd,WIS,100,False,0.448,0.371,0.455,51,27,18,205,5
2021,2022100312,2022-02-26,STO @ SBL,Stockton Kings,STO,119,True,0.469,0.382,0.818,39,24,15,South Bay Lakers,SBL,105,False,0.457,0.379,0.632,41,25,19,224,14
2021,0022100910,2022-02-26,BKN @ MIL,Brooklyn Nets,BKN,126,True,0.478,0.382,0.758,40,24,7,Milwaukee Bucks,MIL,123,False,0.526,0.421,0.658,43,24,14,249,3
2021,0022100906,2022-02-26,TOR @ ATL,Toronto Raptors,TOR,100,False,0.4,0.313,0.737,42,25,11,Atlanta Hawks,ATL,127,True,0.578,0.419,0.818,45,27,12,227,27
2021,0022100911,2022-02-26,DEN vs. SAC,Sacramento Kings,SAC,110,False,0.427,0.3,0.758,45,24,12,Denver Nuggets,DEN,115,True,0.463,0.372,0.793,45,29,12,225,5
2021,0022100909,2022-02-26,MEM @ CHI,Memphis Grizzlies,MEM,116,True,0.44,0.304,0.808,61,23,13,Chicago Bulls,CHI,110,False,0.419,0.45,0.767,41,17,9,226,6
2021,2022100314,2022-02-26,BIR @ SCW,Birmingham Squadron,BIR,94,False,0.407,0.3,0.692,34,19,13,Santa Cruz Warriors,SCW,118,True,0.512,0.333,1.0,46,26,12,212,24
2021,2022100309,2022-02-26,MHU vs. SXF,Sioux Falls Skyforce,SXF,101,True,0.429,0.304,0.87,47,19,17,Memphis Hustle,MHU,96,False,0.398,0.265,0.615,52,23,14,197,5
2021,0022100919,2022-02-27,NOP @ LAL,New Orleans Pelicans,NOP,123,True,0.511,0.433,0.64,51,29,15,Los Angeles Lakers,LAL,95,False,0.417,0.206,0.9,38,15,23,218,28
2021,0022100912,2022-02-27,NYK vs. PHI,Philadelphia 76ers,PHI,125,True,0.487,0.303,0.886,43,28,10,New York Knicks,NYK,109,False,0.447,0.333,0.629,47,21,18,234,16
2021,0022100913,2022-02-27,UTA @ PHX,Utah Jazz,UTA,118,True,0.468,0.425,0.65,41,23,9,Phoenix Suns,PHX,114,False,0.512,0.464,0.813,36,24,9,232,4
2021,2022100316,2022-02-27,LAK vs. FWN,Fort Wayne Mad Ants,FWN,111,False,0.44,0.353,0.933,42,23,18,Lakeland Magic,LAK,122,True,0.547,0.438,0.789,35,26,11,233,11
2021,0022100918,2022-02-27,DEN @ POR,Denver Nuggets,DEN,124,True,0.512,0.324,0.774,55,28,14,Portland Trail Blazers,POR,92,False,0.374,0.167,0.692,42,22,15,216,32
2021,0022100916,2022-02-27,HOU vs. LAC,LA Clippers,LAC,99,True,0.442,0.324,0.714,59,18,18,Houston Rockets,HOU,98,False,0.38,0.405,0.611,37,26,6,197,1
2021,2022100317,2022-02-27,MCC @ LIN,Motor City Cruise,MCC,109,False,0.473,0.276,0.8,38,19,8,Long Island Nets,LIN,113,True,0.439,0.333,0.769,53,21,13,222,4
2021,0022100917,2022-02-27,GSW vs. DAL,Dallas Mavericks,DAL,107,True,0.5,0.382,0.8,45,16,18,Golden State Warriors,GSW,101,False,0.429,0.282,0.6,44,27,10,208,6
2021,0022100915,2022-02-27,DET @ CHA,Detroit Pistons,DET,127,True,0.455,0.35,0.722,54,30,14,Charlotte Hornets,CHA,126,False,0.506,0.419,0.676,46,25,17,253,1
2021,0022100914,2022-02-27,BOS @ IND,Boston Celtics,BOS,107,False,0.429,0.279,0.85,40,25,10,Indiana Pacers,IND,128,True,0.522,0.515,0.85,49,25,14,235,21
2021,2022100318,2022-02-27,MNE @ WCB,Maine Celtics,MNE,99,False,0.442,0.35,0.545,48,30,17,Windy City Bulls,WCB,110,True,0.4,0.3,0.87,47,23,12,209,11
2021,0022100726,2022-02-28,TOR @ BKN,Toronto Raptors,TOR,133,True,0.515,0.474,0.591,47,35,12,Brooklyn Nets,BKN,97,False,0.384,0.343,0.792,45,23,22,230,36
2021,2022100319,2022-02-28,OKL vs. AUS,Austin Spurs,AUS,100,False,0.362,0.229,0.733,64,23,15,Oklahoma City Blue,OKL,108,True,0.419,0.4,0.65,58,19,14,208,8
2021,2022100321,2022-02-28,ACC vs. BIR,Birmingham Squadron,BIR,105,False,0.44,0.368,0.9,36,23,12,Agua Caliente Clippers,ACC,121,True,0.527,0.583,0.75,48,23,12,226,16
2021,0022100920,2022-02-28,MIN @ CLE,Minnesota Timberwolves,MIN,127,True,0.547,0.429,0.789,31,30,13,Cleveland Cavaliers,CLE,122,False,0.527,0.405,0.853,38,29,20,249,5
2021,0022100924,2022-02-28,MIL vs. CHA,Charlotte Hornets,CHA,106,False,0.387,0.359,0.625,40,22,8,Milwaukee Bucks,MIL,130,True,0.44,0.4,0.865,62,25,13,236,24
2021,0022100922,2022-02-28,MIA vs. CHI,Chicago Bulls,CHI,99,False,0.488,0.241,0.667,38,23,14,Miami Heat,MIA,112,True,0.494,0.387,0.769,39,28,14,211,13
2021,2022100320,2022-02-28,SLC vs. IWA,Iowa Wolves,IWA,109,False,0.513,0.333,0.727,38,29,19,Salt Lake City Stars,SLC,113,True,0.541,0.483,0.455,31,23,14,222,4
2021,0022100923,2022-02-28,SAS @ MEM,San Antonio Spurs,SAS,105,False,0.414,0.281,0.737,38,30,9,Memphis Grizzlies,MEM,118,True,0.539,0.423,0.579,55,24,16,223,13
2021,0022100921,2022-02-28,IND @ ORL,Indiana Pacers,IND,103,False,0.486,0.417,0.72,39,22,21,Orlando Magic,ORL,119,True,0.469,0.324,0.773,39,29,10,222,16
2021,0022100925,2022-02-28,SAC @ OKC,Sacramento Kings,SAC,131,True,0.563,0.323,0.767,46,30,16,Oklahoma City Thunder,OKC,110,False,0.465,0.314,0.704,38,28,16,241,21
2021,2022100315,2022-02-28,CCG vs. CLC,Cleveland Charge,CLC,105,False,0.422,0.29,0.824,46,16,14,Capital City Go-Go,CCG,114,True,0.427,0.286,0.579,52,29,6,219,9
2021,2022100324,2022-03-01,MNE @ RAP,Maine Celtics,MNE,92,False,0.374,0.176,0.647,42,18,18,Raptors 905,RAP,128,True,0.55,0.455,1.0,42,25,15,220,36
2021,0022100930,2022-03-01,MIN vs. GSW,Golden State Warriors,GSW,114,False,0.456,0.289,0.864,40,26,17,Minnesota Timberwolves,MIN,129,True,0.528,0.4,0.826,42,27,16,243,15
2021,0022100926,2022-03-01,WAS vs. DET,Detroit Pistons,DET,113,False,0.478,0.296,0.826,43,23,12,Washington Wizards,WAS,116,True,0.5,0.5,0.808,42,29,15,229,3
2021,2022100323,2022-03-01,GBO @ WES,Greensboro Swarm,GBO,108,False,0.476,0.4,0.818,47,32,17,Westchester Knicks,WES,115,True,0.456,0.419,0.643,37,34,9,223,7
2021,2022100322,2022-03-01,GRG vs. WIS,Wisconsin Herd,WIS,127,False,0.505,0.35,0.706,41,32,11,Grand Rapids Gold,GRG,131,True,0.558,0.405,0.778,44,27,16,258,4
2021,0022100928,2022-03-01,BKN @ TOR,Brooklyn Nets,BKN,108,False,0.5,0.4,0.737,37,21,12,Toronto Raptors,TOR,109,True,0.456,0.304,0.87,48,27,13,217,1
2021,0022100929,2022-03-01,LAC @ HOU,LA Clippers,LAC,113,True,0.438,0.419,0.941,55,24,15,Houston Rockets,HOU,100,False,0.396,0.333,0.647,45,21,13,213,13
2021,0022100927,2022-03-01,BOS vs. ATL,Atlanta Hawks,ATL,98,False,0.434,0.226,0.792,37,15,9,Boston Celtics,BOS,107,True,0.47,0.314,0.947,47,27,12,205,9
2021,0022100931,2022-03-01,LAL vs. DAL,Dallas Mavericks,DAL,109,True,0.5,0.286,0.63,45,24,13,Los Angeles Lakers,LAL,104,False,0.451,0.412,0.8,37,22,12,213,5
2021,2022100010,2022-03-01,TEX @ AUS,Texas Legends,TEX,99,True,0.459,0.345,0.6,43,22,16,Austin Spurs,AUS,94,False,0.4,0.207,0.667,48,24,16,193,5
2021,2022100325,2022-03-01,ACC vs. BIR,Birmingham Squadron,BIR,101,False,0.443,0.353,0.636,40,24,18,Agua Caliente Clippers,ACC,109,True,0.532,0.345,0.846,45,23,18,210,8
2021,0022100938,2022-03-02,DEN vs. OKC,Oklahoma City Thunder,OKC,119,True,0.506,0.552,0.714,50,24,14,Denver Nuggets,DEN,107,False,0.444,0.261,0.882,47,25,16,226,12
2021,0022100934,2022-03-02,NYK @ PHI,New York Knicks,NYK,108,False,0.429,0.286,0.688,40,20,7,Philadelphia 76ers,PHI,123,True,0.52,0.472,0.848,43,24,14,231,15
2021,2022100439,2022-03-02,GRG vs. LAK,Lakeland Magic,LAK,119,False,0.489,0.444,0.6,38,29,12,Grand Rapids Gold,GRG,124,True,0.551,0.459,0.737,37,23,15,243,5
2021,2022100329,2022-03-02,IWA @ SLC,Iowa Wolves,IWA,122,False,0.452,0.405,0.944,46,27,18,Salt Lake City Stars,SLC,126,True,0.469,0.333,0.7,54,23,14,248,4
2021,0022100932,2022-03-02,CLE vs. CHA,Charlotte Hornets,CHA,119,True,0.506,0.447,0.727,45,32,10,Cleveland Cavaliers,CLE,98,False,0.468,0.323,0.667,37,21,14,217,21
2021,2022100330,2022-03-02,SCW @ STO,Santa Cruz Warriors,SCW,109,True,0.471,0.243,0.917,52,25,19,Stockton Kings,STO,97,False,0.395,0.333,0.923,39,18,16,206,12
2021,0022100935,2022-03-02,UTA @ HOU,Utah Jazz,UTA,132,True,0.549,0.357,0.708,49,32,19,Houston Rockets,HOU,127,False,0.5,0.412,0.667,34,27,16,259,5
2021,0022100933,2022-03-02,IND @ ORL,Indiana Pacers,IND,122,True,0.436,0.324,0.8,54,23,18,Orlando Magic,ORL,114,False,0.454,0.313,0.8,52,22,18,236,8
2021,0022100937,2022-03-02,SAC @ NOP,Sacramento Kings,SAC,95,False,0.393,0.229,0.68,38,20,11,New Orleans Pelicans,NOP,125,True,0.591,0.379,0.833,50,30,15,220,30
2021,0022100936,2022-03-02,MIL vs. MIA,Miami Heat,MIA,119,False,0.454,0.477,0.833,48,28,10,Milwaukee Bucks,MIL,120,True,0.451,0.389,0.889,52,22,12,239,1
2021,0022100939,2022-03-02,PHX vs. POR,Portland Trail Blazers,POR,90,False,0.385,0.355,0.76,35,22,18,Phoenix Suns,PHX,120,True,0.5,0.389,0.839,46,32,14,210,30
2021,2022100326,2022-03-02,MHU @ OKL,Memphis Hustle,MHU,114,True,0.437,0.306,0.778,47,23,12,Oklahoma City Blue,OKL,109,False,0.506,0.333,0.818,42,20,21,223,5
2021,2022100327,2022-03-02,LIN vs. DEL,Delaware Blue Coats,DEL,113,False,0.426,0.367,0.556,34,26,13,Long Island Nets,LIN,119,True,0.476,0.41,0.8,59,26,26,232,6
2021,2022100328,2022-03-02,CPS @ RAP,College Park Skyhawks,CPS,104,False,0.406,0.5,0.583,40,26,9,Raptors 905,RAP,128,True,0.452,0.361,1.0,68,33,15,232,24
2021,0022100943,2022-03-03,GSW @ DAL,Golden State Warriors,GSW,113,False,0.543,0.5,0.769,37,26,15,Dallas Mavericks,DAL,122,True,0.529,0.459,0.75,32,29,9,235,9
2021,2022100331,2022-03-03,MCC vs. WES,Westchester Knicks,WES,116,False,0.488,0.375,0.917,30,31,11,Motor City Cruise,MCC,121,True,0.495,0.226,0.818,59,23,19,237,5
2021,0022100944,2022-03-03,SAC @ SAS,Sacramento Kings,SAC,115,True,0.459,0.313,0.844,49,26,13,San Antonio Spurs,SAS,112,False,0.495,0.375,0.5,40,28,11,227,3
2021,0022100941,2022-03-03,BKN vs. MIA,Miami Heat,MIA,113,True,0.519,0.333,0.821,35,27,13,Brooklyn Nets,BKN,107,False,0.47,0.387,0.773,30,24,13,220,6
2021,0022100710,2022-03-03,CHI @ ATL,Chicago Bulls,CHI,124,False,0.591,0.538,0.857,32,30,13,Atlanta Hawks,ATL,130,True,0.524,0.45,0.857,33,26,5,254,6
2021,0022100942,2022-03-03,DET @ TOR,Detroit Pistons,DET,108,True,0.452,0.297,0.75,42,25,9,Toronto Raptors,TOR,106,False,0.434,0.269,0.75,41,12,10,214,2
2021,0022100945,2022-03-03,LAC vs. LAL,Los Angeles Lakers,LAL,111,False,0.488,0.343,0.773,36,26,14,LA Clippers,LAC,132,True,0.548,0.63,0.867,46,32,10,243,21
2021,2022100334,2022-03-03,RGV vs. SBL,South Bay Lakers,SBL,111,False,0.365,0.346,0.933,54,22,14,Rio Grande Valley Vipers,RGV,115,True,0.411,0.222,0.833,60,23,20,226,4
2021,2022100333,2022-03-03,TEX @ SXF,Texas Legends,TEX,120,True,0.5,0.5,0.688,37,24,8,Sioux Falls Skyforce,SXF,117,False,0.529,0.5,0.889,43,23,14,237,3
2021,0022100940,2022-03-03,MEM @ BOS,Memphis Grizzlies,MEM,107,False,0.424,0.325,0.769,44,24,7,Boston Celtics,BOS,120,True,0.517,0.432,0.8,51,33,14,227,13
2021,2022100002,2022-03-04,MNE @ CLC,Maine Celtics,MNE,90,False,0.333,0.273,0.625,46,26,4,Cleveland Charge,CLC,95,True,0.443,0.278,0.526,62,19,13,185,5
2021,2022100336,2022-03-04,CPS vs. GBO,Greensboro Swarm,GBO,88,False,0.381,0.133,0.667,45,23,16,College Park Skyhawks,CPS,99,True,0.41,0.308,0.4,59,24,11,187,11
2021,0022100949,2022-03-04,MIL @ CHI,Milwaukee Bucks,MIL,118,True,0.489,0.323,0.667,50,20,13,Chicago Bulls,CHI,112,False,0.5,0.385,0.727,40,25,12,230,6
2021,2022100339,2022-03-04,TEX @ SXF,Texas Legends,TEX,92,False,0.444,0.233,0.7,39,20,15,Sioux Falls Skyforce,SXF,110,True,0.5,0.457,0.5,45,34,17,202,18
2021,2022100340,2022-03-04,WIS vs. CCG,Capital City Go-Go,CCG,129,False,0.49,0.4,0.706,50,31,14,Wisconsin Herd,WIS,131,True,0.544,0.444,0.909,36,32,12,260,2
2021,2022100337,2022-03-04,LAK @ FWN,Lakeland Magic,LAK,137,True,0.517,0.5,1.0,38,34,18,Fort Wayne Mad Ants,FWN,130,False,0.543,0.405,0.786,36,38,15,267,7
2021,2022100343,2022-03-04,MHU @ SCW,Memphis Hustle,MHU,117,False,0.435,0.293,0.714,46,20,14,Santa Cruz Warriors,SCW,120,True,0.485,0.265,0.813,44,35,13,237,3
2021,0022100947,2022-03-04,CLE @ PHI,Cleveland Cavaliers,CLE,119,False,0.537,0.357,0.875,41,30,12,Philadelphia 76ers,PHI,125,True,0.547,0.424,0.906,30,23,11,244,6
2021,2022100335,2022-03-04,IWA @ OKL,Iowa Wolves,IWA,107,True,0.44,0.294,0.667,58,20,15,Oklahoma City Blue,OKL,103,False,0.402,0.244,0.818,45,27,12,210,4
2021,0022100950,2022-03-04,UTA @ NOP,Utah Jazz,UTA,90,False,0.348,0.268,0.654,52,15,20,New Orleans Pelicans,NOP,124,True,0.515,0.306,0.765,52,29,10,214,34
2021,0022100946,2022-03-04,DET vs. IND,Indiana Pacers,IND,106,False,0.39,0.25,0.643,55,24,12,Detroit Pistons,DET,111,True,0.447,0.5,0.667,52,28,13,217,5
2021,0022100951,2022-03-04,OKC vs. MIN,Minnesota Timberwolves,MIN,138,True,0.538,0.468,0.783,41,35,17,Oklahoma City Thunder,OKC,101,False,0.43,0.257,0.857,39,19,23,239,37
2021,0022100458,2022-03-04,ORL @ TOR,Orlando Magic,ORL,103,True,0.379,0.297,0.952,55,24,8,Toronto Raptors,TOR,97,False,0.398,0.324,0.647,54,22,12,200,6
2021,2022100342,2022-03-04,RGV vs. SBL,South Bay Lakers,SBL,126,True,0.51,0.29,0.917,46,29,17,Rio Grande Valley Vipers,RGV,100,False,0.426,0.162,0.6,53,26,30,226,26
2021,2022100341,2022-03-04,SLC @ AUS,Salt Lake City Stars,SLC,126,False,0.529,0.429,0.591,37,29,13,Austin Spurs,AUS,136,True,0.58,0.419,0.833,41,34,9,262,10
2021,0022100953,2022-03-04,PHX vs. NYK,New York Knicks,NYK,114,False,0.465,0.448,0.7,49,23,12,Phoenix Suns,PHX,115,True,0.447,0.5,0.815,33,28,9,229,1
2021,0022100948,2022-03-04,ATL @ WAS,Atlanta Hawks,ATL,117,True,0.418,0.361,0.824,39,18,4,Washington Wizards,WAS,114,False,0.541,0.483,0.889,41,37,14,231,3
2021,2022100338,2022-03-04,WCB @ MCC,Windy City Bulls,WCB,115,True,0.479,0.261,0.929,47,26,9,Motor City Cruise,MCC,103,False,0.419,0.242,0.786,50,27,15,218,12
2021,0022100952,2022-03-04,DEN vs. HOU,Houston Rockets,HOU,101,False,0.458,0.278,0.682,44,25,14,Denver Nuggets,DEN,116,True,0.453,0.394,0.806,41,27,10,217,15
2021,0022100959,2022-03-05,GSW @ LAL,Golden State Warriors,GSW,116,False,0.5,0.441,0.474,41,22,16,Los Angeles Lakers,LAL,124,True,0.494,0.439,0.857,47,25,17,240,8
2021,0022100955,2022-03-05,SAS @ CHA,San Antonio Spurs,SAS,117,False,0.459,0.297,0.8,51,28,10,Charlotte Hornets,CHA,123,True,0.462,0.381,0.793,50,29,9,240,6
2021,2022100344,2022-03-05,DEL vs. WES,Westchester Knicks,WES,111,False,0.477,0.457,0.615,47,29,27,Delaware Blue Coats,DEL,146,True,0.542,0.442,0.778,45,43,11,257,35
2021,2022100346,2022-03-05,WIS vs. CCG,Capital City Go-Go,CCG,128,True,0.483,0.294,0.917,52,32,13,Wisconsin Herd,WIS,114,False,0.444,0.357,0.667,35,23,13,242,14
2021,2022100345,2022-03-05,SLC @ AUS,Salt Lake City Stars,SLC,100,False,0.48,0.346,0.857,47,20,19,Austin Spurs,AUS,110,True,0.424,0.381,0.556,46,31,10,210,10
2021,2022100347,2022-03-05,MHU @ SCW,Memphis Hustle,MHU,107,True,0.435,0.314,0.824,45,16,15,Santa Cruz Warriors,SCW,99,False,0.407,0.294,0.909,50,26,15,206,8
2021,0022100956,2022-03-05,MIA vs. PHI,Philadelphia 76ers,PHI,82,False,0.341,0.171,0.826,41,13,9,Miami Heat,MIA,99,True,0.486,0.464,0.842,38,20,13,181,17
2021,0022100958,2022-03-05,POR @ MIN,Portland Trail Blazers,POR,121,False,0.471,0.421,0.833,41,24,15,Minnesota Timberwolves,MIN,135,True,0.565,0.405,0.828,42,36,11,256,14
2021,0022100954,2022-03-05,DAL vs. SAC,Sacramento Kings,SAC,113,False,0.489,0.36,0.667,45,24,14,Dallas Mavericks,DAL,114,True,0.476,0.389,0.741,39,22,10,227,1
2021,0022100957,2022-03-05,ORL @ MEM,Orlando Magic,ORL,96,False,0.43,0.314,0.688,41,25,12,Memphis Grizzlies,MEM,124,True,0.5,0.412,0.667,55,25,7,220,28
2021,0022100967,2022-03-06,NOP @ DEN,New Orleans Pelicans,NOP,130,False,0.475,0.424,0.69,49,30,14,Denver Nuggets,DEN,138,True,0.54,0.303,0.791,47,32,15,268,8
2021,2022100349,2022-03-06,GBO @ CPS,Greensboro Swarm,GBO,107,False,0.422,0.293,0.733,29,21,11,College Park Skyhawks,CPS,120,True,0.526,0.412,0.81,52,26,20,227,13
2021,0022100963,2022-03-06,WAS vs. IND,Indiana Pacers,IND,123,False,0.518,0.323,0.862,42,28,10,Washington Wizards,WAS,133,True,0.523,0.405,0.813,36,33,5,256,10
2021,0022100966,2022-03-06,LAC vs. NYK,New York Knicks,NYK,116,True,0.472,0.448,0.633,57,19,10,LA Clippers,LAC,93,False,0.375,0.324,0.727,43,17,10,209,23
2021,2022100348,2022-03-06,CLC vs. LIN,Long Island Nets,LIN,120,True,0.484,0.388,0.571,42,30,13,Cleveland Charge,CLC,119,False,0.477,0.308,0.895,55,23,20,239,1
2021,0022100964,2022-03-06,MEM @ HOU,Memphis Grizzlies,MEM,112,False,0.454,0.192,0.704,40,27,11,Houston Rockets,HOU,123,True,0.524,0.382,0.667,45,23,17,235,11
2021,0022100961,2022-03-06,PHX @ MIL,Phoenix Suns,PHX,122,False,0.538,0.452,0.727,27,33,11,Milwaukee Bucks,MIL,132,True,0.54,0.469,0.793,48,31,14,254,10
2021,2022100353,2022-03-06,RAP @ MNE,Raptors 905,RAP,118,False,0.5,0.357,0.63,49,18,16,Maine Celtics,MNE,125,True,0.478,0.344,0.667,45,22,8,243,7
2021,2022100350,2022-03-06,LAK vs. GRG,Grand Rapids Gold,GRG,109,False,0.513,0.333,0.611,39,24,14,Lakeland Magic,LAK,119,True,0.529,0.382,0.778,35,33,13,228,10
2021,0022100960,2022-03-06,BKN @ BOS,Brooklyn Nets,BKN,120,False,0.506,0.444,0.9,45,24,15,Boston Celtics,BOS,126,True,0.482,0.472,0.763,37,25,10,246,6
2021,2022100352,2022-03-06,WCB @ FWN,Windy City Bulls,WCB,108,False,0.506,0.357,0.615,39,27,18,Fort Wayne Mad Ants,FWN,116,True,0.453,0.422,0.8,46,28,16,224,8
2021,2022100354,2022-03-06,ACC vs. SBL,South Bay Lakers,SBL,108,True,0.429,0.344,0.737,56,21,11,Agua Caliente Clippers,ACC,100,False,0.372,0.29,0.733,48,25,8,208,8
2021,0022100965,2022-03-06,OKC vs. UTA,Utah Jazz,UTA,116,True,0.449,0.442,0.765,48,27,11,Oklahoma City Thunder,OKC,103,False,0.424,0.2,0.895,47,20,7,219,13
2021,2022100351,2022-03-06,SXF @ IWA,Sioux Falls Skyforce,SXF,115,True,0.456,0.471,0.786,56,27,13,Iowa Wolves,IWA,89,False,0.345,0.179,0.714,47,16,12,204,26
2021,0022100962,2022-03-06,CLE vs. TOR,Toronto Raptors,TOR,96,False,0.394,0.25,0.615,45,17,7,Cleveland Cavaliers,CLE,104,True,0.459,0.306,0.652,58,24,17,200,8
2021,0022100972,2022-03-07,DAL vs. UTA,Utah Jazz,UTA,103,False,0.434,0.387,0.792,45,22,13,Dallas Mavericks,DAL,111,True,0.443,0.37,0.8,43,19,9,214,8
2021,0022100528,2022-03-07,DEN vs. GSW,Golden State Warriors,GSW,124,False,0.511,0.425,0.739,41,29,14,Denver Nuggets,DEN,131,True,0.548,0.313,0.707,41,39,9,255,7
2021,2022100355,2022-03-07,BIR vs. TEX,Texas Legends,TEX,109,False,0.526,0.345,0.8,34,29,15,Birmingham Squadron,BIR,123,True,0.523,0.4,0.833,43,30,11,232,14
2021,0022100969,2022-03-07,PHI vs. CHI,Chicago Bulls,CHI,106,False,0.448,0.333,0.769,48,22,13,Philadelphia 76ers,PHI,121,True,0.488,0.4,0.794,38,29,9,227,15
2021,0022100974,2022-03-07,NYK @ SAC,New York Knicks,NYK,131,True,0.511,0.429,0.826,47,19,8,Sacramento Kings,SAC,115,False,0.488,0.344,0.722,40,23,11,246,16
2021,0022100968,2022-03-07,ATL @ DET,Atlanta Hawks,ATL,110,False,0.452,0.289,0.682,48,28,13,Detroit Pistons,DET,113,True,0.462,0.364,0.652,47,27,12,223,3
2021,0022100970,2022-03-07,MIA vs. HOU,Houston Rockets,HOU,106,False,0.443,0.302,0.682,33,22,10,Miami Heat,MIA,123,True,0.538,0.452,0.786,50,26,15,229,17
2021,0022100973,2022-03-07,SAS vs. LAL,Los Angeles Lakers,LAL,110,False,0.473,0.308,0.696,43,19,15,San Antonio Spurs,SAS,117,True,0.548,0.346,0.533,47,28,16,227,7
2021,0022100971,2022-03-07,POR @ MIN,Portland Trail Blazers,POR,81,False,0.277,0.25,0.737,42,11,17,Minnesota Timberwolves,MIN,124,True,0.413,0.302,0.795,67,21,20,205,43
2021,0022100977,2022-03-08,PHX @ ORL,Phoenix Suns,PHX,102,True,0.38,0.351,0.826,52,24,10,Orlando Magic,ORL,99,False,0.38,0.179,0.88,53,17,11,201,3
2021,0022100978,2022-03-08,NOP @ MEM,New Orleans Pelicans,NOP,111,False,0.466,0.324,0.667,45,24,14,Memphis Grizzlies,MEM,132,True,0.475,0.364,0.833,52,30,11,243,21
2021,0022100975,2022-03-08,BKN @ CHA,Brooklyn Nets,BKN,132,True,0.561,0.514,0.759,38,33,16,Charlotte Hornets,CHA,121,False,0.489,0.317,0.818,41,26,15,253,11
2021,2022100359,2022-03-08,WES vs. GBO,Greensboro Swarm,GBO,102,False,0.519,0.379,0.571,42,27,20,Westchester Knicks,WES,106,True,0.427,0.417,0.813,38,23,15,208,4
2021,2022100356,2022-03-08,OKL vs. RGV,Rio Grande Valley Vipers,RGV,117,True,0.412,0.235,0.895,55,22,11,Oklahoma City Blue,OKL,107,False,0.466,0.414,0.778,38,27,15,224,10
2021,0022100979,2022-03-08,OKC vs. MIL,Milwaukee Bucks,MIL,142,True,0.53,0.5,0.8,53,35,13,Oklahoma City Thunder,OKC,115,False,0.5,0.41,0.714,36,26,15,257,27
2021,0022100976,2022-03-08,IND vs. CLE,Cleveland Cavaliers,CLE,127,True,0.5,0.281,0.889,40,25,8,Indiana Pacers,IND,124,False,0.538,0.5,0.667,38,35,17,251,3
2021,2022100361,2022-03-08,SLC @ TEX,Salt Lake City Stars,SLC,108,True,0.442,0.393,0.789,51,19,17,Texas Legends,TEX,102,False,0.451,0.265,0.6,48,30,18,210,6
2021,2022100081,2022-03-08,ACC @ AUS,Agua Caliente Clippers,ACC,124,True,0.545,0.389,0.867,44,24,17,Austin Spurs,AUS,118,False,0.489,0.5,0.692,28,25,10,242,6
2021,2022100357,2022-03-08,MCC @ CLC,Motor City Cruise,MCC,126,True,0.484,0.354,0.765,51,31,17,Cleveland Charge,CLC,120,False,0.495,0.333,0.667,40,22,14,246,6
2021,2022100358,2022-03-08,LAK vs. DEL,Delaware Blue Coats,DEL,128,True,0.527,0.343,0.833,44,30,16,Lakeland Magic,LAK,118,False,0.474,0.405,0.875,49,27,24,246,10
2021,2022100509,2022-03-08,WCB @ FWN,Windy City Bulls,WCB,127,False,0.527,0.231,0.8,47,23,31,Fort Wayne Mad Ants,FWN,131,True,0.424,0.302,0.8,36,25,18,258,4
2021,2022100362,2022-03-08,STO vs. MHU,Memphis Hustle,MHU,106,True,0.425,0.414,0.824,47,21,9,Stockton Kings,STO,98,False,0.448,0.273,0.875,39,26,12,204,8
2021,0022100980,2022-03-08,GSW vs. LAC,LA Clippers,LAC,97,False,0.355,0.308,0.826,47,23,13,Golden State Warriors,GSW,112,True,0.478,0.382,0.846,51,33,16,209,15
2021,0022100981,2022-03-09,CHA vs. BOS,Boston Celtics,BOS,115,True,0.495,0.324,0.786,47,30,11,Charlotte Hornets,CHA,101,False,0.424,0.242,0.75,46,18,16,216,14
2021,0022100982,2022-03-09,DET vs. CHI,Chicago Bulls,CHI,114,True,0.526,0.2,0.886,33,19,11,Detroit Pistons,DET,108,False,0.512,0.355,0.765,32,25,16,222,6
2021,0022100991,2022-03-09,DEN @ SAC,Denver Nuggets,DEN,106,True,0.488,0.257,0.895,51,26,20,Sacramento Kings,SAC,100,False,0.447,0.353,0.667,38,24,16,206,6
2021,0022100992,2022-03-09,LAC vs. WAS,Washington Wizards,WAS,109,False,0.471,0.37,0.85,41,26,12,LA Clippers,LAC,115,True,0.5,0.5,1.0,41,21,12,224,6
2021,2022100364,2022-03-09,IWA @ BIR,Iowa Wolves,IWA,113,False,0.453,0.351,0.722,51,23,11,Birmingham Squadron,BIR,117,True,0.449,0.381,0.739,44,26,7,230,4
2021,2022100363,2022-03-09,GRG @ LIN,Grand Rapids Gold,GRG,96,True,0.41,0.276,0.667,48,19,9,Long Island Nets,LIN,89,False,0.343,0.311,0.4,62,18,15,185,7
2021,0022100990,2022-03-09,POR @ UTA,Portland Trail Blazers,POR,85,False,0.326,0.25,0.818,36,19,9,Utah Jazz,UTA,123,True,0.519,0.37,0.815,50,31,9,208,38
2021,0022100985,2022-03-09,HOU vs. LAL,Los Angeles Lakers,LAL,130,False,0.465,0.383,0.692,48,25,16,Houston Rockets,HOU,139,True,0.51,0.425,0.947,50,25,16,269,9
2021,0022100986,2022-03-09,OKC @ MIN,Oklahoma City Thunder,OKC,102,False,0.414,0.326,0.667,42,26,15,Minnesota Timberwolves,MIN,132,True,0.523,0.423,0.769,48,34,14,234,30
2021,0022100989,2022-03-09,SAS vs. TOR,Toronto Raptors,TOR,119,True,0.482,0.367,0.929,47,12,10,San Antonio Spurs,SAS,104,False,0.452,0.281,0.95,36,24,12,223,15
2021,0022100988,2022-03-09,DAL vs. NYK,New York Knicks,NYK,107,True,0.429,0.265,0.788,55,20,10,Dallas Mavericks,DAL,77,False,0.314,0.136,0.68,37,11,8,184,30
2021,0022100987,2022-03-09,ORL @ NOP,Orlando Magic,ORL,108,True,0.474,0.378,0.846,45,25,18,New Orleans Pelicans,NOP,102,False,0.441,0.226,0.722,41,23,11,210,6
2021,0022100983,2022-03-09,MIA vs. PHX,Phoenix Suns,PHX,111,True,0.455,0.297,1.0,55,26,14,Miami Heat,MIA,90,False,0.398,0.303,0.769,38,27,14,201,21
2021,0022100984,2022-03-09,MIL vs. ATL,Atlanta Hawks,ATL,115,False,0.5,0.289,0.818,44,26,9,Milwaukee Bucks,MIL,124,True,0.5,0.343,0.783,50,24,8,239,9
2021,2022100369,2022-03-10,DEL @ LAK,Delaware Blue Coats,DEL,144,True,0.521,0.468,0.65,47,33,15,Lakeland Magic,LAK,139,False,0.516,0.5,0.9,41,36,13,283,5
2021,0022100993,2022-03-10,PHI vs. BKN,Brooklyn Nets,BKN,129,True,0.56,0.45,0.529,45,29,11,Philadelphia 76ers,PHI,100,False,0.323,0.389,0.867,50,19,18,229,29
2021,2022100374,2022-03-10,MHU @ SBL,Memphis Hustle,MHU,119,False,0.554,0.37,0.563,40,27,20,South Bay Lakers,SBL,129,True,0.52,0.382,0.75,40,35,15,248,10
2021,2022100372,2022-03-10,SXF vs. AUS,Austin Spurs,AUS,116,True,0.494,0.375,0.81,54,25,19,Sioux Falls Skyforce,SXF,112,False,0.419,0.262,0.591,41,25,13,228,4
2021,2022100365,2022-03-10,OKL vs. RGV,Rio Grande Valley Vipers,RGV,140,True,0.494,0.487,0.793,45,24,25,Oklahoma City Blue,OKL,135,False,0.526,0.355,0.8,39,31,19,275,5
2021,2022100368,2022-03-10,FWN @ GBO,Fort Wayne Mad Ants,FWN,126,True,0.54,0.381,0.769,41,27,17,Greensboro Swarm,GBO,113,False,0.494,0.351,0.727,35,26,13,239,13
2021,2022100375,2022-03-10,STO vs. SCW,Santa Cruz Warriors,SCW,99,False,0.405,0.156,0.75,51,21,14,Stockton Kings,STO,109,True,0.416,0.371,0.867,49,21,9,208,10
2021,2022100370,2022-03-10,MNE vs. MCC,Motor City Cruise,MCC,87,False,0.313,0.25,0.875,55,20,18,Maine Celtics,MNE,107,True,0.451,0.333,0.5,57,31,17,194,20
2021,2022100366,2022-03-10,RAP @ CPS,Raptors 905,RAP,126,True,0.516,0.405,0.692,49,28,14,College Park Skyhawks,CPS,121,False,0.43,0.442,0.875,44,29,11,247,5
2021,2022100371,2022-03-10,WES vs. CCG,Capital City Go-Go,CCG,108,True,0.513,0.5,0.692,45,27,17,Westchester Knicks,WES,92,False,0.373,0.353,0.786,44,21,17,200,16
2021,0022100994,2022-03-10,DEN vs. GSW,Golden State Warriors,GSW,113,True,0.477,0.333,0.75,36,26,7,Denver Nuggets,DEN,102,False,0.417,0.226,0.781,49,19,11,215,11
2021,2022100367,2022-03-10,GRG vs. WCB,Windy City Bulls,WCB,116,False,0.524,0.364,0.579,44,24,15,Grand Rapids Gold,GRG,117,True,0.464,0.294,0.688,51,27,14,233,1
2021,2022100373,2022-03-10,SLC @ TEX,Salt Lake City Stars,SLC,101,False,0.425,0.27,0.833,42,16,18,Texas Legends,TEX,115,True,0.477,0.392,0.7,50,33,18,216,14
2021,0022101001,2022-03-11,NOP vs. CHA,Charlotte Hornets,CHA,142,True,0.598,0.468,0.8,38,41,14,New Orleans Pelicans,NOP,120,False,0.5,0.385,0.76,40,31,17,262,22
2021,0022100995,2022-03-11,MIN @ ORL,Minnesota Timberwolves,MIN,110,False,0.456,0.333,1.0,37,24,9,Orlando Magic,ORL,118,True,0.465,0.4,0.88,49,31,12,228,8
2021,0022101003,2022-03-11,TOR @ PHX,Toronto Raptors,TOR,117,True,0.447,0.438,0.905,48,19,15,Phoenix Suns,PHX,112,False,0.5,0.306,0.765,40,27,16,229,5
2021,2022100378,2022-03-11,AUS @ SXF,Austin Spurs,AUS,112,True,0.422,0.444,0.611,51,23,12,Sioux Falls Skyforce,SXF,97,False,0.458,0.194,0.6,51,21,19,209,15
2021,0022101000,2022-03-11,MEM vs. NYK,New York Knicks,NYK,114,False,0.422,0.4,0.757,54,23,16,Memphis Grizzlies,MEM,118,True,0.442,0.346,0.586,54,23,10,232,4
2021,2022100377,2022-03-11,MCC @ MNE,Motor City Cruise,MCC,105,True,0.45,0.24,0.826,53,19,17,Maine Celtics,MNE,98,False,0.429,0.273,0.583,37,26,12,203,7
2021,2022100379,2022-03-11,RGV vs. IWA,Iowa Wolves,IWA,106,False,0.444,0.393,0.727,36,25,18,Rio Grande Valley Vipers,RGV,124,True,0.553,0.488,0.455,45,32,22,230,18
2021,0022100996,2022-03-11,LAC @ ATL,LA Clippers,LAC,106,False,0.488,0.375,0.824,36,22,12,Atlanta Hawks,ATL,112,True,0.478,0.29,0.895,47,28,10,218,6
2021,0022101002,2022-03-11,UTA @ SAS,Utah Jazz,UTA,102,False,0.402,0.325,0.652,57,20,17,San Antonio Spurs,SAS,104,True,0.4,0.207,0.698,54,15,13,206,2
2021,0022100999,2022-03-11,DAL @ HOU,Dallas Mavericks,DAL,113,True,0.455,0.306,0.786,47,20,13,Houston Rockets,HOU,100,False,0.477,0.2,0.632,39,29,11,213,13
2021,0022100997,2022-03-11,BOS vs. DET,Detroit Pistons,DET,103,False,0.422,0.294,0.958,42,21,14,Boston Celtics,BOS,114,True,0.467,0.188,0.8,47,23,9,217,11
2021,0022101004,2022-03-11,LAL vs. WAS,Washington Wizards,WAS,109,False,0.459,0.333,0.667,47,21,10,Los Angeles Lakers,LAL,122,True,0.527,0.452,0.706,37,25,7,231,13
2021,2022100376,2022-03-11,WIS @ CLC,Wisconsin Herd,WIS,119,False,0.427,0.326,0.833,45,32,8,Cleveland Charge,CLC,129,True,0.548,0.361,0.833,52,22,13,248,10
2021,0022100998,2022-03-11,MIA vs. CLE,Cleveland Cavaliers,CLE,105,False,0.443,0.32,0.931,40,25,17,Miami Heat,MIA,117,True,0.477,0.314,0.889,42,28,9,222,12
2021,2022100384,2022-03-12,RAP @ LAK,Raptors 905,RAP,112,True,0.44,0.258,0.938,54,19,19,Lakeland Magic,LAK,109,False,0.471,0.465,0.714,35,25,18,221,3
2021,2022100385,2022-03-12,SBL vs. STO,Stockton Kings,STO,110,False,0.506,0.318,0.833,33,29,12,South Bay Lakers,SBL,120,True,0.5,0.385,0.917,49,28,17,230,10
2021,2022100387,2022-03-12,MHU @ ACC,Memphis Hustle,MHU,116,True,0.479,0.414,0.667,53,25,20,Agua Caliente Clippers,ACC,104,False,0.457,0.324,0.714,39,28,16,220,12
2021,0022101008,2022-03-12,MIL @ GSW,Milwaukee Bucks,MIL,109,False,0.413,0.386,0.696,39,27,4,Golden State Warriors,GSW,122,True,0.484,0.4,0.933,55,33,10,231,13
2021,2022100383,2022-03-12,CLC @ FWN,Cleveland Charge,CLC,99,False,0.46,0.281,0.429,54,20,19,Fort Wayne Mad Ants,FWN,110,True,0.414,0.259,0.818,51,26,14,209,11
2021,0022101010,2022-03-12,UTA vs. SAC,Sacramento Kings,SAC,125,False,0.5,0.394,0.857,33,27,7,Utah Jazz,UTA,134,True,0.558,0.39,0.71,44,21,9,259,9
2021,2022100380,2022-03-12,WCB @ CPS,Windy City Bulls,WCB,112,False,0.495,0.222,0.706,43,24,17,College Park Skyhawks,CPS,116,True,0.47,0.345,0.75,43,24,15,228,4
2021,0022101009,2022-03-12,TOR @ DEN,Toronto Raptors,TOR,127,True,0.471,0.387,0.76,50,28,7,Denver Nuggets,DEN,115,False,0.551,0.407,0.75,39,32,19,242,12
2021,0022101007,2022-03-12,IND @ SAS,Indiana Pacers,IND,119,True,0.489,0.389,1.0,47,23,12,San Antonio Spurs,SAS,108,False,0.412,0.324,0.813,52,28,10,227,11
2021,2022100382,2022-03-12,DEL vs. LIN,Long Island Nets,LIN,120,False,0.474,0.333,0.875,50,23,20,Delaware Blue Coats,DEL,130,True,0.51,0.368,0.5,42,31,10,250,10
2021,0022101006,2022-03-12,CHI vs. CLE,Cleveland Cavaliers,CLE,91,False,0.419,0.208,0.824,40,19,14,Chicago Bulls,CHI,101,True,0.443,0.429,0.933,46,20,12,192,10
2021,0022101011,2022-03-12,POR vs. WAS,Washington Wizards,WAS,118,False,0.47,0.412,0.963,35,26,14,Portland Trail Blazers,POR,127,True,0.516,0.367,0.909,43,21,11,245,9
2021,2022100386,2022-03-12,TEX vs. BIR,Birmingham Squadron,BIR,104,False,0.429,0.263,0.667,47,23,12,Texas Legends,TEX,110,True,0.429,0.382,0.643,52,25,14,214,6
2021,0022101005,2022-03-12,MIN @ MIA,Minnesota Timberwolves,MIN,113,True,0.422,0.357,0.875,46,21,14,Miami Heat,MIA,104,False,0.398,0.333,0.76,53,23,18,217,9
2021,0022101017,2022-03-13,HOU @ NOP,Houston Rockets,HOU,105,False,0.506,0.387,0.6,39,24,24,New Orleans Pelicans,NOP,130,True,0.516,0.313,0.706,45,30,10,235,25
2021,0022101012,2022-03-13,NYK @ BKN,New York Knicks,NYK,107,False,0.47,0.379,0.857,40,27,16,Brooklyn Nets,BKN,110,True,0.494,0.207,0.727,39,30,13,217,3
2021,0022101016,2022-03-13,IND @ ATL,Indiana Pacers,IND,128,False,0.517,0.429,0.808,43,23,15,Atlanta Hawks,ATL,131,True,0.548,0.447,0.917,36,27,11,259,3
2021,0022101018,2022-03-13,OKC vs. MEM,Memphis Grizzlies,MEM,125,True,0.471,0.379,0.9,57,30,13,Oklahoma City Thunder,OKC,118,False,0.423,0.317,0.821,44,25,11,243,7
2021,2022100390,2022-03-13,MHU @ ACC,Memphis Hustle,MHU,118,True,0.517,0.304,0.636,46,18,11,Agua Caliente Clippers,ACC,114,False,0.455,0.267,0.667,52,16,12,232,4
2021,2022100388,2022-03-13,WIS vs. MNE,Maine Celtics,MNE,125,True,0.531,0.381,0.867,56,28,22,Wisconsin Herd,WIS,103,False,0.38,0.293,0.727,38,25,10,228,22
2021,0022101015,2022-03-13,PHI @ ORL,Philadelphia 76ers,PHI,116,True,0.38,0.378,0.865,45,21,8,Orlando Magic,ORL,114,False,0.451,0.419,0.7,50,28,11,230,2
2021,0022101019,2022-03-13,LAL @ PHX,Los Angeles Lakers,LAL,111,False,0.444,0.4,0.742,37,24,19,Phoenix Suns,PHX,140,True,0.569,0.364,0.857,51,36,9,251,29
2021,0022101013,2022-03-13,LAC @ DET,LA Clippers,LAC,106,True,0.449,0.333,0.8,46,25,6,Detroit Pistons,DET,102,False,0.45,0.414,0.9,44,23,10,208,4
2021,2022100389,2022-03-13,AUS vs. IWA,Iowa Wolves,IWA,97,True,0.443,0.2,0.615,55,18,19,Austin Spurs,AUS,91,False,0.352,0.364,0.625,48,22,17,188,6
2021,0022101014,2022-03-13,BOS vs. DAL,Dallas Mavericks,DAL,95,True,0.446,0.405,0.737,42,20,17,Boston Celtics,BOS,92,False,0.375,0.243,0.895,45,16,11,187,3
2021,0022101020,2022-03-14,LAC @ CLE,LA Clippers,LAC,111,False,0.439,0.333,0.765,43,29,10,Cleveland Cavaliers,CLE,120,True,0.477,0.5,0.719,49,28,11,231,9
2021,0022101028,2022-03-14,LAL vs. TOR,Toronto Raptors,TOR,114,True,0.406,0.27,0.722,64,24,12,Los Angeles Lakers,LAL,103,False,0.391,0.31,0.759,43,20,13,217,11
2021,0022101024,2022-03-14,MIN @ SAS,Minnesota Timberwolves,MIN,149,True,0.578,0.515,0.875,40,28,15,San Antonio Spurs,SAS,139,False,0.536,0.371,0.846,36,33,15,288,10
2021,0022101021,2022-03-14,POR @ ATL,Portland Trail Blazers,POR,113,False,0.5,0.417,0.714,56,25,20,Atlanta Hawks,ATL,122,True,0.367,0.25,0.938,49,28,4,235,9
2021,0022101022,2022-03-14,DEN @ PHI,Denver Nuggets,DEN,114,True,0.537,0.394,0.65,42,29,14,Philadelphia 76ers,PHI,110,False,0.429,0.364,0.813,48,25,13,224,4
2021,2022100394,2022-03-14,BIR vs. RGV,Rio Grande Valley Vipers,RGV,135,True,0.527,0.415,0.727,51,33,12,Birmingham Squadron,BIR,114,False,0.488,0.386,0.692,28,26,8,249,21
2021,0022101023,2022-03-14,CHA @ OKC,Charlotte Hornets,CHA,134,True,0.538,0.571,0.762,37,33,6,Oklahoma City Thunder,OKC,116,False,0.467,0.364,0.842,49,31,18,250,18
2021,0022101027,2022-03-14,UTA vs. MIL,Milwaukee Bucks,MIL,117,True,0.465,0.387,0.862,42,21,12,Utah Jazz,UTA,111,False,0.398,0.354,0.833,45,21,13,228,6
2021,2022100391,2022-03-14,OKL vs. SLC,Salt Lake City Stars,SLC,117,False,0.455,0.265,0.733,42,28,8,Oklahoma City Blue,OKL,130,True,0.521,0.333,0.75,55,23,13,247,13
2021,0022101025,2022-03-14,GSW vs. WAS,Washington Wizards,WAS,112,False,0.512,0.385,0.783,35,28,12,Golden State Warriors,GSW,126,True,0.536,0.4,0.818,44,26,13,238,14
2021,2022100395,2022-03-14,IWA @ TEX,Iowa Wolves,IWA,109,False,0.469,0.375,0.538,50,22,13,Texas Legends,TEX,115,True,0.476,0.308,0.824,45,30,13,224,6
2021,2022100393,2022-03-14,CPS @ WES,College Park Skyhawks,CPS,126,True,0.551,0.324,0.769,46,29,9,Westchester Knicks,WES,101,False,0.513,0.375,0.429,35,17,15,227,25
2021,2022100392,2022-03-14,LAK vs. WCB,Windy City Bulls,WCB,107,False,0.469,0.297,0.917,34,27,10,Lakeland Magic,LAK,116,True,0.511,0.333,0.857,47,35,11,223,9
2021,0022101026,2022-03-14,CHI @ SAC,Chicago Bulls,CHI,103,False,0.409,0.294,0.955,40,22,13,Sacramento Kings,SAC,112,True,0.476,0.4,0.923,45,25,15,215,9
2021,0022101030,2022-03-15,ORL vs. BKN,Brooklyn Nets,BKN,150,True,0.602,0.593,0.824,48,35,12,Orlando Magic,ORL,108,False,0.379,0.366,0.778,37,25,12,258,42
2021,2022100396,2022-03-15,CLC vs. DEL,Delaware Blue Coats,DEL,130,True,0.45,0.341,0.75,49,30,7,Cleveland Charge,CLC,118,False,0.477,0.4,0.933,57,22,23,248,12
2021,0022101029,2022-03-15,MEM @ IND,Memphis Grizzlies,MEM,135,True,0.514,0.375,0.6,51,38,10,Indiana Pacers,IND,102,False,0.418,0.2,0.737,49,23,19,237,33
2021,2022100397,2022-03-15,GBO @ GRG,Greensboro Swarm,GBO,109,False,0.452,0.324,0.875,40,23,14,Grand Rapids Gold,GRG,117,True,0.512,0.433,0.762,44,32,16,226,8
2021,2022100400,2022-03-15,SCW @ ACC,Santa Cruz Warriors,SCW,103,False,0.47,0.289,0.75,52,24,18,Agua Caliente Clippers,ACC,118,True,0.422,0.35,1.0,50,33,6,221,15
2021,2022100399,2022-03-15,SXF @ TEX,Sioux Falls Skyforce,SXF,128,True,0.521,0.472,0.643,49,23,9,Texas Legends,TEX,99,False,0.43,0.2,0.5,48,29,10,227,29
2021,0022101032,2022-03-15,NOP vs. PHX,Phoenix Suns,PHX,131,True,0.544,0.529,1.0,34,35,8,New Orleans Pelicans,NOP,115,False,0.5,0.353,0.708,45,29,17,246,16
2021,2022100398,2022-03-15,AUS @ BIR,Austin Spurs,AUS,99,False,0.402,0.189,0.7,44,22,6,Birmingham Squadron,BIR,103,True,0.45,0.303,1.0,54,26,16,202,4
2021,0022101031,2022-03-15,MIA vs. DET,Detroit Pistons,DET,98,False,0.463,0.294,0.636,39,23,12,Miami Heat,MIA,105,True,0.403,0.364,0.897,44,20,11,203,7
2021,0022101035,2022-03-16,DEN @ WAS,Denver Nuggets,DEN,127,True,0.511,0.405,0.952,41,30,9,Washington Wizards,WAS,109,False,0.471,0.217,0.71,48,26,10,236,18
2021,2022100406,2022-03-16,SLC @ MHU,Salt Lake City Stars,SLC,112,False,0.462,0.258,0.625,44,24,9,Memphis Hustle,MHU,124,True,0.536,0.345,0.875,44,30,15,236,12
2021,0022101044,2022-03-16,LAC vs. TOR,Toronto Raptors,TOR,103,True,0.458,0.344,0.762,43,14,11,LA Clippers,LAC,100,False,0.487,0.367,0.867,41,27,14,203,3
2021,2022100403,2022-03-16,WIS @ CPS,Wisconsin Herd,WIS,124,False,0.431,0.286,0.6,56,21,15,College Park Skyhawks,CPS,131,True,0.5,0.405,0.625,53,37,16,255,7
2021,0022101039,2022-03-16,MIN vs. LAL,Los Angeles Lakers,LAL,104,False,0.419,0.227,0.696,38,23,14,Minnesota Timberwolves,MIN,124,True,0.444,0.405,0.871,51,22,16,228,20
2021,2022100404,2022-03-16,MCC vs. CCG,Capital City Go-Go,CCG,111,False,0.408,0.29,0.867,47,28,14,Motor City Cruise,MCC,125,True,0.484,0.324,0.667,52,27,14,236,14
2021,2022100407,2022-03-16,GBO @ WCB,Greensboro Swarm,GBO,108,False,0.391,0.324,0.833,44,23,12,Windy City Bulls,WCB,117,True,0.455,0.294,0.688,55,32,13,225,9
2021,0022101038,2022-03-16,HOU vs. PHX,Phoenix Suns,PHX,129,True,0.558,0.394,0.769,49,32,11,Houston Rockets,HOU,112,False,0.494,0.41,0.632,33,26,11,241,17
2021,0022101041,2022-03-16,CHI @ UTA,Chicago Bulls,CHI,110,False,0.473,0.353,0.706,37,28,12,Utah Jazz,UTA,125,True,0.506,0.487,0.759,47,20,16,235,15
2021,2022100401,2022-03-16,WES vs. LIN,Long Island Nets,LIN,114,False,0.39,0.237,1.0,63,19,14,Westchester Knicks,WES,118,True,0.531,0.267,0.882,30,22,13,232,4
2021,2022100405,2022-03-16,IWA vs. SBL,South Bay Lakers,SBL,114,True,0.467,0.265,0.765,46,24,18,Iowa Wolves,IWA,106,False,0.494,0.333,0.727,46,26,25,220,8
2021,0022101034,2022-03-16,CLE vs. PHI,Philadelphia 76ers,PHI,118,True,0.519,0.375,0.857,39,24,11,Cleveland Cavaliers,CLE,114,False,0.488,0.321,0.844,39,25,9,232,4
2021,0022101033,2022-03-16,ATL @ CHA,Atlanta Hawks,ATL,106,False,0.43,0.351,0.929,43,28,12,Charlotte Hornets,CHA,116,True,0.494,0.314,0.826,43,30,9,222,10
2021,0022101043,2022-03-16,MIL @ SAC,Milwaukee Bucks,MIL,135,True,0.528,0.514,0.719,47,21,11,Sacramento Kings,SAC,126,False,0.489,0.372,0.857,39,27,15,261,9
2021,0022101036,2022-03-16,DAL @ BKN,Dallas Mavericks,DAL,113,True,0.494,0.353,1.0,37,21,10,Brooklyn Nets,BKN,111,False,0.495,0.346,0.8,45,28,11,224,2
2021,0022101040,2022-03-16,SAS vs. OKC,Oklahoma City Thunder,OKC,120,False,0.524,0.371,0.724,47,24,17,San Antonio Spurs,SAS,122,True,0.439,0.463,0.85,48,31,12,242,2
2021,0022101042,2022-03-16,BOS @ GSW,Boston Celtics,BOS,110,True,0.469,0.375,0.864,53,23,10,Golden State Warriors,GSW,88,False,0.372,0.229,0.813,38,19,8,198,22
2021,2022100402,2022-03-16,DEL @ CLC,Delaware Blue Coats,DEL,84,False,0.477,0.52,0.583,33,34,5,Cleveland Charge,CLC,95,True,0.579,0.647,0.667,32,26,12,179,11
2021,0022101037,2022-03-16,NYK vs. POR,Portland Trail Blazers,POR,98,False,0.44,0.324,0.5,41,26,11,New York Knicks,NYK,128,True,0.5,0.421,0.821,47,31,10,226,30
2021,2022100410,2022-03-17,RGV vs. SXF,Sioux Falls Skyforce,SXF,55,False,0.355,0.333,0.286,32,20,11,Rio Grande Valley Vipers,RGV,83,True,0.477,0.417,0.571,43,29,10,138,28
2021,2022100408,2022-03-17,LAK @ MNE,Lakeland Magic,LAK,101,False,0.411,0.378,0.833,34,26,10,Maine Celtics,MNE,130,True,0.58,0.477,0.833,51,33,18,231,29
2021,2022100411,2022-03-17,ACC vs. TEX,Texas Legends,TEX,114,True,0.471,0.367,0.765,42,22,9,Agua Caliente Clippers,ACC,107,False,0.456,0.367,0.538,52,21,14,221,7
2021,2022100412,2022-03-17,OKL @ STO,Oklahoma City Blue,OKL,99,False,0.409,0.316,0.571,54,20,18,Stockton Kings,STO,114,True,0.506,0.423,0.615,41,22,10,213,15
2021,2022100360,2022-03-17,FWN @ RAP,Fort Wayne Mad Ants,FWN,106,False,0.364,0.171,0.955,42,15,19,Raptors 905,RAP,131,True,0.5,0.395,1.0,48,31,15,237,25
2021,0022101045,2022-03-17,ORL vs. DET,Detroit Pistons,DET,134,True,0.5,0.465,0.645,45,34,7,Orlando Magic,ORL,120,False,0.485,0.367,0.714,45,24,13,254,14
2021,2022100409,2022-03-17,BIR @ AUS,Birmingham Squadron,BIR,98,False,0.416,0.425,0.667,42,27,12,Austin Spurs,AUS,100,True,0.481,0.308,0.75,49,26,14,198,2
2021,0022101055,2022-03-18,UTA vs. LAC,LA Clippers,LAC,92,False,0.36,0.314,0.905,43,23,12,Utah Jazz,UTA,121,True,0.485,0.364,0.786,59,30,12,213,29
2021,2022100417,2022-03-18,CCG @ MCC,Capital City Go-Go,CCG,140,True,0.567,0.471,1.0,36,40,11,Motor City Cruise,MCC,133,False,0.494,0.386,0.944,39,29,17,273,7
2021,2022100416,2022-03-18,LAK @ MNE,Lakeland Magic,LAK,106,True,0.418,0.237,0.867,46,19,8,Maine Celtics,MNE,103,False,0.48,0.39,0.727,43,31,18,209,3
2021,0022101050,2022-03-18,NYK vs. WAS,Washington Wizards,WAS,97,False,0.43,0.382,0.762,38,19,13,New York Knicks,NYK,100,True,0.344,0.303,0.778,60,18,12,197,3
2021,0022101052,2022-03-18,MIA vs. OKC,Oklahoma City Thunder,OKC,108,False,0.476,0.294,0.783,47,19,10,Miami Heat,MIA,120,True,0.484,0.353,0.833,46,25,6,228,12
2021,0022101056,2022-03-18,PHX vs. CHI,Chicago Bulls,CHI,102,False,0.412,0.259,0.806,37,20,11,Phoenix Suns,PHX,129,True,0.56,0.44,0.923,49,23,11,231,27
2021,2022100413,2022-03-18,CPS vs. WIS,Wisconsin Herd,WIS,124,False,0.484,0.382,0.846,36,29,8,College Park Skyhawks,CPS,142,True,0.514,0.371,0.846,54,29,11,266,18
2021,0022101046,2022-03-18,DAL @ PHI,Dallas Mavericks,DAL,101,False,0.463,0.375,0.714,40,21,12,Philadelphia 76ers,PHI,111,True,0.493,0.421,0.913,38,23,11,212,10
2021,2022100414,2022-03-18,DEL @ GRG,Delaware Blue Coats,DEL,112,True,0.432,0.263,1.0,40,29,14,Grand Rapids Gold,GRG,107,False,0.467,0.25,0.636,56,23,24,219,5
2021,2022100415,2022-03-18,CLC @ GBO,Cleveland Charge,CLC,117,True,0.506,0.483,0.733,46,25,13,Greensboro Swarm,GBO,104,False,0.449,0.325,0.667,36,24,15,221,13
2021,2022100418,2022-03-18,IWA vs. SBL,South Bay Lakers,SBL,121,False,0.489,0.342,0.833,29,26,19,Iowa Wolves,IWA,125,True,0.488,0.28,0.913,52,27,25,246,4
2021,0022101047,2022-03-18,MEM @ ATL,Memphis Grizzlies,MEM,105,False,0.465,0.364,0.739,48,18,16,Atlanta Hawks,ATL,120,True,0.495,0.464,0.81,40,28,9,225,15
2021,0022101053,2022-03-18,IND @ HOU,Indiana Pacers,IND,121,True,0.465,0.326,0.684,46,29,13,Houston Rockets,HOU,118,False,0.494,0.444,0.875,42,24,15,239,3
2021,0022101057,2022-03-18,SAC vs. BOS,Boston Celtics,BOS,126,True,0.561,0.55,0.706,43,33,13,Sacramento Kings,SAC,97,False,0.418,0.361,0.75,37,23,16,223,29
2021,0022101049,2022-03-18,DEN @ CLE,Denver Nuggets,DEN,116,False,0.5,0.303,0.778,51,35,18,Cleveland Cavaliers,CLE,119,True,0.449,0.378,0.654,46,31,11,235,3
2021,0022101048,2022-03-18,BKN vs. POR,Portland Trail Blazers,POR,123,False,0.5,0.371,0.583,37,29,13,Brooklyn Nets,BKN,128,True,0.584,0.4,0.848,45,24,21,251,5
2021,0022101054,2022-03-18,NOP @ SAS,New Orleans Pelicans,NOP,124,True,0.5,0.412,0.778,58,24,9,San Antonio Spurs,SAS,91,False,0.36,0.25,0.8,40,22,16,215,33
2021,0022101051,2022-03-18,LAL @ TOR,Los Angeles Lakers,LAL,128,True,0.49,0.442,0.714,43,33,13,Toronto Raptors,TOR,123,False,0.505,0.324,0.65,46,25,12,251,5
2021,0022101058,2022-03-19,MIL @ MIN,Milwaukee Bucks,MIL,119,False,0.443,0.365,0.824,51,27,14,Minnesota Timberwolves,MIN,138,True,0.511,0.468,0.846,44,30,11,257,19
2021,0022101059,2022-03-19,DAL @ CHA,Dallas Mavericks,DAL,108,False,0.438,0.368,0.8,44,18,13,Charlotte Hornets,CHA,129,True,0.5,0.476,0.778,46,33,9,237,21
2021,2022100421,2022-03-19,SCW vs. ACC,Agua Caliente Clippers,ACC,131,True,0.539,0.424,0.8,45,32,9,Santa Cruz Warriors,SCW,108,False,0.429,0.25,0.733,44,27,14,239,23
2021,2022100420,2022-03-19,OKL @ SLC,Oklahoma City Blue,OKL,102,True,0.376,0.293,0.833,69,21,13,Salt Lake City Stars,SLC,73,False,0.321,0.222,0.727,48,20,17,175,29
2021,0022101061,2022-03-19,WAS vs. LAL,Los Angeles Lakers,LAL,119,False,0.527,0.371,0.909,41,25,12,Washington Wizards,WAS,127,True,0.518,0.419,0.839,36,30,7,246,8
2021,2022100419,2022-03-19,MHU @ RGV,Memphis Hustle,MHU,139,True,0.495,0.387,0.813,67,27,15,Rio Grande Valley Vipers,RGV,131,False,0.376,0.345,0.588,56,22,8,270,8
2021,0022101060,2022-03-19,DET @ CLE,Detroit Pistons,DET,109,False,0.482,0.433,0.737,38,23,15,Cleveland Cavaliers,CLE,113,True,0.511,0.385,0.565,44,28,14,222,4
2021,2022100422,2022-03-19,STO vs. AUS,Austin Spurs,AUS,96,False,0.429,0.323,0.688,43,13,16,Stockton Kings,STO,101,True,0.437,0.19,1.0,45,18,12,197,5
2021,2022100424,2022-03-20,WIS @ CCG,Wisconsin Herd,WIS,100,False,0.456,0.088,0.556,43,23,14,Capital City Go-Go,CCG,131,True,0.46,0.229,0.917,61,35,9,231,31
2021,2022100431,2022-03-20,SCW vs. SLC,Salt Lake City Stars,SLC,106,True,0.36,0.371,0.944,45,20,15,Santa Cruz Warriors,SCW,94,False,0.418,0.313,0.75,48,25,24,200,12
2021,0022101069,2022-03-20,PHI vs. TOR,Toronto Raptors,TOR,93,True,0.376,0.269,0.696,56,16,8,Philadelphia 76ers,PHI,88,False,0.411,0.259,0.75,40,21,10,181,5
2021,0022101066,2022-03-20,PHX @ SAC,Phoenix Suns,PHX,127,True,0.5,0.429,0.852,50,25,17,Sacramento Kings,SAC,124,False,0.429,0.471,0.833,42,27,15,251,3
2021,2022100429,2022-03-20,FWN vs. LIN,Long Island Nets,LIN,108,False,0.412,0.271,0.667,59,19,23,Fort Wayne Mad Ants,FWN,116,True,0.39,0.366,0.824,48,24,12,224,8
2021,2022100426,2022-03-20,MCC vs. GBO,Greensboro Swarm,GBO,84,False,0.381,0.25,0.769,35,21,20,Motor City Cruise,MCC,125,True,0.515,0.4,0.667,58,31,21,209,41
2021,0022101067,2022-03-20,UTA @ NYK,Utah Jazz,UTA,108,True,0.459,0.37,0.793,49,16,11,New York Knicks,NYK,93,False,0.373,0.4,0.714,37,20,11,201,15
2021,2022100425,2022-03-20,DEL vs. MNE,Maine Celtics,MNE,145,True,0.575,0.488,0.81,38,40,19,Delaware Blue Coats,DEL,141,False,0.563,0.406,0.739,34,32,14,286,4
2021,2022100427,2022-03-20,SXF vs. IWA,Iowa Wolves,IWA,110,True,0.488,0.379,0.636,48,30,23,Sioux Falls Skyforce,SXF,105,False,0.402,0.263,0.733,45,23,15,215,5
2021,2022100430,2022-03-20,TEX @ SBL,Texas Legends,TEX,122,True,0.483,0.405,0.737,44,28,11,South Bay Lakers,SBL,110,False,0.421,0.25,0.778,48,20,11,232,12
2021,0022101062,2022-03-20,POR @ IND,Portland Trail Blazers,POR,98,False,0.469,0.273,0.722,32,23,17,Indiana Pacers,IND,129,True,0.571,0.429,0.857,41,38,14,227,31
2021,0022101068,2022-03-20,BOS @ DEN,Boston Celtics,BOS,124,True,0.573,0.475,1.0,38,29,8,Denver Nuggets,DEN,104,False,0.402,0.359,0.8,41,22,10,228,20
2021,0022101065,2022-03-20,ORL vs. OKC,Oklahoma City Thunder,OKC,85,False,0.326,0.271,0.667,47,19,16,Orlando Magic,ORL,90,True,0.386,0.226,0.792,60,22,21,175,5
2021,2022100428,2022-03-20,WES @ WCB,Westchester Knicks,WES,118,False,0.473,0.4,0.9,40,34,9,Windy City Bulls,WCB,124,True,0.494,0.39,0.889,44,34,13,242,6
2021,0022101063,2022-03-20,HOU vs. MEM,Memphis Grizzlies,MEM,122,True,0.479,0.471,0.824,51,26,13,Houston Rockets,HOU,98,False,0.43,0.323,0.583,45,26,17,220,24
2021,0022101064,2022-03-20,ATL vs. NOP,New Orleans Pelicans,NOP,117,True,0.448,0.333,0.889,54,22,15,Atlanta Hawks,ATL,112,False,0.471,0.313,0.87,40,22,16,229,5
2021,0022101070,2022-03-20,SAS @ GSW,San Antonio Spurs,SAS,110,True,0.388,0.375,0.76,44,25,10,Golden State Warriors,GSW,108,False,0.456,0.333,0.714,57,26,15,218,2
2021,2022100423,2022-03-20,CLC vs. CPS,College Park Skyhawks,CPS,118,True,0.442,0.385,0.917,46,27,11,Cleveland Charge,CLC,108,False,0.432,0.29,0.722,50,21,13,226,10
2021,0022101077,2022-03-21,HOU vs. WAS,Washington Wizards,WAS,97,False,0.412,0.207,0.875,47,24,11,Houston Rockets,HOU,115,True,0.494,0.513,0.846,44,30,12,212,18
2021,2022100023,2022-03-21,MHU @ RGV,Memphis Hustle,MHU,128,True,0.589,0.375,0.563,40,24,12,Rio Grande Valley Vipers,RGV,126,False,0.484,0.48,0.889,39,29,21,254,2
2021,2022100433,2022-03-21,STO vs. AUS,Austin Spurs,AUS,100,False,0.416,0.414,0.727,41,21,13,Stockton Kings,STO,119,True,0.61,0.348,0.833,34,26,9,219,19
2021,0022101079,2022-03-21,DAL vs. MIN,Minnesota Timberwolves,MIN,108,False,0.396,0.361,0.793,50,21,9,Dallas Mavericks,DAL,110,True,0.482,0.304,0.762,47,27,11,218,2
2021,0022101076,2022-03-21,CHI vs. TOR,Toronto Raptors,TOR,99,False,0.44,0.188,0.867,49,26,12,Chicago Bulls,CHI,113,True,0.489,0.393,0.583,42,28,5,212,14
2021,0022101078,2022-03-21,BOS @ OKC,Boston Celtics,BOS,132,True,0.512,0.375,0.853,42,22,8,Oklahoma City Thunder,OKC,123,False,0.516,0.459,0.714,42,23,11,255,9
2021,0022101073,2022-03-21,DET vs. POR,Portland Trail Blazers,POR,119,True,0.42,0.286,0.755,47,22,9,Detroit Pistons,DET,115,False,0.424,0.257,0.829,48,22,18,234,4
2021,0022101075,2022-03-21,BKN vs. UTA,Utah Jazz,UTA,106,False,0.446,0.359,0.818,37,18,13,Brooklyn Nets,BKN,114,True,0.542,0.367,0.867,41,31,14,220,8
2021,0022101072,2022-03-21,CLE vs. LAL,Los Angeles Lakers,LAL,131,True,0.564,0.375,0.813,41,34,8,Cleveland Cavaliers,CLE,120,False,0.523,0.359,0.842,38,29,12,251,11
2021,2022100432,2022-03-21,WES vs. GRG,Grand Rapids Gold,GRG,94,False,0.425,0.333,0.538,55,20,25,Westchester Knicks,WES,113,True,0.419,0.395,0.786,44,29,9,207,19
2021,2022100510,2022-03-21,LIN @ FWN,Long Island Nets,LIN,80,False,0.302,0.122,0.563,53,20,24,Fort Wayne Mad Ants,FWN,100,True,0.425,0.406,0.75,48,23,22,180,20
2021,0022101074,2022-03-21,PHI vs. MIA,Miami Heat,MIA,106,False,0.475,0.303,1.0,34,23,12,Philadelphia 76ers,PHI,113,True,0.5,0.405,0.75,45,26,11,219,7
2021,0022101071,2022-03-21,CHA vs. NOP,New Orleans Pelicans,NOP,103,False,0.444,0.375,0.875,47,23,15,Charlotte Hornets,CHA,106,True,0.506,0.351,0.867,35,34,17,209,3
2021,0022101083,2022-03-22,LAC @ DEN,LA Clippers,LAC,115,False,0.488,0.313,0.808,35,27,6,Denver Nuggets,DEN,127,True,0.542,0.5,0.913,40,31,9,242,12
2021,0022101080,2022-03-22,ORL vs. GSW,Golden State Warriors,GSW,90,False,0.4,0.344,0.688,48,21,18,Orlando Magic,ORL,94,True,0.43,0.278,0.8,39,25,13,184,4
2021,0022101081,2022-03-22,NYK vs. ATL,Atlanta Hawks,ATL,117,True,0.494,0.417,0.815,43,26,14,New York Knicks,NYK,111,False,0.488,0.382,0.538,41,20,13,228,6
2021,2022100435,2022-03-22,SXF @ BIR,Sioux Falls Skyforce,SXF,143,True,0.547,0.438,0.727,45,34,9,Birmingham Squadron,BIR,129,False,0.541,0.447,0.786,33,33,15,272,14
2021,2022100434,2022-03-22,CPS vs. MNE,Maine Celtics,MNE,127,False,0.49,0.367,0.643,45,26,11,College Park Skyhawks,CPS,136,True,0.533,0.471,0.667,44,30,9,263,9
2021,2022100436,2022-03-22,TEX @ SBL,Texas Legends,TEX,113,True,0.518,0.364,0.769,33,28,19,South Bay Lakers,SBL,112,False,0.5,0.407,0.5,48,26,18,225,1
2021,0022101082,2022-03-22,CHI @ MIL,Chicago Bulls,CHI,98,False,0.424,0.394,0.538,33,21,7,Milwaukee Bucks,MIL,126,True,0.61,0.429,0.7,53,26,14,224,28
2021,2022100440,2022-03-23,BIR vs. SXF,Sioux Falls Skyforce,SXF,95,False,0.361,0.275,0.813,41,24,20,Birmingham Squadron,BIR,136,True,0.533,0.463,0.917,49,33,11,231,41
2021,0022101091,2022-03-23,OKC vs. ORL,Orlando Magic,ORL,102,False,0.387,0.333,0.813,45,24,10,Oklahoma City Thunder,OKC,118,True,0.481,0.415,0.833,44,21,11,220,16
2021,2022100443,2022-03-23,AUS @ ACC,Austin Spurs,AUS,111,False,0.5,0.375,0.636,34,29,15,Agua Caliente Clippers,ACC,125,True,0.528,0.435,0.846,51,23,12,236,14
2021,0022101084,2022-03-23,CHA vs. NYK,New York Knicks,NYK,121,True,0.518,0.444,0.882,40,30,7,Charlotte Hornets,CHA,106,False,0.472,0.283,0.529,45,26,9,227,15
2021,0022101085,2022-03-23,DET vs. ATL,Atlanta Hawks,ATL,101,False,0.402,0.318,0.867,40,21,14,Detroit Pistons,DET,122,True,0.5,0.364,0.88,54,30,15,223,21
2021,2022100437,2022-03-23,OKL vs. STO,Stockton Kings,STO,121,True,0.524,0.417,0.867,37,23,14,Oklahoma City Blue,OKL,118,False,0.506,0.433,0.769,39,25,17,239,3
2021,0022101092,2022-03-23,DAL vs. HOU,Houston Rockets,HOU,91,False,0.402,0.143,0.75,45,17,15,Dallas Mavericks,DAL,110,True,0.488,0.242,0.818,42,24,12,201,19
2021,0022101088,2022-03-23,GSW @ MIA,Golden State Warriors,GSW,118,True,0.519,0.417,0.852,45,23,11,Miami Heat,MIA,104,False,0.435,0.389,0.762,34,26,9,222,14
2021,0022101094,2022-03-23,SAS @ POR,San Antonio Spurs,SAS,133,True,0.489,0.432,0.917,53,34,13,Portland Trail Blazers,POR,96,False,0.383,0.269,0.944,43,18,16,229,37
2021,0022101086,2022-03-23,IND vs. SAC,Sacramento Kings,SAC,110,True,0.524,0.324,0.706,36,26,16,Indiana Pacers,IND,109,False,0.462,0.389,1.0,42,34,15,219,1
2021,0022101090,2022-03-23,PHX @ MIN,Phoenix Suns,PHX,125,True,0.523,0.364,0.793,43,30,12,Minnesota Timberwolves,MIN,116,False,0.442,0.302,0.864,45,27,12,241,9
2021,0022101089,2022-03-23,MEM vs. BKN,Brooklyn Nets,BKN,120,False,0.494,0.36,0.926,39,18,14,Memphis Grizzlies,MEM,132,True,0.465,0.5,0.864,46,28,12,252,12
2021,2022100247,2022-03-23,GBO vs. LAK,Lakeland Magic,LAK,112,False,0.453,0.419,0.8,34,27,13,Greensboro Swarm,GBO,123,True,0.506,0.293,0.765,42,27,10,235,11
2021,0022101093,2022-03-23,LAL vs. PHI,Philadelphia 76ers,PHI,126,True,0.516,0.37,0.786,43,26,7,Los Angeles Lakers,LAL,121,False,0.515,0.367,0.625,45,25,12,247,5
2021,2022100442,2022-03-23,WIS vs. RAP,Raptors 905,RAP,130,True,0.449,0.341,0.6,59,25,14,Wisconsin Herd,WIS,115,False,0.466,0.282,0.636,53,29,22,245,15
2021,0022101087,2022-03-23,UTA @ BOS,Utah Jazz,UTA,97,False,0.398,0.222,0.905,40,13,14,Boston Celtics,BOS,125,True,0.595,0.528,0.857,39,37,12,222,28
2021,2022100441,2022-03-23,WCB vs. CLC,Cleveland Charge,CLC,99,False,0.395,0.353,0.769,53,21,17,Windy City Bulls,WCB,117,True,0.453,0.413,0.6,48,29,8,216,18
2021,2022100438,2022-03-23,CCG vs. DEL,Delaware Blue Coats,DEL,120,False,0.462,0.27,0.75,26,25,17,Capital City Go-Go,CCG,140,True,0.577,0.333,0.857,58,36,20,260,20
2021,2022100444,2022-03-23,SCW vs. IWA,Iowa Wolves,IWA,102,False,0.391,0.243,0.714,52,20,16,Santa Cruz Warriors,SCW,111,True,0.478,0.267,0.846,48,33,14,213,9
2021,2022100446,2022-03-24,ACC vs. SLC,Salt Lake City Stars,SLC,108,False,0.422,0.425,1.0,38,16,9,Agua Caliente Clippers,ACC,111,True,0.477,0.4,0.769,52,26,19,219,3
2021,0022101098,2022-03-24,NOP vs. CHI,Chicago Bulls,CHI,109,False,0.513,0.412,0.789,33,25,15,New Orleans Pelicans,NOP,126,True,0.494,0.414,0.941,43,23,10,235,17
2021,2022100445,2022-03-24,MCC @ FWN,Motor City Cruise,MCC,112,False,0.435,0.412,0.786,47,23,18,Fort Wayne Mad Ants,FWN,115,True,0.461,0.41,0.643,50,24,17,227,3
2021,0022101096,2022-03-24,MEM vs. IND,Indiana Pacers,IND,103,False,0.424,0.273,0.696,31,20,11,Memphis Grizzlies,MEM,133,True,0.538,0.5,0.706,55,34,14,236,30
2021,0022101099,2022-03-24,PHX @ DEN,Phoenix Suns,PHX,140,True,0.605,0.481,0.793,29,32,8,Denver Nuggets,DEN,130,False,0.593,0.469,0.704,37,27,16,270,10
2021,0022101095,2022-03-24,TOR vs. CLE,Cleveland Cavaliers,CLE,104,False,0.468,0.4,0.818,36,24,13,Toronto Raptors,TOR,117,True,0.472,0.432,0.895,40,26,8,221,13
2021,0022101097,2022-03-24,MIL vs. WAS,Washington Wizards,WAS,102,False,0.467,0.289,0.556,41,25,11,Milwaukee Bucks,MIL,114,True,0.519,0.457,0.875,41,23,15,216,12
2021,0022101101,2022-03-25,WAS @ DET,Washington Wizards,WAS,100,True,0.434,0.3,0.905,45,23,17,Detroit Pistons,DET,97,False,0.411,0.188,0.929,48,19,15,197,3
2021,0022101100,2022-03-25,CHA vs. UTA,Utah Jazz,UTA,101,False,0.452,0.362,0.727,38,25,11,Charlotte Hornets,CHA,107,True,0.466,0.382,0.706,45,26,9,208,6
2021,2022100452,2022-03-25,RGV vs. STO,Stockton Kings,STO,100,False,0.5,0.304,0.455,38,16,13,Rio Grande Valley Vipers,RGV,110,True,0.44,0.318,0.706,52,22,20,210,10
2021,2022100453,2022-03-25,MHU @ TEX,Memphis Hustle,MHU,112,False,0.511,0.281,0.875,42,22,18,Texas Legends,TEX,121,True,0.511,0.306,0.813,41,28,9,233,9
2021,2022100454,2022-03-25,IWA @ SCW,Iowa Wolves,IWA,112,False,0.448,0.258,0.833,49,23,14,Santa Cruz Warriors,SCW,116,True,0.482,0.457,0.688,40,23,17,228,4
2021,2022100448,2022-03-25,FWN vs. MCC,Motor City Cruise,MCC,113,True,0.439,0.314,0.769,56,25,16,Fort Wayne Mad Ants,FWN,111,False,0.482,0.257,0.722,41,21,17,224,2
2021,2022100447,2022-03-25,LAK @ CCG,Lakeland Magic,LAK,82,False,0.274,0.25,0.714,35,20,10,Capital City Go-Go,CCG,120,True,0.561,0.357,0.846,56,30,17,202,38
2021,2022100455,2022-03-25,SBL vs. AUS,Austin Spurs,AUS,101,False,0.425,0.259,0.571,39,22,16,South Bay Lakers,SBL,124,True,0.529,0.393,0.75,49,26,14,225,23
2021,0022101106,2022-03-25,LAC vs. PHI,Philadelphia 76ers,PHI,122,True,0.467,0.429,0.875,52,23,11,LA Clippers,LAC,97,False,0.4,0.32,0.84,39,19,16,219,25
2021,0022101103,2022-03-25,MIA vs. NYK,New York Knicks,NYK,111,True,0.439,0.34,0.786,42,23,11,Miami Heat,MIA,103,False,0.5,0.364,0.84,35,18,15,214,8
2021,2022100451,2022-03-25,WIS vs. RAP,Raptors 905,RAP,123,True,0.462,0.34,0.778,64,35,17,Wisconsin Herd,WIS,105,False,0.44,0.34,0.545,33,25,9,228,18
2021,2022100449,2022-03-25,WES @ GBO,Westchester Knicks,WES,100,False,0.366,0.29,0.833,48,21,16,Greensboro Swarm,GBO,112,True,0.494,0.4,0.824,51,28,23,212,12
2021,2022100332,2022-03-25,CLC @ DEL,Cleveland Charge,CLC,101,False,0.449,0.256,0.583,49,16,19,Delaware Blue Coats,DEL,116,True,0.478,0.314,0.769,40,25,10,217,15
2021,0022101102,2022-03-25,ATL vs. GSW,Golden State Warriors,GSW,110,False,0.478,0.341,0.769,47,27,16,Atlanta Hawks,ATL,121,True,0.517,0.378,0.789,44,27,11,231,11
2021,0022101104,2022-03-25,MIN vs. DAL,Dallas Mavericks,DAL,95,False,0.389,0.233,0.789,45,21,10,Minnesota Timberwolves,MIN,116,True,0.512,0.344,0.792,45,26,9,211,21
2021,0022101105,2022-03-25,HOU @ POR,Houston Rockets,HOU,125,True,0.518,0.422,0.87,37,27,14,Portland Trail Blazers,POR,106,False,0.506,0.15,0.739,38,28,17,231,19
2021,2022100450,2022-03-25,WCB vs. CPS,College Park Skyhawks,CPS,123,True,0.495,0.36,0.933,43,28,10,Windy City Bulls,WCB,117,False,0.469,0.278,0.8,48,24,13,240,6
2021,2022100457,2022-03-26,GBO vs. LIN,Long Island Nets,LIN,119,False,0.447,0.318,0.7,38,27,7,Greensboro Swarm,GBO,136,True,0.593,0.517,0.933,43,26,15,255,17
2021,2022100456,2022-03-26,CCG vs. LAK,Lakeland Magic,LAK,103,False,0.456,0.362,0.375,38,29,12,Capital City Go-Go,CCG,114,True,0.457,0.281,0.857,46,24,11,217,11
2021,2022100459,2022-03-26,STO @ RGV,Stockton Kings,STO,99,False,0.365,0.314,0.882,29,17,9,Rio Grande Valley Vipers,RGV,114,True,0.478,0.316,0.909,61,24,23,213,15
2021,0022101113,2022-03-26,DEN vs. OKC,Oklahoma City Thunder,OKC,107,False,0.464,0.389,0.938,36,29,16,Denver Nuggets,DEN,113,True,0.482,0.258,0.958,47,33,15,220,6
2021,0022101114,2022-03-26,POR vs. HOU,Houston Rockets,HOU,115,True,0.524,0.429,0.667,38,34,20,Portland Trail Blazers,POR,98,False,0.398,0.3,0.706,51,21,21,213,17
2021,2022100460,2022-03-26,AUS @ SCW,Austin Spurs,AUS,112,False,0.469,0.263,0.8,35,26,6,Santa Cruz Warriors,SCW,116,True,0.518,0.467,0.8,50,31,16,228,4
2021,0022101110,2022-03-26,CHI @ CLE,Chicago Bulls,CHI,98,True,0.48,0.238,0.84,37,23,13,Cleveland Cavaliers,CLE,94,False,0.415,0.226,0.704,46,17,13,192,4
2021,0022101108,2022-03-26,SAC @ ORL,Sacramento Kings,SAC,114,True,0.429,0.306,0.792,59,24,14,Orlando Magic,ORL,110,False,0.425,0.361,1.0,57,27,12,224,4
2021,2022100458,2022-03-26,OKL @ SXF,Oklahoma City Blue,OKL,106,False,0.4,0.343,0.733,52,20,14,Sioux Falls Skyforce,SXF,117,True,0.5,0.348,0.636,47,36,17,223,11
2021,0022101112,2022-03-26,MIL @ MEM,Milwaukee Bucks,MIL,102,False,0.398,0.219,0.808,46,19,13,Memphis Grizzlies,MEM,127,True,0.48,0.351,0.696,54,30,8,229,25
2021,0022101111,2022-03-26,BKN @ MIA,Brooklyn Nets,BKN,110,True,0.47,0.333,0.808,40,26,13,Miami Heat,MIA,95,False,0.44,0.294,0.731,39,20,21,205,15
2021,0022101107,2022-03-26,NOP vs. SAS,San Antonio Spurs,SAS,107,True,0.424,0.269,0.88,49,22,10,New Orleans Pelicans,NOP,103,False,0.444,0.313,0.684,42,23,8,210,4
2021,0022101109,2022-03-26,TOR vs. IND,Indiana Pacers,IND,91,False,0.418,0.306,0.7,35,23,13,Toronto Raptors,TOR,131,True,0.607,0.469,0.737,42,34,6,222,40
2021,0022101121,2022-03-27,DAL vs. UTA,Utah Jazz,UTA,100,False,0.461,0.353,0.6,36,23,6,Dallas Mavericks,DAL,114,True,0.519,0.5,0.708,45,21,8,214,14
2021,2022100462,2022-03-27,CLC vs. WES,Westchester Knicks,WES,120,True,0.474,0.475,0.583,45,28,15,Cleveland Charge,CLC,110,False,0.488,0.4,0.727,51,22,22,230,10
2021,0022101119,2022-03-27,NOP vs. LAL,Los Angeles Lakers,LAL,108,False,0.525,0.4,0.625,39,26,15,New Orleans Pelicans,NOP,116,True,0.484,0.333,0.792,41,25,7,224,8
2021,0022101117,2022-03-27,GSW @ WAS,Golden State Warriors,GSW,115,False,0.427,0.242,0.795,46,20,10,Washington Wizards,WAS,123,True,0.524,0.571,0.864,42,33,12,238,8
2021,2022100466,2022-03-27,BIR vs. TEX,Texas Legends,TEX,97,False,0.372,0.368,0.615,43,25,8,Birmingham Squadron,BIR,127,True,0.543,0.525,0.833,50,35,12,224,30
2021,2022100463,2022-03-27,MCC @ DEL,Motor City Cruise,MCC,118,False,0.459,0.455,0.765,41,29,19,Delaware Blue Coats,DEL,125,True,0.459,0.429,0.813,53,22,12,243,7
2021,2022100507,2022-03-27,SXF vs. OKL,Oklahoma City Blue,OKL,111,True,0.494,0.387,0.929,56,23,21,Sioux Falls Skyforce,SXF,87,False,0.326,0.194,0.684,44,15,7,198,24
2021,2022100467,2022-03-27,SBL vs. ACC,Agua Caliente Clippers,ACC,120,False,0.5,0.367,0.867,39,31,14,South Bay Lakers,SBL,126,True,0.565,0.448,0.733,38,30,16,246,6
2021,0022101120,2022-03-27,BKN vs. CHA,Charlotte Hornets,CHA,119,True,0.429,0.531,0.783,53,26,11,Brooklyn Nets,BKN,110,False,0.443,0.206,0.654,50,30,9,229,9
2021,0022101116,2022-03-27,MIN @ BOS,Minnesota Timberwolves,MIN,112,False,0.536,0.438,0.667,30,26,14,Boston Celtics,BOS,134,True,0.563,0.436,0.905,45,27,13,246,22
2021,2022100461,2022-03-27,FWN @ MNE,Fort Wayne Mad Ants,FWN,107,False,0.435,0.212,0.667,47,26,13,Maine Celtics,MNE,110,True,0.46,0.392,0.538,49,33,21,217,3
2021,0022101115,2022-03-27,NYK @ DET,New York Knicks,NYK,104,True,0.4,0.317,0.793,51,19,12,Detroit Pistons,DET,102,False,0.459,0.276,0.889,37,23,10,206,2
2021,2022100465,2022-03-27,CPS @ WCB,College Park Skyhawks,CPS,127,True,0.565,0.433,0.769,48,27,13,Windy City Bulls,WCB,110,False,0.41,0.297,0.692,42,22,8,237,17
2021,2022100464,2022-03-27,GRG @ WIS,Grand Rapids Gold,GRG,111,True,0.506,0.457,0.364,54,31,14,Wisconsin Herd,WIS,107,False,0.467,0.375,0.417,43,27,9,218,4
2021,0022101118,2022-03-27,PHI @ PHX,Philadelphia 76ers,PHI,104,False,0.416,0.278,0.769,45,22,10,Phoenix Suns,PHX,114,True,0.517,0.481,0.647,40,24,12,218,10
2021,0022101126,2022-03-28,CHI @ NYK,Chicago Bulls,CHI,104,False,0.43,0.261,0.909,47,16,12,New York Knicks,NYK,109,True,0.427,0.343,0.6,46,19,6,213,5
2021,0022101125,2022-03-28,SAC @ MIA,Sacramento Kings,SAC,100,False,0.457,0.343,0.778,32,21,14,Miami Heat,MIA,123,True,0.544,0.475,1.0,48,30,15,223,23
2021,0022101130,2022-03-28,OKC @ POR,Oklahoma City Thunder,OKC,134,True,0.533,0.444,0.72,49,32,20,Portland Trail Blazers,POR,131,False,0.455,0.4,0.692,47,28,11,265,3
2021,0022101129,2022-03-28,MEM vs. GSW,Golden State Warriors,GSW,95,False,0.407,0.31,0.769,40,18,15,Memphis Grizzlies,MEM,123,True,0.467,0.4,0.714,52,26,13,218,28
2021,0022101127,2022-03-28,TOR vs. BOS,Boston Celtics,BOS,112,False,0.411,0.3,0.786,57,23,16,Toronto Raptors,TOR,115,True,0.434,0.256,0.722,52,16,10,227,3
2021,2022100508,2022-03-28,SBL vs. ACC,Agua Caliente Clippers,ACC,109,True,0.467,0.321,0.769,45,27,15,South Bay Lakers,SBL,106,False,0.477,0.367,0.615,38,23,17,215,3
2021,0022101122,2022-03-28,CHA vs. DEN,Denver Nuggets,DEN,113,True,0.465,0.364,0.75,51,29,16,Charlotte Hornets,CHA,109,False,0.473,0.31,0.667,40,33,14,222,4
2021,0022101123,2022-03-28,ORL @ CLE,Orlando Magic,ORL,101,False,0.483,0.27,0.538,45,31,17,Cleveland Cavaliers,CLE,107,True,0.446,0.317,0.87,41,26,13,208,6
2021,0022101128,2022-03-28,HOU vs. SAS,San Antonio Spurs,SAS,123,True,0.47,0.241,0.786,56,28,12,Houston Rockets,HOU,120,False,0.413,0.408,0.857,44,26,12,243,3
2021,2022100468,2022-03-28,MHU vs. RGV,Rio Grande Valley Vipers,RGV,128,True,0.495,0.346,0.909,58,27,21,Memphis Hustle,MHU,115,False,0.425,0.303,0.704,37,25,10,243,13
2021,0022101124,2022-03-28,ATL @ IND,Atlanta Hawks,ATL,132,True,0.547,0.486,0.808,40,32,13,Indiana Pacers,IND,123,False,0.517,0.472,0.889,28,32,14,255,9
2021,2022100477,2022-03-29,SLC vs. SCW,Santa Cruz Warriors,SCW,118,True,0.532,0.371,0.65,56,35,21,Salt Lake City Stars,SLC,115,False,0.398,0.275,0.75,48,22,10,233,3
2021,0022101133,2022-03-29,BKN vs. DET,Detroit Pistons,DET,123,False,0.485,0.421,0.846,39,28,12,Brooklyn Nets,BKN,130,True,0.553,0.536,0.912,41,24,19,253,7
2021,0022101134,2022-03-29,LAL @ DAL,Los Angeles Lakers,LAL,110,False,0.449,0.273,0.818,48,20,9,Dallas Mavericks,DAL,128,True,0.517,0.435,0.783,46,27,7,238,18
2021,2022100471,2022-03-29,CPS vs. LAK,Lakeland Magic,LAK,136,False,0.58,0.5,0.8,34,30,15,College Park Skyhawks,CPS,140,True,0.543,0.382,0.808,35,27,12,276,4
2021,2022100470,2022-03-29,CLC vs. WES,Westchester Knicks,WES,116,True,0.495,0.275,0.857,48,29,10,Cleveland Charge,CLC,100,False,0.443,0.211,0.875,44,18,15,216,16
2021,2022100475,2022-03-29,IWA vs. BIR,Birmingham Squadron,BIR,114,True,0.529,0.361,0.6,44,31,16,Iowa Wolves,IWA,106,False,0.451,0.3,0.647,44,28,14,220,8
2021,2022100476,2022-03-29,STO @ MHU,Stockton Kings,STO,115,False,0.511,0.542,0.714,42,28,10,Memphis Hustle,MHU,123,True,0.464,0.444,0.75,49,25,14,238,8
2021,0022101131,2022-03-29,MIL @ PHI,Milwaukee Bucks,MIL,118,True,0.5,0.368,0.696,48,26,10,Philadelphia 76ers,PHI,116,False,0.483,0.39,0.778,40,28,8,234,2
2021,0022101132,2022-03-29,WAS vs. CHI,Chicago Bulls,CHI,107,True,0.506,0.333,0.833,36,26,8,Washington Wizards,WAS,94,False,0.481,0.231,0.706,37,25,14,201,13
2021,2022100469,2022-03-29,DEL vs. MCC,Motor City Cruise,MCC,122,True,0.44,0.341,0.846,50,26,7,Delaware Blue Coats,DEL,111,False,0.452,0.25,0.706,44,22,9,233,11
2021,0022101135,2022-03-29,LAC vs. UTA,Utah Jazz,UTA,115,False,0.551,0.387,0.586,38,23,14,LA Clippers,LAC,121,True,0.494,0.417,0.857,33,21,8,236,6
2021,2022100474,2022-03-29,WCB @ LIN,Windy City Bulls,WCB,105,False,0.465,0.333,0.579,38,19,12,Long Island Nets,LIN,116,True,0.527,0.5,0.722,43,25,17,221,11
2021,2022100473,2022-03-29,MNE @ GBO,Maine Celtics,MNE,144,True,0.554,0.452,0.833,52,32,11,Greensboro Swarm,GBO,107,False,0.381,0.242,0.714,47,22,10,251,37
2021,2022100472,2022-03-29,RAP @ GRG,Raptors 905,RAP,111,True,0.468,0.313,0.85,49,22,17,Grand Rapids Gold,GRG,103,False,0.442,0.472,0.667,34,27,15,214,8
2021,0022101139,2022-03-30,MIA @ BOS,Miami Heat,MIA,106,True,0.481,0.382,0.68,42,27,15,Boston Celtics,BOS,98,False,0.412,0.297,0.739,44,27,17,204,8
2021,0022101138,2022-03-30,WAS vs. ORL,Orlando Magic,ORL,110,False,0.417,0.324,0.864,42,21,11,Washington Wizards,WAS,127,True,0.511,0.361,0.769,51,35,11,237,17
2021,2022100479,2022-03-30,ACC @ RGV,Agua Caliente Clippers,ACC,106,True,0.47,0.387,0.688,49,18,16,Rio Grande Valley Vipers,RGV,98,False,0.368,0.143,0.765,48,21,11,204,8
2021,0022101146,2022-03-30,POR vs. NOP,New Orleans Pelicans,NOP,117,True,0.513,0.25,0.795,40,26,14,Portland Trail Blazers,POR,107,False,0.459,0.333,0.833,41,30,20,224,10
2021,0022101137,2022-03-30,DEN @ IND,Denver Nuggets,DEN,125,True,0.625,0.429,0.929,43,33,19,Indiana Pacers,IND,118,False,0.454,0.3,0.783,37,29,8,243,7
2021,0022101143,2022-03-30,ATL @ OKC,Atlanta Hawks,ATL,136,True,0.538,0.462,0.909,43,28,12,Oklahoma City Thunder,OKC,118,False,0.471,0.415,0.704,42,31,18,254,18
2021,2022100478,2022-03-30,FWN vs. CCG,Capital City Go-Go,CCG,121,False,0.476,0.25,0.733,53,38,19,Fort Wayne Mad Ants,FWN,130,True,0.484,0.361,0.88,43,27,17,251,9
2021,0022101136,2022-03-30,CLE vs. DAL,Dallas Mavericks,DAL,120,True,0.523,0.381,0.8,38,28,11,Cleveland Cavaliers,CLE,112,False,0.506,0.44,0.773,39,24,13,232,8
2021,0022101144,2022-03-30,SAS vs. MEM,Memphis Grizzlies,MEM,112,True,0.484,0.41,0.727,40,26,12,San Antonio Spurs,SAS,111,False,0.506,0.4,0.813,37,26,14,223,1
2021,0022101145,2022-03-30,PHX @ GSW,Phoenix Suns,PHX,107,True,0.413,0.25,0.8,46,20,14,Golden State Warriors,GSW,103,False,0.422,0.342,0.8,48,26,21,210,4
2021,0022101140,2022-03-30,NYK vs. CHA,Charlotte Hornets,CHA,125,True,0.544,0.343,0.882,40,39,11,New York Knicks,NYK,114,False,0.471,0.364,0.692,43,23,12,239,11
2021,0022101142,2022-03-30,SAC @ HOU,Sacramento Kings,SAC,121,True,0.463,0.269,0.722,44,21,9,Houston Rockets,HOU,118,False,0.457,0.31,0.76,51,23,17,239,3
2021,0022101141,2022-03-30,TOR vs. MIN,Minnesota Timberwolves,MIN,102,False,0.402,0.297,0.739,48,26,21,Toronto Raptors,TOR,125,True,0.5,0.5,0.733,47,32,17,227,23
2021,2022100484,2022-03-31,BIR vs. STO,Stockton Kings,STO,106,False,0.512,0.3,0.889,39,27,13,Birmingham Squadron,BIR,116,True,0.517,0.326,0.75,37,28,12,222,10
2021,2022100480,2022-03-31,CLC vs. LAK,Lakeland Magic,LAK,129,True,0.511,0.451,0.778,58,38,9,Cleveland Charge,CLC,91,False,0.355,0.259,0.778,43,16,9,220,38
2021,0022101149,2022-03-31,LAC @ CHI,LA Clippers,LAC,130,False,0.5,0.444,0.923,40,26,12,Chicago Bulls,CHI,135,True,0.49,0.345,0.781,50,24,8,265,5
2021,0022101148,2022-03-31,MIL @ BKN,Milwaukee Bucks,MIL,120,True,0.449,0.293,0.824,57,17,22,Brooklyn Nets,BKN,119,False,0.464,0.486,0.688,41,31,16,239,1
2021,2022100486,2022-03-31,SXF @ SBL,Sioux Falls Skyforce,SXF,126,False,0.53,0.438,0.813,41,29,17,South Bay Lakers,SBL,139,True,0.588,0.405,0.5,37,31,7,265,13
2021,2022100481,2022-03-31,MNE @ GBO,Maine Celtics,MNE,122,True,0.494,0.372,0.875,48,31,13,Greensboro Swarm,GBO,117,False,0.495,0.385,0.667,39,27,12,239,5
2021,0022101147,2022-03-31,PHI @ DET,Philadelphia 76ers,PHI,94,False,0.449,0.269,0.893,39,22,15,Detroit Pistons,DET,102,True,0.5,0.286,0.667,38,26,9,196,8
2021,0022101150,2022-03-31,UTA vs. LAL,Los Angeles Lakers,LAL,109,False,0.494,0.28,0.714,40,18,11,Utah Jazz,UTA,122,True,0.511,0.341,0.625,41,25,8,231,13
2021,2022100483,2022-03-31,FWN @ WES,Fort Wayne Mad Ants,FWN,110,False,0.378,0.333,0.8,51,26,20,Westchester Knicks,WES,131,True,0.551,0.379,0.7,51,31,14,241,21
2021,2022100482,2022-03-31,LIN vs. RAP,Raptors 905,RAP,99,False,0.394,0.333,0.462,43,21,9,Long Island Nets,LIN,114,True,0.511,0.344,0.462,59,29,14,213,15
2021,0022100452,2022-03-31,CLE @ ATL,Cleveland Cavaliers,CLE,107,False,0.433,0.233,0.786,47,19,14,Atlanta Hawks,ATL,131,True,0.495,0.436,0.857,48,27,8,238,24
2021,2022100485,2022-03-31,IWA vs. OKL,Oklahoma City Blue,OKL,106,False,0.394,0.306,0.769,52,27,10,Iowa Wolves,IWA,111,True,0.453,0.351,0.9,49,21,11,217,5
2021,2022100492,2022-04-01,TEX @ SLC,Texas Legends,TEX,103,True,0.453,0.333,0.833,49,17,16,Salt Lake City Stars,SLC,91,False,0.364,0.268,0.364,53,24,12,194,12
2021,0022101157,2022-04-01,OKC vs. DET,Detroit Pistons,DET,110,True,0.426,0.313,0.833,44,29,8,Oklahoma City Thunder,OKC,101,False,0.429,0.324,0.621,54,24,15,211,9
2021,0022101152,2022-04-01,DAL @ WAS,Dallas Mavericks,DAL,103,False,0.436,0.289,0.923,36,14,13,Washington Wizards,WAS,135,True,0.544,0.515,0.909,45,33,9,238,32
2021,0022101158,2022-04-01,SAS vs. POR,Portland Trail Blazers,POR,111,False,0.446,0.429,0.7,42,27,10,San Antonio Spurs,SAS,130,True,0.568,0.432,0.786,44,34,14,241,19
2021,2022100487,2022-04-01,LIN @ CCG,Long Island Nets,LIN,77,False,0.311,0.189,0.4,59,17,18,Capital City Go-Go,CCG,86,True,0.36,0.13,0.684,56,16,14,163,9
2021,0022101155,2022-04-01,PHX @ MEM,Phoenix Suns,PHX,114,False,0.547,0.37,0.588,39,27,17,Memphis Grizzlies,MEM,122,True,0.451,0.292,0.821,48,30,11,236,8
2021,0022101160,2022-04-01,NOP @ LAL,New Orleans Pelicans,NOP,114,True,0.519,0.269,0.862,37,23,13,Los Angeles Lakers,LAL,111,False,0.476,0.407,0.71,40,24,15,225,3
2021,0022101151,2022-04-01,TOR @ ORL,Toronto Raptors,TOR,102,True,0.419,0.31,0.85,41,21,10,Orlando Magic,ORL,89,False,0.43,0.314,0.909,45,24,20,191,13
2021,0022101153,2022-04-01,BOS vs. IND,Indiana Pacers,IND,123,False,0.519,0.472,0.957,30,25,16,Boston Celtics,BOS,128,True,0.542,0.364,0.929,40,29,15,251,5
2021,2022100490,2022-04-01,OKL @ IWA,Oklahoma City Blue,OKL,114,False,0.466,0.382,0.625,41,25,11,Iowa Wolves,IWA,124,True,0.57,0.5,0.632,44,30,14,238,10
2021,0022101159,2022-04-01,MIN @ DEN,Minnesota Timberwolves,MIN,136,True,0.5,0.475,0.861,38,26,11,Denver Nuggets,DEN,130,False,0.535,0.343,0.897,44,36,18,266,6
2021,0022101154,2022-04-01,HOU vs. SAC,Sacramento Kings,SAC,122,True,0.519,0.429,0.765,47,29,13,Houston Rockets,HOU,117,False,0.423,0.378,0.692,45,26,10,239,5
2021,2022100491,2022-04-01,AUS vs. SCW,Santa Cruz Warriors,SCW,118,True,0.435,0.28,0.885,55,22,16,Austin Spurs,AUS,112,False,0.438,0.333,0.615,47,22,15,230,6
2021,2022100488,2022-04-01,DEL vs. WIS,Wisconsin Herd,WIS,110,False,0.436,0.298,0.545,40,31,14,Delaware Blue Coats,DEL,144,True,0.524,0.409,0.8,64,38,14,254,34
2021,2022100489,2022-04-01,CPS @ GRG,College Park Skyhawks,CPS,118,True,0.448,0.333,0.813,49,21,8,Grand Rapids Gold,GRG,115,False,0.495,0.545,0.333,47,28,13,233,3
2021,0022101156,2022-04-01,LAC @ MIL,LA Clippers,LAC,153,True,0.609,0.535,0.75,36,34,9,Milwaukee Bucks,MIL,119,False,0.532,0.32,0.611,38,30,15,272,34
2021,2022100497,2022-04-02,CLC @ MCC,Cleveland Charge,CLC,106,False,0.452,0.359,0.5,41,20,13,Motor City Cruise,MCC,118,True,0.5,0.5,0.75,47,31,11,224,12
2021,2022100498,2022-04-02,FWN @ WES,Fort Wayne Mad Ants,FWN,114,True,0.494,0.355,0.857,39,25,21,Westchester Knicks,WES,99,False,0.482,0.333,0.556,40,21,23,213,15
2021,2022100500,2022-04-02,WCB vs. CCG,Capital City Go-Go,CCG,99,False,0.402,0.222,0.8,50,21,13,Windy City Bulls,WCB,106,True,0.506,0.333,0.647,36,24,13,205,7
2021,2022100493,2022-04-02,GBO @ RAP,Greensboro Swarm,GBO,113,False,0.5,0.379,0.563,47,23,23,Raptors 905,RAP,119,True,0.469,0.379,0.733,49,27,17,232,6
2021,0022101164,2022-04-02,MIA @ CHI,Miami Heat,MIA,127,True,0.537,0.5,0.815,41,28,9,Chicago Bulls,CHI,109,False,0.43,0.265,0.897,39,21,5,236,18
2021,2022100503,2022-04-02,TEX vs. AUS,Austin Spurs,AUS,97,False,0.402,0.417,0.667,45,20,9,Texas Legends,TEX,106,True,0.458,0.412,0.786,49,22,15,203,9
2021,2022100504,2022-04-02,SLC vs. STO,Stockton Kings,STO,101,False,0.488,0.387,0.429,43,20,12,Salt Lake City Stars,SLC,104,True,0.429,0.349,0.769,41,23,11,205,3
2021,2022100496,2022-04-02,LAK vs. MNE,Maine Celtics,MNE,118,False,0.443,0.417,0.909,44,30,16,Lakeland Magic,LAK,121,True,0.511,0.447,0.8,35,30,10,239,3
2021,0022101162,2022-04-02,NYK vs. CLE,Cleveland Cavaliers,CLE,119,True,0.543,0.441,0.762,43,26,9,New York Knicks,NYK,101,False,0.403,0.433,0.765,35,19,10,220,18
2021,2022100494,2022-04-02,WIS @ DEL,Wisconsin Herd,WIS,114,False,0.484,0.324,0.667,35,29,15,Delaware Blue Coats,DEL,132,True,0.495,0.361,0.55,58,30,16,246,18
2021,2022100499,2022-04-02,BIR @ MHU,Birmingham Squadron,BIR,126,True,0.545,0.514,0.667,48,35,9,Memphis Hustle,MHU,111,False,0.406,0.237,0.833,47,20,8,237,15
2021,0022101165,2022-04-02,GSW vs. UTA,Utah Jazz,UTA,107,False,0.427,0.326,0.727,47,19,12,Golden State Warriors,GSW,111,True,0.476,0.417,0.917,41,30,11,218,4
2021,2022100495,2022-04-02,GRG vs. CPS,College Park Skyhawks,CPS,118,True,0.478,0.36,0.929,48,29,8,Grand Rapids Gold,GRG,111,False,0.489,0.375,0.455,43,31,12,229,7
2021,0022101161,2022-04-02,PHI vs. CHA,Charlotte Hornets,CHA,114,False,0.483,0.367,0.792,32,34,17,Philadelphia 76ers,PHI,144,True,0.609,0.488,0.81,47,38,19,258,30
2021,2022100502,2022-04-02,RGV vs. ACC,Agua Caliente Clippers,ACC,130,True,0.479,0.517,0.8,53,26,20,Rio Grande Valley Vipers,RGV,128,False,0.46,0.391,0.647,46,31,15,258,2
2021,0022101163,2022-04-02,ATL vs. BKN,Brooklyn Nets,BKN,115,False,0.424,0.459,0.737,52,17,13,Atlanta Hawks,ATL,122,True,0.419,0.317,0.755,54,18,6,237,7
2021,2022100501,2022-04-02,SXF @ SBL,Sioux Falls Skyforce,SXF,125,False,0.505,0.333,1.0,41,28,21,South Bay Lakers,SBL,128,True,0.534,0.364,0.938,38,29,18,253,3
2021,0022101175,2022-04-03,POR @ SAS,Portland Trail Blazers,POR,92,False,0.393,0.356,0.667,39,22,14,San Antonio Spurs,SAS,113,True,0.452,0.333,0.767,51,25,12,205,21
2021,0022101172,2022-04-03,TOR vs. MIA,Miami Heat,MIA,114,True,0.519,0.474,0.636,38,30,17,Toronto Raptors,TOR,109,False,0.422,0.308,0.794,38,19,14,223,5
2021,0022101173,2022-04-03,HOU vs. MIN,Minnesota Timberwolves,MIN,139,True,0.593,0.415,0.8,32,32,19,Houston Rockets,HOU,132,False,0.565,0.4,0.69,36,28,23,271,7
2021,0022101176,2022-04-03,SAC vs. GSW,Golden State Warriors,GSW,109,True,0.519,0.471,0.733,47,29,15,Sacramento Kings,SAC,90,False,0.383,0.212,0.875,35,19,12,199,19
2021,0022101177,2022-04-03,LAC vs. NOP,New Orleans Pelicans,NOP,100,False,0.402,0.375,0.778,54,22,15,LA Clippers,LAC,119,True,0.474,0.477,0.8,41,33,10,219,19
2021,0022101166,2022-04-03,BOS vs. WAS,Washington Wizards,WAS,102,False,0.463,0.381,0.9,32,21,12,Boston Celtics,BOS,144,True,0.615,0.523,0.692,39,39,7,246,42
2021,0022101170,2022-04-03,PHI @ CLE,Philadelphia 76ers,PHI,112,True,0.413,0.355,0.833,50,23,14,Cleveland Cavaliers,CLE,108,False,0.449,0.455,0.742,41,24,9,220,4
2021,0022101168,2022-04-03,LAL vs. DEN,Denver Nuggets,DEN,129,True,0.573,0.387,0.793,38,33,12,Los Angeles Lakers,LAL,118,False,0.533,0.3,0.667,40,31,12,247,11
2021,0022101174,2022-04-03,OKC vs. PHX,Phoenix Suns,PHX,96,False,0.416,0.184,0.882,33,22,11,Oklahoma City Thunder,OKC,117,True,0.494,0.415,0.778,54,33,16,213,21
2021,0022101171,2022-04-03,ORL vs. NYK,New York Knicks,NYK,118,True,0.484,0.341,0.813,56,29,9,Orlando Magic,ORL,88,False,0.353,0.273,0.593,40,18,11,206,30
2021,0022101169,2022-04-03,DET @ IND,Detroit Pistons,DET,121,True,0.434,0.512,0.778,38,31,11,Indiana Pacers,IND,117,False,0.479,0.316,0.789,58,33,19,238,4
2021,0022101167,2022-04-03,MIL vs. DAL,Dallas Mavericks,DAL,118,True,0.513,0.421,0.889,38,28,12,Milwaukee Bucks,MIL,112,False,0.442,0.375,0.722,36,25,9,230,6
2021,0022101186,2022-04-05,SAS @ DEN,San Antonio Spurs,SAS,116,True,0.494,0.462,0.667,48,31,10,Denver Nuggets,DEN,97,False,0.418,0.212,0.667,51,22,11,213,19
2021,0022101187,2022-04-05,UTA vs. MEM,Memphis Grizzlies,MEM,115,False,0.386,0.419,0.828,51,26,12,Utah Jazz,UTA,121,True,0.417,0.316,0.674,61,23,16,236,6
2021,0022101181,2022-04-05,MIA vs. CHA,Charlotte Hornets,CHA,115,False,0.529,0.316,0.722,31,34,13,Miami Heat,MIA,144,True,0.571,0.548,0.862,41,29,14,259,29
2021,0022101178,2022-04-05,IND vs. PHI,Philadelphia 76ers,PHI,131,True,0.54,0.575,0.778,36,34,14,Indiana Pacers,IND,122,False,0.474,0.3,0.952,48,29,15,253,9
2021,0022101184,2022-04-05,WAS @ MIN,Washington Wizards,WAS,132,True,0.554,0.433,0.5,52,38,10,Minnesota Timberwolves,MIN,114,False,0.451,0.341,0.72,38,27,9,246,18
2021,0022101188,2022-04-05,NOP @ SAC,New Orleans Pelicans,NOP,123,True,0.511,0.48,0.808,44,26,13,Sacramento Kings,SAC,109,False,0.513,0.367,0.909,34,28,15,232,14
2021,0022101183,2022-04-05,CHI vs. MIL,Milwaukee Bucks,MIL,127,True,0.529,0.343,0.92,47,32,14,Chicago Bulls,CHI,106,False,0.429,0.273,1.0,42,22,14,233,21
2021,0022101179,2022-04-05,CLE @ ORL,Cleveland Cavaliers,CLE,115,False,0.488,0.444,0.682,47,25,11,Orlando Magic,ORL,120,True,0.505,0.457,0.667,43,31,7,235,5
2021,0022101180,2022-04-05,BKN vs. HOU,Houston Rockets,HOU,105,False,0.404,0.256,0.56,48,18,11,Brooklyn Nets,BKN,118,True,0.453,0.405,0.926,52,22,16,223,13
2021,0022101189,2022-04-05,LAL @ PHX,Los Angeles Lakers,LAL,110,False,0.453,0.31,0.767,46,22,16,Phoenix Suns,PHX,121,True,0.49,0.359,0.778,53,38,14,231,11
2021,0022101185,2022-04-05,OKC vs. POR,Portland Trail Blazers,POR,94,False,0.422,0.344,0.813,40,24,17,Oklahoma City Thunder,OKC,98,True,0.481,0.31,0.5,47,15,16,192,4
2021,0022101182,2022-04-05,TOR vs. ATL,Atlanta Hawks,ATL,108,False,0.457,0.378,0.667,43,31,7,Toronto Raptors,TOR,118,True,0.436,0.257,0.677,60,20,7,226,10
2021,0022101192,2022-04-06,WAS @ ATL,Washington Wizards,WAS,103,False,0.488,0.286,0.818,44,26,14,Atlanta Hawks,ATL,118,True,0.467,0.41,0.842,39,26,6,221,15
2021,0022101191,2022-04-06,BKN @ NYK,Brooklyn Nets,BKN,110,True,0.441,0.341,0.778,49,28,13,New York Knicks,NYK,98,False,0.386,0.342,0.583,42,22,11,208,12
2021,0022101194,2022-04-06,OKC @ UTA,Oklahoma City Thunder,OKC,101,False,0.411,0.432,0.647,32,27,10,Utah Jazz,UTA,137,True,0.583,0.417,0.75,55,29,11,238,36
2021,0022101195,2022-04-06,PHX @ LAC,Phoenix Suns,PHX,109,False,0.389,0.354,0.667,54,29,12,LA Clippers,LAC,113,True,0.44,0.353,0.795,55,20,16,222,4
2021,0022101193,2022-04-06,CHI vs. BOS,Boston Celtics,BOS,117,True,0.489,0.459,0.636,42,29,11,Chicago Bulls,CHI,94,False,0.438,0.304,0.739,40,19,17,211,23
2021,0022101190,2022-04-06,DET vs. DAL,Dallas Mavericks,DAL,131,True,0.563,0.455,0.765,41,28,10,Detroit Pistons,DET,113,False,0.427,0.367,0.914,42,26,10,244,18
2021,0022101198,2022-04-07,BOS @ MIL,Boston Celtics,BOS,121,False,0.494,0.42,0.737,44,30,16,Milwaukee Bucks,MIL,127,True,0.505,0.368,0.714,48,27,11,248,6
2021,0022101200,2022-04-07,NOP vs. POR,Portland Trail Blazers,POR,94,False,0.522,0.355,0.846,27,28,22,New Orleans Pelicans,NOP,127,True,0.473,0.351,0.839,49,31,11,221,33
2021,0022101197,2022-04-07,TOR vs. PHI,Philadelphia 76ers,PHI,114,False,0.493,0.528,0.84,37,26,16,Toronto Raptors,TOR,119,True,0.495,0.455,0.778,41,22,10,233,5
2021,0022101199,2022-04-07,SAS @ MIN,San Antonio Spurs,SAS,121,False,0.483,0.357,0.735,45,31,12,Minnesota Timberwolves,MIN,127,True,0.427,0.377,0.806,47,25,10,248,6
2021,0022101202,2022-04-07,GSW vs. LAL,Los Angeles Lakers,LAL,112,False,0.446,0.281,0.763,42,14,18,Golden State Warriors,GSW,128,True,0.526,0.5,1.0,45,39,15,240,16
2021,0022101196,2022-04-07,ORL @ CHA,Orlando Magic,ORL,101,False,0.4,0.313,0.769,43,27,16,Charlotte Hornets,CHA,128,True,0.522,0.353,0.741,56,29,11,229,27
2021,0022101201,2022-04-07,MEM @ DEN,Memphis Grizzlies,MEM,109,False,0.472,0.393,0.737,34,30,12,Denver Nuggets,DEN,122,True,0.55,0.4,0.88,43,27,17,231,13
2021,0022101209,2022-04-08,POR @ DAL,Portland Trail Blazers,POR,78,False,0.373,0.219,0.75,29,20,16,Dallas Mavericks,DAL,128,True,0.532,0.444,0.774,51,25,14,206,50
2021,0022101211,2022-04-08,LAL vs. OKC,Oklahoma City Thunder,OKC,101,False,0.455,0.207,0.789,44,21,14,Los Angeles Lakers,LAL,120,True,0.5,0.29,0.744,45,23,9,221,19
2021,0022101203,2022-04-08,MIL @ DET,Milwaukee Bucks,MIL,131,True,0.495,0.297,0.87,51,29,7,Detroit Pistons,DET,101,False,0.389,0.208,0.913,43,27,11,232,30
2021,0022101205,2022-04-08,BKN vs. CLE,Cleveland Cavaliers,CLE,107,False,0.488,0.296,0.792,31,19,8,Brooklyn Nets,BKN,118,True,0.467,0.375,0.952,45,30,10,225,11
2021,0022101210,2022-04-08,PHX @ UTA,Phoenix Suns,PHX,111,True,0.5,0.316,0.867,46,27,13,Utah Jazz,UTA,105,False,0.398,0.289,0.727,44,20,11,216,6
2021,0022101208,2022-04-08,CHI vs. CHA,Charlotte Hornets,CHA,133,True,0.605,0.475,1.0,38,34,11,Chicago Bulls,CHI,117,False,0.537,0.542,0.8,31,25,12,250,16
2021,0022101206,2022-04-08,TOR vs. HOU,Houston Rockets,HOU,115,False,0.531,0.345,0.792,41,24,18,Toronto Raptors,TOR,117,True,0.458,0.241,0.957,41,20,9,232,2
2021,0022101204,2022-04-08,WAS vs. NYK,New York Knicks,NYK,114,True,0.466,0.41,0.8,42,27,10,Washington Wizards,WAS,92,False,0.507,0.321,0.765,37,21,22,206,22
2021,0022101207,2022-04-08,MIA vs. ATL,Atlanta Hawks,ATL,109,False,0.477,0.235,0.895,43,17,14,Miami Heat,MIA,113,True,0.556,0.423,0.786,33,20,17,222,4
2021,0022101214,2022-04-09,IND @ PHI,Indiana Pacers,IND,120,False,0.526,0.435,0.778,31,28,17,Philadelphia 76ers,PHI,133,True,0.556,0.353,0.778,42,37,14,253,13
2021,0022101212,2022-04-09,SAC @ LAC,Sacramento Kings,SAC,98,False,0.442,0.25,0.625,42,24,13,LA Clippers,LAC,117,True,0.488,0.488,0.8,48,29,16,215,19
2021,0022101213,2022-04-09,NOP @ MEM,New Orleans Pelicans,NOP,114,False,0.451,0.2,0.743,29,23,16,Memphis Grizzlies,MEM,141,True,0.589,0.514,0.739,48,41,18,255,27
2021,0022101215,2022-04-09,GSW @ SAS,Golden State Warriors,GSW,100,True,0.407,0.25,0.788,51,23,12,San Antonio Spurs,SAS,94,False,0.4,0.323,0.741,41,19,12,194,6
2021,0022101218,2022-04-10,MIL @ CLE,Milwaukee Bucks,MIL,115,False,0.443,0.4,0.781,41,27,12,Cleveland Cavaliers,CLE,133,True,0.543,0.5,0.706,48,39,10,248,18
2021,0022101221,2022-04-10,ATL @ HOU,Atlanta Hawks,ATL,130,True,0.517,0.553,0.792,50,29,12,Houston Rockets,HOU,114,False,0.461,0.37,0.75,34,24,5,244,16
2021,0022101230,2022-04-10,POR vs. UTA,Utah Jazz,UTA,111,True,0.451,0.25,0.737,60,23,17,Portland Trail Blazers,POR,80,False,0.373,0.265,0.75,32,21,14,191,31
2021,0022101223,2022-04-10,MEM vs. BOS,Boston Celtics,BOS,139,True,0.545,0.375,1.0,56,34,15,Memphis Grizzlies,MEM,110,False,0.382,0.319,0.63,45,27,10,249,29
2021,0022101220,2022-04-10,DEN vs. LAL,Los Angeles Lakers,LAL,146,True,0.468,0.372,0.894,50,26,13,Denver Nuggets,DEN,141,False,0.49,0.319,0.778,45,33,14,287,5
2021,0022101225,2022-04-10,GSW @ NOP,Golden State Warriors,GSW,128,True,0.605,0.576,0.846,41,33,17,New Orleans Pelicans,NOP,107,False,0.424,0.35,0.75,42,24,11,235,21
2021,0022101224,2022-04-10,MIN vs. CHI,Chicago Bulls,CHI,124,True,0.53,0.476,0.788,48,22,21,Minnesota Timberwolves,MIN,120,False,0.505,0.355,0.773,32,30,13,244,4
2021,0022101216,2022-04-10,BKN vs. IND,Indiana Pacers,IND,126,False,0.452,0.413,0.684,30,32,7,Brooklyn Nets,BKN,134,True,0.642,0.364,0.88,50,30,20,260,8
2021,0022101228,2022-04-10,DET @ PHI,Detroit Pistons,DET,106,False,0.458,0.324,0.655,42,26,19,Philadelphia 76ers,PHI,118,True,0.523,0.2,0.913,42,25,10,224,12
2021,0022101217,2022-04-10,WAS @ CHA,Washington Wizards,WAS,108,False,0.447,0.348,0.615,43,25,10,Charlotte Hornets,CHA,124,True,0.539,0.545,0.714,48,34,17,232,16
2021,0022101226,2022-04-10,NYK vs. TOR,Toronto Raptors,TOR,94,False,0.391,0.286,0.909,43,27,13,New York Knicks,NYK,105,True,0.46,0.349,0.833,48,32,15,199,11
2021,0022101219,2022-04-10,SAS @ DAL,San Antonio Spurs,SAS,120,False,0.483,0.355,1.0,35,26,8,Dallas Mavericks,DAL,130,True,0.541,0.556,0.783,43,34,16,250,10
2021,0022101229,2022-04-10,SAC @ PHX,Sacramento Kings,SAC,116,True,0.526,0.538,0.733,40,26,14,Phoenix Suns,PHX,109,False,0.408,0.298,0.733,50,27,10,225,7
2021,0022101227,2022-04-10,MIA @ ORL,Miami Heat,MIA,111,False,0.426,0.38,0.75,47,20,10,Orlando Magic,ORL,125,True,0.495,0.397,0.857,48,33,8,236,14
2021,0022101222,2022-04-10,OKC @ LAC,Oklahoma City Thunder,OKC,88,False,0.378,0.265,0.556,40,17,8,LA Clippers,LAC,138,True,0.557,0.514,0.857,57,34,9,226,50
