season,game_id,date,matchup,away_team,away_abbr,away_score,away_win,away_fg_pct,away_fg3_pct,away_ft_pct,away_rebounds,away_assists,away_turnovers,home_team,home_abbr,home_score,home_win,home_fg_pct,home_fg3_pct,home_ft_pct,home_rebounds,home_assists,home_turnovers,total_points,point_differential
2022,0022200001,2022-10-18,BOS vs. PHI,Philadelphia 76ers,PHI,117,False,0.5,0.382,0.857,31,16,14,Boston Celtics,BOS,126,True,0.561,0.343,0.786,36,24,10,243,9
2022,0022200002,2022-10-18,GSW vs. LAL,Los Angeles Lakers,LAL,109,False,0.426,0.25,0.76,48,23,21,Golden State Warriors,GSW,123,True,0.455,0.356,0.739,48,31,18,232,14
2022,0022200008,2022-10-19,TOR vs. CLE,Cleveland Cavaliers,CLE,105,False,0.494,0.357,0.826,38,25,17,Toronto Raptors,TOR,108,True,0.419,0.433,0.719,41,19,13,213,3
2022,0022200009,2022-10-19,MEM vs. NYK,New York Knicks,NYK,112,False,0.404,0.243,0.833,54,28,12,Memphis Grizzlies,MEM,115,True,0.389,0.34,0.609,64,27,13,227,3
2022,0022200014,2022-10-19,POR @ SAC,Portland Trail Blazers,POR,115,True,0.443,0.393,0.788,44,20,11,Sacramento Kings,SAC,108,False,0.459,0.386,0.684,41,27,15,223,7
2022,0022200011,2022-10-19,CHA @ SAS,Charlotte Hornets,CHA,129,True,0.511,0.448,0.87,51,26,15,San Antonio Spurs,SAS,102,False,0.404,0.206,0.714,44,22,15,231,27
2022,0022200006,2022-10-19,NOP @ BKN,New Orleans Pelicans,NOP,130,True,0.49,0.462,0.72,61,31,12,Brooklyn Nets,BKN,108,False,0.449,0.303,0.75,39,22,16,238,22
2022,0022200007,2022-10-19,MIA vs. CHI,Chicago Bulls,CHI,116,True,0.441,0.361,0.75,46,23,14,Miami Heat,MIA,108,False,0.463,0.429,0.786,46,21,19,224,8
2022,0022200013,2022-10-19,PHX vs. DAL,Dallas Mavericks,DAL,105,False,0.467,0.4,0.618,40,17,12,Phoenix Suns,PHX,107,True,0.471,0.364,0.864,40,25,12,212,2
2022,0022200003,2022-10-19,DET vs. ORL,Orlando Magic,ORL,109,False,0.488,0.367,0.737,48,21,18,Detroit Pistons,DET,113,True,0.426,0.368,0.792,41,31,12,222,4
2022,0022200004,2022-10-19,IND vs. WAS,Washington Wizards,WAS,114,True,0.457,0.355,0.792,53,21,16,Indiana Pacers,IND,107,False,0.402,0.357,0.667,42,21,15,221,7
2022,0022200010,2022-10-19,MIN vs. OKC,Oklahoma City Thunder,OKC,108,False,0.384,0.311,0.818,57,22,13,Minnesota Timberwolves,MIN,115,True,0.415,0.263,0.818,55,25,14,223,7
2022,0022200005,2022-10-19,ATL vs. HOU,Houston Rockets,HOU,107,False,0.429,0.257,0.933,54,25,15,Atlanta Hawks,ATL,117,True,0.5,0.28,0.833,38,30,9,224,10
2022,0022200012,2022-10-19,UTA vs. DEN,Denver Nuggets,DEN,102,False,0.482,0.227,0.944,35,21,21,Utah Jazz,UTA,123,True,0.506,0.421,0.742,43,27,19,225,21
2022,0022200016,2022-10-20,LAL vs. LAC,LA Clippers,LAC,103,True,0.463,0.31,0.645,58,18,22,Los Angeles Lakers,LAL,97,False,0.351,0.2,0.846,38,23,10,200,6
2022,0022200015,2022-10-20,MIL @ PHI,Milwaukee Bucks,MIL,90,True,0.405,0.31,0.643,48,24,12,Philadelphia 76ers,PHI,88,False,0.434,0.208,0.846,44,17,10,178,2
2022,0022200020,2022-10-21,ORL @ ATL,Orlando Magic,ORL,98,False,0.413,0.235,0.8,44,16,19,Atlanta Hawks,ATL,108,True,0.449,0.419,0.938,46,26,17,206,10
2022,0022200017,2022-10-21,NOP @ CHA,New Orleans Pelicans,NOP,124,True,0.472,0.364,0.865,53,23,15,Charlotte Hornets,CHA,112,False,0.454,0.382,0.786,37,30,13,236,12
2022,0022200018,2022-10-21,IND vs. SAS,San Antonio Spurs,SAS,137,True,0.543,0.548,0.727,37,34,17,Indiana Pacers,IND,134,False,0.49,0.314,0.955,42,32,16,271,3
2022,0022200022,2022-10-21,BOS @ MIA,Boston Celtics,BOS,111,True,0.519,0.424,1.0,43,17,19,Miami Heat,MIA,104,False,0.457,0.308,0.8,36,23,9,215,7
2022,0022200019,2022-10-21,WAS vs. CHI,Chicago Bulls,CHI,100,False,0.418,0.259,0.818,38,19,13,Washington Wizards,WAS,102,True,0.513,0.385,0.909,39,26,16,202,2
2022,0022200024,2022-10-21,HOU vs. MEM,Memphis Grizzlies,MEM,129,True,0.459,0.452,0.69,50,26,12,Houston Rockets,HOU,122,False,0.473,0.457,0.6,45,18,14,251,7
2022,0022200023,2022-10-21,DET @ NYK,Detroit Pistons,DET,106,False,0.433,0.25,0.594,49,26,15,New York Knicks,NYK,130,True,0.526,0.421,0.636,50,29,12,236,24
2022,0022200026,2022-10-21,GSW vs. DEN,Denver Nuggets,DEN,128,True,0.535,0.441,0.84,41,30,20,Golden State Warriors,GSW,123,False,0.477,0.341,0.889,35,34,18,251,5
2022,0022200027,2022-10-21,POR vs. PHX,Phoenix Suns,PHX,111,False,0.457,0.37,0.714,41,31,16,Portland Trail Blazers,POR,113,True,0.439,0.345,0.861,48,14,18,224,2
2022,0022200021,2022-10-21,TOR @ BKN,Toronto Raptors,TOR,105,False,0.488,0.393,0.667,41,25,13,Brooklyn Nets,BKN,109,True,0.475,0.371,0.69,44,26,13,214,4
2022,0022200025,2022-10-21,UTA @ MIN,Utah Jazz,UTA,132,True,0.441,0.4,0.667,54,39,13,Minnesota Timberwolves,MIN,126,False,0.458,0.333,0.739,60,20,20,258,6
2022,0022200030,2022-10-22,BOS @ ORL,Boston Celtics,BOS,126,True,0.483,0.404,0.821,37,24,8,Orlando Magic,ORL,120,False,0.474,0.441,0.652,48,21,9,246,6
2022,0022200028,2022-10-22,SAS @ PHI,San Antonio Spurs,SAS,114,True,0.483,0.421,0.8,43,27,14,Philadelphia 76ers,PHI,105,False,0.44,0.323,0.75,40,26,12,219,9
2022,0022200029,2022-10-22,IND vs. DET,Detroit Pistons,DET,115,False,0.389,0.429,0.767,53,26,13,Indiana Pacers,IND,124,True,0.437,0.381,0.75,59,28,11,239,9
2022,0022200034,2022-10-22,MEM @ DAL,Memphis Grizzlies,MEM,96,False,0.43,0.273,0.792,29,20,17,Dallas Mavericks,DAL,137,True,0.5,0.436,0.833,52,23,15,233,41
2022,0022200032,2022-10-22,CLE @ CHI,Cleveland Cavaliers,CLE,128,True,0.565,0.593,0.889,48,32,17,Chicago Bulls,CHI,96,False,0.405,0.241,0.84,35,19,10,224,32
2022,0022200036,2022-10-22,LAC @ SAC,LA Clippers,LAC,111,True,0.506,0.409,0.909,40,24,13,Sacramento Kings,SAC,109,False,0.471,0.4,0.577,39,24,12,220,2
2022,0022200035,2022-10-22,OKC @ DEN,Oklahoma City Thunder,OKC,117,False,0.447,0.395,0.783,47,29,12,Denver Nuggets,DEN,122,True,0.494,0.526,0.581,46,33,18,239,5
2022,0022200031,2022-10-22,TOR @ MIA,Toronto Raptors,TOR,109,False,0.425,0.359,0.75,37,24,6,Miami Heat,MIA,112,True,0.5,0.367,0.926,44,28,15,221,3
2022,0022200033,2022-10-22,MIL vs. HOU,Houston Rockets,HOU,105,False,0.387,0.432,0.773,47,20,12,Milwaukee Bucks,MIL,125,True,0.565,0.516,0.619,47,29,16,230,20
2022,0022200039,2022-10-23,CLE vs. WAS,Washington Wizards,WAS,107,False,0.494,0.429,0.6,35,25,18,Cleveland Cavaliers,CLE,117,True,0.427,0.394,0.88,48,19,13,224,10
2022,0022200040,2022-10-23,UTA @ NOP,Utah Jazz,UTA,122,True,0.439,0.342,0.821,44,29,16,New Orleans Pelicans,NOP,121,False,0.471,0.296,0.773,45,30,17,243,1
2022,0022200042,2022-10-23,SAC @ GSW,Sacramento Kings,SAC,125,False,0.47,0.256,0.8,51,31,16,Golden State Warriors,GSW,130,True,0.517,0.424,0.722,37,24,13,255,5
2022,0022200038,2022-10-23,CHA @ ATL,Charlotte Hornets,CHA,126,True,0.522,0.423,0.7,52,28,13,Atlanta Hawks,ATL,109,False,0.411,0.229,0.821,45,23,12,235,17
2022,0022200041,2022-10-23,OKC vs. MIN,Minnesota Timberwolves,MIN,116,True,0.523,0.294,0.636,54,24,15,Oklahoma City Thunder,OKC,106,False,0.436,0.22,0.714,42,24,11,222,10
2022,0022200037,2022-10-23,POR @ LAL,Portland Trail Blazers,POR,106,True,0.44,0.37,0.815,52,19,19,Los Angeles Lakers,LAL,104,False,0.446,0.182,0.8,40,26,13,210,2
2022,0022200043,2022-10-23,LAC vs. PHX,Phoenix Suns,PHX,112,True,0.462,0.357,0.917,49,29,12,LA Clippers,LAC,95,False,0.439,0.281,0.7,43,16,14,207,17
2022,0022200051,2022-10-24,DEN @ POR,Denver Nuggets,DEN,110,False,0.495,0.387,0.571,38,28,8,Portland Trail Blazers,POR,135,True,0.578,0.457,0.742,45,23,8,245,25
2022,0022200047,2022-10-24,BOS @ CHI,Boston Celtics,BOS,102,False,0.37,0.375,0.833,45,26,10,Chicago Bulls,CHI,120,True,0.483,0.476,0.897,60,29,13,222,18
2022,0022200050,2022-10-24,SAS @ MIN,San Antonio Spurs,SAS,115,True,0.457,0.324,0.538,50,37,13,Minnesota Timberwolves,MIN,106,False,0.442,0.258,0.917,50,24,16,221,9
2022,0022200046,2022-10-24,ORL @ NYK,Orlando Magic,ORL,102,False,0.419,0.2,0.852,41,14,12,New York Knicks,NYK,115,True,0.462,0.297,0.72,50,24,13,217,13
2022,0022200049,2022-10-24,BKN @ MEM,Brooklyn Nets,BKN,124,False,0.54,0.31,0.808,35,27,11,Memphis Grizzlies,MEM,134,True,0.5,0.471,0.774,38,21,8,258,10
2022,0022200044,2022-10-24,PHI vs. IND,Indiana Pacers,IND,106,False,0.422,0.273,0.783,47,27,13,Philadelphia 76ers,PHI,120,True,0.475,0.442,0.893,39,25,7,226,14
2022,0022200045,2022-10-24,TOR @ MIA,Toronto Raptors,TOR,98,True,0.395,0.438,0.8,52,22,12,Miami Heat,MIA,90,False,0.349,0.235,0.889,46,19,12,188,8
2022,0022200048,2022-10-24,HOU vs. UTA,Utah Jazz,UTA,108,False,0.473,0.344,0.563,49,23,20,Houston Rockets,HOU,114,True,0.422,0.314,0.844,47,17,15,222,6
2022,0022200054,2022-10-25,LAC @ OKC,LA Clippers,LAC,94,False,0.422,0.323,0.778,47,21,18,Oklahoma City Thunder,OKC,108,True,0.382,0.133,0.8,60,19,5,202,14
2022,0022200052,2022-10-25,WAS vs. DET,Detroit Pistons,DET,99,False,0.409,0.286,0.76,41,12,13,Washington Wizards,WAS,120,True,0.518,0.303,0.846,47,26,11,219,21
2022,0022200055,2022-10-25,GSW @ PHX,Golden State Warriors,GSW,105,False,0.451,0.286,0.765,40,28,13,Phoenix Suns,PHX,134,True,0.511,0.414,0.824,48,31,13,239,29
2022,0022200053,2022-10-25,NOP vs. DAL,Dallas Mavericks,DAL,111,False,0.5,0.308,0.708,37,18,11,New Orleans Pelicans,NOP,113,True,0.579,0.444,0.722,26,25,14,224,2
2022,0022200063,2022-10-26,UTA vs. HOU,Houston Rockets,HOU,101,False,0.383,0.275,0.75,49,19,19,Utah Jazz,UTA,109,True,0.422,0.289,0.667,53,28,15,210,8
2022,0022200056,2022-10-26,ORL @ CLE,Orlando Magic,ORL,92,False,0.432,0.25,0.762,43,19,16,Cleveland Cavaliers,CLE,103,True,0.414,0.303,0.7,43,25,12,195,11
2022,0022200060,2022-10-26,BKN @ MIL,Brooklyn Nets,BKN,99,False,0.395,0.259,0.8,37,23,14,Milwaukee Bucks,MIL,110,True,0.443,0.278,0.759,54,21,18,209,11
2022,0022200059,2022-10-26,TOR vs. PHI,Philadelphia 76ers,PHI,109,False,0.506,0.444,0.684,34,29,12,Toronto Raptors,TOR,119,True,0.548,0.432,0.786,39,32,9,228,10
2022,0022200061,2022-10-26,CHI vs. IND,Indiana Pacers,IND,109,False,0.43,0.4,0.792,38,31,16,Chicago Bulls,CHI,124,True,0.494,0.533,0.917,44,34,17,233,15
2022,0022200057,2022-10-26,DET vs. ATL,Atlanta Hawks,ATL,118,True,0.495,0.364,0.8,46,22,12,Detroit Pistons,DET,113,False,0.462,0.438,0.682,40,23,13,231,5
2022,0022200064,2022-10-26,LAL @ DEN,Los Angeles Lakers,LAL,99,False,0.444,0.267,0.688,47,25,14,Denver Nuggets,DEN,110,True,0.457,0.265,0.81,54,34,11,209,11
2022,0022200065,2022-10-26,POR vs. MIA,Miami Heat,MIA,119,True,0.506,0.395,0.842,46,34,16,Portland Trail Blazers,POR,98,False,0.436,0.324,0.692,38,20,19,217,21
2022,0022200058,2022-10-26,NYK vs. CHA,Charlotte Hornets,CHA,131,False,0.495,0.419,0.667,42,31,15,New York Knicks,NYK,134,True,0.536,0.367,0.864,46,26,16,265,3
2022,0022200062,2022-10-26,MIN vs. SAS,San Antonio Spurs,SAS,122,False,0.453,0.444,0.909,41,34,16,Minnesota Timberwolves,MIN,134,True,0.65,0.588,0.625,30,37,16,256,12
2022,0022200068,2022-10-27,MIA @ GSW,Miami Heat,MIA,110,False,0.443,0.326,0.818,31,25,12,Golden State Warriors,GSW,123,True,0.5,0.391,0.867,50,30,19,233,13
2022,0022200066,2022-10-27,DAL @ BKN,Dallas Mavericks,DAL,129,True,0.506,0.5,0.771,37,25,17,Brooklyn Nets,BKN,125,False,0.462,0.343,0.9,45,20,13,254,4
2022,0022200067,2022-10-27,LAC @ OKC,LA Clippers,LAC,110,False,0.537,0.321,0.722,44,21,19,Oklahoma City Thunder,OKC,118,True,0.495,0.447,0.875,36,27,11,228,8
2022,0022200069,2022-10-27,SAC vs. MEM,Memphis Grizzlies,MEM,125,True,0.533,0.424,0.722,43,27,12,Sacramento Kings,SAC,110,False,0.482,0.316,0.818,40,28,13,235,15
2022,0022200070,2022-10-28,ATL @ DET,Atlanta Hawks,ATL,136,True,0.567,0.414,0.778,45,31,6,Detroit Pistons,DET,112,False,0.43,0.219,0.816,42,18,10,248,24
2022,0022200079,2022-10-28,NOP @ PHX,New Orleans Pelicans,NOP,111,False,0.442,0.405,0.909,33,25,13,Phoenix Suns,PHX,124,True,0.522,0.303,0.9,47,33,12,235,13
2022,0022200075,2022-10-28,MIL vs. NYK,New York Knicks,NYK,108,False,0.398,0.343,0.688,54,19,12,Milwaukee Bucks,MIL,119,True,0.385,0.289,0.815,60,23,6,227,11
2022,0022200076,2022-10-28,MIN vs. LAL,Los Angeles Lakers,LAL,102,False,0.416,0.31,0.704,55,20,22,Minnesota Timberwolves,MIN,111,True,0.414,0.325,0.667,49,27,10,213,9
2022,0022200078,2022-10-28,UTA @ DEN,Utah Jazz,UTA,101,False,0.418,0.256,0.789,38,24,9,Denver Nuggets,DEN,117,True,0.459,0.459,0.647,58,18,12,218,16
2022,0022200072,2022-10-28,BOS vs. CLE,Cleveland Cavaliers,CLE,132,True,0.517,0.457,0.765,42,18,15,Boston Celtics,BOS,123,False,0.512,0.394,0.813,34,28,19,255,9
2022,0022200080,2022-10-28,HOU @ POR,Houston Rockets,HOU,111,False,0.426,0.368,0.81,39,23,15,Portland Trail Blazers,POR,125,True,0.533,0.371,0.8,45,30,15,236,14
2022,0022200074,2022-10-28,IND @ WAS,Indiana Pacers,IND,127,True,0.506,0.517,0.909,41,30,13,Washington Wizards,WAS,117,False,0.477,0.4,0.821,38,25,13,244,10
2022,0022200071,2022-10-28,CHA @ ORL,Charlotte Hornets,CHA,93,False,0.384,0.289,0.667,47,21,14,Orlando Magic,ORL,113,True,0.494,0.27,0.731,48,28,12,206,20
2022,0022200077,2022-10-28,SAS vs. CHI,Chicago Bulls,CHI,124,False,0.475,0.333,0.808,42,20,12,San Antonio Spurs,SAS,129,True,0.535,0.421,0.808,42,37,20,253,5
2022,0022200073,2022-10-28,TOR vs. PHI,Philadelphia 76ers,PHI,112,True,0.524,0.421,0.909,41,25,14,Toronto Raptors,TOR,90,False,0.384,0.231,0.625,45,20,17,202,22
2022,0022200084,2022-10-29,CHI vs. PHI,Philadelphia 76ers,PHI,114,True,0.494,0.483,0.815,41,28,17,Chicago Bulls,CHI,109,False,0.45,0.355,0.897,40,22,18,223,5
2022,0022200082,2022-10-29,GSW @ CHA,Golden State Warriors,GSW,113,False,0.44,0.295,0.75,49,31,10,Charlotte Hornets,CHA,120,True,0.422,0.323,0.774,55,32,10,233,7
2022,0022200087,2022-10-29,MEM @ UTA,Memphis Grizzlies,MEM,123,False,0.568,0.444,0.733,40,24,20,Utah Jazz,UTA,124,True,0.517,0.432,0.75,34,30,19,247,1
2022,0022200081,2022-10-29,MIA @ SAC,Miami Heat,MIA,113,False,0.427,0.393,0.839,34,18,8,Sacramento Kings,SAC,119,True,0.553,0.452,0.724,43,27,20,232,6
2022,0022200085,2022-10-29,ATL @ MIL,Atlanta Hawks,ATL,115,False,0.479,0.448,0.8,42,19,12,Milwaukee Bucks,MIL,123,True,0.489,0.389,0.655,49,24,11,238,8
2022,0022200086,2022-10-29,OKC @ DAL,Oklahoma City Thunder,OKC,117,True,0.494,0.2,0.774,47,25,15,Dallas Mavericks,DAL,111,False,0.4,0.2,0.794,49,17,16,228,6
2022,0022200083,2022-10-29,IND @ BKN,Indiana Pacers,IND,125,True,0.426,0.5,0.846,53,31,10,Brooklyn Nets,BKN,116,False,0.5,0.359,0.769,34,29,9,241,9
2022,0022200088,2022-10-30,NOP @ LAC,New Orleans Pelicans,NOP,112,True,0.495,0.417,0.625,50,32,10,LA Clippers,LAC,91,False,0.419,0.282,0.615,39,24,14,203,21
2022,0022200090,2022-10-30,NYK @ CLE,New York Knicks,NYK,108,False,0.489,0.37,0.5,45,26,14,Cleveland Cavaliers,CLE,121,True,0.461,0.46,0.842,43,33,14,229,13
2022,0022200095,2022-10-30,DEN @ LAL,Denver Nuggets,DEN,110,False,0.427,0.375,0.722,48,24,9,Los Angeles Lakers,LAL,121,True,0.479,0.433,0.8,51,24,8,231,11
2022,0022200091,2022-10-30,DET vs. GSW,Golden State Warriors,GSW,114,False,0.424,0.308,0.96,42,23,14,Detroit Pistons,DET,128,True,0.482,0.424,0.895,47,24,15,242,14
2022,0022200089,2022-10-30,WAS @ BOS,Washington Wizards,WAS,94,False,0.388,0.219,0.688,51,22,8,Boston Celtics,BOS,112,True,0.456,0.447,0.95,47,29,13,206,18
2022,0022200094,2022-10-30,HOU @ PHX,Houston Rockets,HOU,109,False,0.437,0.324,0.846,49,18,15,Phoenix Suns,PHX,124,True,0.536,0.3,0.733,36,29,11,233,15
2022,0022200093,2022-10-30,ORL @ DAL,Orlando Magic,ORL,105,False,0.457,0.379,0.741,47,20,12,Dallas Mavericks,DAL,114,True,0.494,0.314,0.75,37,15,4,219,9
2022,0022200092,2022-10-30,MIN @ SAS,Minnesota Timberwolves,MIN,98,False,0.404,0.138,0.7,45,21,11,San Antonio Spurs,SAS,107,True,0.419,0.4,0.76,52,27,19,205,9
2022,0022200101,2022-10-31,UTA vs. MEM,Memphis Grizzlies,MEM,105,False,0.413,0.231,0.548,52,14,16,Utah Jazz,UTA,121,True,0.472,0.404,0.818,48,26,15,226,16
2022,0022200097,2022-10-31,PHI @ WAS,Philadelphia 76ers,PHI,118,True,0.554,0.4,0.7,37,26,13,Washington Wizards,WAS,111,False,0.469,0.4,0.962,41,22,15,229,7
2022,0022200096,2022-10-31,CHA vs. SAC,Sacramento Kings,SAC,115,True,0.435,0.386,0.857,42,26,19,Charlotte Hornets,CHA,108,False,0.512,0.483,0.571,38,31,20,223,7
2022,0022200099,2022-10-31,TOR vs. ATL,Atlanta Hawks,ATL,109,False,0.464,0.379,0.8,37,28,18,Toronto Raptors,TOR,139,True,0.5,0.412,0.825,44,25,6,248,30
2022,0022200102,2022-10-31,LAC vs. HOU,Houston Rockets,HOU,93,False,0.386,0.286,0.739,44,17,13,LA Clippers,LAC,95,True,0.425,0.25,0.706,46,23,13,188,2
2022,0022200100,2022-10-31,DET @ MIL,Detroit Pistons,DET,108,False,0.446,0.276,0.857,43,19,12,Milwaukee Bucks,MIL,110,True,0.437,0.275,0.793,50,20,16,218,2
2022,0022200098,2022-10-31,BKN vs. IND,Indiana Pacers,IND,109,False,0.471,0.282,0.696,38,23,24,Brooklyn Nets,BKN,116,True,0.538,0.367,0.95,39,26,19,225,7
2022,0022200105,2022-11-01,OKC vs. ORL,Orlando Magic,ORL,108,False,0.448,0.345,1.0,49,20,24,Oklahoma City Thunder,OKC,116,True,0.474,0.294,0.8,36,28,15,224,8
2022,0022200103,2022-11-01,BKN vs. CHI,Chicago Bulls,CHI,108,True,0.438,0.4,0.857,44,20,9,Brooklyn Nets,BKN,99,False,0.486,0.375,0.789,38,27,18,207,9
2022,0022200106,2022-11-01,PHX vs. MIN,Minnesota Timberwolves,MIN,107,False,0.425,0.382,0.833,42,24,16,Phoenix Suns,PHX,116,True,0.461,0.395,0.773,34,31,9,223,9
2022,0022200104,2022-11-01,GSW @ MIA,Golden State Warriors,GSW,109,False,0.464,0.367,0.765,41,31,20,Miami Heat,MIA,116,True,0.455,0.381,1.0,39,32,15,225,7
2022,0022200111,2022-11-02,CHI vs. CHA,Charlotte Hornets,CHA,88,False,0.391,0.219,0.563,47,22,16,Chicago Bulls,CHI,106,True,0.432,0.452,0.889,51,28,19,194,18
2022,0022200114,2022-11-02,SAS vs. TOR,Toronto Raptors,TOR,143,True,0.538,0.424,0.938,50,31,11,San Antonio Spurs,SAS,100,False,0.394,0.326,0.857,46,29,23,243,43
2022,0022200113,2022-11-02,MIL vs. DET,Detroit Pistons,DET,91,False,0.418,0.355,0.933,35,18,21,Milwaukee Bucks,MIL,116,True,0.467,0.263,0.833,52,24,16,207,25
2022,0022200108,2022-11-02,WAS @ PHI,Washington Wizards,WAS,121,True,0.577,0.238,0.813,43,27,7,Philadelphia 76ers,PHI,111,False,0.464,0.528,0.7,32,25,8,232,10
2022,0022200109,2022-11-02,SAC @ MIA,Sacramento Kings,SAC,107,False,0.477,0.361,0.857,39,29,12,Miami Heat,MIA,110,True,0.494,0.324,0.846,46,27,11,217,3
2022,0022200116,2022-11-02,MEM @ POR,Memphis Grizzlies,MEM,111,True,0.458,0.464,0.815,46,28,14,Portland Trail Blazers,POR,106,False,0.404,0.394,0.808,46,27,20,217,5
2022,0022200112,2022-11-02,HOU vs. LAC,LA Clippers,LAC,109,True,0.488,0.364,0.789,43,20,14,Houston Rockets,HOU,101,False,0.42,0.289,0.762,50,17,19,210,8
2022,0022200117,2022-11-02,LAL vs. NOP,New Orleans Pelicans,NOP,117,False,0.461,0.32,0.714,51,35,13,Los Angeles Lakers,LAL,120,True,0.459,0.278,0.87,56,30,17,237,3
2022,0022200107,2022-11-02,CLE vs. BOS,Boston Celtics,BOS,113,False,0.409,0.268,0.963,52,26,14,Cleveland Cavaliers,CLE,114,True,0.42,0.282,0.792,51,24,11,227,1
2022,0022200110,2022-11-02,ATL @ NYK,Atlanta Hawks,ATL,112,True,0.411,0.353,0.75,51,28,7,New York Knicks,NYK,99,False,0.411,0.278,0.75,52,23,16,211,13
2022,0022200115,2022-11-02,DAL vs. UTA,Utah Jazz,UTA,100,False,0.464,0.333,0.857,40,28,16,Dallas Mavericks,DAL,103,True,0.5,0.289,0.533,37,20,11,203,3
2022,0022200118,2022-11-03,GSW @ ORL,Golden State Warriors,GSW,129,False,0.515,0.442,0.667,35,31,14,Orlando Magic,ORL,130,True,0.538,0.433,0.717,46,20,19,259,1
2022,0022200119,2022-11-03,DEN @ OKC,Denver Nuggets,DEN,122,True,0.536,0.581,0.875,47,32,18,Oklahoma City Thunder,OKC,110,False,0.484,0.207,0.737,40,19,10,232,12
2022,0022200120,2022-11-04,CLE @ DET,Cleveland Cavaliers,CLE,112,True,0.543,0.423,0.813,47,30,18,Detroit Pistons,DET,88,False,0.373,0.351,0.867,34,16,18,200,24
2022,0022200131,2022-11-04,LAL vs. UTA,Utah Jazz,UTA,130,True,0.505,0.425,0.9,48,31,8,Los Angeles Lakers,LAL,116,False,0.482,0.423,0.893,40,22,11,246,14
2022,0022200123,2022-11-04,BKN @ WAS,Brooklyn Nets,BKN,128,True,0.556,0.5,1.0,48,32,7,Washington Wizards,WAS,86,False,0.361,0.235,0.818,39,18,13,214,42
2022,0022200130,2022-11-04,POR @ PHX,Portland Trail Blazers,POR,108,True,0.506,0.435,0.8,42,30,17,Phoenix Suns,PHX,106,False,0.434,0.412,0.952,39,26,17,214,2
2022,0022200122,2022-11-04,NYK @ PHI,New York Knicks,NYK,106,True,0.463,0.273,0.852,50,24,21,Philadelphia 76ers,PHI,104,False,0.378,0.277,0.81,44,27,15,210,2
2022,0022200125,2022-11-04,MEM vs. CHA,Charlotte Hornets,CHA,99,False,0.384,0.296,0.806,41,22,18,Memphis Grizzlies,MEM,130,True,0.51,0.444,0.778,60,34,18,229,31
2022,0022200124,2022-11-04,CHI @ BOS,Chicago Bulls,CHI,119,False,0.518,0.393,0.88,37,21,17,Boston Celtics,BOS,123,True,0.494,0.29,0.821,39,24,13,242,4
2022,0022200127,2022-11-04,DAL vs. TOR,Toronto Raptors,TOR,110,False,0.443,0.324,0.84,44,20,19,Dallas Mavericks,DAL,111,True,0.506,0.353,0.84,31,23,18,221,1
2022,0022200126,2022-11-04,SAS vs. LAC,LA Clippers,LAC,113,True,0.525,0.455,0.737,44,26,16,San Antonio Spurs,SAS,106,False,0.477,0.387,0.556,35,23,13,219,7
2022,0022200128,2022-11-04,GSW @ NOP,Golden State Warriors,GSW,105,False,0.493,0.375,0.92,29,23,22,New Orleans Pelicans,NOP,114,True,0.506,0.414,0.69,37,24,15,219,9
2022,0022200121,2022-11-04,MIA @ IND,Miami Heat,MIA,99,False,0.383,0.282,1.0,42,17,19,Indiana Pacers,IND,101,True,0.463,0.308,0.652,42,28,19,200,2
2022,0022200129,2022-11-04,MIN vs. MIL,Milwaukee Bucks,MIL,115,True,0.482,0.447,0.571,51,29,13,Minnesota Timberwolves,MIN,102,False,0.424,0.268,0.765,47,22,16,217,13
2022,0022200139,2022-11-05,POR @ PHX,Portland Trail Blazers,POR,82,False,0.38,0.467,0.625,40,22,17,Phoenix Suns,PHX,102,True,0.427,0.367,0.75,44,22,14,184,20
2022,0022200138,2022-11-05,DEN vs. SAS,San Antonio Spurs,SAS,101,False,0.488,0.4,0.579,28,28,15,Denver Nuggets,DEN,126,True,0.609,0.517,0.5,47,37,16,227,25
2022,0022200132,2022-11-05,SAC @ ORL,Sacramento Kings,SAC,126,True,0.505,0.375,0.654,36,24,14,Orlando Magic,ORL,123,False,0.543,0.174,0.95,48,27,17,249,3
2022,0022200136,2022-11-05,OKC @ MIL,Oklahoma City Thunder,OKC,94,False,0.429,0.343,0.625,38,22,15,Milwaukee Bucks,MIL,108,True,0.422,0.362,0.882,55,23,18,202,14
2022,0022200133,2022-11-05,CHA vs. BKN,Brooklyn Nets,BKN,98,True,0.393,0.333,0.909,41,23,11,Charlotte Hornets,CHA,94,False,0.372,0.333,0.696,50,22,15,192,4
2022,0022200135,2022-11-05,BOS @ NYK,Boston Celtics,BOS,133,True,0.534,0.529,1.0,34,30,12,New York Knicks,NYK,118,False,0.511,0.407,0.938,44,22,13,251,15
2022,0022200137,2022-11-05,MIN vs. HOU,Houston Rockets,HOU,117,False,0.476,0.421,0.677,33,27,22,Minnesota Timberwolves,MIN,129,True,0.613,0.455,0.8,36,38,24,246,12
2022,0022200134,2022-11-05,ATL vs. NOP,New Orleans Pelicans,NOP,121,False,0.435,0.304,0.714,59,23,16,Atlanta Hawks,ATL,124,True,0.456,0.25,0.84,50,28,13,245,3
2022,0022200142,2022-11-06,WAS @ MEM,Washington Wizards,WAS,97,False,0.427,0.195,0.7,49,25,10,Memphis Grizzlies,MEM,103,True,0.429,0.31,0.8,50,20,10,200,6
2022,0022200141,2022-11-06,TOR vs. CHI,Chicago Bulls,CHI,104,False,0.455,0.361,0.846,46,27,17,Toronto Raptors,TOR,113,True,0.427,0.27,0.75,52,28,9,217,9
2022,0022200140,2022-11-06,LAL vs. CLE,Cleveland Cavaliers,CLE,114,True,0.44,0.25,0.889,48,19,12,Los Angeles Lakers,LAL,100,False,0.46,0.296,0.571,43,24,16,214,14
2022,0022200143,2022-11-06,UTA @ LAC,Utah Jazz,UTA,110,True,0.467,0.375,0.962,42,18,20,LA Clippers,LAC,102,False,0.494,0.242,0.615,32,22,13,212,8
2022,0022200155,2022-11-07,BKN @ DAL,Brooklyn Nets,BKN,94,False,0.438,0.345,0.737,34,22,13,Dallas Mavericks,DAL,96,True,0.444,0.429,0.833,41,18,22,190,2
2022,0022200157,2022-11-07,UTA vs. LAL,Los Angeles Lakers,LAL,116,False,0.488,0.375,0.9,33,15,16,Utah Jazz,UTA,139,True,0.558,0.421,0.773,41,30,14,255,23
2022,0022200146,2022-11-07,DET vs. OKC,Oklahoma City Thunder,OKC,103,False,0.402,0.303,0.647,46,23,10,Detroit Pistons,DET,112,True,0.419,0.273,0.758,58,20,14,215,9
2022,0022200152,2022-11-07,MEM vs. BOS,Boston Celtics,BOS,109,True,0.463,0.324,0.75,45,26,15,Memphis Grizzlies,MEM,106,False,0.451,0.341,0.643,45,27,11,215,3
2022,0022200156,2022-11-07,GSW vs. SAC,Sacramento Kings,SAC,113,False,0.407,0.35,0.862,43,24,10,Golden State Warriors,GSW,116,True,0.5,0.368,0.667,48,28,15,229,3
2022,0022200154,2022-11-07,SAS vs. DEN,Denver Nuggets,DEN,115,True,0.534,0.333,0.65,40,33,20,San Antonio Spurs,SAS,109,False,0.524,0.364,0.611,38,31,24,224,6
2022,0022200148,2022-11-07,PHI vs. PHX,Phoenix Suns,PHX,88,False,0.438,0.316,0.818,37,19,13,Philadelphia 76ers,PHI,100,True,0.388,0.375,0.839,48,22,15,188,12
2022,0022200145,2022-11-07,ORL vs. HOU,Houston Rockets,HOU,134,True,0.529,0.5,0.72,40,31,20,Orlando Magic,ORL,127,False,0.549,0.48,0.806,37,27,19,261,7
2022,0022200149,2022-11-07,MIL @ ATL,Milwaukee Bucks,MIL,98,False,0.414,0.325,0.813,41,21,18,Atlanta Hawks,ATL,117,True,0.465,0.379,0.824,48,23,12,215,19
2022,0022200150,2022-11-07,POR @ MIA,Portland Trail Blazers,POR,110,True,0.528,0.432,0.857,37,27,18,Miami Heat,MIA,107,False,0.476,0.359,0.867,32,28,10,217,3
2022,0022200153,2022-11-07,NYK @ MIN,New York Knicks,NYK,120,True,0.438,0.396,0.92,43,26,16,Minnesota Timberwolves,MIN,107,False,0.469,0.268,0.833,39,28,17,227,13
2022,0022200147,2022-11-07,IND vs. NOP,New Orleans Pelicans,NOP,122,False,0.495,0.412,0.706,43,32,10,Indiana Pacers,IND,129,True,0.5,0.458,0.913,45,33,17,251,7
2022,0022200144,2022-11-07,WAS @ CHA,Washington Wizards,WAS,108,True,0.525,0.263,0.633,47,21,14,Charlotte Hornets,CHA,100,False,0.416,0.156,0.688,45,27,10,208,8
2022,0022200151,2022-11-07,CHI vs. TOR,Toronto Raptors,TOR,97,False,0.424,0.321,0.727,31,24,14,Chicago Bulls,CHI,111,True,0.525,0.321,0.818,49,30,21,208,14
2022,0022200158,2022-11-07,LAC vs. CLE,Cleveland Cavaliers,CLE,117,False,0.518,0.485,0.714,48,29,17,LA Clippers,LAC,119,True,0.506,0.447,0.786,31,19,9,236,2
2022,0022200162,2022-11-09,UTA @ ATL,Utah Jazz,UTA,125,True,0.468,0.436,0.833,47,27,13,Atlanta Hawks,ATL,119,False,0.468,0.286,0.818,54,24,11,244,6
2022,0022200171,2022-11-09,SAC vs. CLE,Cleveland Cavaliers,CLE,120,False,0.535,0.423,0.85,42,24,18,Sacramento Kings,SAC,127,True,0.526,0.436,0.857,24,30,9,247,7
2022,0022200160,2022-11-09,IND vs. DEN,Denver Nuggets,DEN,122,True,0.489,0.429,0.923,47,27,20,Indiana Pacers,IND,119,False,0.469,0.333,0.789,44,28,18,241,3
2022,0022200166,2022-11-09,NOP @ CHI,New Orleans Pelicans,NOP,115,True,0.5,0.158,0.778,50,20,16,Chicago Bulls,CHI,111,False,0.506,0.259,0.889,35,23,15,226,4
2022,0022200161,2022-11-09,ORL vs. DAL,Dallas Mavericks,DAL,87,False,0.376,0.262,0.632,29,17,4,Orlando Magic,ORL,94,True,0.493,0.381,0.667,49,20,18,181,7
2022,0022200169,2022-11-09,MEM @ SAS,Memphis Grizzlies,MEM,124,True,0.51,0.438,0.769,53,24,19,San Antonio Spurs,SAS,122,False,0.48,0.324,0.696,39,30,12,246,2
2022,0022200168,2022-11-09,OKC vs. MIL,Milwaukee Bucks,MIL,136,True,0.472,0.472,0.864,55,27,16,Oklahoma City Thunder,OKC,132,False,0.45,0.4,0.737,55,24,13,268,4
2022,0022200159,2022-11-09,CHA vs. POR,Portland Trail Blazers,POR,105,True,0.533,0.324,0.56,45,28,17,Charlotte Hornets,CHA,95,False,0.374,0.25,0.708,42,21,11,200,10
2022,0022200170,2022-11-09,LAC vs. LAL,Los Angeles Lakers,LAL,101,False,0.455,0.313,0.647,43,26,15,LA Clippers,LAC,114,True,0.506,0.364,0.769,41,24,15,215,13
2022,0022200164,2022-11-09,BKN vs. NYK,New York Knicks,NYK,85,False,0.322,0.279,0.654,46,21,15,Brooklyn Nets,BKN,112,True,0.483,0.412,0.7,55,30,14,197,27
2022,0022200163,2022-11-09,DET @ BOS,Detroit Pistons,DET,112,False,0.416,0.212,0.775,48,15,10,Boston Celtics,BOS,128,True,0.534,0.391,0.762,43,31,12,240,16
2022,0022200167,2022-11-09,PHX @ MIN,Phoenix Suns,PHX,129,True,0.485,0.457,0.95,36,31,11,Minnesota Timberwolves,MIN,117,False,0.526,0.333,0.813,38,26,19,246,12
2022,0022200165,2022-11-09,TOR vs. HOU,Houston Rockets,HOU,109,False,0.44,0.257,0.839,49,29,16,Toronto Raptors,TOR,116,True,0.412,0.341,0.85,50,19,13,225,7
2022,0022200173,2022-11-10,PHI @ ATL,Philadelphia 76ers,PHI,95,False,0.386,0.2,0.833,45,15,17,Atlanta Hawks,ATL,104,True,0.443,0.231,0.87,54,19,18,199,9
2022,0022200174,2022-11-10,CHA @ MIA,Charlotte Hornets,CHA,112,False,0.489,0.359,0.6,50,23,20,Miami Heat,MIA,117,True,0.433,0.278,0.806,38,21,10,229,5
2022,0022200175,2022-11-10,POR @ NOP,Portland Trail Blazers,POR,106,True,0.435,0.353,0.769,46,25,8,New Orleans Pelicans,NOP,95,False,0.418,0.357,0.792,45,19,17,201,11
2022,0022200172,2022-11-10,DAL @ WAS,Dallas Mavericks,DAL,105,False,0.43,0.383,0.619,41,19,12,Washington Wizards,WAS,113,True,0.488,0.4,0.95,52,25,17,218,8
2022,0022200179,2022-11-11,TOR @ OKC,Toronto Raptors,TOR,113,False,0.432,0.367,0.722,39,20,16,Oklahoma City Thunder,OKC,132,True,0.559,0.417,0.765,44,31,19,245,19
2022,0022200178,2022-11-11,DET @ NYK,Detroit Pistons,DET,112,False,0.463,0.226,0.756,43,22,15,New York Knicks,NYK,121,True,0.447,0.25,0.931,47,23,11,233,9
2022,0022200182,2022-11-11,CLE @ GSW,Cleveland Cavaliers,CLE,101,False,0.402,0.267,0.731,46,25,10,Golden State Warriors,GSW,106,True,0.488,0.417,0.786,44,29,14,207,5
2022,0022200183,2022-11-11,SAC @ LAL,Sacramento Kings,SAC,120,True,0.517,0.333,0.857,40,27,15,Los Angeles Lakers,LAL,114,False,0.477,0.4,0.769,41,22,14,234,6
2022,0022200176,2022-11-11,DEN @ BOS,Denver Nuggets,DEN,112,False,0.457,0.414,0.8,38,26,5,Boston Celtics,BOS,131,True,0.556,0.432,0.75,46,30,7,243,19
2022,0022200177,2022-11-11,PHX @ ORL,Phoenix Suns,PHX,97,False,0.4,0.31,0.889,38,22,11,Orlando Magic,ORL,114,True,0.524,0.455,0.867,50,23,13,211,17
2022,0022200180,2022-11-11,MIL @ SAS,Milwaukee Bucks,MIL,93,False,0.327,0.279,0.739,48,22,13,San Antonio Spurs,SAS,111,True,0.506,0.387,0.867,50,22,19,204,18
2022,0022200181,2022-11-11,MEM vs. MIN,Minnesota Timberwolves,MIN,103,False,0.468,0.333,0.864,33,29,14,Memphis Grizzlies,MEM,114,True,0.5,0.212,0.704,46,25,13,217,11
2022,0022200187,2022-11-12,IND vs. TOR,Toronto Raptors,TOR,104,False,0.394,0.2,0.793,43,14,12,Indiana Pacers,IND,118,True,0.5,0.442,0.739,51,33,21,222,14
2022,0022200184,2022-11-12,LAC vs. BKN,Brooklyn Nets,BKN,110,True,0.482,0.457,0.667,41,27,12,LA Clippers,LAC,95,False,0.4,0.355,0.8,46,22,16,205,15
2022,0022200186,2022-11-12,BOS @ DET,Boston Celtics,BOS,117,True,0.429,0.375,0.875,42,27,7,Detroit Pistons,DET,108,False,0.416,0.421,0.857,50,23,14,225,9
2022,0022200185,2022-11-12,UTA @ WAS,Utah Jazz,UTA,112,False,0.468,0.35,0.909,42,33,12,Washington Wizards,WAS,121,True,0.5,0.444,0.85,46,27,9,233,9
2022,0022200191,2022-11-12,NOP vs. HOU,Houston Rockets,HOU,106,False,0.506,0.333,0.778,43,24,26,New Orleans Pelicans,NOP,119,True,0.488,0.276,0.871,36,28,12,225,13
2022,0022200188,2022-11-12,PHI vs. ATL,Atlanta Hawks,ATL,109,False,0.449,0.25,0.852,43,20,18,Philadelphia 76ers,PHI,121,True,0.55,0.333,0.806,31,24,12,230,12
2022,0022200190,2022-11-12,DAL vs. POR,Portland Trail Blazers,POR,112,False,0.45,0.419,0.771,44,20,12,Dallas Mavericks,DAL,117,True,0.506,0.326,0.808,40,26,11,229,5
2022,0022200189,2022-11-12,CHA @ MIA,Charlotte Hornets,CHA,115,False,0.511,0.29,0.875,37,25,12,Miami Heat,MIA,132,True,0.527,0.39,0.857,46,32,12,247,17
2022,0022200193,2022-11-13,MIN @ CLE,Minnesota Timberwolves,MIN,129,True,0.561,0.5,0.735,47,30,13,Cleveland Cavaliers,CLE,124,False,0.449,0.5,0.692,40,22,10,253,5
2022,0022200192,2022-11-13,OKC @ NYK,Oklahoma City Thunder,OKC,145,True,0.625,0.548,0.9,38,31,19,New York Knicks,NYK,135,False,0.495,0.323,0.879,35,25,13,280,10
2022,0022200194,2022-11-13,MEM @ WAS,Memphis Grizzlies,MEM,92,False,0.396,0.321,0.7,51,21,16,Washington Wizards,WAS,102,True,0.419,0.475,0.524,47,26,15,194,10
2022,0022200197,2022-11-13,GSW @ SAC,Golden State Warriors,GSW,115,False,0.467,0.34,0.938,43,27,18,Sacramento Kings,SAC,122,True,0.516,0.432,0.632,45,31,15,237,7
2022,0022200196,2022-11-13,DEN @ CHI,Denver Nuggets,DEN,126,True,0.6,0.481,0.81,36,33,16,Chicago Bulls,CHI,103,False,0.494,0.273,0.81,36,24,18,229,23
2022,0022200195,2022-11-13,UTA @ PHI,Utah Jazz,UTA,98,False,0.394,0.297,0.565,50,23,17,Philadelphia 76ers,PHI,105,True,0.482,0.174,0.808,39,21,12,203,7
2022,0022200198,2022-11-13,LAL vs. BKN,Brooklyn Nets,BKN,103,False,0.45,0.259,0.774,41,22,12,Los Angeles Lakers,LAL,116,True,0.484,0.407,0.85,45,25,9,219,13
2022,0022200203,2022-11-14,LAC @ HOU,LA Clippers,LAC,122,True,0.506,0.368,0.788,44,25,16,Houston Rockets,HOU,106,False,0.453,0.3,0.613,40,20,14,228,16
2022,0022200200,2022-11-14,CHA @ ORL,Charlotte Hornets,CHA,112,True,0.477,0.2,0.875,37,22,12,Orlando Magic,ORL,105,False,0.409,0.389,0.826,48,23,22,217,7
2022,0022200199,2022-11-14,TOR @ DET,Toronto Raptors,TOR,115,True,0.488,0.296,0.964,42,27,17,Detroit Pistons,DET,111,False,0.455,0.323,0.721,39,23,19,226,4
2022,0022200202,2022-11-14,PHX @ MIA,Phoenix Suns,PHX,112,False,0.485,0.389,0.5,45,22,11,Miami Heat,MIA,113,True,0.458,0.455,0.88,42,23,14,225,1
2022,0022200204,2022-11-14,MIL vs. ATL,Atlanta Hawks,ATL,121,True,0.478,0.35,0.867,45,23,9,Milwaukee Bucks,MIL,106,False,0.415,0.207,0.78,46,21,15,227,15
2022,0022200201,2022-11-14,BOS vs. OKC,Oklahoma City Thunder,OKC,122,False,0.48,0.367,0.81,51,21,19,Boston Celtics,BOS,126,True,0.479,0.27,0.828,46,25,14,248,4
2022,0022200205,2022-11-14,GSW vs. SAS,San Antonio Spurs,SAS,95,False,0.36,0.25,0.684,53,18,18,Golden State Warriors,GSW,132,True,0.534,0.511,0.938,40,35,12,227,37
2022,0022200207,2022-11-15,LAC @ DAL,LA Clippers,LAC,101,False,0.531,0.429,0.808,40,23,21,Dallas Mavericks,DAL,103,True,0.438,0.395,0.667,34,20,12,204,2
2022,0022200210,2022-11-15,SAC vs. BKN,Brooklyn Nets,BKN,121,False,0.494,0.393,0.909,29,25,17,Sacramento Kings,SAC,153,True,0.596,0.488,0.84,43,39,16,274,32
2022,0022200206,2022-11-15,NOP vs. MEM,Memphis Grizzlies,MEM,102,False,0.413,0.257,0.68,51,16,11,New Orleans Pelicans,NOP,113,True,0.473,0.474,0.75,43,31,10,215,11
2022,0022200209,2022-11-15,SAS @ POR,San Antonio Spurs,SAS,110,False,0.518,0.31,0.765,38,34,19,Portland Trail Blazers,POR,117,True,0.519,0.469,0.769,39,22,15,227,7
2022,0022200208,2022-11-15,UTA vs. NYK,New York Knicks,NYK,118,True,0.473,0.344,0.76,43,26,12,Utah Jazz,UTA,111,False,0.434,0.326,0.833,49,29,20,229,7
2022,0022200219,2022-11-16,DEN vs. NYK,New York Knicks,NYK,106,True,0.44,0.235,0.774,40,24,7,Denver Nuggets,DEN,103,False,0.439,0.368,0.85,42,18,15,209,3
2022,0022200220,2022-11-16,GSW @ PHX,Golden State Warriors,GSW,119,False,0.457,0.429,1.0,40,30,17,Phoenix Suns,PHX,130,True,0.512,0.525,0.84,47,33,15,249,11
2022,0022200213,2022-11-16,WAS vs. OKC,Oklahoma City Thunder,OKC,121,True,0.543,0.516,0.654,37,24,15,Washington Wizards,WAS,120,False,0.512,0.5,0.882,41,32,19,241,1
2022,0022200217,2022-11-16,CHI @ NOP,Chicago Bulls,CHI,110,False,0.494,0.344,0.647,37,25,12,New Orleans Pelicans,NOP,124,True,0.506,0.515,0.875,46,30,13,234,14
2022,0022200212,2022-11-16,MIN @ ORL,Minnesota Timberwolves,MIN,126,True,0.523,0.333,0.786,40,28,10,Orlando Magic,ORL,108,False,0.452,0.257,0.882,47,21,16,234,18
2022,0022200211,2022-11-16,IND @ CHA,Indiana Pacers,IND,125,True,0.537,0.393,0.839,34,27,12,Charlotte Hornets,CHA,113,False,0.457,0.364,0.833,44,29,17,238,12
2022,0022200215,2022-11-16,TOR vs. MIA,Miami Heat,MIA,104,False,0.545,0.371,0.864,23,19,23,Toronto Raptors,TOR,112,True,0.512,0.269,0.773,42,23,14,216,8
2022,0022200218,2022-11-16,HOU @ DAL,Houston Rockets,HOU,101,True,0.467,0.455,0.875,56,21,20,Dallas Mavericks,DAL,92,False,0.304,0.218,0.947,38,21,6,193,9
2022,0022200216,2022-11-16,MIL vs. CLE,Cleveland Cavaliers,CLE,98,False,0.429,0.429,0.824,34,22,8,Milwaukee Bucks,MIL,113,True,0.477,0.41,0.556,52,26,14,211,15
2022,0022200214,2022-11-16,BOS @ ATL,Boston Celtics,BOS,126,True,0.545,0.457,0.9,49,29,14,Atlanta Hawks,ATL,101,False,0.416,0.219,0.769,45,21,9,227,25
2022,0022200221,2022-11-17,POR vs. BKN,Brooklyn Nets,BKN,109,True,0.506,0.379,0.783,47,32,17,Portland Trail Blazers,POR,107,False,0.387,0.361,0.815,39,22,9,216,2
2022,0022200222,2022-11-17,SAC vs. SAS,San Antonio Spurs,SAS,112,False,0.548,0.423,0.75,32,29,18,Sacramento Kings,SAC,130,True,0.578,0.4,0.917,37,28,12,242,18
2022,0022200223,2022-11-17,DET @ LAC,Detroit Pistons,DET,91,False,0.375,0.194,0.792,43,15,12,LA Clippers,LAC,96,True,0.407,0.367,0.792,51,17,18,187,5
2022,0022200226,2022-11-18,MIL @ PHI,Milwaukee Bucks,MIL,102,False,0.456,0.333,0.381,42,22,12,Philadelphia 76ers,PHI,110,True,0.513,0.464,0.654,41,28,18,212,8
2022,0022200225,2022-11-18,CHA @ CLE,Charlotte Hornets,CHA,122,False,0.4,0.318,0.833,53,24,14,Cleveland Cavaliers,CLE,132,True,0.533,0.286,0.813,50,25,19,254,10
2022,0022200230,2022-11-18,DAL vs. DEN,Denver Nuggets,DEN,99,False,0.422,0.333,0.722,36,24,11,Dallas Mavericks,DAL,127,True,0.597,0.406,0.786,44,29,10,226,28
2022,0022200227,2022-11-18,ORL @ CHI,Orlando Magic,ORL,108,True,0.494,0.429,0.909,41,25,16,Chicago Bulls,CHI,107,False,0.461,0.238,0.8,46,27,11,215,1
2022,0022200234,2022-11-18,DET @ LAL,Detroit Pistons,DET,121,False,0.467,0.324,0.75,37,27,11,Los Angeles Lakers,LAL,128,True,0.551,0.35,0.875,44,29,16,249,7
2022,0022200228,2022-11-18,IND @ HOU,Indiana Pacers,IND,99,True,0.402,0.293,0.778,45,25,15,Houston Rockets,HOU,91,False,0.337,0.214,0.844,49,15,17,190,8
2022,0022200232,2022-11-18,PHX @ UTA,Phoenix Suns,PHX,133,False,0.521,0.3,0.929,42,29,14,Utah Jazz,UTA,134,True,0.56,0.516,0.667,36,32,16,267,1
2022,0022200233,2022-11-18,NYK @ GSW,New York Knicks,NYK,101,False,0.345,0.265,0.941,45,16,16,Golden State Warriors,GSW,111,True,0.451,0.36,0.55,51,32,16,212,10
2022,0022200224,2022-11-18,WAS vs. MIA,Miami Heat,MIA,106,False,0.357,0.256,0.781,53,23,9,Washington Wizards,WAS,107,True,0.427,0.326,0.714,54,33,15,213,1
2022,0022200231,2022-11-18,NOP vs. BOS,Boston Celtics,BOS,117,True,0.482,0.435,0.882,46,28,17,New Orleans Pelicans,NOP,109,False,0.494,0.371,0.769,37,24,11,226,8
2022,0022200229,2022-11-18,OKC @ MEM,Oklahoma City Thunder,OKC,110,False,0.469,0.324,0.818,43,34,10,Memphis Grizzlies,MEM,121,True,0.419,0.359,0.725,57,26,11,231,11
2022,0022200237,2022-11-19,MIN @ PHI,Minnesota Timberwolves,MIN,112,True,0.471,0.333,0.833,43,28,17,Philadelphia 76ers,PHI,109,False,0.479,0.438,0.844,39,21,22,221,3
2022,0022200239,2022-11-19,LAC vs. SAS,San Antonio Spurs,SAS,97,False,0.414,0.269,0.857,43,22,15,LA Clippers,LAC,119,True,0.543,0.525,0.526,35,32,12,216,22
2022,0022200235,2022-11-19,TOR @ ATL,Toronto Raptors,TOR,122,False,0.444,0.216,0.818,51,27,13,Atlanta Hawks,ATL,124,True,0.5,0.28,0.781,50,23,14,246,2
2022,0022200238,2022-11-19,UTA @ POR,Utah Jazz,UTA,118,True,0.462,0.359,0.87,42,23,13,Portland Trail Blazers,POR,113,False,0.47,0.31,0.815,43,27,17,231,5
2022,0022200236,2022-11-19,ORL @ IND,Orlando Magic,ORL,113,False,0.429,0.381,0.731,41,16,9,Indiana Pacers,IND,114,True,0.456,0.391,0.737,42,27,15,227,1
2022,0022200244,2022-11-20,CLE vs. MIA,Miami Heat,MIA,87,False,0.388,0.194,0.864,30,17,16,Cleveland Cavaliers,CLE,113,True,0.53,0.351,0.75,49,31,19,200,26
2022,0022200245,2022-11-20,HOU vs. GSW,Golden State Warriors,GSW,127,True,0.535,0.511,0.733,40,38,17,Houston Rockets,HOU,120,False,0.456,0.333,0.852,45,24,12,247,7
2022,0022200241,2022-11-20,WAS vs. CHA,Charlotte Hornets,CHA,102,False,0.39,0.25,0.696,51,19,13,Washington Wizards,WAS,106,True,0.43,0.382,0.722,49,19,17,208,4
2022,0022200246,2022-11-20,DEN @ DAL,Denver Nuggets,DEN,98,True,0.474,0.333,0.789,44,22,15,Dallas Mavericks,DAL,97,False,0.449,0.357,0.571,36,24,12,195,1
2022,0022200243,2022-11-20,BKN vs. MEM,Memphis Grizzlies,MEM,115,False,0.434,0.324,0.548,44,28,10,Brooklyn Nets,BKN,127,True,0.602,0.471,0.733,45,33,18,242,12
2022,0022200242,2022-11-20,DET @ SAC,Detroit Pistons,DET,129,False,0.528,0.517,0.87,35,20,12,Sacramento Kings,SAC,137,True,0.553,0.343,0.886,41,29,11,266,8
2022,0022200247,2022-11-20,LAL vs. SAS,San Antonio Spurs,SAS,92,False,0.39,0.206,0.3,44,26,10,Los Angeles Lakers,LAL,123,True,0.529,0.353,0.875,54,29,15,215,31
2022,0022200240,2022-11-20,PHX vs. NYK,New York Knicks,NYK,95,False,0.4,0.28,0.8,39,20,10,Phoenix Suns,PHX,116,True,0.426,0.436,0.722,60,35,13,211,21
2022,0022200250,2022-11-21,BOS @ CHI,Boston Celtics,BOS,107,False,0.437,0.38,0.706,38,28,15,Chicago Bulls,CHI,121,True,0.517,0.483,0.75,51,26,11,228,14
2022,0022200253,2022-11-21,GSW @ NOP,Golden State Warriors,GSW,83,False,0.378,0.233,0.895,34,17,26,New Orleans Pelicans,NOP,128,True,0.538,0.357,0.714,50,30,14,211,45
2022,0022200248,2022-11-21,ATL @ CLE,Atlanta Hawks,ATL,102,False,0.437,0.324,0.882,35,24,16,Cleveland Cavaliers,CLE,114,True,0.6,0.526,0.87,37,24,19,216,12
2022,0022200252,2022-11-21,MIN vs. MIA,Miami Heat,MIA,101,False,0.389,0.289,0.667,46,26,15,Minnesota Timberwolves,MIN,105,True,0.435,0.298,0.85,40,30,18,206,4
2022,0022200249,2022-11-21,IND vs. ORL,Orlando Magic,ORL,102,False,0.424,0.314,0.76,38,20,17,Indiana Pacers,IND,123,True,0.5,0.283,0.889,48,32,21,225,21
2022,0022200251,2022-11-21,POR @ MIL,Portland Trail Blazers,POR,111,False,0.473,0.276,0.789,40,19,15,Milwaukee Bucks,MIL,119,True,0.547,0.321,0.64,42,31,14,230,8
2022,0022200255,2022-11-21,LAC vs. UTA,Utah Jazz,UTA,114,False,0.449,0.316,0.917,45,22,17,LA Clippers,LAC,121,True,0.516,0.375,0.947,41,26,16,235,7
2022,0022200254,2022-11-21,NYK @ OKC,New York Knicks,NYK,129,True,0.526,0.324,0.8,48,21,13,Oklahoma City Thunder,OKC,119,False,0.489,0.333,0.781,38,25,14,248,10
2022,0022200257,2022-11-22,MEM vs. SAC,Sacramento Kings,SAC,113,True,0.433,0.333,0.741,45,27,18,Memphis Grizzlies,MEM,109,False,0.451,0.267,0.633,49,26,18,222,4
2022,0022200256,2022-11-22,PHI vs. BKN,Brooklyn Nets,BKN,106,False,0.55,0.321,0.692,35,31,15,Philadelphia 76ers,PHI,115,True,0.434,0.5,0.813,49,19,9,221,9
2022,0022200258,2022-11-22,DEN vs. DET,Detroit Pistons,DET,110,True,0.511,0.286,0.857,40,27,16,Denver Nuggets,DEN,108,False,0.5,0.263,0.654,42,28,17,218,2
2022,0022200259,2022-11-22,PHX vs. LAL,Los Angeles Lakers,LAL,105,False,0.424,0.182,0.829,45,19,17,Phoenix Suns,PHX,115,True,0.471,0.471,0.6,49,23,15,220,10
2022,0022200271,2022-11-23,LAC @ GSW,LA Clippers,LAC,107,False,0.453,0.379,0.667,43,22,16,Golden State Warriors,GSW,124,True,0.495,0.373,0.692,45,36,13,231,17
2022,0022200270,2022-11-23,UTA vs. DET,Detroit Pistons,DET,125,True,0.494,0.5,0.926,38,24,7,Utah Jazz,UTA,116,False,0.494,0.439,0.842,38,31,15,241,9
2022,0022200260,2022-11-23,PHI @ CHA,Philadelphia 76ers,PHI,101,False,0.442,0.237,0.889,45,20,19,Charlotte Hornets,CHA,107,True,0.478,0.261,0.619,44,25,15,208,6
2022,0022200265,2022-11-23,MIA vs. WAS,Washington Wizards,WAS,105,False,0.472,0.263,0.579,43,27,14,Miami Heat,MIA,113,True,0.419,0.39,0.864,53,20,12,218,8
2022,0022200269,2022-11-23,SAS vs. NOP,New Orleans Pelicans,NOP,129,True,0.573,0.424,0.7,42,33,21,San Antonio Spurs,SAS,110,False,0.482,0.294,0.643,37,31,18,239,19
2022,0022200262,2022-11-23,MIN @ IND,Minnesota Timberwolves,MIN,115,True,0.61,0.364,0.765,50,31,23,Indiana Pacers,IND,101,False,0.385,0.364,0.688,30,25,13,216,14
2022,0022200268,2022-11-23,DEN @ OKC,Denver Nuggets,DEN,131,True,0.477,0.368,0.805,55,31,17,Oklahoma City Thunder,OKC,126,False,0.433,0.45,0.857,39,26,9,257,5
2022,0022200266,2022-11-23,BKN @ TOR,Brooklyn Nets,BKN,112,True,0.549,0.447,0.714,39,32,19,Toronto Raptors,TOR,98,False,0.356,0.241,0.76,52,16,13,210,14
2022,0022200267,2022-11-23,CHI @ MIL,Chicago Bulls,CHI,118,True,0.494,0.429,0.778,35,30,13,Milwaukee Bucks,MIL,113,False,0.456,0.316,0.76,48,24,19,231,5
2022,0022200264,2022-11-23,BOS vs. DAL,Dallas Mavericks,DAL,112,False,0.537,0.355,0.619,35,20,14,Boston Celtics,BOS,125,True,0.536,0.5,0.857,38,29,11,237,13
2022,0022200261,2022-11-23,POR @ CLE,Portland Trail Blazers,POR,96,False,0.449,0.419,1.0,32,28,16,Cleveland Cavaliers,CLE,114,True,0.554,0.444,0.87,39,22,16,210,18
2022,0022200263,2022-11-23,SAC @ ATL,Sacramento Kings,SAC,106,False,0.461,0.29,0.714,48,27,18,Atlanta Hawks,ATL,115,True,0.446,0.367,0.957,47,23,13,221,9
2022,0022200282,2022-11-25,LAL @ SAS,Los Angeles Lakers,LAL,105,True,0.482,0.296,0.85,49,28,21,San Antonio Spurs,SAS,94,False,0.38,0.182,0.75,50,21,16,199,11
2022,0022200273,2022-11-25,PHI @ ORL,Philadelphia 76ers,PHI,107,True,0.476,0.389,0.833,47,25,15,Orlando Magic,ORL,99,False,0.425,0.257,0.815,35,20,14,206,8
2022,0022200279,2022-11-25,NOP @ MEM,New Orleans Pelicans,NOP,111,False,0.43,0.323,0.871,41,26,13,Memphis Grizzlies,MEM,132,True,0.516,0.474,0.741,46,26,14,243,21
2022,0022200276,2022-11-25,BKN @ IND,Brooklyn Nets,BKN,117,False,0.534,0.366,0.8,38,27,18,Indiana Pacers,IND,128,True,0.5,0.353,0.789,41,28,9,245,11
2022,0022200274,2022-11-25,NYK vs. POR,Portland Trail Blazers,POR,132,True,0.494,0.313,0.745,48,24,12,New York Knicks,NYK,129,False,0.438,0.317,0.857,44,27,10,261,3
2022,0022200284,2022-11-25,GSW vs. UTA,Utah Jazz,UTA,118,False,0.474,0.244,0.882,42,28,13,Golden State Warriors,GSW,129,True,0.515,0.444,0.833,49,33,19,247,11
2022,0022200281,2022-11-25,OKC vs. CHI,Chicago Bulls,CHI,119,False,0.436,0.364,0.826,47,25,15,Oklahoma City Thunder,OKC,123,True,0.463,0.241,0.875,50,24,13,242,4
2022,0022200277,2022-11-25,WAS @ MIA,Washington Wizards,WAS,107,False,0.43,0.282,0.8,45,27,12,Miami Heat,MIA,110,True,0.472,0.269,0.826,47,24,10,217,3
2022,0022200283,2022-11-25,PHX vs. DET,Detroit Pistons,DET,102,False,0.424,0.346,0.938,49,21,18,Phoenix Suns,PHX,108,True,0.483,0.241,0.654,43,25,13,210,6
2022,0022200278,2022-11-25,HOU vs. ATL,Atlanta Hawks,ATL,122,False,0.476,0.385,0.806,28,14,13,Houston Rockets,HOU,128,True,0.471,0.343,0.829,59,25,21,250,6
2022,0022200280,2022-11-25,CLE @ MIL,Cleveland Cavaliers,CLE,102,False,0.391,0.364,0.846,41,12,9,Milwaukee Bucks,MIL,117,True,0.506,0.469,0.72,43,27,13,219,15
2022,0022200272,2022-11-25,MIN @ CHA,Minnesota Timberwolves,MIN,108,False,0.427,0.22,0.944,45,24,16,Charlotte Hornets,CHA,110,True,0.449,0.32,0.688,55,24,17,218,2
2022,0022200285,2022-11-25,LAC vs. DEN,Denver Nuggets,DEN,114,True,0.494,0.333,0.696,37,27,6,LA Clippers,LAC,104,False,0.544,0.5,0.559,33,22,14,218,10
2022,0022200275,2022-11-25,BOS vs. SAC,Sacramento Kings,SAC,104,False,0.414,0.25,0.885,45,20,18,Boston Celtics,BOS,122,True,0.494,0.432,0.889,38,27,10,226,18
2022,0022200286,2022-11-26,DAL @ TOR,Dallas Mavericks,DAL,100,False,0.479,0.282,0.792,34,28,16,Toronto Raptors,TOR,105,True,0.432,0.308,0.808,48,20,13,205,5
2022,0022200288,2022-11-26,SAS vs. LAL,Los Angeles Lakers,LAL,143,True,0.58,0.515,0.865,39,25,17,San Antonio Spurs,SAS,138,False,0.505,0.486,0.7,47,33,10,281,5
2022,0022200287,2022-11-26,HOU vs. OKC,Oklahoma City Thunder,OKC,105,False,0.392,0.227,0.826,41,19,15,Houston Rockets,HOU,118,True,0.523,0.5,0.714,53,25,24,223,13
2022,0022200289,2022-11-26,UTA @ PHX,Utah Jazz,UTA,112,False,0.506,0.406,0.76,40,20,12,Phoenix Suns,PHX,113,True,0.457,0.273,0.767,48,23,6,225,1
2022,0022200292,2022-11-27,LAC vs. IND,Indiana Pacers,IND,100,False,0.383,0.214,0.826,39,23,11,LA Clippers,LAC,114,True,0.447,0.188,0.75,62,33,18,214,14
2022,0022200295,2022-11-27,CLE @ DET,Cleveland Cavaliers,CLE,102,True,0.429,0.286,0.848,41,14,14,Detroit Pistons,DET,94,False,0.456,0.286,0.538,36,14,13,196,8
2022,0022200296,2022-11-27,MEM @ NYK,Memphis Grizzlies,MEM,127,True,0.484,0.375,0.742,50,32,10,New York Knicks,NYK,123,False,0.506,0.333,0.833,42,30,8,250,4
2022,0022200297,2022-11-27,ORL vs. PHI,Philadelphia 76ers,PHI,133,True,0.649,0.407,0.815,43,32,14,Orlando Magic,ORL,103,False,0.456,0.3,0.76,26,21,15,236,30
2022,0022200291,2022-11-27,GSW @ MIN,Golden State Warriors,GSW,137,True,0.575,0.426,0.85,47,36,16,Minnesota Timberwolves,MIN,114,False,0.443,0.4,0.759,31,22,14,251,23
2022,0022200293,2022-11-27,MIA @ ATL,Miami Heat,MIA,106,True,0.488,0.273,0.895,46,28,12,Atlanta Hawks,ATL,98,False,0.398,0.278,0.947,42,24,9,204,8
2022,0022200298,2022-11-27,DAL @ MIL,Dallas Mavericks,DAL,115,False,0.513,0.415,0.64,32,23,13,Milwaukee Bucks,MIL,124,True,0.558,0.459,0.733,40,28,13,239,9
2022,0022200294,2022-11-27,BOS vs. WAS,Washington Wizards,WAS,121,False,0.537,0.25,0.788,29,23,4,Boston Celtics,BOS,130,True,0.55,0.471,1.0,38,25,14,251,9
2022,0022200290,2022-11-27,BKN vs. POR,Portland Trail Blazers,POR,97,False,0.443,0.364,0.682,42,27,13,Brooklyn Nets,BKN,111,True,0.526,0.429,0.778,38,27,7,208,14
2022,0022200306,2022-11-28,CHI @ UTA,Chicago Bulls,CHI,114,True,0.462,0.273,0.88,50,21,7,Utah Jazz,UTA,107,False,0.482,0.388,0.4,45,30,14,221,7
2022,0022200300,2022-11-28,WAS vs. MIN,Minnesota Timberwolves,MIN,127,False,0.5,0.259,0.857,45,20,18,Washington Wizards,WAS,142,True,0.571,0.484,0.852,34,31,7,269,15
2022,0022200304,2022-11-28,NOP vs. OKC,Oklahoma City Thunder,OKC,101,False,0.37,0.316,0.913,47,16,19,New Orleans Pelicans,NOP,105,True,0.448,0.281,0.9,49,21,22,206,4
2022,0022200305,2022-11-28,HOU @ DEN,Houston Rockets,HOU,113,False,0.459,0.364,0.76,37,25,17,Denver Nuggets,DEN,129,True,0.568,0.4,0.85,43,31,14,242,16
2022,0022200299,2022-11-28,ATL @ PHI,Atlanta Hawks,ATL,101,False,0.5,0.444,0.682,42,26,19,Philadelphia 76ers,PHI,104,True,0.453,0.357,0.889,37,23,12,205,3
2022,0022200307,2022-11-28,PHX @ SAC,Phoenix Suns,PHX,122,True,0.532,0.313,0.857,45,26,17,Sacramento Kings,SAC,117,False,0.523,0.36,0.889,37,32,15,239,5
2022,0022200308,2022-11-28,IND @ LAL,Indiana Pacers,IND,116,True,0.41,0.347,0.813,49,29,9,Los Angeles Lakers,LAL,115,False,0.43,0.355,0.774,57,23,14,231,1
2022,0022200302,2022-11-28,ORL @ BKN,Orlando Magic,ORL,102,False,0.475,0.419,0.591,35,18,18,Brooklyn Nets,BKN,109,True,0.543,0.321,0.857,42,20,16,211,7
2022,0022200303,2022-11-28,TOR vs. CLE,Cleveland Cavaliers,CLE,88,False,0.378,0.184,0.813,47,21,9,Toronto Raptors,TOR,100,True,0.44,0.429,0.824,45,23,10,188,12
2022,0022200301,2022-11-28,BOS vs. CHA,Charlotte Hornets,CHA,105,False,0.488,0.379,0.667,37,28,20,Boston Celtics,BOS,140,True,0.591,0.462,0.857,39,40,13,245,35
2022,0022200311,2022-11-29,POR vs. LAC,LA Clippers,LAC,118,True,0.461,0.419,0.821,48,26,13,Portland Trail Blazers,POR,112,False,0.467,0.486,0.733,43,24,11,230,6
2022,0022200310,2022-11-29,GSW @ DAL,Golden State Warriors,GSW,113,False,0.477,0.256,0.783,50,27,18,Dallas Mavericks,DAL,116,True,0.462,0.341,0.63,39,21,13,229,3
2022,0022200309,2022-11-29,NYK @ DET,New York Knicks,NYK,140,True,0.563,0.457,0.762,51,31,14,Detroit Pistons,DET,110,False,0.506,0.333,0.65,30,28,16,250,30
2022,0022200321,2022-11-30,CHI @ PHX,Chicago Bulls,CHI,113,False,0.5,0.16,0.818,35,21,11,Phoenix Suns,PHX,132,True,0.527,0.455,0.905,46,22,13,245,19
2022,0022200317,2022-11-30,MEM @ MIN,Memphis Grizzlies,MEM,101,False,0.425,0.346,0.6,59,17,24,Minnesota Timberwolves,MIN,109,True,0.461,0.308,0.789,29,26,12,210,8
2022,0022200324,2022-11-30,LAL vs. POR,Portland Trail Blazers,POR,109,False,0.467,0.333,0.81,45,21,10,Los Angeles Lakers,LAL,128,True,0.495,0.378,0.692,48,28,7,237,19
2022,0022200314,2022-11-30,MIA @ BOS,Miami Heat,MIA,121,False,0.522,0.45,1.0,32,25,15,Boston Celtics,BOS,134,True,0.554,0.489,0.87,41,32,17,255,13
2022,0022200319,2022-11-30,SAS @ OKC,San Antonio Spurs,SAS,111,False,0.446,0.27,0.76,44,27,10,Oklahoma City Thunder,OKC,119,True,0.511,0.333,0.667,52,17,11,230,8
2022,0022200322,2022-11-30,LAC @ UTA,LA Clippers,LAC,112,False,0.398,0.333,0.778,39,16,10,Utah Jazz,UTA,125,True,0.556,0.438,0.75,46,24,18,237,13
2022,0022200313,2022-11-30,ATL @ ORL,Atlanta Hawks,ATL,125,True,0.543,0.25,0.789,49,25,12,Orlando Magic,ORL,108,False,0.494,0.296,0.88,33,26,18,233,17
2022,0022200318,2022-11-30,TOR @ NOP,Toronto Raptors,TOR,108,False,0.477,0.289,0.684,30,29,16,New Orleans Pelicans,NOP,126,True,0.523,0.424,0.846,52,28,20,234,18
2022,0022200320,2022-11-30,HOU @ DEN,Houston Rockets,HOU,100,False,0.42,0.293,0.778,39,18,14,Denver Nuggets,DEN,120,True,0.53,0.531,0.75,42,30,11,220,20
2022,0022200315,2022-11-30,WAS @ BKN,Washington Wizards,WAS,107,False,0.438,0.25,0.676,51,19,14,Brooklyn Nets,BKN,113,True,0.464,0.423,0.923,35,22,9,220,6
2022,0022200312,2022-11-30,PHI @ CLE,Philadelphia 76ers,PHI,85,False,0.416,0.231,0.833,30,19,16,Cleveland Cavaliers,CLE,113,True,0.608,0.517,0.8,40,28,18,198,28
2022,0022200316,2022-11-30,NYK vs. MIL,Milwaukee Bucks,MIL,109,True,0.433,0.286,0.808,52,23,5,New York Knicks,NYK,103,False,0.42,0.2,0.65,55,18,7,212,6
2022,0022200323,2022-11-30,SAC vs. IND,Indiana Pacers,IND,114,False,0.4,0.324,0.733,47,28,15,Sacramento Kings,SAC,137,True,0.505,0.372,0.862,58,28,18,251,23
2022,0022200325,2022-12-01,DET vs. DAL,Dallas Mavericks,DAL,125,False,0.535,0.413,0.483,30,25,13,Detroit Pistons,DET,131,True,0.543,0.429,0.583,52,29,13,256,6
2022,0022200331,2022-12-02,MIL vs. LAL,Los Angeles Lakers,LAL,133,True,0.542,0.423,0.75,44,32,4,Milwaukee Bucks,MIL,129,False,0.532,0.395,0.8,42,29,9,262,4
2022,0022200334,2022-12-02,HOU @ PHX,Houston Rockets,HOU,122,True,0.494,0.333,0.791,41,19,16,Phoenix Suns,PHX,121,False,0.529,0.459,0.737,37,30,17,243,1
2022,0022200333,2022-12-02,NOP @ SAS,New Orleans Pelicans,NOP,117,True,0.435,0.286,0.962,53,25,9,San Antonio Spurs,SAS,99,False,0.388,0.282,0.75,49,26,12,216,18
2022,0022200327,2022-12-02,DEN @ ATL,Denver Nuggets,DEN,109,False,0.529,0.375,0.538,33,31,15,Atlanta Hawks,ATL,117,True,0.557,0.357,0.643,43,24,12,226,8
2022,0022200335,2022-12-02,UTA vs. IND,Indiana Pacers,IND,119,False,0.435,0.353,0.818,35,25,18,Utah Jazz,UTA,139,True,0.554,0.441,0.865,47,29,24,258,20
2022,0022200329,2022-12-02,TOR @ BKN,Toronto Raptors,TOR,105,False,0.437,0.292,0.733,43,16,13,Brooklyn Nets,BKN,114,True,0.537,0.344,0.682,41,27,18,219,9
2022,0022200336,2022-12-02,CHI @ GSW,Chicago Bulls,CHI,111,False,0.462,0.333,0.667,44,28,12,Golden State Warriors,GSW,119,True,0.483,0.4,0.652,50,32,19,230,8
2022,0022200328,2022-12-02,MIA @ BOS,Miami Heat,MIA,120,True,0.475,0.314,0.722,50,19,16,Boston Celtics,BOS,116,False,0.46,0.333,0.75,48,26,20,236,4
2022,0022200330,2022-12-02,ORL @ CLE,Orlando Magic,ORL,96,False,0.494,0.348,0.667,40,19,17,Cleveland Cavaliers,CLE,107,True,0.488,0.381,1.0,33,22,12,203,11
2022,0022200326,2022-12-02,CHA vs. WAS,Washington Wizards,WAS,116,False,0.453,0.364,0.743,56,23,14,Charlotte Hornets,CHA,117,True,0.421,0.414,0.806,45,25,4,233,1
2022,0022200332,2022-12-02,PHI @ MEM,Philadelphia 76ers,PHI,109,False,0.44,0.424,0.882,42,23,13,Memphis Grizzlies,MEM,117,True,0.433,0.367,0.786,57,22,12,226,8
2022,0022200338,2022-12-03,LAC vs. SAC,Sacramento Kings,SAC,123,True,0.517,0.344,0.667,46,31,9,LA Clippers,LAC,96,False,0.355,0.273,0.808,50,15,17,219,27
2022,0022200337,2022-12-03,NYK vs. DAL,Dallas Mavericks,DAL,121,True,0.43,0.393,0.786,50,27,11,New York Knicks,NYK,100,False,0.455,0.323,0.714,45,18,19,221,21
2022,0022200341,2022-12-03,MIN vs. OKC,Oklahoma City Thunder,OKC,135,True,0.516,0.423,0.8,42,26,21,Minnesota Timberwolves,MIN,128,False,0.528,0.333,0.8,44,25,23,263,7
2022,0022200339,2022-12-03,MIL @ CHA,Milwaukee Bucks,MIL,105,True,0.47,0.375,0.789,47,24,21,Charlotte Hornets,CHA,96,False,0.391,0.208,0.885,44,15,14,201,9
2022,0022200340,2022-12-03,ORL @ TOR,Orlando Magic,ORL,108,False,0.487,0.393,0.808,29,23,15,Toronto Raptors,TOR,121,True,0.56,0.31,0.72,43,31,16,229,13
2022,0022200343,2022-12-03,POR @ UTA,Portland Trail Blazers,POR,116,True,0.482,0.4,0.774,49,19,13,Utah Jazz,UTA,111,False,0.452,0.361,0.786,44,20,13,227,5
2022,0022200342,2022-12-03,HOU @ GSW,Houston Rockets,HOU,101,False,0.44,0.107,0.9,45,17,15,Golden State Warriors,GSW,120,True,0.529,0.481,0.5,35,34,13,221,19
2022,0022200350,2022-12-04,CHI @ SAC,Chicago Bulls,CHI,101,False,0.442,0.36,0.842,39,17,16,Sacramento Kings,SAC,110,True,0.465,0.302,0.895,46,30,18,211,9
2022,0022200348,2022-12-04,NYK vs. CLE,Cleveland Cavaliers,CLE,81,False,0.349,0.229,0.75,39,17,17,New York Knicks,NYK,92,True,0.407,0.172,0.81,54,17,20,173,11
2022,0022200344,2022-12-04,NOP vs. DEN,Denver Nuggets,DEN,106,False,0.506,0.258,0.667,43,24,19,New Orleans Pelicans,NOP,121,True,0.506,0.423,0.778,36,29,10,227,15
2022,0022200345,2022-12-04,PHX @ SAS,Phoenix Suns,PHX,133,True,0.521,0.514,0.8,45,38,11,San Antonio Spurs,SAS,95,False,0.437,0.194,0.722,40,19,19,228,38
2022,0022200351,2022-12-04,IND @ POR,Indiana Pacers,IND,100,False,0.44,0.303,0.833,44,22,15,Portland Trail Blazers,POR,116,True,0.488,0.425,0.682,45,32,15,216,16
2022,0022200347,2022-12-04,DET vs. MEM,Memphis Grizzlies,MEM,122,True,0.467,0.429,0.724,46,28,13,Detroit Pistons,DET,112,False,0.44,0.371,0.833,39,26,14,234,10
2022,0022200349,2022-12-04,WAS vs. LAL,Los Angeles Lakers,LAL,130,True,0.542,0.385,0.727,51,34,15,Washington Wizards,WAS,119,False,0.467,0.256,0.733,44,24,10,249,11
2022,0022200346,2022-12-04,BKN vs. BOS,Boston Celtics,BOS,103,True,0.432,0.395,0.9,48,18,15,Brooklyn Nets,BKN,92,False,0.405,0.346,0.682,45,17,14,195,11
2022,0022200359,2022-12-05,IND @ GSW,Indiana Pacers,IND,112,True,0.478,0.385,0.611,47,26,11,Golden State Warriors,GSW,104,False,0.404,0.295,0.789,47,26,12,216,8
2022,0022200355,2022-12-05,BOS @ TOR,Boston Celtics,BOS,116,True,0.489,0.361,0.714,49,27,11,Toronto Raptors,TOR,110,False,0.459,0.357,0.733,46,19,13,226,6
2022,0022200356,2022-12-05,HOU vs. PHI,Philadelphia 76ers,PHI,123,False,0.448,0.472,0.778,39,23,19,Houston Rockets,HOU,132,True,0.447,0.359,0.773,51,19,19,255,9
2022,0022200352,2022-12-05,LAC @ CHA,LA Clippers,LAC,119,True,0.484,0.417,0.667,47,30,12,Charlotte Hornets,CHA,117,False,0.48,0.353,0.647,49,29,10,236,2
2022,0022200357,2022-12-05,MIA @ MEM,Miami Heat,MIA,93,False,0.392,0.35,0.773,45,23,16,Memphis Grizzlies,MEM,101,True,0.467,0.25,1.0,41,23,11,194,8
2022,0022200354,2022-12-05,OKC @ ATL,Oklahoma City Thunder,OKC,121,True,0.453,0.353,0.958,49,25,16,Atlanta Hawks,ATL,114,False,0.431,0.342,0.765,54,24,18,235,7
2022,0022200358,2022-12-05,DAL vs. PHX,Phoenix Suns,PHX,111,False,0.44,0.351,0.692,41,28,11,Dallas Mavericks,DAL,130,True,0.524,0.488,0.846,41,23,12,241,19
2022,0022200353,2022-12-05,ORL vs. MIL,Milwaukee Bucks,MIL,109,True,0.447,0.325,0.769,45,31,17,Orlando Magic,ORL,102,False,0.366,0.25,0.897,52,21,13,211,7
2022,0022200360,2022-12-06,LAL @ CLE,Los Angeles Lakers,LAL,102,False,0.427,0.167,0.833,43,16,16,Cleveland Cavaliers,CLE,116,True,0.516,0.259,0.765,44,25,7,218,14
2022,0022200362,2022-12-06,DAL @ DEN,Dallas Mavericks,DAL,116,True,0.5,0.472,0.871,35,27,15,Denver Nuggets,DEN,115,False,0.513,0.406,0.786,36,30,17,231,1
2022,0022200361,2022-12-06,MIA vs. DET,Detroit Pistons,DET,116,True,0.494,0.463,0.733,40,27,12,Miami Heat,MIA,96,False,0.429,0.313,0.769,40,21,15,212,20
2022,0022200369,2022-12-07,SAC @ MIL,Sacramento Kings,SAC,113,False,0.473,0.316,0.938,40,19,8,Milwaukee Bucks,MIL,126,True,0.479,0.424,0.833,50,34,7,239,13
2022,0022200367,2022-12-07,WAS @ CHI,Washington Wizards,WAS,111,False,0.488,0.29,0.69,38,22,18,Chicago Bulls,CHI,115,True,0.5,0.435,0.882,41,29,19,226,4
2022,0022200372,2022-12-07,GSW @ UTA,Golden State Warriors,GSW,123,False,0.459,0.333,0.76,42,26,14,Utah Jazz,UTA,124,True,0.535,0.429,0.81,40,26,17,247,1
2022,0022200371,2022-12-07,DET @ NOP,Detroit Pistons,DET,98,False,0.389,0.357,0.813,42,17,12,New Orleans Pelicans,NOP,104,True,0.459,0.296,0.783,50,21,18,202,6
2022,0022200373,2022-12-07,BOS @ PHX,Boston Celtics,BOS,125,True,0.485,0.356,0.846,53,29,12,Phoenix Suns,PHX,98,False,0.398,0.25,0.842,49,19,18,223,27
2022,0022200370,2022-12-07,MIN vs. IND,Indiana Pacers,IND,115,False,0.481,0.452,0.75,31,22,19,Minnesota Timberwolves,MIN,121,True,0.473,0.348,0.926,51,25,21,236,6
2022,0022200364,2022-12-07,CHA @ BKN,Charlotte Hornets,CHA,116,False,0.534,0.417,0.522,40,25,11,Brooklyn Nets,BKN,122,True,0.57,0.387,0.75,39,33,10,238,6
2022,0022200363,2022-12-07,LAC @ ORL,LA Clippers,LAC,111,False,0.411,0.366,0.692,53,26,15,Orlando Magic,ORL,116,True,0.421,0.286,0.903,53,20,12,227,5
2022,0022200366,2022-12-07,LAL @ TOR,Los Angeles Lakers,LAL,113,False,0.425,0.212,0.914,46,16,15,Toronto Raptors,TOR,126,True,0.443,0.279,0.833,54,25,11,239,13
2022,0022200365,2022-12-07,NYK vs. ATL,Atlanta Hawks,ATL,89,False,0.376,0.167,0.792,39,16,11,New York Knicks,NYK,113,True,0.446,0.472,0.917,55,26,14,202,24
2022,0022200368,2022-12-07,MEM vs. OKC,Oklahoma City Thunder,OKC,102,False,0.37,0.368,0.87,48,25,18,Memphis Grizzlies,MEM,123,True,0.511,0.368,0.813,50,32,14,225,21
2022,0022200376,2022-12-08,POR vs. DEN,Denver Nuggets,DEN,121,True,0.516,0.4,0.682,48,28,16,Portland Trail Blazers,POR,120,False,0.484,0.4,1.0,38,30,12,241,1
2022,0022200374,2022-12-08,MIA vs. LAC,LA Clippers,LAC,110,False,0.463,0.472,0.905,43,24,16,Miami Heat,MIA,115,True,0.511,0.375,0.786,43,24,8,225,5
2022,0022200375,2022-12-08,SAS vs. HOU,Houston Rockets,HOU,109,False,0.449,0.345,0.733,42,23,14,San Antonio Spurs,SAS,118,True,0.554,0.361,0.867,38,25,16,227,9
2022,0022200381,2022-12-09,CLE vs. SAC,Sacramento Kings,SAC,106,True,0.53,0.485,0.625,38,21,17,Cleveland Cavaliers,CLE,95,False,0.43,0.333,0.773,36,20,19,201,11
2022,0022200384,2022-12-09,NOP vs. PHX,Phoenix Suns,PHX,117,False,0.5,0.5,0.692,37,30,16,New Orleans Pelicans,NOP,128,True,0.511,0.296,0.8,44,27,11,245,11
2022,0022200377,2022-12-09,NYK @ CHA,New York Knicks,NYK,121,True,0.441,0.382,0.867,48,25,11,Charlotte Hornets,CHA,102,False,0.44,0.231,0.786,45,16,12,223,19
2022,0022200378,2022-12-09,WAS @ IND,Washington Wizards,WAS,111,False,0.532,0.345,0.76,38,25,14,Indiana Pacers,IND,121,True,0.506,0.439,0.85,40,23,11,232,10
2022,0022200386,2022-12-09,DAL vs. MIL,Milwaukee Bucks,MIL,106,True,0.437,0.344,0.826,51,27,15,Dallas Mavericks,DAL,105,False,0.466,0.325,0.417,43,21,10,211,1
2022,0022200382,2022-12-09,LAL @ PHI,Los Angeles Lakers,LAL,122,False,0.5,0.355,0.767,37,29,19,Philadelphia 76ers,PHI,133,True,0.533,0.45,0.864,42,30,21,255,11
2022,0022200379,2022-12-09,TOR @ ORL,Toronto Raptors,TOR,109,False,0.424,0.286,0.818,33,23,7,Orlando Magic,ORL,113,True,0.592,0.385,0.905,43,24,18,222,4
2022,0022200380,2022-12-09,ATL @ BKN,Atlanta Hawks,ATL,116,False,0.495,0.345,0.875,38,21,18,Brooklyn Nets,BKN,120,True,0.542,0.433,0.81,38,30,21,236,4
2022,0022200383,2022-12-09,DET @ MEM,Detroit Pistons,DET,103,False,0.4,0.314,0.741,47,23,19,Memphis Grizzlies,MEM,114,True,0.484,0.281,0.531,48,30,14,217,11
2022,0022200385,2022-12-09,UTA vs. MIN,Minnesota Timberwolves,MIN,118,True,0.532,0.4,0.769,44,30,17,Utah Jazz,UTA,108,False,0.433,0.295,0.708,40,22,11,226,10
2022,0022200393,2022-12-10,UTA @ DEN,Utah Jazz,UTA,110,False,0.459,0.366,0.81,42,20,13,Denver Nuggets,DEN,115,True,0.547,0.308,0.813,39,28,8,225,5
2022,0022200389,2022-12-10,WAS vs. LAC,LA Clippers,LAC,114,True,0.426,0.396,0.938,42,22,10,Washington Wizards,WAS,107,False,0.435,0.471,0.895,50,24,14,221,7
2022,0022200392,2022-12-10,BOS @ GSW,Boston Celtics,BOS,107,False,0.437,0.3,0.731,39,17,10,Golden State Warriors,GSW,123,True,0.511,0.333,0.8,53,26,13,230,16
2022,0022200394,2022-12-10,MIN @ POR,Minnesota Timberwolves,MIN,118,False,0.542,0.435,0.75,28,22,13,Portland Trail Blazers,POR,124,True,0.518,0.382,0.893,45,20,16,242,6
2022,0022200391,2022-12-10,DAL @ CHI,Dallas Mavericks,DAL,115,False,0.456,0.25,0.846,37,24,8,Chicago Bulls,CHI,144,True,0.635,0.559,0.708,44,33,8,259,29
2022,0022200388,2022-12-10,BKN @ IND,Brooklyn Nets,BKN,136,True,0.52,0.321,0.719,59,19,18,Indiana Pacers,IND,133,False,0.553,0.477,0.75,30,30,18,269,3
2022,0022200387,2022-12-10,MIA vs. SAS,San Antonio Spurs,SAS,115,True,0.538,0.333,0.774,46,24,18,Miami Heat,MIA,111,False,0.481,0.382,0.714,32,26,10,226,4
2022,0022200390,2022-12-10,OKC @ CLE,Oklahoma City Thunder,OKC,102,False,0.458,0.345,0.8,40,25,10,Cleveland Cavaliers,CLE,110,True,0.471,0.375,0.692,48,25,11,212,8
2022,0022200401,2022-12-11,MIL @ HOU,Milwaukee Bucks,MIL,92,False,0.367,0.279,0.778,52,18,15,Houston Rockets,HOU,97,True,0.44,0.222,0.917,49,23,12,189,5
2022,0022200398,2022-12-11,TOR @ ORL,Toronto Raptors,TOR,99,False,0.4,0.24,0.868,28,18,9,Orlando Magic,ORL,111,True,0.468,0.452,0.806,42,25,14,210,12
2022,0022200396,2022-12-11,LAL @ DET,Los Angeles Lakers,LAL,124,True,0.548,0.423,0.778,42,31,11,Detroit Pistons,DET,117,False,0.462,0.378,0.824,40,28,12,241,7
2022,0022200400,2022-12-11,ATL vs. CHI,Chicago Bulls,CHI,122,False,0.48,0.259,0.826,53,28,18,Atlanta Hawks,ATL,123,True,0.48,0.333,0.762,45,28,14,245,1
2022,0022200399,2022-12-11,CHA @ PHI,Charlotte Hornets,CHA,113,False,0.409,0.367,0.867,45,21,15,Philadelphia 76ers,PHI,131,True,0.554,0.481,0.813,41,31,15,244,18
2022,0022200395,2022-12-11,NOP vs. PHX,Phoenix Suns,PHX,124,False,0.467,0.342,0.765,42,34,14,New Orleans Pelicans,NOP,129,True,0.581,0.32,0.75,43,31,15,253,5
2022,0022200397,2022-12-11,SAC @ NYK,Sacramento Kings,SAC,99,False,0.398,0.256,0.657,41,20,16,New York Knicks,NYK,112,True,0.449,0.229,0.889,55,19,14,211,13
2022,0022200408,2022-12-12,BOS @ LAC,Boston Celtics,BOS,93,False,0.434,0.231,0.692,36,27,15,LA Clippers,LAC,113,True,0.489,0.4,0.714,46,18,9,206,20
2022,0022200402,2022-12-12,MIA @ IND,Miami Heat,MIA,87,True,0.386,0.265,0.778,48,23,13,Indiana Pacers,IND,82,False,0.354,0.282,0.75,45,16,15,169,5
2022,0022200407,2022-12-12,MIN @ POR,Minnesota Timberwolves,MIN,112,False,0.495,0.37,0.526,37,25,10,Portland Trail Blazers,POR,133,True,0.539,0.457,0.762,54,32,18,245,21
2022,0022200403,2022-12-12,BKN @ WAS,Brooklyn Nets,BKN,112,True,0.494,0.296,0.889,41,25,11,Washington Wizards,WAS,100,False,0.468,0.355,0.682,44,21,19,212,12
2022,0022200404,2022-12-12,MEM vs. ATL,Atlanta Hawks,ATL,103,False,0.356,0.324,0.773,39,20,15,Memphis Grizzlies,MEM,128,True,0.602,0.406,0.833,49,36,22,231,25
2022,0022200405,2022-12-12,OKC @ DAL,Oklahoma City Thunder,OKC,114,False,0.477,0.323,0.952,42,21,13,Dallas Mavericks,DAL,121,True,0.419,0.407,0.84,50,24,14,235,7
2022,0022200406,2022-12-12,SAS vs. CLE,Cleveland Cavaliers,CLE,111,False,0.489,0.217,0.941,44,21,15,San Antonio Spurs,SAS,112,True,0.474,0.333,0.688,46,25,12,223,1
2022,0022200413,2022-12-13,BOS @ LAL,Boston Celtics,BOS,122,True,0.442,0.396,0.688,51,27,14,Los Angeles Lakers,LAL,118,False,0.473,0.276,0.733,49,23,11,240,4
2022,0022200412,2022-12-13,UTA vs. NOP,New Orleans Pelicans,NOP,100,False,0.398,0.148,0.667,43,25,17,Utah Jazz,UTA,121,True,0.476,0.319,0.667,59,31,19,221,21
2022,0022200411,2022-12-13,HOU vs. PHX,Phoenix Suns,PHX,97,False,0.32,0.255,0.947,44,22,9,Houston Rockets,HOU,111,True,0.42,0.343,0.912,67,16,22,208,14
2022,0022200409,2022-12-13,PHI vs. SAC,Sacramento Kings,SAC,103,False,0.413,0.238,0.85,48,21,17,Philadelphia 76ers,PHI,123,True,0.512,0.457,0.778,42,34,11,226,20
2022,0022200410,2022-12-13,GSW @ MIL,Golden State Warriors,GSW,111,False,0.4,0.4,0.789,37,25,18,Milwaukee Bucks,MIL,128,True,0.549,0.414,0.813,55,22,21,239,17
2022,0022200422,2022-12-14,DEN vs. WAS,Washington Wizards,WAS,128,False,0.527,0.487,0.565,24,40,13,Denver Nuggets,DEN,141,True,0.651,0.25,0.829,45,31,18,269,13
2022,0022200418,2022-12-14,CHI vs. NYK,New York Knicks,NYK,128,True,0.495,0.529,0.8,48,25,15,Chicago Bulls,CHI,120,False,0.548,0.321,0.864,31,25,12,248,8
2022,0022200415,2022-12-14,IND vs. GSW,Golden State Warriors,GSW,119,False,0.465,0.424,0.862,46,27,23,Indiana Pacers,IND,125,True,0.506,0.41,0.84,34,30,17,244,6
2022,0022200423,2022-12-14,LAC vs. MIN,Minnesota Timberwolves,MIN,88,False,0.419,0.182,0.733,43,15,17,LA Clippers,LAC,99,True,0.382,0.304,0.81,52,21,14,187,11
2022,0022200420,2022-12-14,SAS vs. POR,Portland Trail Blazers,POR,128,True,0.605,0.45,0.706,40,26,17,San Antonio Spurs,SAS,112,False,0.464,0.379,0.579,40,23,11,240,16
2022,0022200416,2022-12-14,ATL @ ORL,Atlanta Hawks,ATL,124,False,0.5,0.343,0.889,39,30,13,Orlando Magic,ORL,135,True,0.505,0.444,0.833,46,28,11,259,11
2022,0022200419,2022-12-14,OKC vs. MIA,Miami Heat,MIA,110,True,0.43,0.429,0.8,39,25,14,Oklahoma City Thunder,OKC,108,False,0.5,0.375,0.739,44,26,14,218,2
2022,0022200421,2022-12-14,DAL vs. CLE,Cleveland Cavaliers,CLE,105,True,0.526,0.333,0.789,43,26,6,Dallas Mavericks,DAL,90,False,0.392,0.342,0.731,33,17,12,195,15
2022,0022200414,2022-12-14,DET @ CHA,Detroit Pistons,DET,141,True,0.516,0.45,0.75,52,25,15,Charlotte Hornets,CHA,134,False,0.412,0.333,0.793,52,21,5,275,7
2022,0022200417,2022-12-14,SAC @ TOR,Sacramento Kings,SAC,124,True,0.484,0.37,0.85,50,29,15,Toronto Raptors,TOR,123,False,0.5,0.286,0.852,39,25,7,247,1
2022,0022200425,2022-12-15,MEM vs. MIL,Milwaukee Bucks,MIL,101,False,0.372,0.26,0.667,39,22,9,Memphis Grizzlies,MEM,142,True,0.549,0.375,0.783,56,30,7,243,41
2022,0022200426,2022-12-15,UTA vs. NOP,New Orleans Pelicans,NOP,129,False,0.475,0.4,0.821,49,24,16,Utah Jazz,UTA,132,True,0.457,0.383,0.811,44,24,16,261,3
2022,0022200427,2022-12-15,LAC vs. PHX,Phoenix Suns,PHX,111,True,0.463,0.281,0.778,53,27,8,LA Clippers,LAC,95,False,0.378,0.364,0.714,52,21,16,206,16
2022,0022200424,2022-12-15,HOU vs. MIA,Miami Heat,MIA,111,True,0.443,0.34,0.739,40,21,14,Houston Rockets,HOU,108,False,0.468,0.273,0.647,51,22,14,219,3
2022,0022200428,2022-12-16,CHA vs. ATL,Atlanta Hawks,ATL,125,True,0.547,0.517,0.824,41,25,12,Charlotte Hornets,CHA,106,False,0.398,0.349,0.684,43,26,12,231,19
2022,0022200430,2022-12-16,ORL @ BOS,Orlando Magic,ORL,117,True,0.462,0.273,0.857,53,19,17,Boston Celtics,BOS,109,False,0.417,0.239,0.824,38,17,14,226,8
2022,0022200437,2022-12-16,DEN @ LAL,Denver Nuggets,DEN,108,False,0.481,0.333,0.75,39,25,19,Los Angeles Lakers,LAL,126,True,0.527,0.364,0.75,45,29,14,234,18
2022,0022200434,2022-12-16,NYK @ CHI,New York Knicks,NYK,114,True,0.402,0.386,0.719,50,19,10,Chicago Bulls,CHI,91,False,0.468,0.4,0.875,39,26,20,205,23
2022,0022200429,2022-12-16,SAC @ DET,Sacramento Kings,SAC,122,True,0.524,0.387,0.828,33,30,13,Detroit Pistons,DET,113,False,0.459,0.345,0.806,46,22,16,235,9
2022,0022200436,2022-12-16,POR @ DAL,Portland Trail Blazers,POR,110,False,0.438,0.351,0.76,42,21,12,Dallas Mavericks,DAL,130,True,0.556,0.419,0.846,40,25,12,240,20
2022,0022200431,2022-12-16,CLE vs. IND,Indiana Pacers,IND,112,False,0.525,0.306,0.895,33,34,10,Cleveland Cavaliers,CLE,118,True,0.5,0.452,0.875,34,23,8,230,6
2022,0022200435,2022-12-16,OKC vs. MIN,Minnesota Timberwolves,MIN,112,True,0.494,0.48,0.56,43,23,16,Oklahoma City Thunder,OKC,110,False,0.466,0.297,0.81,45,29,22,222,2
2022,0022200432,2022-12-16,GSW @ PHI,Golden State Warriors,GSW,106,False,0.415,0.395,0.846,48,31,17,Philadelphia 76ers,PHI,118,True,0.459,0.395,0.806,49,23,15,224,12
2022,0022200433,2022-12-16,TOR vs. BKN,Brooklyn Nets,BKN,119,True,0.605,0.346,0.783,37,22,14,Toronto Raptors,TOR,116,False,0.488,0.375,0.862,32,17,8,235,3
2022,0022200443,2022-12-17,OKC vs. MEM,Memphis Grizzlies,MEM,109,False,0.378,0.267,0.784,53,15,9,Oklahoma City Thunder,OKC,115,True,0.413,0.422,0.645,53,29,9,224,6
2022,0022200444,2022-12-17,NOP @ PHX,New Orleans Pelicans,NOP,114,False,0.584,0.467,0.769,36,27,16,Phoenix Suns,PHX,118,True,0.47,0.366,0.714,35,23,8,232,4
2022,0022200441,2022-12-17,POR @ HOU,Portland Trail Blazers,POR,107,True,0.471,0.361,0.737,36,20,12,Houston Rockets,HOU,95,False,0.4,0.103,0.69,51,19,15,202,12
2022,0022200440,2022-12-17,CLE vs. DAL,Dallas Mavericks,DAL,99,False,0.409,0.306,0.632,45,19,11,Cleveland Cavaliers,CLE,100,True,0.426,0.194,0.591,51,23,10,199,1
2022,0022200439,2022-12-17,MIA @ SAS,Miami Heat,MIA,111,True,0.512,0.367,0.696,40,25,12,San Antonio Spurs,SAS,101,False,0.429,0.37,0.758,38,29,17,212,10
2022,0022200438,2022-12-17,LAC vs. WAS,Washington Wizards,WAS,93,False,0.429,0.36,0.923,42,20,14,LA Clippers,LAC,102,True,0.43,0.414,0.615,49,19,14,195,9
2022,0022200442,2022-12-17,MIL vs. UTA,Utah Jazz,UTA,97,False,0.453,0.34,0.5,29,24,14,Milwaukee Bucks,MIL,123,True,0.533,0.474,0.818,54,30,14,220,26
2022,0022200447,2022-12-18,DET vs. BKN,Brooklyn Nets,BKN,124,True,0.55,0.517,0.913,35,26,13,Detroit Pistons,DET,121,False,0.477,0.267,0.853,41,20,8,245,3
2022,0022200451,2022-12-18,LAL vs. WAS,Washington Wizards,WAS,117,False,0.463,0.256,0.792,48,24,10,Los Angeles Lakers,LAL,119,True,0.5,0.407,0.727,43,29,9,236,2
2022,0022200449,2022-12-18,MIN vs. CHI,Chicago Bulls,CHI,126,False,0.523,0.421,0.75,30,31,11,Minnesota Timberwolves,MIN,150,True,0.655,0.535,0.813,39,38,12,276,24
2022,0022200450,2022-12-18,CHA @ DEN,Charlotte Hornets,CHA,115,False,0.427,0.316,0.913,48,26,11,Denver Nuggets,DEN,119,True,0.457,0.333,0.647,55,33,14,234,4
2022,0022200448,2022-12-18,TOR vs. GSW,Golden State Warriors,GSW,126,True,0.531,0.462,0.846,41,31,17,Toronto Raptors,TOR,110,False,0.421,0.394,0.773,43,21,12,236,16
2022,0022200445,2022-12-18,BOS vs. ORL,Orlando Magic,ORL,95,True,0.384,0.414,0.895,46,20,13,Boston Celtics,BOS,92,False,0.348,0.255,0.857,54,22,16,187,3
2022,0022200446,2022-12-18,IND vs. NYK,New York Knicks,NYK,109,True,0.47,0.308,0.767,49,13,16,Indiana Pacers,IND,106,False,0.433,0.342,0.652,44,20,14,215,3
2022,0022200452,2022-12-19,CLE vs. UTA,Utah Jazz,UTA,99,False,0.387,0.294,0.739,35,19,14,Cleveland Cavaliers,CLE,122,True,0.614,0.577,0.808,45,24,21,221,23
2022,0022200454,2022-12-19,ORL @ ATL,Orlando Magic,ORL,125,False,0.474,0.353,0.92,45,29,8,Atlanta Hawks,ATL,126,True,0.511,0.375,0.9,41,29,10,251,1
2022,0022200459,2022-12-19,PHX vs. LAL,Los Angeles Lakers,LAL,104,False,0.448,0.429,0.824,38,13,14,Phoenix Suns,PHX,130,True,0.495,0.513,0.75,51,21,8,234,26
2022,0022200455,2022-12-19,SAS @ HOU,San Antonio Spurs,SAS,124,True,0.554,0.5,0.789,46,30,19,Houston Rockets,HOU,105,False,0.426,0.208,0.645,41,23,11,229,19
2022,0022200458,2022-12-19,POR @ OKC,Portland Trail Blazers,POR,121,False,0.5,0.432,0.81,45,26,16,Oklahoma City Thunder,OKC,123,True,0.455,0.355,0.865,39,20,10,244,2
2022,0022200460,2022-12-19,CHA @ SAC,Charlotte Hornets,CHA,125,True,0.516,0.323,0.739,56,26,14,Sacramento Kings,SAC,119,False,0.474,0.364,0.548,42,23,8,244,6
2022,0022200453,2022-12-19,TOR @ PHI,Toronto Raptors,TOR,101,False,0.42,0.275,0.8,50,24,15,Philadelphia 76ers,PHI,104,True,0.4,0.357,0.926,41,22,16,205,3
2022,0022200456,2022-12-19,MIN vs. DAL,Dallas Mavericks,DAL,106,False,0.408,0.422,0.806,42,23,15,Minnesota Timberwolves,MIN,116,True,0.472,0.387,0.833,44,19,10,222,10
2022,0022200457,2022-12-19,MIL @ NOP,Milwaukee Bucks,MIL,128,True,0.556,0.325,0.806,44,26,17,New Orleans Pelicans,NOP,119,False,0.424,0.4,0.708,44,30,15,247,9
2022,0022200463,2022-12-20,GSW @ NYK,Golden State Warriors,GSW,94,False,0.473,0.343,0.923,29,23,19,New York Knicks,NYK,132,True,0.517,0.425,0.781,47,27,11,226,38
2022,0022200462,2022-12-20,CHI @ MIA,Chicago Bulls,CHI,113,True,0.548,0.419,0.833,39,24,16,Miami Heat,MIA,103,False,0.469,0.341,0.706,35,26,13,216,10
2022,0022200465,2022-12-20,MEM @ DEN,Memphis Grizzlies,MEM,91,False,0.444,0.192,0.667,42,25,16,Denver Nuggets,DEN,105,True,0.449,0.37,0.6,48,28,17,196,14
2022,0022200461,2022-12-20,DET vs. UTA,Utah Jazz,UTA,126,True,0.505,0.435,0.632,43,27,12,Detroit Pistons,DET,111,False,0.506,0.36,0.741,43,22,14,237,15
2022,0022200464,2022-12-20,WAS @ PHX,Washington Wizards,WAS,113,True,0.475,0.407,0.703,41,22,9,Phoenix Suns,PHX,110,False,0.461,0.406,0.789,44,26,14,223,3
2022,0022200470,2022-12-21,GSW @ BKN,Golden State Warriors,GSW,113,False,0.494,0.364,0.76,36,32,21,Brooklyn Nets,BKN,143,True,0.643,0.636,0.875,32,42,14,256,30
2022,0022200475,2022-12-21,LAL @ SAC,Los Angeles Lakers,LAL,120,False,0.5,0.458,0.833,39,25,15,Sacramento Kings,SAC,134,True,0.505,0.362,0.75,46,29,12,254,14
2022,0022200474,2022-12-21,POR @ OKC,Portland Trail Blazers,POR,98,False,0.494,0.389,0.667,36,29,18,Oklahoma City Thunder,OKC,101,True,0.468,0.333,0.84,37,19,18,199,3
2022,0022200472,2022-12-21,ORL @ HOU,Orlando Magic,ORL,116,True,0.451,0.297,0.697,45,19,11,Houston Rockets,HOU,110,False,0.466,0.395,0.647,49,22,16,226,6
2022,0022200476,2022-12-21,CHA @ LAC,Charlotte Hornets,CHA,105,False,0.402,0.29,0.759,40,25,14,LA Clippers,LAC,126,True,0.506,0.469,0.913,48,29,27,231,21
2022,0022200467,2022-12-21,PHI vs. DET,Detroit Pistons,DET,93,False,0.392,0.261,0.735,46,15,22,Philadelphia 76ers,PHI,113,True,0.441,0.297,0.909,49,27,12,206,20
2022,0022200469,2022-12-21,BOS vs. IND,Indiana Pacers,IND,117,True,0.469,0.462,0.778,47,27,14,Boston Celtics,BOS,112,False,0.386,0.317,0.84,62,26,16,229,5
2022,0022200468,2022-12-21,CHI @ ATL,Chicago Bulls,CHI,110,True,0.5,0.292,0.773,47,20,11,Atlanta Hawks,ATL,108,False,0.429,0.378,1.0,47,22,15,218,2
2022,0022200471,2022-12-21,TOR @ NYK,Toronto Raptors,TOR,113,True,0.447,0.265,0.909,38,17,4,New York Knicks,NYK,106,False,0.553,0.423,0.611,38,25,16,219,7
2022,0022200473,2022-12-21,DAL @ MIN,Dallas Mavericks,DAL,104,True,0.453,0.333,0.852,39,17,13,Minnesota Timberwolves,MIN,99,False,0.494,0.267,0.7,39,23,13,203,5
2022,0022200466,2022-12-21,CLE vs. MIL,Milwaukee Bucks,MIL,106,False,0.47,0.433,0.682,46,20,19,Cleveland Cavaliers,CLE,114,True,0.482,0.313,0.786,37,22,10,220,8
2022,0022200478,2022-12-22,UTA vs. WAS,Washington Wizards,WAS,112,False,0.561,0.333,0.765,37,20,10,Utah Jazz,UTA,120,True,0.488,0.457,0.952,40,16,11,232,8
2022,0022200477,2022-12-22,SAS @ NOP,San Antonio Spurs,SAS,117,False,0.478,0.321,0.815,44,23,17,New Orleans Pelicans,NOP,126,True,0.484,0.382,0.926,46,25,17,243,9
2022,0022200492,2022-12-23,LAL vs. CHA,Charlotte Hornets,CHA,134,True,0.553,0.39,0.778,41,30,16,Los Angeles Lakers,LAL,130,False,0.522,0.432,0.682,42,27,17,264,4
2022,0022200483,2022-12-23,MIL @ BKN,Milwaukee Bucks,MIL,100,False,0.44,0.243,0.773,45,17,18,Brooklyn Nets,BKN,118,True,0.495,0.438,0.923,45,30,10,218,18
2022,0022200484,2022-12-23,CLE vs. TOR,Toronto Raptors,TOR,118,True,0.5,0.514,0.833,45,25,18,Cleveland Cavaliers,CLE,107,False,0.513,0.333,0.6,35,27,14,225,11
2022,0022200479,2022-12-23,SAS @ ORL,San Antonio Spurs,SAS,113,False,0.454,0.316,0.722,38,28,13,Orlando Magic,ORL,133,True,0.575,0.531,0.8,44,30,17,246,20
2022,0022200487,2022-12-23,HOU vs. DAL,Dallas Mavericks,DAL,112,True,0.45,0.364,0.889,34,20,14,Houston Rockets,HOU,106,False,0.457,0.308,0.857,45,26,14,218,6
2022,0022200489,2022-12-23,DEN vs. POR,Portland Trail Blazers,POR,107,False,0.448,0.257,0.769,43,24,13,Denver Nuggets,DEN,120,True,0.58,0.476,0.615,38,31,10,227,13
2022,0022200482,2022-12-23,BOS vs. MIN,Minnesota Timberwolves,MIN,109,False,0.484,0.313,0.733,45,25,16,Boston Celtics,BOS,121,True,0.44,0.283,0.769,53,28,11,230,12
2022,0022200480,2022-12-23,LAC @ PHI,LA Clippers,LAC,114,False,0.506,0.368,0.783,33,25,11,Philadelphia 76ers,PHI,119,True,0.534,0.414,0.929,39,31,9,233,5
2022,0022200481,2022-12-23,ATL vs. DET,Detroit Pistons,DET,105,False,0.411,0.273,0.759,43,17,14,Atlanta Hawks,ATL,130,True,0.533,0.353,0.833,48,30,8,235,25
2022,0022200486,2022-12-23,IND @ MIA,Indiana Pacers,IND,111,True,0.482,0.447,0.714,43,26,16,Miami Heat,MIA,108,False,0.432,0.394,0.929,38,23,10,219,3
2022,0022200490,2022-12-23,MEM @ PHX,Memphis Grizzlies,MEM,125,True,0.495,0.304,0.737,53,30,10,Phoenix Suns,PHX,100,False,0.437,0.257,0.577,35,23,14,225,25
2022,0022200491,2022-12-23,WAS @ SAC,Washington Wizards,WAS,125,True,0.557,0.313,0.708,40,30,9,Sacramento Kings,SAC,111,False,0.44,0.313,0.771,47,19,13,236,14
2022,0022200485,2022-12-23,NYK vs. CHI,Chicago Bulls,CHI,118,True,0.484,0.452,0.778,41,24,4,New York Knicks,NYK,117,False,0.5,0.457,0.577,47,23,10,235,1
2022,0022200488,2022-12-23,NOP @ OKC,New Orleans Pelicans,NOP,128,True,0.436,0.351,0.825,55,30,21,Oklahoma City Thunder,OKC,125,False,0.461,0.371,0.72,47,27,18,253,3
2022,0022200496,2022-12-25,GSW vs. MEM,Memphis Grizzlies,MEM,109,False,0.415,0.231,0.733,44,19,13,Golden State Warriors,GSW,123,True,0.473,0.409,0.731,51,31,10,232,14
2022,0022200494,2022-12-25,DAL vs. LAL,Los Angeles Lakers,LAL,115,False,0.488,0.321,0.875,35,18,8,Dallas Mavericks,DAL,124,True,0.524,0.409,0.72,38,31,11,239,9
2022,0022200493,2022-12-25,NYK vs. PHI,Philadelphia 76ers,PHI,119,True,0.506,0.462,0.793,32,22,6,New York Knicks,NYK,112,False,0.478,0.375,0.824,46,30,8,231,7
2022,0022200497,2022-12-25,PHX @ DEN,Phoenix Suns,PHX,125,False,0.479,0.486,0.692,46,32,13,Denver Nuggets,DEN,128,True,0.479,0.361,0.735,48,29,12,253,3
2022,0022200495,2022-12-25,BOS vs. MIL,Milwaukee Bucks,MIL,118,False,0.5,0.361,0.778,39,22,15,Boston Celtics,BOS,139,True,0.588,0.487,0.8,35,29,11,257,21
2022,0022200501,2022-12-26,CHI vs. HOU,Houston Rockets,HOU,133,True,0.556,0.386,0.727,45,28,12,Chicago Bulls,CHI,118,False,0.489,0.371,0.714,35,27,8,251,15
2022,0022200502,2022-12-26,IND @ NOP,Indiana Pacers,IND,93,False,0.422,0.257,0.7,36,23,13,New Orleans Pelicans,NOP,113,True,0.456,0.3,0.792,54,30,14,206,20
2022,0022200504,2022-12-26,CHA @ POR,Charlotte Hornets,CHA,113,False,0.398,0.333,0.76,45,25,12,Portland Trail Blazers,POR,124,True,0.5,0.368,0.857,50,28,15,237,11
2022,0022200498,2022-12-26,BKN @ CLE,Brooklyn Nets,BKN,125,True,0.573,0.6,0.765,38,27,15,Cleveland Cavaliers,CLE,117,False,0.476,0.361,0.867,33,21,12,242,8
2022,0022200500,2022-12-26,MIN @ MIA,Minnesota Timberwolves,MIN,110,False,0.544,0.441,0.643,44,31,22,Miami Heat,MIA,113,True,0.461,0.265,0.75,40,27,9,223,3
2022,0022200503,2022-12-26,UTA @ SAS,Utah Jazz,UTA,122,False,0.402,0.302,0.838,45,20,12,San Antonio Spurs,SAS,126,True,0.552,0.333,0.706,41,27,14,248,4
2022,0022200499,2022-12-26,LAC @ DET,LA Clippers,LAC,142,True,0.538,0.432,0.862,48,25,19,Detroit Pistons,DET,131,False,0.44,0.471,0.794,45,32,17,273,11
2022,2022200004,2022-12-27,RGV @ DEL,Rio Grande Valley Vipers,RGV,138,True,0.495,0.412,0.786,50,28,14,Delaware Blue Coats,DEL,99,False,0.468,0.103,0.632,39,17,22,237,39
2022,0022200510,2022-12-27,PHX @ MEM,Phoenix Suns,PHX,125,True,0.494,0.548,0.88,47,26,19,Memphis Grizzlies,MEM,108,False,0.396,0.267,0.824,40,18,14,233,17
2022,0022200506,2022-12-27,PHI @ WAS,Philadelphia 76ers,PHI,111,False,0.464,0.194,0.871,39,21,15,Washington Wizards,WAS,116,True,0.459,0.333,0.871,39,18,15,227,5
2022,2022200006,2022-12-27,GBO @ LIN,Greensboro Swarm,GBO,108,False,0.415,0.341,0.867,36,21,12,Long Island Nets,LIN,113,True,0.478,0.324,0.889,50,23,13,221,5
2022,0022200512,2022-12-27,DAL vs. NYK,New York Knicks,NYK,121,False,0.437,0.32,0.625,55,27,9,Dallas Mavericks,DAL,126,True,0.489,0.283,0.758,47,20,9,247,5
2022,0022200505,2022-12-27,LAL @ ORL,Los Angeles Lakers,LAL,129,True,0.544,0.395,0.824,46,32,13,Orlando Magic,ORL,110,False,0.5,0.357,0.64,37,25,11,239,19
2022,2022200001,2022-12-27,FWN vs. MNE,Maine Celtics,MNE,126,True,0.505,0.381,1.0,53,31,20,Fort Wayne Mad Ants,FWN,113,False,0.457,0.386,1.0,38,27,18,239,13
2022,0022200509,2022-12-27,LAC @ TOR,LA Clippers,LAC,124,True,0.484,0.395,0.826,47,27,9,Toronto Raptors,TOR,113,False,0.512,0.261,0.808,39,24,12,237,11
2022,0022200513,2022-12-27,CHA @ GSW,Charlotte Hornets,CHA,105,False,0.413,0.263,0.76,47,22,12,Golden State Warriors,GSW,110,True,0.432,0.216,0.833,49,31,14,215,5
2022,2022200007,2022-12-27,GLI vs. ONT,Ontario Clippers,ONT,108,False,0.446,0.278,0.714,39,19,15,G League Ignite,GLI,114,True,0.494,0.261,0.917,48,26,16,222,6
2022,0022200508,2022-12-27,ATL @ IND,Atlanta Hawks,ATL,114,False,0.449,0.4,0.759,42,26,9,Indiana Pacers,IND,129,True,0.511,0.371,0.815,49,28,10,243,15
2022,0022200511,2022-12-27,SAS @ OKC,San Antonio Spurs,SAS,114,False,0.465,0.345,0.857,41,20,14,Oklahoma City Thunder,OKC,130,True,0.535,0.542,0.806,45,25,12,244,16
2022,2022200002,2022-12-27,OKL vs. SXF,Sioux Falls Skyforce,SXF,108,False,0.414,0.372,0.688,46,27,16,Oklahoma City Blue,OKL,112,True,0.444,0.258,0.75,53,29,13,220,4
2022,0022200514,2022-12-27,SAC vs. DEN,Denver Nuggets,DEN,113,True,0.477,0.351,0.857,40,34,13,Sacramento Kings,SAC,106,False,0.488,0.286,0.842,39,20,16,219,7
2022,2022200003,2022-12-27,CCG vs. MCC,Motor City Cruise,MCC,108,False,0.449,0.304,0.833,39,29,18,Capital City Go-Go,CCG,115,True,0.543,0.368,0.8,39,27,21,223,7
2022,0022200507,2022-12-27,HOU @ BOS,Houston Rockets,HOU,102,False,0.4,0.311,0.857,49,24,13,Boston Celtics,BOS,126,True,0.473,0.357,0.87,49,32,10,228,24
2022,0022200516,2022-12-28,WAS vs. PHX,Phoenix Suns,PHX,102,False,0.448,0.419,0.688,30,25,11,Washington Wizards,WAS,127,True,0.573,0.308,0.893,46,27,12,229,25
2022,0022200519,2022-12-28,CHI vs. MIL,Milwaukee Bucks,MIL,113,False,0.373,0.205,0.688,61,18,14,Chicago Bulls,CHI,119,True,0.457,0.391,0.867,52,21,13,232,6
2022,0022200522,2022-12-28,DEN @ SAC,Denver Nuggets,DEN,126,False,0.576,0.444,0.889,34,31,16,Sacramento Kings,SAC,127,True,0.528,0.452,0.76,34,32,12,253,1
2022,2022200009,2022-12-28,SLC @ MXC,Salt Lake City Stars,SLC,103,False,0.396,0.262,0.7,56,18,15,Mexico City Capitanes,MXC,111,True,0.409,0.333,0.864,49,23,11,214,8
2022,0022200521,2022-12-28,GSW vs. UTA,Utah Jazz,UTA,107,False,0.407,0.326,0.692,50,26,12,Golden State Warriors,GSW,112,True,0.425,0.356,0.815,51,22,12,219,5
2022,2022200008,2022-12-28,CLC vs. GRG,Grand Rapids Gold,GRG,108,True,0.529,0.316,0.692,47,23,16,Cleveland Charge,CLC,104,False,0.393,0.366,0.867,43,22,16,212,4
2022,0022200520,2022-12-28,MIN @ NOP,Minnesota Timberwolves,MIN,118,False,0.506,0.345,0.75,35,18,11,New Orleans Pelicans,NOP,119,True,0.481,0.478,0.698,43,22,13,237,1
2022,0022200518,2022-12-28,MIA vs. LAL,Los Angeles Lakers,LAL,98,False,0.481,0.361,0.733,44,25,24,Miami Heat,MIA,112,True,0.478,0.314,0.813,37,20,5,210,14
2022,0022200515,2022-12-28,ORL @ DET,Orlando Magic,ORL,101,False,0.412,0.227,0.765,47,24,13,Detroit Pistons,DET,121,True,0.45,0.429,0.775,49,25,13,222,20
2022,0022200517,2022-12-28,BKN @ ATL,Brooklyn Nets,BKN,108,True,0.506,0.385,0.824,47,22,12,Atlanta Hawks,ATL,107,False,0.433,0.364,0.682,47,22,3,215,1
2022,0022200527,2022-12-29,SAS vs. NYK,New York Knicks,NYK,115,False,0.422,0.366,0.774,38,20,12,San Antonio Spurs,SAS,122,True,0.511,0.393,0.724,48,25,11,237,7
2022,2022200014,2022-12-29,TEX @ BHM,Texas Legends,TEX,101,False,0.438,0.286,0.688,33,17,20,Birmingham Squadron,BHM,134,True,0.616,0.536,0.889,43,27,16,235,33
2022,2022200018,2022-12-29,GLI vs. ONT,Ontario Clippers,ONT,111,True,0.468,0.375,0.773,45,24,16,G League Ignite,GLI,96,False,0.404,0.259,0.611,41,25,14,207,15
2022,2022200011,2022-12-29,CCG vs. MCC,Motor City Cruise,MCC,105,False,0.488,0.294,0.8,43,23,19,Capital City Go-Go,CCG,107,True,0.519,0.391,0.579,39,25,12,212,2
2022,0022200526,2022-12-29,TOR vs. MEM,Memphis Grizzlies,MEM,119,True,0.505,0.448,0.714,53,37,15,Toronto Raptors,TOR,106,False,0.406,0.357,0.75,47,21,8,225,13
2022,2022200010,2022-12-29,WCB @ FWN,Windy City Bulls,WCB,121,False,0.455,0.342,0.75,47,22,13,Fort Wayne Mad Ants,FWN,131,True,0.576,0.357,0.75,39,35,14,252,10
2022,2022200016,2022-12-29,MHU vs. SBL,South Bay Lakers,SBL,103,False,0.451,0.294,0.667,42,24,15,Memphis Hustle,MHU,122,True,0.489,0.314,0.737,48,27,9,225,19
2022,0022200524,2022-12-29,IND vs. CLE,Cleveland Cavaliers,CLE,126,False,0.521,0.429,0.7,44,29,10,Indiana Pacers,IND,135,True,0.565,0.613,0.952,32,28,8,261,9
2022,0022200525,2022-12-29,BOS vs. LAC,LA Clippers,LAC,110,False,0.483,0.385,0.643,41,26,12,Boston Celtics,BOS,116,True,0.484,0.282,0.773,49,22,11,226,6
2022,2022200015,2022-12-29,IWA vs. RAP,Raptors 905,RAP,127,True,0.5,0.308,0.875,53,30,16,Iowa Wolves,IWA,118,False,0.419,0.289,0.759,40,20,14,245,9
2022,0022200528,2022-12-29,HOU @ DAL,Houston Rockets,HOU,114,False,0.442,0.353,0.703,48,21,12,Dallas Mavericks,DAL,129,True,0.516,0.4,0.68,44,30,8,243,15
2022,2022200019,2022-12-29,SCW vs. STO,Stockton Kings,STO,121,True,0.453,0.303,0.875,38,18,8,Santa Cruz Warriors,SCW,112,False,0.467,0.333,0.818,54,22,22,233,9
2022,0022200523,2022-12-29,CHA vs. OKC,Oklahoma City Thunder,OKC,113,False,0.424,0.306,0.857,41,15,12,Charlotte Hornets,CHA,121,True,0.548,0.313,0.655,52,33,17,234,8
2022,2022200013,2022-12-29,GBO @ LIN,Greensboro Swarm,GBO,95,False,0.423,0.306,0.857,34,19,28,Long Island Nets,LIN,122,True,0.522,0.316,0.625,45,34,23,217,27
2022,2022200017,2022-12-29,OKL @ AUS,Oklahoma City Blue,OKL,105,False,0.482,0.324,0.636,41,20,18,Austin Spurs,AUS,108,True,0.419,0.273,0.733,53,11,17,213,3
2022,0022200530,2022-12-30,LAL @ ATL,Los Angeles Lakers,LAL,130,True,0.542,0.313,0.889,55,34,16,Atlanta Hawks,ATL,121,False,0.475,0.289,0.7,41,22,10,251,9
2022,2022200023,2022-12-30,MXC vs. SLC,Salt Lake City Stars,SLC,109,False,0.451,0.333,0.909,37,22,23,Mexico City Capitanes,MXC,136,True,0.57,0.457,0.818,44,29,18,245,27
2022,0022200531,2022-12-30,TOR vs. PHX,Phoenix Suns,PHX,104,False,0.493,0.467,0.87,42,26,25,Toronto Raptors,TOR,113,True,0.494,0.333,0.846,31,20,12,217,9
2022,0022200537,2022-12-30,SAC vs. UTA,Utah Jazz,UTA,125,False,0.548,0.25,0.833,37,30,13,Sacramento Kings,SAC,126,True,0.556,0.4,0.737,38,32,15,251,1
2022,2022200021,2022-12-30,DEL vs. LIN,Long Island Nets,LIN,108,False,0.43,0.381,0.8,58,30,19,Delaware Blue Coats,DEL,111,True,0.404,0.333,0.643,61,26,15,219,3
2022,0022200529,2022-12-30,WAS @ ORL,Washington Wizards,WAS,119,True,0.56,0.429,0.8,53,33,26,Orlando Magic,ORL,100,False,0.42,0.185,0.688,35,24,11,219,19
2022,2022200020,2022-12-30,RGV @ MNE,Rio Grande Valley Vipers,RGV,98,False,0.351,0.244,0.737,44,23,17,Maine Celtics,MNE,118,True,0.433,0.324,0.643,71,30,25,216,20
2022,0022200533,2022-12-30,MIN @ MIL,Minnesota Timberwolves,MIN,114,False,0.435,0.267,0.765,36,18,8,Milwaukee Bucks,MIL,123,True,0.462,0.359,0.697,68,25,21,237,9
2022,0022200536,2022-12-30,GSW vs. POR,Portland Trail Blazers,POR,112,False,0.462,0.308,0.696,49,22,14,Golden State Warriors,GSW,118,True,0.462,0.395,0.81,46,29,12,230,6
2022,2022200024,2022-12-30,MHU vs. SBL,South Bay Lakers,SBL,117,False,0.518,0.419,0.769,43,23,23,Memphis Hustle,MHU,118,True,0.442,0.29,0.857,44,20,20,235,1
2022,0022200532,2022-12-30,CHI vs. DET,Detroit Pistons,DET,118,False,0.477,0.436,0.792,35,28,14,Chicago Bulls,CHI,132,True,0.576,0.444,0.933,38,21,13,250,14
2022,2022200022,2022-12-30,TEX @ BHM,Texas Legends,TEX,104,True,0.506,0.314,0.667,44,20,16,Birmingham Squadron,BHM,94,False,0.396,0.189,0.75,46,21,15,198,10
2022,0022200534,2022-12-30,PHI @ NOP,Philadelphia 76ers,PHI,116,False,0.56,0.412,0.818,29,28,18,New Orleans Pelicans,NOP,127,True,0.538,0.484,0.722,36,19,12,243,11
2022,2022200025,2022-12-30,SCW vs. STO,Stockton Kings,STO,113,True,0.464,0.317,0.727,38,24,14,Santa Cruz Warriors,SCW,112,False,0.493,0.375,0.773,46,27,20,225,1
2022,0022200535,2022-12-30,DEN vs. MIA,Miami Heat,MIA,119,False,0.448,0.4,0.9,36,21,14,Denver Nuggets,DEN,124,True,0.592,0.607,0.773,36,34,20,243,5
2022,2022200028,2022-12-31,RAP @ IWA,Raptors 905,RAP,124,False,0.429,0.356,0.786,49,28,13,Iowa Wolves,IWA,128,True,0.489,0.429,0.85,45,32,16,252,4
2022,0022200542,2022-12-31,DAL @ SAS,Dallas Mavericks,DAL,126,True,0.581,0.412,0.571,26,21,5,San Antonio Spurs,SAS,125,False,0.553,0.421,0.719,48,28,13,251,1
2022,0022200543,2022-12-31,NOP @ MEM,New Orleans Pelicans,NOP,101,False,0.352,0.267,0.806,46,16,19,Memphis Grizzlies,MEM,116,True,0.511,0.172,0.773,52,26,17,217,15
2022,0022200540,2022-12-31,CLE @ CHI,Cleveland Cavaliers,CLE,103,True,0.459,0.342,0.632,50,20,20,Chicago Bulls,CHI,102,False,0.481,0.333,0.708,40,14,15,205,1
2022,2022200027,2022-12-31,MNE vs. RGV,Rio Grande Valley Vipers,RGV,132,False,0.506,0.378,0.731,32,18,15,Maine Celtics,MNE,136,True,0.57,0.486,1.0,42,26,20,268,4
2022,2022200032,2022-12-31,GRG @ WIS,Grand Rapids Gold,GRG,91,False,0.413,0.208,0.545,54,24,12,Wisconsin Herd,WIS,93,True,0.374,0.261,0.625,55,22,9,184,2
2022,0022200541,2022-12-31,NYK @ HOU,New York Knicks,NYK,108,True,0.389,0.294,0.719,46,20,10,Houston Rockets,HOU,88,False,0.377,0.304,0.696,52,20,24,196,20
2022,0022200544,2022-12-31,DET @ MIN,Detroit Pistons,DET,116,True,0.483,0.37,0.714,52,21,14,Minnesota Timberwolves,MIN,104,False,0.434,0.294,0.846,39,17,15,220,12
2022,2022200026,2022-12-31,CCG @ GBO,Capital City Go-Go,CCG,131,True,0.516,0.357,0.696,45,32,17,Greensboro Swarm,GBO,124,False,0.488,0.406,0.81,42,25,21,255,7
2022,0022200538,2022-12-31,IND vs. LAC,LA Clippers,LAC,130,False,0.538,0.471,0.966,39,23,15,Indiana Pacers,IND,131,True,0.523,0.368,0.862,36,28,11,261,1
2022,2022200031,2022-12-31,ONT @ SXF,Ontario Clippers,ONT,99,True,0.411,0.364,0.8,62,19,17,Sioux Falls Skyforce,SXF,95,False,0.429,0.216,0.6,40,19,10,194,4
2022,0022200545,2022-12-31,OKC vs. PHI,Philadelphia 76ers,PHI,115,True,0.465,0.324,0.706,56,29,13,Oklahoma City Thunder,OKC,96,False,0.38,0.333,0.636,50,16,16,211,19
2022,2022200030,2022-12-31,OSC @ CPS,Osceola Magic,OSC,96,False,0.33,0.225,0.684,44,18,10,College Park Skyhawks,CPS,124,True,0.6,0.455,0.7,55,29,18,220,28
2022,0022200546,2022-12-31,MIA @ UTA,Miami Heat,MIA,126,True,0.506,0.333,0.767,37,32,12,Utah Jazz,UTA,123,False,0.432,0.425,0.818,49,23,16,249,3
2022,2022200029,2022-12-31,MCC vs. WCB,Windy City Bulls,WCB,108,False,0.512,0.167,0.667,32,10,10,Motor City Cruise,MCC,122,True,0.571,0.36,0.75,43,22,18,230,14
2022,0022200539,2022-12-31,BKN @ CHA,Brooklyn Nets,BKN,123,True,0.6,0.382,0.737,42,26,14,Charlotte Hornets,CHA,106,False,0.396,0.268,0.905,45,28,12,229,17
2022,2022200033,2023-01-01,TEX @ IWA,Texas Legends,TEX,138,True,0.516,0.415,0.882,43,26,15,Iowa Wolves,IWA,126,False,0.436,0.286,0.889,51,29,14,264,12
2022,0022200547,2023-01-01,SAC @ MEM,Sacramento Kings,SAC,108,False,0.406,0.349,1.0,47,24,15,Memphis Grizzlies,MEM,118,True,0.46,0.313,0.667,57,25,11,226,10
2022,2022200036,2023-01-01,AUS vs. STO,Stockton Kings,STO,108,True,0.545,0.48,0.7,39,20,15,Austin Spurs,AUS,94,False,0.526,0.211,0.429,39,8,20,202,14
2022,0022200549,2023-01-01,DEN vs. BOS,Boston Celtics,BOS,111,False,0.46,0.273,0.815,41,30,13,Denver Nuggets,DEN,123,True,0.57,0.567,0.889,35,31,14,234,12
2022,2022200034,2023-01-01,GLI @ BHM,G League Ignite,GLI,126,True,0.577,0.545,0.818,28,33,18,Birmingham Squadron,BHM,124,False,0.533,0.467,0.857,34,18,16,250,2
2022,2022200035,2023-01-01,SXF vs. ONT,Ontario Clippers,ONT,110,False,0.527,0.406,0.688,42,19,18,Sioux Falls Skyforce,SXF,123,True,0.485,0.35,0.563,44,25,8,233,13
2022,0022200548,2023-01-01,MIL vs. WAS,Washington Wizards,WAS,118,True,0.532,0.259,0.688,54,29,17,Milwaukee Bucks,MIL,95,False,0.354,0.265,0.933,44,22,16,213,23
2022,0022200557,2023-01-02,MIN vs. DEN,Denver Nuggets,DEN,111,False,0.462,0.379,0.8,45,27,14,Minnesota Timberwolves,MIN,124,True,0.517,0.361,0.778,41,29,11,235,13
2022,2022200038,2023-01-02,GRG vs. DEL,Delaware Blue Coats,DEL,125,True,0.479,0.4,0.909,48,29,12,Grand Rapids Gold,GRG,107,False,0.462,0.16,0.625,47,28,13,232,18
2022,0022200550,2023-01-02,NYK vs. PHX,Phoenix Suns,PHX,83,False,0.391,0.27,0.714,36,22,8,New York Knicks,NYK,102,True,0.486,0.394,0.68,45,26,7,185,19
2022,0022200551,2023-01-02,CHA vs. LAL,Los Angeles Lakers,LAL,121,True,0.484,0.333,0.7,53,26,14,Charlotte Hornets,CHA,115,False,0.452,0.344,0.69,47,24,14,236,6
2022,2022200039,2023-01-02,LIN vs. RAP,Raptors 905,RAP,102,False,0.439,0.281,0.632,52,21,26,Long Island Nets,LIN,110,True,0.447,0.189,0.857,41,30,12,212,8
2022,2022200040,2023-01-02,WES vs. CLC,Cleveland Charge,CLC,115,True,0.494,0.441,0.846,55,25,23,Westchester Knicks,WES,103,False,0.436,0.244,0.538,41,19,13,218,12
2022,0022200560,2023-01-02,MIA @ LAC,Miami Heat,MIA,110,True,0.459,0.333,0.833,48,22,11,LA Clippers,LAC,100,False,0.433,0.414,0.882,34,19,15,210,10
2022,0022200559,2023-01-02,POR vs. DET,Detroit Pistons,DET,106,False,0.415,0.333,0.78,45,16,21,Portland Trail Blazers,POR,135,True,0.571,0.452,0.714,44,29,18,241,29
2022,0022200556,2023-01-02,DAL @ HOU,Dallas Mavericks,DAL,111,True,0.42,0.302,0.882,41,19,8,Houston Rockets,HOU,106,False,0.463,0.31,0.724,46,21,10,217,5
2022,0022200553,2023-01-02,TOR @ IND,Toronto Raptors,TOR,114,False,0.451,0.333,0.783,36,26,11,Indiana Pacers,IND,122,True,0.484,0.37,0.846,50,24,12,236,8
2022,0022200552,2023-01-02,CLE vs. CHI,Chicago Bulls,CHI,134,False,0.495,0.303,0.882,42,22,7,Cleveland Cavaliers,CLE,145,True,0.522,0.348,0.733,47,27,10,279,11
2022,2022200037,2023-01-02,CPS vs. OSC,Osceola Magic,OSC,131,True,0.547,0.436,0.857,48,30,11,College Park Skyhawks,CPS,116,False,0.478,0.382,0.667,37,24,10,247,15
2022,0022200558,2023-01-02,GSW vs. ATL,Atlanta Hawks,ATL,141,False,0.486,0.314,0.828,53,30,13,Golden State Warriors,GSW,143,True,0.446,0.322,0.667,69,34,19,284,2
2022,0022200554,2023-01-02,PHI vs. NOP,New Orleans Pelicans,NOP,111,False,0.5,0.379,0.8,49,26,17,Philadelphia 76ers,PHI,120,True,0.477,0.429,0.821,35,26,9,231,9
2022,0022200555,2023-01-02,SAS @ BKN,San Antonio Spurs,SAS,103,False,0.433,0.258,0.611,43,26,18,Brooklyn Nets,BKN,139,True,0.624,0.55,0.8,45,31,12,242,36
2022,0022200561,2023-01-03,MIL vs. WAS,Washington Wizards,WAS,113,False,0.433,0.296,0.913,46,27,10,Milwaukee Bucks,MIL,123,True,0.48,0.275,0.941,49,27,12,236,10
2022,2022200043,2023-01-03,CLC @ WES,Cleveland Charge,CLC,99,True,0.474,0.364,0.833,36,26,16,Westchester Knicks,WES,97,False,0.442,0.379,0.563,47,15,21,196,2
2022,2022200045,2023-01-03,BHM vs. GLI,G League Ignite,GLI,119,True,0.544,0.286,0.737,44,25,20,Birmingham Squadron,BHM,116,False,0.469,0.371,0.714,32,24,14,235,3
2022,2022200041,2023-01-03,OKL vs. RGV,Rio Grande Valley Vipers,RGV,117,False,0.44,0.28,0.786,43,27,15,Oklahoma City Blue,OKL,122,True,0.568,0.419,0.636,43,30,22,239,5
2022,0022200562,2023-01-03,OKC vs. BOS,Boston Celtics,BOS,117,False,0.455,0.3,0.806,38,29,17,Oklahoma City Thunder,OKC,150,True,0.592,0.5,0.636,44,31,13,267,33
2022,2022200042,2023-01-03,GRG vs. DEL,Delaware Blue Coats,DEL,113,False,0.444,0.343,0.636,46,27,12,Grand Rapids Gold,GRG,119,True,0.49,0.313,0.692,54,29,14,232,6
2022,0022200563,2023-01-03,UTA vs. SAC,Sacramento Kings,SAC,117,True,0.535,0.281,0.889,40,23,17,Utah Jazz,UTA,115,False,0.432,0.295,0.897,44,21,16,232,2
2022,2022200046,2023-01-03,MXC @ MHU,Mexico City Capitanes,MXC,113,False,0.454,0.326,0.545,37,22,16,Memphis Hustle,MHU,128,True,0.567,0.333,1.0,45,25,16,241,15
2022,0022200569,2023-01-04,MIL @ TOR,Milwaukee Bucks,MIL,104,True,0.398,0.333,0.7,73,26,25,Toronto Raptors,TOR,101,False,0.328,0.196,0.8,47,22,8,205,3
2022,2022200048,2023-01-04,WCB @ FWN,Windy City Bulls,WCB,128,True,0.506,0.459,0.789,35,29,13,Fort Wayne Mad Ants,FWN,116,False,0.5,0.45,0.667,49,34,24,244,12
2022,0022200575,2023-01-04,ATL @ SAC,Atlanta Hawks,ATL,120,True,0.536,0.333,0.909,44,21,15,Sacramento Kings,SAC,117,False,0.466,0.4,0.926,42,26,10,237,3
2022,0022200572,2023-01-04,HOU @ NOP,Houston Rockets,HOU,108,False,0.443,0.316,0.667,43,25,13,New Orleans Pelicans,NOP,119,True,0.461,0.368,0.885,51,25,14,227,11
2022,0022200567,2023-01-04,IND @ PHI,Indiana Pacers,IND,126,False,0.474,0.361,0.885,45,31,13,Philadelphia 76ers,PHI,129,True,0.49,0.389,0.864,46,24,9,255,3
2022,0022200570,2023-01-04,BKN @ CHI,Brooklyn Nets,BKN,112,False,0.462,0.324,0.762,34,24,10,Chicago Bulls,CHI,121,True,0.531,0.4,0.931,46,21,15,233,9
2022,2022200047,2023-01-04,AUS @ CCG,Austin Spurs,AUS,103,False,0.442,0.348,0.733,44,23,24,Capital City Go-Go,CCG,128,True,0.563,0.357,0.857,35,33,12,231,25
2022,0022200566,2023-01-04,ORL vs. OKC,Oklahoma City Thunder,OKC,115,False,0.404,0.405,0.903,33,23,9,Orlando Magic,ORL,126,True,0.519,0.394,0.806,49,26,16,241,11
2022,2022200050,2023-01-04,WIS vs. CPS,College Park Skyhawks,CPS,121,False,0.438,0.324,0.55,60,23,16,Wisconsin Herd,WIS,126,True,0.457,0.46,0.706,48,23,16,247,5
2022,0022200568,2023-01-04,NYK vs. SAS,San Antonio Spurs,SAS,114,False,0.5,0.393,0.808,38,25,15,New York Knicks,NYK,117,True,0.479,0.323,0.654,47,16,12,231,3
2022,0022200573,2023-01-04,GSW vs. DET,Detroit Pistons,DET,122,True,0.489,0.444,0.696,41,29,8,Golden State Warriors,GSW,119,False,0.517,0.375,0.933,40,31,14,241,3
2022,0022200574,2023-01-04,LAL vs. MIA,Miami Heat,MIA,109,False,0.453,0.276,0.714,43,24,13,Los Angeles Lakers,LAL,112,True,0.494,0.296,0.8,42,20,17,221,3
2022,2022200044,2023-01-04,TEX @ SXF,Texas Legends,TEX,130,False,0.54,0.514,0.722,32,21,12,Sioux Falls Skyforce,SXF,132,True,0.588,0.5,0.923,40,34,16,262,2
2022,2022200051,2023-01-04,STO @ SLC,Stockton Kings,STO,127,True,0.568,0.478,0.818,35,29,12,Salt Lake City Stars,SLC,116,False,0.517,0.241,0.75,45,25,16,243,11
2022,0022200571,2023-01-04,MIN vs. POR,Portland Trail Blazers,POR,106,False,0.44,0.31,0.738,39,18,16,Minnesota Timberwolves,MIN,113,True,0.513,0.375,0.722,33,25,14,219,7
2022,0022200564,2023-01-04,MEM @ CHA,Memphis Grizzlies,MEM,131,True,0.5,0.3,0.757,59,28,14,Charlotte Hornets,CHA,107,False,0.404,0.289,0.833,44,25,12,238,24
2022,2022200049,2023-01-04,LIN vs. RAP,Raptors 905,RAP,119,False,0.461,0.276,0.789,38,20,16,Long Island Nets,LIN,129,True,0.5,0.441,0.6,55,28,18,248,10
2022,0022200565,2023-01-04,CLE vs. PHX,Phoenix Suns,PHX,88,False,0.395,0.357,0.778,49,24,13,Cleveland Cavaliers,CLE,90,True,0.39,0.306,0.826,46,15,14,178,2
2022,0022200577,2023-01-05,BOS @ DAL,Boston Celtics,BOS,124,True,0.488,0.372,0.839,52,29,11,Dallas Mavericks,DAL,95,False,0.378,0.219,0.8,42,15,11,219,29
2022,2022200055,2023-01-05,SCW @ GLI,Santa Cruz Warriors,SCW,125,True,0.598,0.471,0.857,43,40,19,G League Ignite,GLI,100,False,0.412,0.353,0.733,34,23,15,225,25
2022,2022200056,2023-01-05,BHM @ SBL,Birmingham Squadron,BHM,107,False,0.44,0.425,0.667,34,29,14,South Bay Lakers,SBL,113,True,0.506,0.212,0.714,54,31,17,220,6
2022,0022200579,2023-01-05,LAC @ DEN,LA Clippers,LAC,91,False,0.374,0.135,0.72,41,24,7,Denver Nuggets,DEN,122,True,0.506,0.389,0.857,57,28,11,213,31
2022,0022200576,2023-01-05,MEM @ ORL,Memphis Grizzlies,MEM,123,True,0.522,0.333,0.652,49,24,12,Orlando Magic,ORL,115,False,0.464,0.306,0.867,39,23,10,238,8
2022,2022200053,2023-01-05,MNE vs. MCC,Motor City Cruise,MCC,102,False,0.412,0.241,0.708,40,17,18,Maine Celtics,MNE,132,True,0.538,0.373,0.846,46,38,17,234,30
2022,0022200578,2023-01-05,HOU vs. UTA,Utah Jazz,UTA,131,True,0.495,0.396,0.952,42,33,8,Houston Rockets,HOU,114,False,0.413,0.357,0.885,49,19,14,245,17
2022,2022200054,2023-01-05,OKL @ MXC,Oklahoma City Blue,OKL,95,False,0.451,0.3,0.615,45,19,17,Mexico City Capitanes,MXC,98,True,0.369,0.378,0.706,56,21,17,193,3
2022,2022200052,2023-01-05,GRG vs. FWN,Fort Wayne Mad Ants,FWN,129,True,0.614,0.6,0.778,39,28,18,Grand Rapids Gold,GRG,108,False,0.465,0.343,0.733,36,29,13,237,21
2022,0022200582,2023-01-06,TOR vs. NYK,New York Knicks,NYK,112,True,0.47,0.432,0.692,51,19,11,Toronto Raptors,TOR,108,False,0.422,0.345,0.8,46,22,7,220,4
2022,0022200586,2023-01-06,NOP vs. BKN,Brooklyn Nets,BKN,108,True,0.435,0.455,0.95,43,26,12,New Orleans Pelicans,NOP,102,False,0.398,0.414,0.8,51,16,15,210,6
2022,0022200590,2023-01-06,ATL @ LAL,Atlanta Hawks,ATL,114,False,0.458,0.29,0.773,39,24,12,Los Angeles Lakers,LAL,130,True,0.548,0.457,0.75,51,33,16,244,16
2022,2022200061,2023-01-06,MXC vs. OKL,Oklahoma City Blue,OKL,116,False,0.448,0.344,0.688,49,23,13,Mexico City Capitanes,MXC,118,True,0.477,0.356,0.833,42,24,15,234,2
2022,2022200066,2023-01-06,SCW @ GLI,Santa Cruz Warriors,SCW,115,False,0.458,0.471,0.813,49,22,22,G League Ignite,GLI,136,True,0.556,0.563,0.765,34,35,9,251,21
2022,2022200057,2023-01-06,CCG vs. AUS,Austin Spurs,AUS,85,False,0.411,0.276,0.615,45,14,25,Capital City Go-Go,CCG,97,True,0.479,0.217,1.0,32,17,17,182,12
2022,2022200065,2023-01-06,SLC vs. IWA,Iowa Wolves,IWA,114,False,0.378,0.347,0.708,35,22,13,Salt Lake City Stars,SLC,131,True,0.505,0.38,0.824,61,32,23,245,17
2022,0022200587,2023-01-06,LAC @ MIN,LA Clippers,LAC,115,False,0.44,0.36,0.667,40,22,8,Minnesota Timberwolves,MIN,128,True,0.568,0.371,0.793,45,28,19,243,13
2022,0022200581,2023-01-06,CHI @ PHI,Chicago Bulls,CHI,126,True,0.571,0.588,0.588,45,33,11,Philadelphia 76ers,PHI,112,False,0.435,0.439,0.778,38,28,7,238,14
2022,0022200584,2023-01-06,WAS @ OKC,Washington Wizards,WAS,110,False,0.481,0.292,0.75,46,21,20,Oklahoma City Thunder,OKC,127,True,0.51,0.459,0.714,41,30,9,237,17
2022,2022200063,2023-01-06,CPS @ WIS,College Park Skyhawks,CPS,116,False,0.44,0.206,0.947,37,17,11,Wisconsin Herd,WIS,120,True,0.471,0.368,0.722,48,22,19,236,4
2022,2022200058,2023-01-06,GBO @ DEL,Greensboro Swarm,GBO,118,True,0.465,0.378,0.696,45,21,18,Delaware Blue Coats,DEL,113,False,0.394,0.179,0.778,53,23,13,231,5
2022,0022200580,2023-01-06,POR @ IND,Portland Trail Blazers,POR,99,False,0.404,0.273,0.824,52,30,18,Indiana Pacers,IND,108,True,0.452,0.28,0.893,41,22,12,207,9
2022,0022200585,2023-01-06,DET @ SAS,Detroit Pistons,DET,109,False,0.473,0.355,0.588,37,23,15,San Antonio Spurs,SAS,121,True,0.556,0.375,0.846,44,27,17,230,12
2022,2022200062,2023-01-06,WCB vs. OSC,Osceola Magic,OSC,117,False,0.459,0.361,0.933,49,24,18,Windy City Bulls,WCB,122,True,0.462,0.429,0.857,37,23,11,239,5
2022,2022200060,2023-01-06,LIN @ WES,Long Island Nets,LIN,119,False,0.495,0.4,0.733,46,24,22,Westchester Knicks,WES,120,True,0.5,0.471,0.571,44,24,23,239,1
2022,2022200067,2023-01-06,STO vs. ONT,Ontario Clippers,ONT,92,False,0.407,0.303,0.8,40,19,19,Stockton Kings,STO,104,True,0.471,0.318,0.8,48,20,13,196,12
2022,2022200064,2023-01-06,SXF @ RGV,Sioux Falls Skyforce,SXF,115,True,0.462,0.265,0.857,53,16,13,Rio Grande Valley Vipers,RGV,104,False,0.375,0.225,1.0,45,19,10,219,11
2022,0022200589,2023-01-06,MIA @ PHX,Miami Heat,MIA,104,True,0.423,0.316,0.839,37,19,12,Phoenix Suns,PHX,96,False,0.415,0.261,0.88,44,22,14,200,8
2022,0022200583,2023-01-06,CHA @ MIL,Charlotte Hornets,CHA,138,True,0.52,0.417,0.632,49,32,5,Milwaukee Bucks,MIL,109,False,0.44,0.417,0.625,45,22,16,247,29
2022,2022200059,2023-01-06,MNE vs. MCC,Motor City Cruise,MCC,106,False,0.518,0.421,0.7,34,26,15,Maine Celtics,MNE,112,True,0.476,0.343,0.909,43,26,17,218,6
2022,0022200588,2023-01-06,CLE @ DEN,Cleveland Cavaliers,CLE,108,False,0.455,0.385,0.563,40,30,6,Denver Nuggets,DEN,121,True,0.531,0.486,0.783,49,28,12,229,13
2022,2022200071,2023-01-07,MHU @ TEX,Memphis Hustle,MHU,118,True,0.517,0.381,0.667,44,27,11,Texas Legends,TEX,105,False,0.476,0.326,0.727,39,26,14,223,13
2022,2022200068,2023-01-07,OSC @ WCB,Osceola Magic,OSC,109,True,0.44,0.306,0.706,41,19,10,Windy City Bulls,WCB,108,False,0.463,0.483,0.818,50,24,21,217,1
2022,0022200592,2023-01-07,CHI vs. UTA,Utah Jazz,UTA,118,False,0.495,0.293,0.778,39,36,10,Chicago Bulls,CHI,126,True,0.53,0.464,0.781,44,22,10,244,8
2022,0022200595,2023-01-07,SAC vs. LAL,Los Angeles Lakers,LAL,136,True,0.61,0.429,0.818,38,26,17,Sacramento Kings,SAC,134,False,0.523,0.438,0.811,34,25,14,270,2
2022,2022200069,2023-01-07,BHM @ SBL,Birmingham Squadron,BHM,98,False,0.438,0.286,0.909,32,24,16,South Bay Lakers,SBL,128,True,0.49,0.394,0.909,50,26,13,226,30
2022,2022200070,2023-01-07,SXF @ RGV,Sioux Falls Skyforce,SXF,124,True,0.478,0.3,1.0,51,25,10,Rio Grande Valley Vipers,RGV,110,False,0.468,0.293,0.545,46,25,13,234,14
2022,0022200594,2023-01-07,ORL @ GSW,Orlando Magic,ORL,115,True,0.506,0.406,0.583,44,26,10,Golden State Warriors,GSW,101,False,0.375,0.31,0.81,49,26,16,216,14
2022,0022200591,2023-01-07,SAS vs. BOS,Boston Celtics,BOS,121,True,0.495,0.441,0.667,43,30,14,San Antonio Spurs,SAS,116,False,0.49,0.28,0.786,51,25,13,237,5
2022,0022200593,2023-01-07,NOP @ DAL,New Orleans Pelicans,NOP,117,False,0.479,0.172,0.629,44,26,12,Dallas Mavericks,DAL,127,True,0.568,0.448,0.789,39,23,17,244,10
2022,2022200072,2023-01-07,SLC vs. IWA,Iowa Wolves,IWA,115,False,0.44,0.333,0.571,49,31,14,Salt Lake City Stars,SLC,118,True,0.438,0.333,0.75,52,26,14,233,3
2022,0022200604,2023-01-08,LAC vs. ATL,Atlanta Hawks,ATL,112,True,0.494,0.308,0.8,43,22,9,LA Clippers,LAC,108,False,0.389,0.333,0.774,59,25,11,220,4
2022,2022200073,2023-01-08,SCW @ OKL,Santa Cruz Warriors,SCW,112,True,0.518,0.364,0.571,46,18,15,Oklahoma City Blue,OKL,108,False,0.426,0.297,0.6,49,25,13,220,4
2022,2022200079,2023-01-08,TEX vs. MHU,Memphis Hustle,MHU,119,True,0.436,0.341,0.938,53,35,13,Texas Legends,TEX,114,False,0.419,0.417,0.619,45,24,9,233,5
2022,0022200601,2023-01-08,MIN @ HOU,Minnesota Timberwolves,MIN,104,True,0.475,0.357,0.818,44,23,17,Houston Rockets,HOU,96,False,0.427,0.306,0.6,41,26,18,200,8
2022,2022200075,2023-01-08,AUS @ CPS,Austin Spurs,AUS,114,True,0.506,0.5,0.818,45,29,14,College Park Skyhawks,CPS,107,False,0.42,0.241,0.833,45,19,14,221,7
2022,2022200080,2023-01-08,GLI vs. MXC,Mexico City Capitanes,MXC,121,True,0.538,0.387,0.727,47,26,24,G League Ignite,GLI,115,False,0.462,0.091,0.773,37,20,13,236,6
2022,0022200600,2023-01-08,MEM vs. UTA,Utah Jazz,UTA,118,False,0.511,0.313,0.818,46,29,20,Memphis Grizzlies,MEM,123,True,0.451,0.395,0.727,39,28,10,241,5
2022,0022200596,2023-01-08,DET vs. PHI,Philadelphia 76ers,PHI,123,True,0.489,0.297,0.87,44,24,13,Detroit Pistons,DET,111,False,0.506,0.348,0.833,43,25,23,234,12
2022,0022200603,2023-01-08,CLE @ PHX,Cleveland Cavaliers,CLE,112,True,0.577,0.379,0.647,39,29,14,Phoenix Suns,PHX,98,False,0.44,0.538,0.909,36,22,16,210,14
2022,0022200597,2023-01-08,POR @ TOR,Portland Trail Blazers,POR,105,False,0.447,0.3,0.757,42,19,22,Toronto Raptors,TOR,117,True,0.44,0.387,0.862,41,26,10,222,12
2022,2022200078,2023-01-08,GRG vs. MNE,Maine Celtics,MNE,121,True,0.427,0.333,0.737,62,25,13,Grand Rapids Gold,GRG,106,False,0.419,0.361,0.765,43,25,15,227,15
2022,0022200598,2023-01-08,IND vs. CHA,Charlotte Hornets,CHA,111,False,0.432,0.333,0.889,49,25,18,Indiana Pacers,IND,116,True,0.437,0.342,0.818,41,27,16,227,5
2022,2022200077,2023-01-08,CLC @ FWN,Cleveland Charge,CLC,122,True,0.483,0.306,0.882,55,25,21,Fort Wayne Mad Ants,FWN,119,False,0.451,0.303,0.889,41,27,14,241,3
2022,0022200602,2023-01-08,OKC vs. DAL,Dallas Mavericks,DAL,109,False,0.425,0.359,0.786,39,21,12,Oklahoma City Thunder,OKC,120,True,0.484,0.429,0.8,48,27,8,229,11
2022,0022200599,2023-01-08,MIA vs. BKN,Brooklyn Nets,BKN,102,True,0.513,0.364,0.8,40,22,16,Miami Heat,MIA,101,False,0.413,0.371,0.706,41,22,11,203,1
2022,2022200076,2023-01-08,DEL vs. GBO,Greensboro Swarm,GBO,117,False,0.452,0.385,0.8,46,32,14,Delaware Blue Coats,DEL,121,True,0.473,0.429,0.733,48,30,18,238,4
2022,2022200074,2023-01-08,WES vs. LIN,Long Island Nets,LIN,130,True,0.567,0.484,0.636,55,31,15,Westchester Knicks,WES,97,False,0.354,0.313,1.0,46,15,14,227,33
2022,0022200606,2023-01-09,CHI @ BOS,Chicago Bulls,CHI,99,False,0.453,0.343,0.643,42,19,7,Boston Celtics,BOS,107,True,0.437,0.268,0.952,50,25,9,206,8
2022,0022200610,2023-01-09,ORL @ SAC,Orlando Magic,ORL,111,False,0.456,0.318,0.75,41,24,13,Sacramento Kings,SAC,136,True,0.536,0.5,0.75,48,39,11,247,25
2022,0022200608,2023-01-09,MEM vs. SAS,San Antonio Spurs,SAS,113,False,0.454,0.344,0.875,42,28,14,Memphis Grizzlies,MEM,121,True,0.495,0.423,0.571,50,26,13,234,8
2022,2022200084,2023-01-09,ONT vs. BHM,Birmingham Squadron,BHM,97,False,0.45,0.325,0.857,38,21,19,Ontario Clippers,ONT,106,True,0.506,0.483,0.889,38,31,15,203,9
2022,0022200605,2023-01-09,NOP @ WAS,New Orleans Pelicans,NOP,132,True,0.527,0.385,0.774,44,24,9,Washington Wizards,WAS,112,False,0.512,0.412,0.778,37,26,20,244,20
2022,0022200609,2023-01-09,DEN vs. LAL,Los Angeles Lakers,LAL,109,False,0.441,0.286,0.76,44,20,13,Denver Nuggets,DEN,122,True,0.465,0.357,0.882,55,29,17,231,13
2022,2022200082,2023-01-09,MCC vs. OSC,Osceola Magic,OSC,110,True,0.456,0.382,0.75,45,21,14,Motor City Cruise,MCC,99,False,0.477,0.107,0.5,47,24,13,209,11
2022,2022200085,2023-01-09,IWA @ SBL,Iowa Wolves,IWA,132,False,0.532,0.355,0.917,39,33,15,South Bay Lakers,SBL,143,True,0.551,0.452,0.8,36,36,9,275,11
2022,0022200607,2023-01-09,NYK vs. MIL,Milwaukee Bucks,MIL,111,True,0.438,0.388,0.778,48,27,14,New York Knicks,NYK,107,False,0.38,0.268,0.909,48,16,7,218,4
2022,2022200086,2023-01-09,SXF @ STO,Sioux Falls Skyforce,SXF,112,True,0.446,0.4,0.813,38,23,7,Stockton Kings,STO,104,False,0.447,0.414,0.833,48,26,15,216,8
2022,2022200081,2023-01-09,LIN vs. WCB,Windy City Bulls,WCB,110,False,0.476,0.292,0.75,35,17,18,Long Island Nets,LIN,118,True,0.484,0.278,0.769,46,27,19,228,8
2022,2022200083,2023-01-09,CCG @ RAP,Capital City Go-Go,CCG,119,False,0.527,0.269,0.8,50,33,17,Raptors 905,RAP,122,True,0.488,0.389,0.833,36,25,12,241,3
2022,0022200617,2023-01-10,DAL @ LAC,Dallas Mavericks,DAL,101,False,0.435,0.316,0.806,32,15,11,LA Clippers,LAC,113,True,0.453,0.387,0.767,46,20,9,214,12
2022,0022200611,2023-01-10,MIA vs. OKC,Oklahoma City Thunder,OKC,111,False,0.484,0.257,0.667,44,27,18,Miami Heat,MIA,112,True,0.392,0.303,1.0,41,18,19,223,1
2022,2022200088,2023-01-10,GBO @ WES,Greensboro Swarm,GBO,93,False,0.398,0.316,0.667,40,17,15,Westchester Knicks,WES,125,True,0.51,0.444,0.778,59,33,15,218,32
2022,0022200614,2023-01-10,UTA vs. CLE,Cleveland Cavaliers,CLE,114,False,0.467,0.27,0.833,37,18,5,Utah Jazz,UTA,116,True,0.437,0.278,0.811,54,21,15,230,2
2022,0022200616,2023-01-10,ORL @ POR,Orlando Magic,ORL,109,True,0.513,0.375,0.8,35,19,16,Portland Trail Blazers,POR,106,False,0.483,0.171,0.842,43,22,16,215,3
2022,0022200612,2023-01-10,PHI vs. DET,Detroit Pistons,DET,116,False,0.404,0.359,0.833,26,23,11,Philadelphia 76ers,PHI,147,True,0.607,0.355,0.933,55,36,18,263,31
2022,2022200091,2023-01-10,GLI vs. MXC,Mexico City Capitanes,MXC,122,False,0.513,0.344,0.792,36,27,15,G League Ignite,GLI,123,True,0.526,0.348,0.952,34,19,15,245,1
2022,0022200613,2023-01-10,CHA @ TOR,Charlotte Hornets,CHA,120,False,0.547,0.429,0.733,34,33,9,Toronto Raptors,TOR,132,True,0.495,0.455,0.815,49,32,11,252,12
2022,2022200087,2023-01-10,MNE @ GRG,Maine Celtics,MNE,132,True,0.57,0.375,0.882,36,32,10,Grand Rapids Gold,GRG,115,False,0.603,0.316,0.8,25,28,12,247,17
2022,2022200090,2023-01-10,RGV @ SLC,Rio Grande Valley Vipers,RGV,128,True,0.473,0.438,0.867,38,28,10,Salt Lake City Stars,SLC,122,False,0.505,0.41,0.5,49,26,18,250,6
2022,0022200615,2023-01-10,PHX @ GSW,Phoenix Suns,PHX,125,True,0.456,0.452,0.935,57,26,21,Golden State Warriors,GSW,113,False,0.385,0.375,0.778,45,24,15,238,12
2022,2022200089,2023-01-10,RAP vs. CCG,Capital City Go-Go,CCG,123,True,0.493,0.313,0.867,42,26,11,Raptors 905,RAP,116,False,0.476,0.324,0.789,37,22,8,239,7
2022,0022200619,2023-01-11,WAS vs. CHI,Chicago Bulls,CHI,97,False,0.466,0.31,0.667,39,16,12,Washington Wizards,WAS,100,True,0.463,0.304,0.81,52,21,17,197,3
2022,0022200621,2023-01-11,NOP @ BOS,New Orleans Pelicans,NOP,114,False,0.517,0.367,0.765,33,22,9,Boston Celtics,BOS,125,True,0.484,0.341,0.88,50,24,9,239,11
2022,2022200092,2023-01-11,LIN vs. WCB,Windy City Bulls,WCB,121,True,0.482,0.441,0.714,36,27,12,Long Island Nets,LIN,118,False,0.485,0.382,0.556,56,28,22,239,3
2022,0022200625,2023-01-11,HOU @ SAC,Houston Rockets,HOU,115,False,0.458,0.39,0.647,48,30,13,Sacramento Kings,SAC,135,True,0.479,0.396,0.839,45,28,9,250,20
2022,0022200623,2023-01-11,MEM vs. SAS,San Antonio Spurs,SAS,129,False,0.467,0.324,0.783,48,33,12,Memphis Grizzlies,MEM,135,True,0.515,0.636,0.68,57,19,13,264,6
2022,2022200095,2023-01-11,SBL vs. OKL,Oklahoma City Blue,OKL,111,False,0.462,0.44,0.5,48,24,15,South Bay Lakers,SBL,120,True,0.532,0.381,0.875,45,30,13,231,9
2022,2022200005,2023-01-11,OSC vs. WES,Westchester Knicks,WES,117,False,0.543,0.429,0.889,36,31,18,Osceola Magic,OSC,129,True,0.598,0.429,0.6,33,31,13,246,12
2022,0022200618,2023-01-11,MIN @ DET,Minnesota Timberwolves,MIN,118,False,0.489,0.485,0.762,36,22,18,Detroit Pistons,DET,135,True,0.6,0.531,0.786,38,30,16,253,17
2022,0022200620,2023-01-11,MIL @ ATL,Milwaukee Bucks,MIL,114,True,0.459,0.375,0.545,57,28,10,Atlanta Hawks,ATL,105,False,0.448,0.367,0.889,41,25,11,219,9
2022,0022200624,2023-01-11,PHX @ DEN,Phoenix Suns,PHX,97,False,0.433,0.281,0.714,44,28,16,Denver Nuggets,DEN,126,True,0.565,0.441,0.714,38,30,10,223,29
2022,2022200093,2023-01-11,MHU @ WIS,Memphis Hustle,MHU,115,True,0.505,0.389,0.5,47,36,12,Wisconsin Herd,WIS,104,False,0.457,0.278,0.714,48,20,13,219,11
2022,0022200622,2023-01-11,NYK vs. IND,Indiana Pacers,IND,113,False,0.478,0.308,0.714,41,27,13,New York Knicks,NYK,119,True,0.452,0.357,0.848,50,21,12,232,6
2022,2022200094,2023-01-11,BHM @ ONT,Birmingham Squadron,BHM,106,False,0.506,0.324,0.75,38,26,18,Ontario Clippers,ONT,126,True,0.535,0.469,0.917,38,27,12,232,20
2022,2022200096,2023-01-12,DEL @ MNE,Delaware Blue Coats,DEL,149,True,0.59,0.433,0.867,36,32,12,Maine Celtics,MNE,137,False,0.531,0.405,0.909,44,38,20,286,12
2022,0022200631,2023-01-12,POR vs. CLE,Cleveland Cavaliers,CLE,119,True,0.494,0.318,0.774,44,28,11,Portland Trail Blazers,POR,113,False,0.513,0.333,0.759,36,17,16,232,6
2022,2022200100,2023-01-12,SCW vs. SXF,Sioux Falls Skyforce,SXF,103,False,0.455,0.268,0.429,28,20,11,Santa Cruz Warriors,SCW,126,True,0.524,0.344,0.941,61,27,20,229,23
2022,2022200097,2023-01-12,RAP @ MCC,Raptors 905,RAP,105,True,0.444,0.343,0.882,51,22,15,Motor City Cruise,MCC,99,False,0.4,0.35,0.769,38,27,13,204,6
2022,0022200626,2023-01-12,PHI vs. OKC,Oklahoma City Thunder,OKC,133,True,0.512,0.424,0.939,39,28,11,Philadelphia 76ers,PHI,114,False,0.443,0.306,0.926,39,30,17,247,19
2022,0022200630,2023-01-12,LAL vs. DAL,Dallas Mavericks,DAL,119,True,0.5,0.333,0.529,54,25,16,Los Angeles Lakers,LAL,115,False,0.393,0.244,0.63,56,24,9,234,4
2022,0022200629,2023-01-12,CHA @ TOR,Charlotte Hornets,CHA,114,False,0.532,0.394,0.704,42,27,22,Toronto Raptors,TOR,124,True,0.518,0.357,0.778,32,30,9,238,10
2022,2022200099,2023-01-12,IWA @ ONT,Iowa Wolves,IWA,107,False,0.429,0.325,0.667,35,24,13,Ontario Clippers,ONT,126,True,0.522,0.467,0.818,51,31,22,233,19
2022,0022200627,2023-01-12,BOS @ BKN,Boston Celtics,BOS,109,True,0.477,0.333,0.882,48,23,13,Brooklyn Nets,BKN,98,False,0.452,0.382,0.818,31,26,12,207,11
2022,2022200098,2023-01-12,GLI vs. OKL,Oklahoma City Blue,OKL,118,True,0.494,0.433,0.842,45,26,14,G League Ignite,GLI,109,False,0.461,0.387,0.9,39,24,14,227,9
2022,0022200628,2023-01-12,MIA vs. MIL,Milwaukee Bucks,MIL,102,False,0.402,0.386,0.667,39,20,10,Miami Heat,MIA,108,True,0.442,0.265,0.938,61,22,13,210,6
2022,2022200105,2023-01-13,SBL @ TEX,South Bay Lakers,SBL,125,True,0.568,0.45,0.889,46,26,17,Texas Legends,TEX,105,False,0.365,0.293,0.765,40,18,14,230,20
2022,0022200638,2023-01-13,UTA vs. ORL,Orlando Magic,ORL,108,False,0.438,0.389,0.625,40,23,15,Utah Jazz,UTA,112,True,0.434,0.314,0.725,59,15,24,220,4
2022,2022200102,2023-01-13,OSC vs. GBO,Greensboro Swarm,GBO,136,True,0.49,0.392,0.611,46,29,16,Osceola Magic,OSC,133,False,0.495,0.408,0.625,53,33,19,269,3
2022,0022200634,2023-01-13,NYK @ WAS,New York Knicks,NYK,112,True,0.446,0.276,0.71,54,15,7,Washington Wizards,WAS,108,False,0.387,0.31,0.885,50,18,7,220,4
2022,0022200633,2023-01-13,ATL @ IND,Atlanta Hawks,ATL,113,True,0.436,0.485,0.714,50,26,13,Indiana Pacers,IND,111,False,0.396,0.233,0.828,51,24,12,224,2
2022,0022200635,2023-01-13,GSW @ SAS,Golden State Warriors,GSW,144,True,0.545,0.375,0.8,55,33,12,San Antonio Spurs,SAS,113,False,0.455,0.364,0.735,38,26,15,257,31
2022,0022200640,2023-01-13,SAC vs. HOU,Houston Rockets,HOU,114,False,0.473,0.324,0.64,34,23,15,Sacramento Kings,SAC,139,True,0.547,0.5,0.862,46,34,14,253,25
2022,2022200107,2023-01-13,STO vs. RGV,Rio Grande Valley Vipers,RGV,113,False,0.39,0.255,0.8,44,19,13,Stockton Kings,STO,134,True,0.56,0.517,0.769,55,31,20,247,21
2022,2022200104,2023-01-13,MXC vs. AUS,Austin Spurs,AUS,125,False,0.582,0.391,0.75,43,23,16,Mexico City Capitanes,MXC,127,True,0.506,0.441,0.783,34,21,9,252,2
2022,0022200636,2023-01-13,CHI vs. OKC,Oklahoma City Thunder,OKC,124,True,0.511,0.333,0.864,46,22,10,Chicago Bulls,CHI,110,False,0.447,0.316,0.917,42,30,16,234,14
2022,0022200632,2023-01-13,DET vs. NOP,New Orleans Pelicans,NOP,116,True,0.488,0.355,0.7,48,29,16,Detroit Pistons,DET,110,False,0.478,0.233,0.708,42,20,13,226,6
2022,2022200106,2023-01-13,SCW vs. SXF,Sioux Falls Skyforce,SXF,129,True,0.515,0.444,0.462,46,25,6,Santa Cruz Warriors,SCW,110,False,0.427,0.244,0.875,51,22,13,239,19
2022,2022200103,2023-01-13,SLC @ BHM,Salt Lake City Stars,SLC,132,True,0.54,0.385,0.842,43,28,11,Birmingham Squadron,BHM,110,False,0.438,0.207,0.75,47,18,11,242,22
2022,0022200637,2023-01-13,PHX @ MIN,Phoenix Suns,PHX,116,False,0.477,0.609,0.833,43,28,19,Minnesota Timberwolves,MIN,121,True,0.522,0.357,0.85,37,24,14,237,5
2022,2022200101,2023-01-13,WIS @ CLC,Wisconsin Herd,WIS,96,False,0.378,0.273,0.692,48,20,16,Cleveland Charge,CLC,115,True,0.454,0.333,0.889,59,23,15,211,19
2022,0022200639,2023-01-13,DEN @ LAC,Denver Nuggets,DEN,115,True,0.5,0.424,0.76,43,24,10,LA Clippers,LAC,103,False,0.471,0.345,0.786,43,20,12,218,12
2022,0022200641,2023-01-14,MIA vs. MIL,Milwaukee Bucks,MIL,95,False,0.405,0.396,0.667,32,26,10,Miami Heat,MIA,111,True,0.517,0.5,0.833,51,17,11,206,16
2022,0022200646,2023-01-14,UTA vs. PHI,Philadelphia 76ers,PHI,118,True,0.449,0.436,0.808,37,23,8,Utah Jazz,UTA,117,False,0.478,0.3,0.826,48,20,10,235,1
2022,0022200644,2023-01-14,TOR vs. ATL,Atlanta Hawks,ATL,114,True,0.512,0.407,0.944,40,19,11,Toronto Raptors,TOR,103,False,0.414,0.241,0.8,43,19,12,217,11
2022,2022200114,2023-01-14,SLC @ BHM,Salt Lake City Stars,SLC,110,True,0.529,0.258,0.533,42,20,16,Birmingham Squadron,BHM,108,False,0.441,0.267,0.647,46,19,14,218,2
2022,2022200112,2023-01-14,MNE vs. DEL,Delaware Blue Coats,DEL,116,True,0.484,0.429,0.667,32,31,4,Maine Celtics,MNE,111,False,0.482,0.441,0.667,53,29,20,227,5
2022,2022200111,2023-01-14,GRG @ LIN,Grand Rapids Gold,GRG,85,False,0.359,0.259,0.765,48,15,21,Long Island Nets,LIN,96,True,0.405,0.333,0.667,45,27,18,181,11
2022,0022200643,2023-01-14,IND vs. MEM,Memphis Grizzlies,MEM,130,True,0.552,0.375,0.786,45,32,15,Indiana Pacers,IND,112,False,0.369,0.234,0.893,49,26,19,242,18
2022,2022200113,2023-01-14,MXC vs. AUS,Austin Spurs,AUS,86,False,0.41,0.263,0.571,46,15,19,Mexico City Capitanes,MXC,91,True,0.449,0.393,0.5,44,11,15,177,5
2022,2022200115,2023-01-14,CLC @ WCB,Cleveland Charge,CLC,105,True,0.47,0.391,0.6,49,26,17,Windy City Bulls,WCB,96,False,0.416,0.214,0.75,38,22,12,201,9
2022,2022200110,2023-01-14,GBO @ OSC,Greensboro Swarm,GBO,100,False,0.446,0.302,0.818,27,20,13,Osceola Magic,OSC,117,True,0.538,0.29,0.813,48,25,15,217,17
2022,0022200642,2023-01-14,BOS @ CHA,Boston Celtics,BOS,122,True,0.475,0.358,0.9,46,35,7,Charlotte Hornets,CHA,106,False,0.466,0.296,0.842,46,21,11,228,16
2022,2022200116,2023-01-14,SBL @ TEX,South Bay Lakers,SBL,106,False,0.427,0.333,0.8,42,17,20,Texas Legends,TEX,113,True,0.451,0.359,0.846,42,24,15,219,7
2022,2022200117,2023-01-14,RGV @ STO,Rio Grande Valley Vipers,RGV,118,False,0.539,0.345,0.538,34,25,14,Stockton Kings,STO,124,True,0.5,0.576,0.929,42,28,20,242,6
2022,2022200108,2023-01-14,CCG @ CPS,Capital City Go-Go,CCG,97,False,0.4,0.25,0.583,50,14,12,College Park Skyhawks,CPS,108,True,0.446,0.357,0.6,54,23,13,205,11
2022,0022200645,2023-01-14,MIN vs. CLE,Cleveland Cavaliers,CLE,102,False,0.487,0.286,0.87,40,24,18,Minnesota Timberwolves,MIN,110,True,0.563,0.321,0.733,31,22,13,212,8
2022,2022200109,2023-01-14,WIS @ FWN,Wisconsin Herd,WIS,123,False,0.479,0.442,0.818,45,26,14,Fort Wayne Mad Ants,FWN,129,True,0.474,0.326,0.944,48,36,11,252,6
2022,0022200647,2023-01-14,DAL @ POR,Dallas Mavericks,DAL,119,False,0.524,0.478,0.579,25,28,10,Portland Trail Blazers,POR,136,True,0.557,0.415,0.955,47,34,9,255,17
2022,0022200651,2023-01-15,OKC @ BKN,Oklahoma City Thunder,OKC,112,True,0.444,0.387,0.769,50,21,8,Brooklyn Nets,BKN,102,False,0.429,0.293,0.632,51,24,15,214,10
2022,0022200654,2023-01-15,DAL @ POR,Dallas Mavericks,DAL,123,False,0.461,0.333,0.818,39,31,9,Portland Trail Blazers,POR,140,True,0.506,0.386,0.881,41,28,7,263,17
2022,2022200120,2023-01-15,ONT vs. MCC,Motor City Cruise,MCC,113,False,0.451,0.381,0.6,52,26,14,Ontario Clippers,ONT,118,True,0.512,0.417,0.684,42,19,10,231,5
2022,2022200118,2023-01-15,MHU @ IWA,Memphis Hustle,MHU,107,False,0.426,0.333,0.692,51,25,17,Iowa Wolves,IWA,110,True,0.422,0.422,0.765,47,27,20,217,3
2022,0022200652,2023-01-15,SAC @ SAS,Sacramento Kings,SAC,132,True,0.551,0.467,0.8,38,24,5,San Antonio Spurs,SAS,119,False,0.516,0.385,0.65,40,27,10,251,13
2022,0022200649,2023-01-15,LAC vs. HOU,Houston Rockets,HOU,100,False,0.452,0.226,0.739,39,22,20,LA Clippers,LAC,121,True,0.523,0.438,0.714,44,21,15,221,21
2022,2022200119,2023-01-15,SXF vs. RAP,Raptors 905,RAP,126,True,0.53,0.448,0.842,37,27,18,Sioux Falls Skyforce,SXF,123,False,0.478,0.333,0.636,46,24,13,249,3
2022,0022200653,2023-01-15,ORL @ DEN,Orlando Magic,ORL,116,False,0.488,0.241,0.794,39,24,13,Denver Nuggets,DEN,119,True,0.539,0.333,0.526,41,32,15,235,3
2022,0022200650,2023-01-15,CHI vs. GSW,Golden State Warriors,GSW,118,False,0.494,0.412,0.682,40,35,23,Chicago Bulls,CHI,132,True,0.505,0.385,0.875,38,29,10,250,14
2022,0022200655,2023-01-15,PHI @ LAL,Philadelphia 76ers,PHI,113,True,0.506,0.353,0.789,38,29,9,Los Angeles Lakers,LAL,112,False,0.552,0.3,0.769,38,28,9,225,1
2022,0022200648,2023-01-15,DET vs. NYK,New York Knicks,NYK,117,True,0.455,0.4,0.806,52,17,6,Detroit Pistons,DET,104,False,0.446,0.409,0.8,38,23,11,221,13
2022,2022200128,2023-01-16,MCC @ ONT,Motor City Cruise,MCC,106,True,0.521,0.48,0.667,51,23,16,Ontario Clippers,ONT,93,False,0.384,0.211,0.625,44,20,8,199,13
2022,0022200657,2023-01-16,IND @ MIL,Indiana Pacers,IND,119,False,0.512,0.475,0.933,37,29,15,Milwaukee Bucks,MIL,132,True,0.527,0.5,0.867,41,32,13,251,13
2022,0022200663,2023-01-16,MEM vs. PHX,Phoenix Suns,PHX,106,False,0.438,0.303,0.947,37,33,15,Memphis Grizzlies,MEM,136,True,0.531,0.432,0.8,51,29,10,242,30
2022,2022200126,2023-01-16,FWN @ GLI,Fort Wayne Mad Ants,FWN,141,True,0.527,0.361,0.677,47,39,10,G League Ignite,GLI,119,False,0.442,0.333,0.643,55,29,13,260,22
2022,0022200656,2023-01-16,CHA vs. BOS,Boston Celtics,BOS,130,True,0.494,0.465,0.96,47,34,11,Charlotte Hornets,CHA,118,False,0.456,0.419,0.767,38,26,5,248,12
2022,2022200123,2023-01-16,WCB vs. CLC,Cleveland Charge,CLC,112,True,0.466,0.41,0.769,47,27,11,Windy City Bulls,WCB,105,False,0.494,0.267,0.667,38,24,9,217,7
2022,0022200661,2023-01-16,MIA @ ATL,Miami Heat,MIA,113,False,0.483,0.258,0.95,41,30,14,Atlanta Hawks,ATL,121,True,0.592,0.481,0.818,28,27,16,234,8
2022,0022200660,2023-01-16,GSW @ WAS,Golden State Warriors,GSW,127,True,0.495,0.409,0.905,43,28,12,Washington Wizards,WAS,118,False,0.488,0.4,0.87,36,31,14,245,9
2022,0022200664,2023-01-16,HOU @ LAL,Houston Rockets,HOU,132,False,0.49,0.367,0.742,48,28,8,Los Angeles Lakers,LAL,140,True,0.538,0.364,0.857,39,23,2,272,8
2022,0022200658,2023-01-16,NOP @ CLE,New Orleans Pelicans,NOP,103,False,0.507,0.37,0.773,28,26,17,Cleveland Cavaliers,CLE,113,True,0.488,0.321,0.788,43,22,15,216,10
2022,2022200121,2023-01-16,DEL vs. WIS,Wisconsin Herd,WIS,132,False,0.494,0.465,0.682,41,27,26,Delaware Blue Coats,DEL,153,True,0.546,0.438,0.889,45,38,19,285,21
2022,2022200125,2023-01-16,STO @ AUS,Stockton Kings,STO,112,True,0.506,0.333,0.917,40,24,17,Austin Spurs,AUS,98,False,0.481,0.304,0.818,34,19,20,210,14
2022,2022200127,2023-01-16,CCG @ CPS,Capital City Go-Go,CCG,111,True,0.44,0.343,0.833,42,25,16,College Park Skyhawks,CPS,104,False,0.488,0.409,0.667,43,25,18,215,7
2022,2022200122,2023-01-16,GRG @ LIN,Grand Rapids Gold,GRG,80,False,0.415,0.261,0.429,36,16,13,Long Island Nets,LIN,99,True,0.463,0.364,0.571,56,22,19,179,19
2022,0022200659,2023-01-16,TOR @ NYK,Toronto Raptors,TOR,123,True,0.396,0.295,0.829,42,27,6,New York Knicks,NYK,121,False,0.424,0.29,0.8,54,17,11,244,2
2022,0022200662,2023-01-16,UTA @ MIN,Utah Jazz,UTA,126,True,0.536,0.382,0.821,50,25,18,Minnesota Timberwolves,MIN,125,False,0.455,0.439,0.833,41,28,5,251,1
2022,2022200124,2023-01-16,SLC @ TEX,Salt Lake City Stars,SLC,125,True,0.489,0.393,0.9,46,23,8,Texas Legends,TEX,116,False,0.535,0.343,0.875,37,26,12,241,9
2022,2022200129,2023-01-17,SXF vs. OSC,Osceola Magic,OSC,104,True,0.432,0.333,0.714,49,22,19,Sioux Falls Skyforce,SXF,100,False,0.472,0.429,0.647,39,18,22,204,4
2022,0022200668,2023-01-17,LAC vs. PHI,Philadelphia 76ers,PHI,120,True,0.534,0.419,0.853,33,25,14,LA Clippers,LAC,110,False,0.5,0.353,0.8,33,20,18,230,10
2022,0022200667,2023-01-17,POR @ DEN,Portland Trail Blazers,POR,113,False,0.458,0.325,0.96,35,21,13,Denver Nuggets,DEN,122,True,0.5,0.344,0.821,42,32,11,235,9
2022,0022200665,2023-01-17,MIL vs. TOR,Toronto Raptors,TOR,122,False,0.455,0.371,0.63,50,20,9,Milwaukee Bucks,MIL,130,True,0.535,0.487,0.905,42,24,11,252,8
2022,2022200130,2023-01-17,RGV @ BHM,Rio Grande Valley Vipers,RGV,132,True,0.567,0.421,0.714,49,26,17,Birmingham Squadron,BHM,105,False,0.438,0.421,0.733,32,21,20,237,27
2022,2022200131,2023-01-17,SCW @ MHU,Santa Cruz Warriors,SCW,131,False,0.466,0.462,0.833,50,28,20,Memphis Hustle,MHU,140,True,0.57,0.378,0.688,35,36,13,271,9
2022,2022200132,2023-01-17,FWN @ GLI,Fort Wayne Mad Ants,FWN,121,True,0.458,0.4,0.944,39,27,16,G League Ignite,GLI,114,False,0.512,0.45,0.647,40,28,20,235,7
2022,0022200666,2023-01-17,BKN @ SAS,Brooklyn Nets,BKN,98,False,0.42,0.13,0.875,49,22,21,San Antonio Spurs,SAS,106,True,0.381,0.206,0.893,54,23,15,204,8
2022,0022200673,2023-01-18,NOP vs. MIA,Miami Heat,MIA,124,True,0.532,0.343,0.75,43,37,9,New Orleans Pelicans,NOP,98,False,0.463,0.433,0.611,38,27,18,222,26
2022,2022200136,2023-01-18,CLC @ GBO,Cleveland Charge,CLC,112,True,0.518,0.306,0.917,32,25,14,Greensboro Swarm,GBO,102,False,0.5,0.355,0.889,39,20,23,214,10
2022,2022200133,2023-01-18,WIS vs. WES,Westchester Knicks,WES,118,False,0.41,0.258,0.8,47,30,10,Wisconsin Herd,WIS,127,True,0.5,0.306,0.864,48,25,13,245,9
2022,0022200670,2023-01-18,DAL vs. ATL,Atlanta Hawks,ATL,130,True,0.57,0.5,0.95,35,28,12,Dallas Mavericks,DAL,122,False,0.524,0.381,0.75,31,26,16,252,8
2022,0022200676,2023-01-18,MIN @ DEN,Minnesota Timberwolves,MIN,118,False,0.519,0.375,0.786,36,26,17,Denver Nuggets,DEN,122,True,0.529,0.381,0.75,34,27,14,240,4
2022,0022200674,2023-01-18,IND @ OKC,Indiana Pacers,IND,106,False,0.415,0.364,0.667,48,23,23,Oklahoma City Thunder,OKC,126,True,0.505,0.421,0.762,42,41,17,232,20
2022,0022200672,2023-01-18,MEM vs. CLE,Cleveland Cavaliers,CLE,114,False,0.512,0.457,0.667,47,29,16,Memphis Grizzlies,MEM,115,True,0.454,0.324,0.727,42,22,8,229,1
2022,0022200671,2023-01-18,HOU vs. CHA,Charlotte Hornets,CHA,122,True,0.5,0.25,0.68,37,27,9,Houston Rockets,HOU,117,False,0.505,0.313,0.75,47,21,19,239,5
2022,2022200137,2023-01-18,MHU vs. SCW,Santa Cruz Warriors,SCW,122,False,0.466,0.319,1.0,51,33,17,Memphis Hustle,MHU,129,True,0.5,0.4,0.704,45,29,18,251,7
2022,2022200134,2023-01-18,OKL vs. STO,Stockton Kings,STO,118,True,0.473,0.364,0.769,40,23,10,Oklahoma City Blue,OKL,113,False,0.484,0.286,0.909,49,25,17,231,5
2022,0022200675,2023-01-18,UTA vs. LAC,LA Clippers,LAC,103,False,0.402,0.441,0.667,50,23,13,Utah Jazz,UTA,126,True,0.517,0.594,0.773,44,26,8,229,23
2022,2022200135,2023-01-18,CCG vs. LIN,Long Island Nets,LIN,121,True,0.479,0.37,0.667,45,28,15,Capital City Go-Go,CCG,114,False,0.459,0.313,0.708,50,21,20,235,7
2022,0022200669,2023-01-18,WAS @ NYK,Washington Wizards,WAS,116,True,0.442,0.381,0.842,52,28,13,New York Knicks,NYK,105,False,0.417,0.269,0.667,49,14,9,221,11
2022,0022200677,2023-01-18,SAC @ LAL,Sacramento Kings,SAC,116,True,0.494,0.3,0.778,47,23,11,Los Angeles Lakers,LAL,111,False,0.483,0.324,0.778,36,26,6,227,5
2022,2022200140,2023-01-19,SLC vs. FWN,Fort Wayne Mad Ants,FWN,121,True,0.433,0.278,0.722,48,29,7,Salt Lake City Stars,SLC,107,False,0.41,0.275,0.636,66,26,19,228,14
2022,0022200679,2023-01-19,GSW @ BOS,Golden State Warriors,GSW,118,False,0.4,0.346,0.87,47,28,16,Boston Celtics,BOS,121,True,0.398,0.317,0.733,63,21,17,239,3
2022,2022200138,2023-01-19,SXF vs. OSC,Osceola Magic,OSC,125,True,0.529,0.333,0.81,38,27,12,Sioux Falls Skyforce,SXF,121,False,0.522,0.414,0.5,47,31,14,246,4
2022,0022200682,2023-01-19,POR vs. PHI,Philadelphia 76ers,PHI,105,True,0.506,0.308,0.789,43,24,12,Portland Trail Blazers,POR,95,False,0.376,0.243,0.759,44,19,15,200,10
2022,2022200141,2023-01-19,SBL vs. MCC,Motor City Cruise,MCC,117,False,0.454,0.439,0.7,43,25,21,South Bay Lakers,SBL,127,True,0.57,0.483,0.833,34,26,20,244,10
2022,0022200678,2023-01-19,DET vs. CHI,Chicago Bulls,CHI,126,True,0.543,0.304,0.905,48,23,14,Detroit Pistons,DET,108,False,0.402,0.235,0.815,49,25,15,234,18
2022,2022200139,2023-01-19,CPS @ WCB,College Park Skyhawks,CPS,133,True,0.605,0.452,0.706,41,31,14,Windy City Bulls,WCB,111,False,0.402,0.226,0.769,42,14,13,244,22
2022,0022200680,2023-01-19,TOR @ MIN,Toronto Raptors,TOR,126,False,0.529,0.5,0.741,38,26,16,Minnesota Timberwolves,MIN,128,True,0.506,0.425,0.913,37,31,15,254,2
2022,0022200681,2023-01-19,PHX vs. BKN,Brooklyn Nets,BKN,112,False,0.524,0.423,0.6,34,27,12,Phoenix Suns,PHX,117,True,0.459,0.393,0.683,49,30,16,229,5
2022,0022200689,2023-01-20,UTA vs. BKN,Brooklyn Nets,BKN,117,True,0.538,0.439,0.65,42,26,9,Utah Jazz,UTA,106,False,0.42,0.41,0.696,46,24,10,223,11
2022,0022200686,2023-01-20,DAL vs. MIA,Miami Heat,MIA,90,False,0.478,0.2,0.741,39,15,15,Dallas Mavericks,DAL,115,True,0.463,0.474,0.821,37,21,10,205,25
2022,0022200688,2023-01-20,DEN vs. IND,Indiana Pacers,IND,111,False,0.44,0.25,0.784,39,23,21,Denver Nuggets,DEN,134,True,0.614,0.5,0.692,38,38,16,245,23
2022,0022200683,2023-01-20,ORL vs. NOP,New Orleans Pelicans,NOP,110,False,0.451,0.286,0.75,39,29,10,Orlando Magic,ORL,123,True,0.52,0.5,0.882,42,28,14,233,13
2022,0022200691,2023-01-20,SAC vs. OKC,Oklahoma City Thunder,OKC,113,False,0.484,0.4,0.636,36,21,9,Sacramento Kings,SAC,118,True,0.471,0.316,0.857,53,25,15,231,5
2022,0022200685,2023-01-20,GSW @ CLE,Golden State Warriors,GSW,120,True,0.488,0.535,0.684,45,25,17,Cleveland Cavaliers,CLE,114,False,0.5,0.424,0.842,35,24,15,234,6
2022,0022200687,2023-01-20,SAS vs. LAC,LA Clippers,LAC,131,True,0.63,0.536,0.7,32,31,9,San Antonio Spurs,SAS,126,False,0.573,0.538,0.714,34,34,6,257,5
2022,2022200144,2023-01-20,AUS vs. ONT,Ontario Clippers,ONT,100,False,0.421,0.29,0.875,53,18,15,Austin Spurs,AUS,108,True,0.441,0.208,0.727,53,26,8,208,8
2022,0022200690,2023-01-20,MEM @ LAL,Memphis Grizzlies,MEM,121,False,0.422,0.31,0.65,63,24,14,Los Angeles Lakers,LAL,122,True,0.409,0.317,0.805,47,24,9,243,1
2022,2022200145,2023-01-20,GLI @ RGV,G League Ignite,GLI,107,False,0.429,0.39,0.917,40,23,12,Rio Grande Valley Vipers,RGV,110,True,0.467,0.27,0.818,54,22,15,217,3
2022,0022200684,2023-01-20,ATL vs. NYK,New York Knicks,NYK,124,False,0.59,0.433,0.765,34,27,12,Atlanta Hawks,ATL,139,True,0.56,0.382,0.875,39,27,7,263,15
2022,2022200143,2023-01-20,MXC vs. SCW,Santa Cruz Warriors,SCW,135,True,0.506,0.41,0.846,52,25,22,Mexico City Capitanes,MXC,126,False,0.44,0.368,0.652,45,20,16,261,9
2022,2022200142,2023-01-20,GRG vs. CCG,Capital City Go-Go,CCG,104,True,0.43,0.13,0.727,48,16,17,Grand Rapids Gold,GRG,101,False,0.5,0.5,0.556,39,28,28,205,3
2022,2022200150,2023-01-21,BHM vs. STO,Stockton Kings,STO,111,False,0.536,0.5,0.667,42,30,18,Birmingham Squadron,BHM,112,True,0.488,0.5,0.813,35,22,12,223,1
2022,0022200697,2023-01-21,PHX vs. IND,Indiana Pacers,IND,107,False,0.375,0.351,0.846,48,22,14,Phoenix Suns,PHX,112,True,0.418,0.387,0.686,55,27,15,219,5
2022,2022200147,2023-01-21,GBO vs. WCB,Windy City Bulls,WCB,112,True,0.425,0.394,0.9,41,22,10,Greensboro Swarm,GBO,105,False,0.487,0.35,0.857,42,29,21,217,7
2022,2022200149,2023-01-21,AUS vs. ONT,Ontario Clippers,ONT,115,True,0.53,0.478,0.643,45,23,7,Austin Spurs,AUS,82,False,0.405,0.2,0.615,39,20,10,197,33
2022,2022200151,2023-01-21,WIS vs. RAP,Raptors 905,RAP,135,True,0.562,0.475,0.65,41,32,11,Wisconsin Herd,WIS,126,False,0.495,0.375,0.706,41,24,7,261,9
2022,0022200694,2023-01-21,ATL vs. CHA,Charlotte Hornets,CHA,122,True,0.506,0.382,0.864,36,28,12,Atlanta Hawks,ATL,118,False,0.542,0.44,0.85,40,24,16,240,4
2022,2022200153,2023-01-21,OKL @ TEX,Oklahoma City Blue,OKL,117,False,0.489,0.323,0.75,50,30,17,Texas Legends,TEX,121,True,0.5,0.486,0.857,44,31,15,238,4
2022,0022200695,2023-01-21,MIL @ CLE,Milwaukee Bucks,MIL,102,False,0.453,0.359,0.909,36,24,14,Cleveland Cavaliers,CLE,114,True,0.558,0.318,0.647,41,33,9,216,12
2022,2022200154,2023-01-21,SLC vs. SBL,South Bay Lakers,SBL,119,True,0.462,0.385,0.4,38,28,5,Salt Lake City Stars,SLC,110,False,0.534,0.379,0.75,48,25,26,229,9
2022,2022200148,2023-01-21,MNE vs. OSC,Osceola Magic,OSC,117,True,0.448,0.343,0.765,52,29,16,Maine Celtics,MNE,111,False,0.438,0.37,0.6,41,25,16,228,6
2022,0022200698,2023-01-21,SAC vs. PHI,Philadelphia 76ers,PHI,129,True,0.527,0.429,0.826,46,27,15,Sacramento Kings,SAC,127,False,0.548,0.394,0.759,29,28,8,256,2
2022,0022200692,2023-01-21,BOS @ TOR,Boston Celtics,BOS,106,True,0.447,0.457,0.933,41,25,15,Toronto Raptors,TOR,104,False,0.535,0.368,0.714,41,24,14,210,2
2022,2022200152,2023-01-21,RGV vs. GLI,G League Ignite,GLI,114,True,0.592,0.381,0.733,48,35,16,Rio Grande Valley Vipers,RGV,107,False,0.426,0.229,0.688,35,25,6,221,7
2022,0022200696,2023-01-21,HOU @ MIN,Houston Rockets,HOU,104,False,0.481,0.375,0.576,56,24,21,Minnesota Timberwolves,MIN,113,True,0.458,0.415,0.833,30,20,11,217,9
2022,0022200693,2023-01-21,WAS vs. ORL,Orlando Magic,ORL,118,False,0.467,0.412,0.833,41,24,10,Washington Wizards,WAS,138,True,0.537,0.529,0.72,46,34,8,256,20
2022,2022200146,2023-01-21,DEL vs. LIN,Long Island Nets,LIN,116,True,0.463,0.364,0.7,56,29,17,Delaware Blue Coats,DEL,101,False,0.438,0.257,0.462,43,26,18,217,15
2022,0022200700,2023-01-22,NYK @ TOR,New York Knicks,NYK,116,False,0.488,0.439,0.692,47,30,16,Toronto Raptors,TOR,125,True,0.456,0.441,0.8,45,21,7,241,9
2022,0022200701,2023-01-22,DAL vs. LAC,LA Clippers,LAC,112,True,0.455,0.429,0.968,46,20,10,Dallas Mavericks,DAL,98,False,0.438,0.371,0.577,38,15,10,210,14
2022,0022200705,2023-01-22,POR vs. LAL,Los Angeles Lakers,LAL,121,True,0.523,0.333,0.778,51,23,12,Portland Trail Blazers,POR,112,False,0.43,0.37,0.84,38,24,11,233,9
2022,0022200703,2023-01-22,MEM @ PHX,Memphis Grizzlies,MEM,110,False,0.435,0.344,0.704,52,28,20,Phoenix Suns,PHX,112,True,0.443,0.371,0.84,40,25,16,222,2
2022,2022200158,2023-01-22,MNE vs. OSC,Osceola Magic,OSC,112,False,0.475,0.317,0.765,44,27,20,Maine Celtics,MNE,115,True,0.475,0.347,0.375,42,34,12,227,3
2022,0022200699,2023-01-22,NOP @ MIA,New Orleans Pelicans,NOP,96,False,0.474,0.267,0.778,41,24,24,Miami Heat,MIA,100,True,0.438,0.235,0.815,42,17,21,196,4
2022,0022200702,2023-01-22,OKC @ DEN,Oklahoma City Thunder,OKC,101,True,0.449,0.269,0.875,50,21,8,Denver Nuggets,DEN,99,False,0.439,0.357,0.515,42,22,9,200,2
2022,0022200704,2023-01-22,BKN @ GSW,Brooklyn Nets,BKN,120,True,0.544,0.519,0.645,42,30,15,Golden State Warriors,GSW,116,False,0.456,0.406,0.778,42,28,10,236,4
2022,2022200159,2023-01-22,STO @ BHM,Stockton Kings,STO,122,True,0.517,0.459,0.889,37,26,13,Birmingham Squadron,BHM,104,False,0.552,0.435,1.0,28,23,20,226,18
2022,2022200155,2023-01-22,IWA @ WES,Iowa Wolves,IWA,99,True,0.427,0.323,0.583,48,23,17,Westchester Knicks,WES,97,False,0.405,0.333,0.833,46,21,19,196,2
2022,2022200157,2023-01-22,CPS @ FWN,College Park Skyhawks,CPS,129,True,0.511,0.516,0.75,55,30,12,Fort Wayne Mad Ants,FWN,91,False,0.393,0.278,0.545,44,25,16,220,38
2022,2022200160,2023-01-22,SCW @ MXC,Santa Cruz Warriors,SCW,117,False,0.453,0.438,0.824,44,17,18,Mexico City Capitanes,MXC,128,True,0.52,0.333,0.833,40,21,15,245,11
2022,2022200156,2023-01-22,CCG @ CLC,Capital City Go-Go,CCG,107,False,0.404,0.29,0.789,49,17,14,Cleveland Charge,CLC,111,True,0.553,0.344,0.733,36,22,23,218,4
2022,2022200162,2023-01-23,ONT vs. SLC,Salt Lake City Stars,SLC,105,False,0.425,0.438,0.684,29,21,16,Ontario Clippers,ONT,147,True,0.682,0.571,0.563,42,33,12,252,42
2022,0022200711,2023-01-23,POR vs. SAS,San Antonio Spurs,SAS,127,False,0.522,0.481,0.769,40,30,15,Portland Trail Blazers,POR,147,True,0.598,0.606,0.773,36,34,9,274,20
2022,0022200706,2023-01-23,MIL @ DET,Milwaukee Bucks,MIL,150,True,0.561,0.442,0.708,50,38,18,Detroit Pistons,DET,130,False,0.494,0.406,0.775,41,26,20,280,20
2022,0022200710,2023-01-23,UTA vs. CHA,Charlotte Hornets,CHA,102,False,0.447,0.125,0.706,42,22,14,Utah Jazz,UTA,120,True,0.477,0.4,0.846,46,25,16,222,18
2022,0022200707,2023-01-23,ORL vs. BOS,Boston Celtics,BOS,98,False,0.434,0.391,0.727,37,24,18,Orlando Magic,ORL,113,True,0.512,0.407,0.667,40,22,10,211,15
2022,0022200712,2023-01-23,MEM @ SAC,Memphis Grizzlies,MEM,100,False,0.408,0.333,0.8,31,28,15,Sacramento Kings,SAC,133,True,0.557,0.55,0.929,53,37,24,233,33
2022,0022200709,2023-01-23,MIN @ HOU,Minnesota Timberwolves,MIN,114,False,0.451,0.381,0.727,41,19,19,Houston Rockets,HOU,119,True,0.5,0.367,0.667,47,24,20,233,5
2022,0022200708,2023-01-23,ATL @ CHI,Atlanta Hawks,ATL,100,False,0.459,0.303,0.632,43,24,18,Chicago Bulls,CHI,111,True,0.463,0.324,0.667,47,28,9,211,11
2022,2022200161,2023-01-23,MCC vs. WIS,Wisconsin Herd,WIS,130,False,0.494,0.429,0.875,52,18,17,Motor City Cruise,MCC,134,True,0.482,0.34,0.643,43,31,7,264,4
2022,0022200718,2023-01-24,PHX vs. CHA,Charlotte Hornets,CHA,97,False,0.406,0.24,0.722,40,19,13,Phoenix Suns,PHX,128,True,0.5,0.564,0.923,55,38,17,225,31
2022,2022200169,2023-01-24,MXC @ RGV,Mexico City Capitanes,MXC,120,False,0.484,0.395,0.778,35,30,17,Rio Grande Valley Vipers,RGV,124,True,0.578,0.375,0.733,41,26,26,244,4
2022,0022200714,2023-01-24,BOS @ MIA,Boston Celtics,BOS,95,False,0.432,0.313,0.778,44,21,17,Miami Heat,MIA,98,True,0.362,0.364,0.783,51,21,7,193,3
2022,2022200165,2023-01-24,CPS @ CLC,College Park Skyhawks,CPS,111,True,0.47,0.259,0.625,47,23,16,Cleveland Charge,CLC,106,False,0.436,0.25,0.571,50,23,16,217,5
2022,2022200168,2023-01-24,AUS @ SXF,Austin Spurs,AUS,87,False,0.44,0.207,0.625,48,23,20,Sioux Falls Skyforce,SXF,92,True,0.4,0.217,0.833,38,18,11,179,5
2022,0022200716,2023-01-24,DEN @ NOP,Denver Nuggets,DEN,99,True,0.488,0.333,0.769,34,27,12,New Orleans Pelicans,NOP,98,False,0.447,0.192,0.85,43,18,14,197,1
2022,2022200166,2023-01-24,DEL vs. OSC,Osceola Magic,OSC,105,False,0.396,0.231,0.857,56,27,16,Delaware Blue Coats,DEL,123,True,0.465,0.273,0.857,49,30,7,228,18
2022,0022200717,2023-01-24,DAL vs. WAS,Washington Wizards,WAS,127,True,0.506,0.367,0.78,41,28,10,Dallas Mavericks,DAL,126,False,0.528,0.333,0.846,38,24,9,253,1
2022,2022200163,2023-01-24,GRG @ OKL,Grand Rapids Gold,GRG,113,True,0.506,0.438,0.875,49,25,18,Oklahoma City Blue,OKL,99,False,0.368,0.357,0.889,45,21,17,212,14
2022,2022200167,2023-01-24,WES vs. IWA,Iowa Wolves,IWA,99,False,0.406,0.279,0.417,41,23,13,Westchester Knicks,WES,126,True,0.548,0.528,0.9,51,29,18,225,27
2022,0022200715,2023-01-24,NYK vs. CLE,Cleveland Cavaliers,CLE,103,False,0.46,0.364,0.688,41,29,10,New York Knicks,NYK,105,True,0.493,0.515,0.667,42,25,15,208,2
2022,0022200719,2023-01-24,LAL vs. LAC,LA Clippers,LAC,133,True,0.607,0.5,0.8,47,25,12,Los Angeles Lakers,LAL,115,False,0.442,0.4,0.625,32,21,6,248,18
2022,0022200713,2023-01-24,CHI @ IND,Chicago Bulls,CHI,110,False,0.489,0.208,0.76,45,19,16,Indiana Pacers,IND,116,True,0.424,0.27,0.786,45,24,6,226,6
2022,2022200174,2023-01-25,LIN vs. IWA,Iowa Wolves,IWA,112,False,0.465,0.375,0.733,40,25,13,Long Island Nets,LIN,131,True,0.564,0.522,0.167,46,39,10,243,19
2022,2022200164,2023-01-25,MNE @ FWN,Maine Celtics,MNE,119,False,0.448,0.423,1.0,40,24,14,Fort Wayne Mad Ants,FWN,133,True,0.563,0.577,0.65,51,36,17,252,14
2022,2022200171,2023-01-25,GRG @ OKL,Grand Rapids Gold,GRG,105,False,0.436,0.351,0.667,32,24,12,Oklahoma City Blue,OKL,113,True,0.506,0.355,0.778,51,24,19,218,8
2022,0022200724,2023-01-25,NOP vs. MIN,Minnesota Timberwolves,MIN,111,True,0.488,0.379,0.714,36,23,9,New Orleans Pelicans,NOP,102,False,0.435,0.316,0.762,42,25,14,213,9
2022,0022200723,2023-01-25,DEN @ MIL,Denver Nuggets,DEN,99,False,0.392,0.324,0.75,51,21,19,Milwaukee Bucks,MIL,107,True,0.474,0.433,0.714,49,16,22,206,8
2022,2022200176,2023-01-25,SLC @ ONT,Salt Lake City Stars,SLC,112,False,0.458,0.462,0.667,46,20,16,Ontario Clippers,ONT,124,True,0.529,0.314,0.571,47,27,10,236,12
2022,0022200720,2023-01-25,ORL vs. IND,Indiana Pacers,IND,120,False,0.482,0.429,0.793,32,25,14,Orlando Magic,ORL,126,True,0.561,0.536,0.76,34,34,17,246,6
2022,2022200175,2023-01-25,WIS @ MCC,Wisconsin Herd,WIS,102,False,0.449,0.289,0.7,44,11,12,Motor City Cruise,MCC,120,True,0.462,0.375,0.917,52,35,8,222,18
2022,2022200173,2023-01-25,CLC vs. CPS,College Park Skyhawks,CPS,115,False,0.476,0.455,0.765,39,21,14,Cleveland Charge,CLC,116,True,0.488,0.417,0.722,45,22,15,231,1
2022,2022200172,2023-01-25,WCB @ CCG,Windy City Bulls,WCB,124,True,0.479,0.2,0.81,55,26,14,Capital City Go-Go,CCG,109,False,0.475,0.5,0.692,33,30,15,233,15
2022,0022200721,2023-01-25,BKN @ PHI,Brooklyn Nets,BKN,133,False,0.645,0.538,0.778,31,29,16,Philadelphia 76ers,PHI,137,True,0.512,0.474,0.972,36,26,9,270,4
2022,0022200725,2023-01-25,OKC vs. ATL,Atlanta Hawks,ATL,137,True,0.595,0.379,0.788,46,26,16,Oklahoma City Thunder,OKC,132,False,0.52,0.441,0.688,37,31,11,269,5
2022,0022200728,2023-01-25,SAC vs. TOR,Toronto Raptors,TOR,113,True,0.495,0.3,0.714,41,28,9,Sacramento Kings,SAC,95,False,0.479,0.406,0.923,34,29,19,208,18
2022,0022200722,2023-01-25,HOU vs. WAS,Washington Wizards,WAS,108,True,0.398,0.316,0.783,48,27,7,Houston Rockets,HOU,103,False,0.433,0.179,0.7,57,29,14,211,5
2022,0022200726,2023-01-25,MEM @ GSW,Memphis Grizzlies,MEM,120,False,0.477,0.323,0.703,36,26,13,Golden State Warriors,GSW,122,True,0.506,0.438,0.786,44,33,21,242,2
2022,0022200727,2023-01-25,UTA @ POR,Utah Jazz,UTA,124,False,0.522,0.488,0.667,35,32,13,Portland Trail Blazers,POR,134,True,0.573,0.472,0.833,41,26,10,258,10
2022,0022200729,2023-01-25,LAL vs. SAS,San Antonio Spurs,SAS,104,False,0.377,0.235,0.889,48,22,14,Los Angeles Lakers,LAL,113,True,0.444,0.303,0.767,56,25,19,217,9
2022,2022200170,2023-01-25,BHM @ RAP,Birmingham Squadron,BHM,89,False,0.418,0.2,0.909,38,23,19,Raptors 905,RAP,110,True,0.454,0.429,0.75,55,31,18,199,21
2022,2022200178,2023-01-26,MXC @ RGV,Mexico City Capitanes,MXC,96,False,0.463,0.353,0.429,44,23,19,Rio Grande Valley Vipers,RGV,110,True,0.442,0.206,0.833,50,24,13,206,14
2022,2022200177,2023-01-26,BHM @ RAP,Birmingham Squadron,BHM,115,True,0.5,0.267,0.9,49,29,11,Raptors 905,RAP,95,False,0.352,0.214,0.889,52,20,14,210,20
2022,2022200180,2023-01-26,SLC @ GLI,Salt Lake City Stars,SLC,116,True,0.494,0.448,0.833,47,20,9,G League Ignite,GLI,99,False,0.432,0.235,0.563,45,20,14,215,17
2022,0022200734,2023-01-26,DAL @ PHX,Dallas Mavericks,DAL,99,True,0.429,0.382,0.714,43,20,7,Phoenix Suns,PHX,95,False,0.407,0.406,0.75,50,24,7,194,4
2022,0022200732,2023-01-26,CHI @ CHA,Chicago Bulls,CHI,96,False,0.407,0.16,0.818,43,16,13,Charlotte Hornets,CHA,111,True,0.464,0.219,0.839,52,24,14,207,15
2022,2022200181,2023-01-26,MHU @ STO,Memphis Hustle,MHU,104,False,0.459,0.35,0.667,32,33,20,Stockton Kings,STO,124,True,0.541,0.448,1.0,49,28,18,228,20
2022,2022200179,2023-01-26,AUS vs. TEX,Texas Legends,TEX,108,False,0.444,0.425,0.7,34,20,11,Austin Spurs,AUS,131,True,0.643,0.391,0.667,49,39,13,239,23
2022,0022200735,2023-01-26,LAC vs. SAS,San Antonio Spurs,SAS,100,False,0.451,0.333,0.643,42,24,12,LA Clippers,LAC,138,True,0.584,0.474,0.762,37,26,5,238,38
2022,0022200733,2023-01-26,HOU vs. CLE,Cleveland Cavaliers,CLE,113,True,0.46,0.417,0.818,36,29,9,Houston Rockets,HOU,95,False,0.513,0.238,0.6,46,24,22,208,18
2022,0022200731,2023-01-26,DET @ BKN,Detroit Pistons,DET,130,True,0.505,0.407,0.885,48,27,11,Brooklyn Nets,BKN,122,False,0.457,0.342,0.852,40,24,16,252,8
2022,0022200730,2023-01-26,NYK @ BOS,New York Knicks,NYK,120,True,0.458,0.342,0.826,50,17,8,Boston Celtics,BOS,117,False,0.41,0.348,0.826,54,22,13,237,3
2022,0022200736,2023-01-27,IND vs. MIL,Milwaukee Bucks,MIL,141,True,0.531,0.419,0.613,50,32,16,Indiana Pacers,IND,131,False,0.551,0.394,0.714,38,22,13,272,10
2022,2022200186,2023-01-27,IWA vs. OKL,Oklahoma City Blue,OKL,125,True,0.527,0.441,0.75,42,37,13,Iowa Wolves,IWA,123,False,0.495,0.4,0.818,43,28,16,248,2
2022,0022200740,2023-01-27,TOR @ GSW,Toronto Raptors,TOR,117,False,0.455,0.364,0.619,46,24,10,Golden State Warriors,GSW,129,True,0.556,0.419,0.733,43,40,12,246,12
2022,0022200737,2023-01-27,MEM @ MIN,Memphis Grizzlies,MEM,100,False,0.409,0.242,0.842,47,22,20,Minnesota Timberwolves,MIN,111,True,0.512,0.371,0.667,45,31,19,211,11
2022,2022200183,2023-01-27,CPS vs. MCC,Motor City Cruise,MCC,124,True,0.5,0.464,0.692,48,26,8,College Park Skyhawks,CPS,120,False,0.488,0.385,0.783,46,20,10,244,4
2022,2022200182,2023-01-27,WCB @ CCG,Windy City Bulls,WCB,116,False,0.524,0.452,0.75,38,20,17,Capital City Go-Go,CCG,118,True,0.441,0.375,0.813,45,30,18,234,2
2022,0022200739,2023-01-27,OKC vs. CLE,Cleveland Cavaliers,CLE,100,False,0.443,0.276,0.778,37,27,10,Oklahoma City Thunder,OKC,112,True,0.526,0.556,0.88,46,19,14,212,12
2022,2022200184,2023-01-27,OSC vs. FWN,Fort Wayne Mad Ants,FWN,121,False,0.476,0.241,0.75,44,24,19,Osceola Magic,OSC,128,True,0.442,0.378,0.75,50,28,18,249,7
2022,2022200187,2023-01-27,WIS vs. GBO,Greensboro Swarm,GBO,112,False,0.478,0.36,0.714,51,30,16,Wisconsin Herd,WIS,115,True,0.443,0.381,0.778,41,25,10,227,3
2022,0022200738,2023-01-27,ORL @ MIA,Orlando Magic,ORL,105,False,0.478,0.353,0.844,40,21,20,Miami Heat,MIA,110,True,0.459,0.303,0.846,37,28,11,215,5
2022,2022200188,2023-01-27,SBL vs. SCW,Santa Cruz Warriors,SCW,119,True,0.423,0.318,0.667,59,22,19,South Bay Lakers,SBL,117,False,0.465,0.229,0.733,50,30,17,236,2
2022,2022200185,2023-01-27,WES vs. GRG,Grand Rapids Gold,GRG,108,True,0.5,0.306,0.7,43,28,14,Westchester Knicks,WES,99,False,0.419,0.279,0.818,46,24,18,207,9
2022,0022200748,2023-01-28,SAS vs. PHX,Phoenix Suns,PHX,128,True,0.485,0.333,0.769,52,31,9,San Antonio Spurs,SAS,118,False,0.44,0.345,0.706,53,32,13,246,10
2022,0022200743,2023-01-28,DET vs. HOU,Houston Rockets,HOU,117,True,0.478,0.296,0.778,48,20,17,Detroit Pistons,DET,114,False,0.458,0.368,0.774,35,23,16,231,3
2022,2022200190,2023-01-28,OSC vs. FWN,Fort Wayne Mad Ants,FWN,124,True,0.565,0.375,0.714,42,32,16,Osceola Magic,OSC,116,False,0.479,0.306,0.778,43,23,13,240,8
2022,0022200751,2023-01-28,TOR @ POR,Toronto Raptors,TOR,123,True,0.522,0.333,0.944,45,24,6,Portland Trail Blazers,POR,105,False,0.526,0.292,0.783,27,18,11,228,18
2022,0022200750,2023-01-28,DAL @ UTA,Dallas Mavericks,DAL,100,False,0.438,0.391,0.706,31,26,14,Utah Jazz,UTA,108,True,0.476,0.361,0.708,49,26,16,208,8
2022,0022200749,2023-01-28,LAL @ BOS,Los Angeles Lakers,LAL,121,False,0.448,0.286,0.75,47,30,12,Boston Celtics,BOS,125,True,0.464,0.325,0.872,46,18,12,246,4
2022,2022200193,2023-01-28,AUS @ RGV,Austin Spurs,AUS,110,False,0.5,0.29,0.909,45,27,19,Rio Grande Valley Vipers,RGV,126,True,0.5,0.356,0.917,39,34,11,236,16
2022,2022200191,2023-01-28,GBO @ WIS,Greensboro Swarm,GBO,116,True,0.484,0.426,0.714,45,29,12,Wisconsin Herd,WIS,102,False,0.393,0.283,0.917,41,21,13,218,14
2022,0022200742,2023-01-28,BKN vs. NYK,New York Knicks,NYK,115,False,0.511,0.357,0.789,45,19,10,Brooklyn Nets,BKN,122,True,0.529,0.55,0.571,35,31,8,237,7
2022,2022200192,2023-01-28,STO vs. MHU,Memphis Hustle,MHU,110,True,0.408,0.34,0.7,38,25,11,Stockton Kings,STO,109,False,0.566,0.364,0.818,46,27,21,219,1
2022,2022200189,2023-01-28,BHM @ MNE,Birmingham Squadron,BHM,113,True,0.584,0.211,0.667,46,27,21,Maine Celtics,MNE,106,False,0.471,0.395,0.778,30,31,15,219,7
2022,0022200747,2023-01-28,NOP vs. WAS,Washington Wizards,WAS,113,True,0.455,0.306,0.759,53,18,16,New Orleans Pelicans,NOP,103,False,0.424,0.276,0.895,42,21,10,216,10
2022,0022200746,2023-01-28,MIN vs. SAC,Sacramento Kings,SAC,110,False,0.451,0.273,0.75,36,23,9,Minnesota Timberwolves,MIN,117,True,0.525,0.459,0.762,44,25,19,227,7
2022,2022200194,2023-01-28,TEX vs. MXC,Mexico City Capitanes,MXC,120,True,0.451,0.351,0.667,54,29,10,Texas Legends,TEX,117,False,0.474,0.36,0.688,47,23,7,237,3
2022,0022200741,2023-01-28,DEN @ PHI,Denver Nuggets,DEN,119,False,0.543,0.412,0.85,36,28,14,Philadelphia 76ers,PHI,126,True,0.517,0.514,0.667,39,31,11,245,7
2022,0022200745,2023-01-28,ATL vs. LAC,LA Clippers,LAC,120,True,0.525,0.487,0.895,37,25,14,Atlanta Hawks,ATL,113,False,0.474,0.259,0.8,47,24,8,233,7
2022,0022200744,2023-01-28,CHI @ ORL,Chicago Bulls,CHI,128,True,0.593,0.457,0.842,38,30,12,Orlando Magic,ORL,109,False,0.494,0.357,0.708,36,29,12,237,19
2022,2022200198,2023-01-29,IWA vs. OKL,Oklahoma City Blue,OKL,122,False,0.462,0.487,0.588,47,34,17,Iowa Wolves,IWA,127,True,0.515,0.333,0.786,43,36,15,249,5
2022,2022200200,2023-01-29,SBL vs. SCW,Santa Cruz Warriors,SCW,118,False,0.461,0.474,0.786,42,23,21,South Bay Lakers,SBL,152,True,0.561,0.5,0.875,42,35,8,270,34
2022,2022200196,2023-01-29,CPS vs. MCC,Motor City Cruise,MCC,107,False,0.442,0.31,0.75,47,23,15,College Park Skyhawks,CPS,123,True,0.483,0.394,0.762,41,25,9,230,16
2022,2022200199,2023-01-29,MXC @ TEX,Mexico City Capitanes,MXC,114,True,0.4,0.342,0.95,46,17,10,Texas Legends,TEX,110,False,0.56,0.516,0.833,32,29,17,224,4
2022,0022200752,2023-01-29,MIA @ CHA,Miami Heat,MIA,117,False,0.484,0.323,0.739,36,26,10,Charlotte Hornets,CHA,122,True,0.542,0.375,0.773,47,25,19,239,5
2022,0022200755,2023-01-29,NOP @ MIL,New Orleans Pelicans,NOP,110,False,0.441,0.382,0.714,38,25,12,Milwaukee Bucks,MIL,135,True,0.552,0.395,0.6,57,27,11,245,25
2022,0022200753,2023-01-29,MEM vs. IND,Indiana Pacers,IND,100,False,0.456,0.281,0.905,38,21,17,Memphis Grizzlies,MEM,112,True,0.483,0.243,0.773,41,29,7,212,12
2022,2022200195,2023-01-29,GRG @ WES,Grand Rapids Gold,GRG,94,False,0.425,0.313,0.857,40,24,15,Westchester Knicks,WES,103,True,0.439,0.265,0.867,47,21,14,197,9
2022,2022200197,2023-01-29,CCG vs. LIN,Long Island Nets,LIN,111,True,0.464,0.378,0.889,41,25,12,Capital City Go-Go,CCG,98,False,0.453,0.333,0.706,45,18,17,209,13
2022,0022200754,2023-01-29,LAC @ CLE,LA Clippers,LAC,99,False,0.416,0.105,0.852,45,17,13,Cleveland Cavaliers,CLE,122,True,0.564,0.606,0.737,35,35,10,221,23
2022,0022200756,2023-01-30,ORL @ PHI,Orlando Magic,ORL,119,True,0.424,0.379,0.8,50,23,10,Philadelphia 76ers,PHI,109,False,0.471,0.367,0.783,45,28,19,228,10
2022,0022200762,2023-01-30,PHX vs. TOR,Toronto Raptors,TOR,106,False,0.449,0.273,0.895,44,19,13,Phoenix Suns,PHX,114,True,0.494,0.393,0.81,42,28,12,220,8
2022,0022200758,2023-01-30,MIN vs. SAC,Sacramento Kings,SAC,118,True,0.475,0.3,0.682,50,20,12,Minnesota Timberwolves,MIN,111,False,0.467,0.308,0.52,49,26,18,229,7
2022,2022200203,2023-01-30,ONT vs. RGV,Rio Grande Valley Vipers,RGV,112,True,0.398,0.356,0.739,45,24,19,Ontario Clippers,ONT,107,False,0.468,0.231,0.8,50,24,22,219,5
2022,2022200202,2023-01-30,SLC vs. MHU,Memphis Hustle,MHU,111,False,0.473,0.31,0.778,40,33,8,Salt Lake City Stars,SLC,118,True,0.472,0.415,0.733,51,28,16,229,7
2022,0022200761,2023-01-30,DAL vs. DET,Detroit Pistons,DET,105,False,0.456,0.359,0.704,40,18,14,Dallas Mavericks,DAL,111,True,0.494,0.294,0.697,40,17,10,216,6
2022,0022200760,2023-01-30,WAS @ SAS,Washington Wizards,WAS,127,True,0.558,0.533,0.882,45,32,13,San Antonio Spurs,SAS,106,False,0.433,0.241,0.652,43,26,10,233,21
2022,0022200763,2023-01-30,POR vs. ATL,Atlanta Hawks,ATL,125,False,0.468,0.433,0.8,45,26,6,Portland Trail Blazers,POR,129,True,0.544,0.475,0.889,32,24,8,254,4
2022,0022200759,2023-01-30,OKC vs. GSW,Golden State Warriors,GSW,128,True,0.511,0.426,0.8,44,37,15,Oklahoma City Thunder,OKC,120,False,0.495,0.458,0.85,43,23,16,248,8
2022,2022200012,2023-01-30,OSC vs. WES,Westchester Knicks,WES,114,True,0.531,0.31,0.714,34,24,17,Osceola Magic,OSC,113,False,0.488,0.395,0.611,45,26,16,227,1
2022,0022200757,2023-01-30,LAL @ BKN,Los Angeles Lakers,LAL,104,False,0.393,0.379,0.622,53,24,14,Brooklyn Nets,BKN,121,True,0.474,0.39,0.789,50,24,9,225,17
2022,2022200201,2023-01-30,LIN vs. WIS,Wisconsin Herd,WIS,116,False,0.524,0.415,0.5,34,21,18,Long Island Nets,LIN,131,True,0.566,0.463,0.917,38,30,14,247,15
2022,0022200768,2023-01-31,NOP @ DEN,New Orleans Pelicans,NOP,113,False,0.494,0.296,0.84,36,28,15,Denver Nuggets,DEN,122,True,0.494,0.444,0.833,44,33,18,235,9
2022,2022200204,2023-01-31,TEX @ SXF,Texas Legends,TEX,93,False,0.389,0.256,0.778,50,21,22,Sioux Falls Skyforce,SXF,105,True,0.519,0.259,0.667,39,27,15,198,12
2022,0022200766,2023-01-31,LAC @ CHI,LA Clippers,LAC,108,True,0.398,0.273,0.846,44,24,8,Chicago Bulls,CHI,103,False,0.494,0.5,0.714,51,26,20,211,5
2022,0022200765,2023-01-31,NYK vs. LAL,Los Angeles Lakers,LAL,129,True,0.516,0.333,0.71,44,29,14,New York Knicks,NYK,123,False,0.449,0.206,0.875,45,27,9,252,6
2022,0022200767,2023-01-31,MIL vs. CHA,Charlotte Hornets,CHA,115,False,0.378,0.282,0.769,62,27,11,Milwaukee Bucks,MIL,124,True,0.41,0.341,0.852,66,18,12,239,9
2022,0022200764,2023-01-31,CLE vs. MIA,Miami Heat,MIA,100,True,0.436,0.452,0.72,45,21,13,Cleveland Cavaliers,CLE,97,False,0.482,0.275,0.5,39,32,13,197,3
2022,2022200205,2023-01-31,SLC vs. MHU,Memphis Hustle,MHU,105,False,0.464,0.3,1.0,32,28,10,Salt Lake City Stars,SLC,135,True,0.531,0.449,0.857,56,31,12,240,30
2022,2022200210,2023-02-01,SBL @ MXC,South Bay Lakers,SBL,109,False,0.489,0.192,0.714,37,21,10,Mexico City Capitanes,MXC,113,True,0.489,0.4,0.667,54,24,18,222,4
2022,0022200771,2023-02-01,MEM vs. POR,Portland Trail Blazers,POR,122,True,0.471,0.389,0.963,41,24,13,Memphis Grizzlies,MEM,112,False,0.471,0.243,0.75,44,28,12,234,10
2022,0022200777,2023-02-01,ATL @ PHX,Atlanta Hawks,ATL,132,True,0.571,0.576,0.818,45,32,12,Phoenix Suns,PHX,100,False,0.407,0.143,0.839,44,22,16,232,32
2022,0022200772,2023-02-01,BKN @ BOS,Brooklyn Nets,BKN,96,False,0.409,0.231,0.833,32,19,5,Boston Celtics,BOS,139,True,0.576,0.481,0.7,57,28,10,235,43
2022,2022200208,2023-02-01,WES @ WIS,Westchester Knicks,WES,115,True,0.449,0.317,0.667,47,25,14,Wisconsin Herd,WIS,111,False,0.418,0.388,0.9,44,19,15,226,4
2022,2022200211,2023-02-01,RGV @ ONT,Rio Grande Valley Vipers,RGV,129,True,0.489,0.409,0.789,39,21,14,Ontario Clippers,ONT,121,False,0.45,0.233,0.833,49,23,15,250,8
2022,0022200776,2023-02-01,UTA vs. TOR,Toronto Raptors,TOR,128,False,0.455,0.435,0.692,52,27,7,Utah Jazz,UTA,131,True,0.53,0.362,0.867,49,29,16,259,3
2022,0022200774,2023-02-01,GSW @ MIN,Golden State Warriors,GSW,114,False,0.418,0.314,0.794,58,21,17,Minnesota Timberwolves,MIN,119,True,0.434,0.28,0.542,53,26,11,233,5
2022,0022200773,2023-02-01,HOU vs. OKC,Oklahoma City Thunder,OKC,106,False,0.369,0.279,0.818,52,22,10,Houston Rockets,HOU,112,True,0.436,0.304,0.742,65,20,17,218,6
2022,2022200209,2023-02-01,DEL @ BHM,Delaware Blue Coats,DEL,124,True,0.49,0.325,0.769,37,25,14,Birmingham Squadron,BHM,102,False,0.487,0.28,0.769,49,24,31,226,22
2022,2022200207,2023-02-01,GBO vs. GRG,Grand Rapids Gold,GRG,108,False,0.489,0.379,0.778,40,27,15,Greensboro Swarm,GBO,112,True,0.506,0.485,0.727,38,24,19,220,4
2022,0022200775,2023-02-01,SAS vs. SAC,Sacramento Kings,SAC,119,True,0.533,0.296,0.789,34,25,9,San Antonio Spurs,SAS,109,False,0.545,0.333,0.714,40,30,18,228,10
2022,2022200206,2023-02-01,CCG vs. MNE,Maine Celtics,MNE,126,False,0.469,0.318,0.786,42,25,13,Capital City Go-Go,CCG,131,True,0.565,0.48,0.692,42,32,12,257,5
2022,0022200770,2023-02-01,PHI vs. ORL,Orlando Magic,ORL,94,False,0.379,0.158,0.759,46,12,14,Philadelphia 76ers,PHI,105,True,0.436,0.4,0.885,43,27,18,199,11
2022,0022200784,2023-02-02,MIL vs. LAC,LA Clippers,LAC,105,False,0.411,0.361,0.7,49,15,7,Milwaukee Bucks,MIL,106,True,0.433,0.243,0.704,53,16,10,211,1
2022,0022200779,2023-02-02,CLE vs. MEM,Memphis Grizzlies,MEM,113,False,0.471,0.435,0.955,44,22,18,Cleveland Cavaliers,CLE,128,True,0.538,0.483,0.727,41,33,15,241,15
2022,0022200780,2023-02-02,MIA @ NYK,Miami Heat,MIA,104,False,0.448,0.361,0.813,33,24,10,New York Knicks,NYK,106,True,0.482,0.333,0.778,44,25,17,210,2
2022,0022200782,2023-02-02,DAL vs. NOP,New Orleans Pelicans,NOP,106,False,0.5,0.25,0.81,50,27,17,Dallas Mavericks,DAL,111,True,0.435,0.341,0.793,36,16,8,217,5
2022,2022200212,2023-02-02,OKL @ AUS,Oklahoma City Blue,OKL,115,True,0.524,0.364,0.692,42,23,20,Austin Spurs,AUS,114,False,0.482,0.438,0.909,38,30,15,229,1
2022,0022200778,2023-02-02,IND vs. LAL,Los Angeles Lakers,LAL,112,True,0.457,0.273,0.71,51,29,13,Indiana Pacers,IND,111,False,0.484,0.39,0.833,46,30,16,223,1
2022,0022200781,2023-02-02,CHI vs. CHA,Charlotte Hornets,CHA,98,False,0.419,0.2,0.867,45,19,14,Chicago Bulls,CHI,114,True,0.519,0.393,0.808,40,24,13,212,16
2022,0022200783,2023-02-02,DEN vs. GSW,Golden State Warriors,GSW,117,False,0.506,0.5,0.632,42,25,17,Denver Nuggets,DEN,134,True,0.567,0.457,0.762,38,35,11,251,17
2022,2022200213,2023-02-02,RAP vs. CLC,Cleveland Charge,CLC,100,False,0.284,0.306,0.727,38,15,17,Raptors 905,RAP,136,True,0.598,0.371,0.846,53,39,17,236,36
2022,0022200788,2023-02-03,PHX @ BOS,Phoenix Suns,PHX,106,True,0.432,0.375,0.857,53,28,8,Boston Celtics,BOS,94,False,0.387,0.263,0.839,43,18,14,200,12
2022,0022200791,2023-02-03,SAS vs. PHI,Philadelphia 76ers,PHI,137,True,0.529,0.481,0.78,39,28,10,San Antonio Spurs,SAS,125,False,0.584,0.333,0.933,35,32,18,262,12
2022,0022200792,2023-02-03,UTA vs. ATL,Atlanta Hawks,ATL,115,True,0.463,0.27,0.739,52,28,9,Utah Jazz,UTA,108,False,0.451,0.295,0.722,50,20,15,223,7
2022,2022200214,2023-02-03,GBO vs. GRG,Grand Rapids Gold,GRG,107,False,0.442,0.333,0.684,38,25,12,Greensboro Swarm,GBO,123,True,0.573,0.4,0.733,42,31,15,230,16
2022,2022200218,2023-02-03,WIS vs. WCB,Windy City Bulls,WCB,144,True,0.596,0.483,0.769,45,27,4,Wisconsin Herd,WIS,133,False,0.505,0.423,0.75,33,33,7,277,11
2022,2022200215,2023-02-03,MNE vs. CPS,College Park Skyhawks,CPS,114,True,0.494,0.469,0.733,42,22,13,Maine Celtics,MNE,96,False,0.427,0.237,0.75,43,22,17,210,18
2022,2022200217,2023-02-03,BHM @ SXF,Birmingham Squadron,BHM,99,False,0.466,0.276,0.875,44,29,21,Sioux Falls Skyforce,SXF,106,True,0.456,0.343,0.625,49,19,14,205,7
2022,0022200790,2023-02-03,ORL @ MIN,Orlando Magic,ORL,127,True,0.529,0.522,0.658,42,23,15,Minnesota Timberwolves,MIN,120,False,0.46,0.364,0.857,41,21,20,247,7
2022,0022200787,2023-02-03,POR @ WAS,Portland Trail Blazers,POR,124,True,0.489,0.415,0.913,38,25,7,Washington Wizards,WAS,116,False,0.5,0.364,0.909,41,27,10,240,8
2022,0022200789,2023-02-03,HOU vs. TOR,Toronto Raptors,TOR,117,True,0.456,0.385,0.741,43,21,9,Houston Rockets,HOU,111,False,0.5,0.333,0.727,40,22,13,228,6
2022,0022200785,2023-02-03,CHA @ DET,Charlotte Hornets,CHA,112,False,0.444,0.265,0.767,37,22,13,Detroit Pistons,DET,118,True,0.512,0.438,0.696,51,27,22,230,6
2022,0022200786,2023-02-03,IND vs. SAC,Sacramento Kings,SAC,104,False,0.43,0.342,0.85,49,24,19,Indiana Pacers,IND,107,True,0.449,0.415,0.714,47,28,16,211,3
2022,2022200216,2023-02-03,MHU vs. DEL,Delaware Blue Coats,DEL,130,False,0.5,0.341,0.6,42,30,13,Memphis Hustle,MHU,132,True,0.544,0.391,0.75,49,32,19,262,2
2022,2022200219,2023-02-03,ONT @ SCW,Ontario Clippers,ONT,114,False,0.406,0.375,0.786,40,26,10,Santa Cruz Warriors,SCW,123,True,0.494,0.5,0.615,63,25,22,237,9
2022,0022200794,2023-02-04,PHX @ DET,Phoenix Suns,PHX,116,True,0.56,0.478,0.677,46,34,16,Detroit Pistons,DET,100,False,0.432,0.381,0.636,30,23,16,216,16
2022,2022200227,2023-02-04,SBL vs. GLI,G League Ignite,GLI,107,False,0.467,0.409,0.615,42,24,11,South Bay Lakers,SBL,119,True,0.549,0.462,0.769,36,27,12,226,12
2022,0022200799,2023-02-04,HOU @ OKC,Houston Rockets,HOU,121,False,0.506,0.333,0.778,34,29,15,Oklahoma City Thunder,OKC,153,True,0.577,0.457,0.87,42,39,8,274,32
2022,0022200795,2023-02-04,LAC @ NYK,LA Clippers,LAC,134,True,0.478,0.432,0.857,46,24,13,New York Knicks,NYK,128,False,0.479,0.45,0.769,46,30,10,262,6
2022,2022200226,2023-02-04,MHU vs. DEL,Delaware Blue Coats,DEL,129,True,0.563,0.455,0.6,32,36,12,Memphis Hustle,MHU,120,False,0.482,0.395,0.765,49,25,23,249,9
2022,0022200797,2023-02-04,MIL vs. MIA,Miami Heat,MIA,115,False,0.446,0.258,0.81,44,23,7,Milwaukee Bucks,MIL,123,True,0.523,0.35,0.607,51,23,12,238,8
2022,0022200800,2023-02-04,GSW vs. DAL,Dallas Mavericks,DAL,113,False,0.459,0.35,0.778,39,22,14,Golden State Warriors,GSW,119,True,0.549,0.4,0.789,38,33,14,232,6
2022,2022200228,2023-02-04,SLC vs. RGV,Rio Grande Valley Vipers,RGV,125,False,0.506,0.441,0.625,34,27,16,Salt Lake City Stars,SLC,131,True,0.5,0.413,0.778,48,30,18,256,6
2022,2022200225,2023-02-04,IWA vs. AUS,Austin Spurs,AUS,134,True,0.478,0.514,0.818,49,35,12,Iowa Wolves,IWA,128,False,0.511,0.413,0.588,37,28,15,262,6
2022,0022200798,2023-02-04,NOP vs. LAL,Los Angeles Lakers,LAL,126,False,0.479,0.344,0.758,44,30,9,New Orleans Pelicans,NOP,131,True,0.52,0.3,0.9,48,28,10,257,5
2022,2022200221,2023-02-04,CLC @ RAP,Cleveland Charge,CLC,118,False,0.494,0.444,0.769,44,32,22,Raptors 905,RAP,124,True,0.489,0.406,0.917,40,28,19,242,6
2022,0022200793,2023-02-04,WAS @ BKN,Washington Wizards,WAS,123,False,0.481,0.464,0.78,39,22,15,Brooklyn Nets,BKN,125,True,0.5,0.424,0.893,39,21,15,248,2
2022,2022200224,2023-02-04,MNE vs. CPS,College Park Skyhawks,CPS,108,False,0.42,0.405,0.769,33,18,13,Maine Celtics,MNE,132,True,0.56,0.459,0.875,46,31,14,240,24
2022,2022200220,2023-02-04,STO @ OKL,Stockton Kings,STO,105,False,0.422,0.323,0.786,42,24,13,Oklahoma City Blue,OKL,119,True,0.531,0.385,0.933,45,31,16,224,14
2022,0022200801,2023-02-04,DEN vs. ATL,Atlanta Hawks,ATL,108,False,0.484,0.3,0.824,43,26,15,Denver Nuggets,DEN,128,True,0.505,0.395,0.85,48,32,12,236,20
2022,2022200222,2023-02-04,CCG @ FWN,Capital City Go-Go,CCG,115,False,0.449,0.115,0.75,56,27,18,Fort Wayne Mad Ants,FWN,122,True,0.5,0.313,0.563,47,36,20,237,7
2022,2022200223,2023-02-04,LIN vs. MCC,Motor City Cruise,MCC,121,False,0.582,0.407,0.9,33,23,16,Long Island Nets,LIN,123,True,0.573,0.515,0.778,23,30,12,244,2
2022,0022200796,2023-02-04,POR @ CHI,Portland Trail Blazers,POR,121,False,0.506,0.326,0.905,33,22,9,Chicago Bulls,CHI,129,True,0.6,0.462,0.84,41,32,12,250,8
2022,0022200802,2023-02-05,CHA vs. ORL,Orlando Magic,ORL,119,True,0.462,0.348,0.9,52,25,12,Charlotte Hornets,CHA,113,False,0.542,0.364,0.478,39,28,15,232,6
2022,2022200232,2023-02-05,BHM @ SXF,Birmingham Squadron,BHM,111,False,0.506,0.407,0.8,40,25,17,Sioux Falls Skyforce,SXF,120,True,0.488,0.382,0.8,39,21,9,231,9
2022,0022200805,2023-02-05,MEM vs. TOR,Toronto Raptors,TOR,106,True,0.436,0.306,0.583,42,24,11,Memphis Grizzlies,MEM,103,False,0.487,0.37,0.739,44,25,20,209,3
2022,2022200230,2023-02-05,WCB @ GBO,Windy City Bulls,WCB,122,False,0.551,0.394,0.65,35,28,12,Greensboro Swarm,GBO,133,True,0.543,0.523,0.75,39,37,12,255,11
2022,2022200233,2023-02-05,SBL @ ONT,South Bay Lakers,SBL,122,False,0.585,0.3,0.688,47,24,18,Ontario Clippers,ONT,123,True,0.495,0.4,0.632,38,27,8,245,1
2022,0022200804,2023-02-05,PHI @ NYK,Philadelphia 76ers,PHI,97,False,0.405,0.28,0.833,44,23,11,New York Knicks,NYK,108,True,0.43,0.333,0.718,49,21,9,205,11
2022,2022200229,2023-02-05,OSC vs. MXC,Mexico City Capitanes,MXC,122,True,0.485,0.267,0.75,44,30,17,Osceola Magic,OSC,121,False,0.484,0.3,0.684,53,25,22,243,1
2022,2022200231,2023-02-05,IWA vs. AUS,Austin Spurs,AUS,110,False,0.482,0.359,0.615,36,27,15,Iowa Wolves,IWA,141,True,0.556,0.432,1.0,41,30,11,251,31
2022,0022200807,2023-02-05,SAC @ NOP,Sacramento Kings,SAC,104,False,0.427,0.262,0.852,38,23,15,New Orleans Pelicans,NOP,136,True,0.565,0.538,0.765,48,26,10,240,32
2022,0022200803,2023-02-05,CLE @ IND,Cleveland Cavaliers,CLE,122,True,0.523,0.405,0.938,46,33,12,Indiana Pacers,IND,103,False,0.435,0.25,0.682,42,28,13,225,19
2022,0022200806,2023-02-05,DEN @ MIN,Denver Nuggets,DEN,98,False,0.479,0.24,0.774,37,19,21,Minnesota Timberwolves,MIN,128,True,0.552,0.37,0.733,34,33,11,226,30
2022,2022200234,2023-02-06,CCG @ FWN,Capital City Go-Go,CCG,126,True,0.538,0.313,0.923,49,26,21,Fort Wayne Mad Ants,FWN,123,False,0.465,0.273,0.875,41,25,11,249,3
2022,0022200812,2023-02-06,SAC @ HOU,Sacramento Kings,SAC,140,True,0.584,0.512,0.833,35,38,10,Houston Rockets,HOU,120,False,0.5,0.406,0.792,39,27,13,260,20
2022,2022200236,2023-02-06,CPS vs. WES,Westchester Knicks,WES,112,False,0.474,0.212,0.643,44,20,11,College Park Skyhawks,CPS,126,True,0.565,0.444,0.6,47,24,14,238,14
2022,0022200815,2023-02-06,MIL @ POR,Milwaukee Bucks,MIL,127,True,0.54,0.381,0.81,55,27,14,Portland Trail Blazers,POR,108,False,0.407,0.25,0.862,28,23,8,235,19
2022,2022200235,2023-02-06,DEL @ CLC,Delaware Blue Coats,DEL,110,True,0.444,0.3,0.769,50,22,17,Cleveland Charge,CLC,99,False,0.402,0.172,0.778,48,18,19,209,11
2022,0022200813,2023-02-06,DAL @ UTA,Dallas Mavericks,DAL,124,True,0.466,0.385,0.871,49,26,13,Utah Jazz,UTA,111,False,0.471,0.194,0.885,37,21,13,235,13
2022,0022200809,2023-02-06,WAS vs. CLE,Cleveland Cavaliers,CLE,114,True,0.564,0.414,0.7,43,26,16,Washington Wizards,WAS,91,False,0.427,0.214,0.789,37,20,14,205,23
2022,2022200237,2023-02-06,STO @ MCC,Stockton Kings,STO,116,True,0.524,0.429,1.0,48,27,14,Motor City Cruise,MCC,102,False,0.432,0.303,0.667,43,19,11,218,14
2022,0022200810,2023-02-06,LAC @ BKN,LA Clippers,LAC,124,True,0.478,0.4,0.8,46,20,7,Brooklyn Nets,BKN,116,False,0.488,0.516,0.818,42,21,16,240,8
2022,0022200811,2023-02-06,CHI vs. SAS,San Antonio Spurs,SAS,104,False,0.444,0.308,0.941,38,25,18,Chicago Bulls,CHI,128,True,0.562,0.273,0.88,49,27,13,232,24
2022,2022200238,2023-02-06,RAP vs. MNE,Maine Celtics,MNE,115,True,0.47,0.429,0.867,45,26,12,Raptors 905,RAP,112,False,0.467,0.286,0.818,42,28,9,227,3
2022,0022200814,2023-02-06,GSW vs. OKC,Oklahoma City Thunder,OKC,114,False,0.484,0.344,0.714,36,21,11,Golden State Warriors,GSW,141,True,0.577,0.52,0.429,45,43,16,255,27
2022,0022200808,2023-02-06,BOS @ DET,Boston Celtics,BOS,111,True,0.47,0.432,0.81,51,25,11,Detroit Pistons,DET,99,False,0.425,0.273,0.762,42,22,9,210,12
2022,0022200818,2023-02-07,ATL @ NOP,Atlanta Hawks,ATL,107,False,0.447,0.333,0.76,41,30,11,New Orleans Pelicans,NOP,116,True,0.495,0.375,0.667,47,28,9,223,9
2022,0022200820,2023-02-07,DEN vs. MIN,Minnesota Timberwolves,MIN,112,False,0.471,0.286,0.846,36,24,17,Denver Nuggets,DEN,146,True,0.624,0.481,0.773,44,44,10,258,34
2022,0022200821,2023-02-07,OKC @ LAL,Oklahoma City Thunder,OKC,133,True,0.521,0.5,0.9,37,32,12,Los Angeles Lakers,LAL,130,False,0.576,0.452,0.692,41,27,20,263,3
2022,0022200817,2023-02-07,BKN vs. PHX,Phoenix Suns,PHX,116,True,0.467,0.29,0.75,48,31,15,Brooklyn Nets,BKN,112,False,0.481,0.321,0.871,36,25,16,228,4
2022,2022200242,2023-02-07,MHU vs. BHM,Birmingham Squadron,BHM,99,False,0.447,0.156,0.583,43,22,20,Memphis Hustle,MHU,129,True,0.5,0.395,0.909,49,37,17,228,30
2022,2022200239,2023-02-07,IWA vs. MXC,Mexico City Capitanes,MXC,114,True,0.479,0.4,0.545,49,29,21,Iowa Wolves,IWA,113,False,0.453,0.366,0.667,45,30,19,227,1
2022,0022200819,2023-02-07,CHI @ MEM,Chicago Bulls,CHI,89,False,0.368,0.2,0.667,49,24,18,Memphis Grizzlies,MEM,104,True,0.481,0.333,0.714,39,22,13,193,15
2022,2022200241,2023-02-07,SCW @ WIS,Santa Cruz Warriors,SCW,122,True,0.467,0.4,0.917,59,28,22,Wisconsin Herd,WIS,104,False,0.422,0.178,0.667,43,20,11,226,18
2022,0022200816,2023-02-07,NYK @ ORL,New York Knicks,NYK,102,True,0.457,0.349,0.684,43,21,10,Orlando Magic,ORL,98,False,0.468,0.24,0.75,41,23,11,200,4
2022,2022200240,2023-02-07,SXF @ LIN,Sioux Falls Skyforce,SXF,92,False,0.439,0.269,0.467,49,22,17,Long Island Nets,LIN,112,True,0.478,0.381,0.833,47,27,14,204,20
2022,0022200828,2023-02-08,UTA vs. MIN,Minnesota Timberwolves,MIN,143,True,0.571,0.535,1.0,47,35,10,Utah Jazz,UTA,118,False,0.419,0.353,0.857,50,27,8,261,25
2022,2022200243,2023-02-08,CLC vs. DEL,Delaware Blue Coats,DEL,122,True,0.523,0.455,0.909,42,28,25,Cleveland Charge,CLC,112,False,0.477,0.361,0.8,37,30,22,234,10
2022,2022200250,2023-02-08,GLI @ AUS,G League Ignite,GLI,106,True,0.457,0.367,0.7,52,21,22,Austin Spurs,AUS,99,False,0.378,0.267,0.75,43,20,12,205,7
2022,0022200830,2023-02-08,POR vs. GSW,Golden State Warriors,GSW,122,False,0.474,0.429,0.9,32,31,11,Portland Trail Blazers,POR,125,True,0.551,0.296,0.969,47,25,21,247,3
2022,0022200824,2023-02-08,BOS vs. PHI,Philadelphia 76ers,PHI,99,False,0.446,0.323,0.75,37,20,6,Boston Celtics,BOS,106,True,0.526,0.543,0.7,44,25,13,205,7
2022,2022200246,2023-02-08,WES @ CPS,Westchester Knicks,WES,107,False,0.414,0.313,0.875,35,21,10,College Park Skyhawks,CPS,121,True,0.55,0.433,0.8,46,25,17,228,14
2022,0022200826,2023-02-08,SAS @ TOR,San Antonio Spurs,SAS,98,False,0.402,0.281,0.704,39,24,12,Toronto Raptors,TOR,112,True,0.489,0.357,0.762,51,21,16,210,14
2022,2022200244,2023-02-08,RAP vs. MNE,Maine Celtics,MNE,126,True,0.529,0.455,1.0,45,25,14,Raptors 905,RAP,117,False,0.505,0.258,0.667,31,29,9,243,9
2022,2022200247,2023-02-08,GRG vs. STO,Stockton Kings,STO,119,True,0.506,0.432,1.0,46,25,15,Grand Rapids Gold,GRG,92,False,0.414,0.286,0.813,34,25,17,211,27
2022,2022200248,2023-02-08,SLC @ GBO,Salt Lake City Stars,SLC,128,True,0.505,0.423,0.65,54,28,14,Greensboro Swarm,GBO,119,False,0.557,0.516,0.563,36,31,17,247,9
2022,0022200822,2023-02-08,CLE vs. DET,Detroit Pistons,DET,85,False,0.37,0.25,0.944,32,19,13,Cleveland Cavaliers,CLE,113,True,0.494,0.231,0.84,50,30,10,198,28
2022,0022200823,2023-02-08,WAS vs. CHA,Charlotte Hornets,CHA,104,False,0.419,0.29,0.81,40,23,7,Washington Wizards,WAS,118,True,0.506,0.405,0.882,52,29,16,222,14
2022,0022200827,2023-02-08,HOU vs. SAC,Sacramento Kings,SAC,130,True,0.5,0.333,0.933,31,29,9,Houston Rockets,HOU,128,False,0.547,0.455,0.857,44,25,19,258,2
2022,2022200245,2023-02-08,OKL @ FWN,Oklahoma City Blue,OKL,119,False,0.542,0.361,0.615,42,30,21,Fort Wayne Mad Ants,FWN,133,True,0.537,0.405,0.75,43,23,15,252,14
2022,0022200829,2023-02-08,DAL @ LAC,Dallas Mavericks,DAL,110,True,0.526,0.486,0.647,44,26,18,LA Clippers,LAC,104,False,0.442,0.364,0.762,40,21,11,214,6
2022,2022200249,2023-02-08,LIN vs. SXF,Sioux Falls Skyforce,SXF,95,False,0.413,0.242,0.733,39,15,19,Long Island Nets,LIN,130,True,0.548,0.459,0.786,44,32,12,225,35
2022,0022200825,2023-02-08,IND @ MIA,Indiana Pacers,IND,111,False,0.487,0.455,0.714,31,24,11,Miami Heat,MIA,116,True,0.468,0.316,0.923,48,21,11,227,5
2022,0022200831,2023-02-09,DEN @ ORL,Denver Nuggets,DEN,104,False,0.464,0.303,0.667,39,24,16,Orlando Magic,ORL,115,True,0.485,0.333,0.632,47,24,10,219,11
2022,2022200251,2023-02-09,MHU vs. MXC,Mexico City Capitanes,MXC,99,False,0.461,0.367,0.571,40,22,15,Memphis Hustle,MHU,111,True,0.478,0.417,0.857,47,29,12,210,12
2022,0022200834,2023-02-09,LAL vs. MIL,Milwaukee Bucks,MIL,115,True,0.455,0.255,0.722,51,24,10,Los Angeles Lakers,LAL,106,False,0.472,0.389,0.714,43,23,12,221,9
2022,2022200254,2023-02-09,STO @ GRG,Stockton Kings,STO,97,False,0.437,0.265,0.636,43,27,9,Grand Rapids Gold,GRG,113,True,0.524,0.455,0.6,45,30,8,210,16
2022,0022200833,2023-02-09,CHI @ BKN,Chicago Bulls,CHI,105,False,0.462,0.192,0.762,46,15,11,Brooklyn Nets,BKN,116,True,0.429,0.386,0.84,49,26,11,221,11
2022,2022200255,2023-02-09,TEX @ IWA,Texas Legends,TEX,130,True,0.539,0.517,0.8,40,27,12,Iowa Wolves,IWA,121,False,0.447,0.37,0.706,46,28,16,251,9
2022,2022200253,2023-02-09,ONT vs. SBL,South Bay Lakers,SBL,122,True,0.548,0.292,0.882,43,20,15,Ontario Clippers,ONT,117,False,0.433,0.469,0.833,44,20,10,239,5
2022,0022200832,2023-02-09,PHX @ ATL,Phoenix Suns,PHX,107,False,0.453,0.233,0.759,35,24,10,Atlanta Hawks,ATL,116,True,0.453,0.345,0.741,59,23,18,223,9
2022,2022200252,2023-02-09,SCW @ WCB,Santa Cruz Warriors,SCW,112,False,0.427,0.434,0.7,52,32,15,Windy City Bulls,WCB,116,True,0.394,0.292,0.722,53,33,5,228,4
2022,0022200845,2023-02-10,MIL @ LAC,Milwaukee Bucks,MIL,119,True,0.5,0.436,0.75,49,28,11,LA Clippers,LAC,106,False,0.494,0.333,0.786,35,17,9,225,13
2022,2022200259,2023-02-10,MNE vs. CLC,Cleveland Charge,CLC,84,False,0.383,0.286,0.7,35,17,12,Maine Celtics,MNE,110,True,0.438,0.34,0.818,58,33,13,194,26
2022,0022200838,2023-02-10,BOS vs. CHA,Charlotte Hornets,CHA,116,False,0.484,0.348,0.692,47,26,13,Boston Celtics,BOS,127,True,0.494,0.455,0.824,43,34,15,243,11
2022,0022200840,2023-02-10,HOU @ MIA,Houston Rockets,HOU,95,False,0.417,0.233,0.75,47,23,16,Miami Heat,MIA,97,True,0.416,0.316,0.955,40,21,16,192,2
2022,0022200836,2023-02-10,IND vs. PHX,Phoenix Suns,PHX,117,True,0.462,0.303,0.875,53,25,15,Indiana Pacers,IND,104,False,0.424,0.282,0.75,38,23,15,221,13
2022,0022200835,2023-02-10,DET vs. SAS,San Antonio Spurs,SAS,131,False,0.421,0.333,0.794,51,21,17,Detroit Pistons,DET,138,True,0.43,0.189,0.796,62,29,15,269,7
2022,0022200839,2023-02-10,TOR vs. UTA,Utah Jazz,UTA,122,True,0.54,0.25,0.759,46,31,17,Toronto Raptors,TOR,116,False,0.451,0.353,0.733,40,28,13,238,6
2022,0022200837,2023-02-10,PHI vs. NYK,New York Knicks,NYK,108,False,0.531,0.344,0.688,35,23,12,Philadelphia 76ers,PHI,119,True,0.524,0.368,0.773,40,27,6,227,11
2022,0022200841,2023-02-10,MIN @ MEM,Minnesota Timberwolves,MIN,107,False,0.466,0.405,0.833,35,25,17,Memphis Grizzlies,MEM,128,True,0.583,0.4,0.741,44,27,18,235,21
2022,2022200262,2023-02-10,GLI @ AUS,G League Ignite,GLI,82,False,0.363,0.2,0.733,48,19,16,Austin Spurs,AUS,116,True,0.513,0.5,0.667,45,23,10,198,34
2022,0022200844,2023-02-10,SAC vs. DAL,Dallas Mavericks,DAL,122,True,0.489,0.419,0.947,39,34,9,Sacramento Kings,SAC,114,False,0.542,0.333,0.844,38,21,14,236,8
2022,0022200842,2023-02-10,CLE @ NOP,Cleveland Cavaliers,CLE,118,True,0.565,0.357,0.8,41,28,11,New Orleans Pelicans,NOP,107,False,0.476,0.375,0.8,34,25,14,225,11
2022,2022200258,2023-02-10,OSC vs. SLC,Salt Lake City Stars,SLC,124,True,0.556,0.433,0.857,51,24,25,Osceola Magic,OSC,115,False,0.451,0.231,0.75,36,24,7,239,9
2022,2022200256,2023-02-10,WIS @ CCG,Wisconsin Herd,WIS,141,True,0.553,0.406,0.826,35,24,11,Capital City Go-Go,CCG,130,False,0.593,0.37,0.625,39,29,15,271,11
2022,2022200260,2023-02-10,MCC vs. OKL,Oklahoma City Blue,OKL,113,False,0.473,0.455,0.5,44,29,10,Motor City Cruise,MCC,117,True,0.45,0.297,0.846,57,26,10,230,4
2022,2022200257,2023-02-10,GBO vs. FWN,Fort Wayne Mad Ants,FWN,137,False,0.519,0.303,0.688,42,31,14,Greensboro Swarm,GBO,138,True,0.551,0.462,0.769,45,31,23,275,1
2022,2022200261,2023-02-10,SXF @ WES,Sioux Falls Skyforce,SXF,114,True,0.553,0.394,0.75,47,26,20,Westchester Knicks,WES,96,False,0.43,0.25,0.8,33,23,11,210,18
2022,0022200843,2023-02-10,OKC @ POR,Oklahoma City Thunder,OKC,138,True,0.566,0.5,0.914,29,29,10,Portland Trail Blazers,POR,129,False,0.553,0.4,0.935,32,29,18,267,9
2022,2022200270,2023-02-11,GLI @ TEX,G League Ignite,GLI,89,False,0.388,0.313,0.833,52,17,18,Texas Legends,TEX,107,True,0.418,0.211,0.625,47,22,8,196,18
2022,0022200852,2023-02-11,CLE vs. CHI,Chicago Bulls,CHI,89,False,0.486,0.238,0.8,44,27,22,Cleveland Cavaliers,CLE,97,True,0.419,0.257,0.842,39,26,12,186,8
2022,0022200848,2023-02-11,ORL vs. MIA,Miami Heat,MIA,107,True,0.435,0.308,0.913,46,24,19,Orlando Magic,ORL,103,False,0.425,0.379,0.783,44,22,18,210,4
2022,2022200268,2023-02-11,AUS vs. BHM,Birmingham Squadron,BHM,120,True,0.549,0.32,0.938,40,26,14,Austin Spurs,AUS,113,False,0.579,0.483,0.5,30,27,15,233,7
2022,0022200854,2023-02-11,DAL @ SAC,Dallas Mavericks,DAL,128,False,0.516,0.392,0.737,43,27,15,Sacramento Kings,SAC,133,True,0.51,0.25,0.92,50,22,7,261,5
2022,2022200265,2023-02-11,OSC vs. SLC,Salt Lake City Stars,SLC,116,False,0.484,0.375,0.636,51,23,13,Osceola Magic,OSC,126,True,0.429,0.375,0.846,47,26,2,242,10
2022,2022200267,2023-02-11,OKL @ MCC,Oklahoma City Blue,OKL,95,False,0.481,0.348,0.727,42,25,13,Motor City Cruise,MCC,99,True,0.404,0.333,0.889,47,22,11,194,4
2022,0022200851,2023-02-11,UTA @ NYK,Utah Jazz,UTA,120,False,0.511,0.281,0.75,38,23,10,New York Knicks,NYK,126,True,0.453,0.333,0.737,52,18,6,246,6
2022,0022200846,2023-02-11,PHI @ BKN,Philadelphia 76ers,PHI,101,True,0.44,0.261,0.967,41,17,10,Brooklyn Nets,BKN,98,False,0.402,0.325,0.846,42,23,8,199,3
2022,0022200850,2023-02-11,SAS @ ATL,San Antonio Spurs,SAS,106,False,0.426,0.297,0.882,49,25,19,Atlanta Hawks,ATL,125,True,0.485,0.385,0.789,48,29,10,231,19
2022,2022200263,2023-02-11,DEL vs. WIS,Wisconsin Herd,WIS,139,False,0.526,0.4,0.652,37,30,15,Delaware Blue Coats,DEL,166,True,0.62,0.526,0.667,51,35,18,305,27
2022,2022200269,2023-02-11,WCB vs. SCW,Santa Cruz Warriors,SCW,112,True,0.494,0.356,0.438,50,32,21,Windy City Bulls,WCB,98,False,0.373,0.289,0.778,35,22,12,210,14
2022,0022200853,2023-02-11,LAL @ GSW,Los Angeles Lakers,LAL,109,True,0.449,0.32,0.808,52,19,15,Golden State Warriors,GSW,103,False,0.417,0.273,0.917,43,31,15,212,6
2022,0022200849,2023-02-11,WAS vs. IND,Indiana Pacers,IND,113,False,0.453,0.35,0.765,33,27,7,Washington Wizards,WAS,127,True,0.64,0.462,0.864,40,32,16,240,14
2022,2022200264,2023-02-11,CPS vs. LIN,Long Island Nets,LIN,120,True,0.446,0.353,0.909,51,24,15,College Park Skyhawks,CPS,107,False,0.429,0.304,0.64,49,21,18,227,13
2022,2022200266,2023-02-11,CLC @ MNE,Cleveland Charge,CLC,105,False,0.434,0.313,0.81,29,20,13,Maine Celtics,MNE,116,True,0.553,0.368,0.917,37,32,14,221,11
2022,0022200847,2023-02-11,CHA vs. DEN,Denver Nuggets,DEN,119,True,0.505,0.217,0.824,51,35,14,Charlotte Hornets,CHA,105,False,0.471,0.25,0.586,37,25,14,224,14
2022,2022200273,2023-02-12,IWA vs. STO,Stockton Kings,STO,132,True,0.575,0.405,0.833,49,40,20,Iowa Wolves,IWA,108,False,0.432,0.231,0.714,35,24,16,240,24
2022,2022200271,2023-02-12,FWN vs. SBL,South Bay Lakers,SBL,124,True,0.535,0.407,0.6,55,28,16,Fort Wayne Mad Ants,FWN,102,False,0.409,0.308,0.75,37,24,16,226,22
2022,0022200855,2023-02-12,BOS vs. MEM,Memphis Grizzlies,MEM,109,False,0.5,0.353,0.619,34,24,8,Boston Celtics,BOS,119,True,0.443,0.412,0.769,55,28,10,228,10
2022,0022200856,2023-02-12,TOR vs. DET,Detroit Pistons,DET,118,False,0.506,0.382,0.781,32,25,16,Toronto Raptors,TOR,119,True,0.483,0.367,0.667,40,21,8,237,1
2022,2022200272,2023-02-12,RAP @ WES,Raptors 905,RAP,124,True,0.495,0.432,0.917,43,22,14,Westchester Knicks,WES,123,False,0.516,0.355,0.588,46,27,11,247,1
2022,2022200280,2023-02-13,RAP @ WES,Raptors 905,RAP,104,False,0.467,0.379,0.7,33,26,16,Westchester Knicks,WES,113,True,0.512,0.385,0.625,50,21,17,217,9
2022,2022200274,2023-02-13,SBL @ FWN,South Bay Lakers,SBL,128,False,0.561,0.371,0.6,44,33,13,Fort Wayne Mad Ants,FWN,132,True,0.559,0.3,0.688,34,31,11,260,4
2022,2022200275,2023-02-13,STO @ IWA,Stockton Kings,STO,109,False,0.452,0.286,0.917,39,24,15,Iowa Wolves,IWA,119,True,0.482,0.452,0.722,42,23,11,228,10
2022,0022200866,2023-02-13,WAS @ GSW,Washington Wizards,WAS,126,False,0.6,0.429,0.857,33,26,17,Golden State Warriors,GSW,135,True,0.584,0.5,0.733,34,40,15,261,9
2022,0022200862,2023-02-13,NYK vs. BKN,Brooklyn Nets,BKN,106,False,0.449,0.414,0.727,39,18,10,New York Knicks,NYK,124,True,0.549,0.441,0.731,38,18,8,230,18
2022,0022200857,2023-02-13,ATL @ CHA,Atlanta Hawks,ATL,138,False,0.491,0.393,1.0,42,26,12,Charlotte Hornets,CHA,144,True,0.631,0.541,0.783,35,36,17,282,6
2022,0022200863,2023-02-13,CHI vs. ORL,Orlando Magic,ORL,100,True,0.469,0.296,0.842,42,24,17,Chicago Bulls,CHI,91,False,0.407,0.143,0.947,44,17,16,191,9
2022,0022200859,2023-02-13,UTA @ IND,Utah Jazz,UTA,123,True,0.506,0.455,0.88,46,24,18,Indiana Pacers,IND,117,False,0.505,0.324,0.7,32,30,11,240,6
2022,0022200864,2023-02-13,OKC vs. NOP,New Orleans Pelicans,NOP,103,True,0.527,0.3,0.889,33,19,18,Oklahoma City Thunder,OKC,100,False,0.422,0.273,0.833,43,20,16,203,3
2022,0022200867,2023-02-13,LAL @ POR,Los Angeles Lakers,LAL,115,False,0.442,0.324,0.905,56,24,13,Portland Trail Blazers,POR,127,True,0.474,0.489,0.923,42,27,7,242,12
2022,2022200277,2023-02-13,CPS @ DEL,College Park Skyhawks,CPS,104,False,0.37,0.212,0.867,40,16,15,Delaware Blue Coats,DEL,130,True,0.567,0.438,0.8,53,26,22,234,26
2022,2022200276,2023-02-13,OKL vs. MHU,Memphis Hustle,MHU,133,True,0.5,0.429,1.0,44,37,13,Oklahoma City Blue,OKL,113,False,0.495,0.278,0.625,48,25,17,246,20
2022,0022200865,2023-02-13,DAL vs. MIN,Minnesota Timberwolves,MIN,124,True,0.578,0.31,0.731,39,28,12,Dallas Mavericks,DAL,121,False,0.512,0.333,0.759,33,21,9,245,3
2022,2022200279,2023-02-13,MCC vs. GBO,Greensboro Swarm,GBO,104,False,0.432,0.302,0.786,35,26,11,Motor City Cruise,MCC,119,True,0.494,0.325,0.929,48,22,12,223,15
2022,0022200860,2023-02-13,HOU @ PHI,Houston Rockets,HOU,104,False,0.407,0.25,0.903,42,17,17,Philadelphia 76ers,PHI,123,True,0.561,0.441,0.941,38,26,16,227,19
2022,0022200861,2023-02-13,DEN @ MIA,Denver Nuggets,DEN,112,True,0.579,0.393,0.867,39,34,13,Miami Heat,MIA,108,False,0.438,0.343,0.9,34,25,8,220,4
2022,2022200281,2023-02-13,SXF @ SLC,Sioux Falls Skyforce,SXF,115,False,0.464,0.323,0.8,39,29,7,Salt Lake City Stars,SLC,124,True,0.532,0.4,0.571,48,28,12,239,9
2022,2022200278,2023-02-13,WCB @ GRG,Windy City Bulls,WCB,115,True,0.461,0.375,0.846,39,23,10,Grand Rapids Gold,GRG,112,False,0.494,0.341,1.0,46,31,13,227,3
2022,0022200858,2023-02-13,CLE vs. SAS,San Antonio Spurs,SAS,109,False,0.506,0.381,0.75,35,27,16,Cleveland Cavaliers,CLE,117,True,0.564,0.321,0.8,36,21,14,226,8
2022,0022200868,2023-02-14,ORL @ TOR,Orlando Magic,ORL,113,False,0.512,0.419,0.778,29,26,18,Toronto Raptors,TOR,123,True,0.602,0.333,0.75,40,31,18,236,10
2022,2022200282,2023-02-14,CLC vs. WIS,Wisconsin Herd,WIS,120,False,0.414,0.357,0.818,45,17,19,Cleveland Charge,CLC,128,True,0.516,0.4,0.563,50,30,17,248,8
2022,2022200283,2023-02-14,WCB @ GRG,Windy City Bulls,WCB,108,False,0.435,0.342,0.857,44,22,15,Grand Rapids Gold,GRG,115,True,0.489,0.366,0.875,47,30,14,223,7
2022,0022200872,2023-02-14,WAS @ POR,Washington Wizards,WAS,126,True,0.57,0.515,0.864,44,28,14,Portland Trail Blazers,POR,101,False,0.419,0.286,0.708,37,20,12,227,25
2022,2022200284,2023-02-14,ONT vs. TEX,Texas Legends,TEX,101,False,0.402,0.324,0.875,47,22,10,Ontario Clippers,ONT,107,True,0.459,0.333,0.583,57,27,10,208,6
2022,0022200869,2023-02-14,BOS @ MIL,Boston Celtics,BOS,125,False,0.465,0.34,0.8,44,28,13,Milwaukee Bucks,MIL,131,True,0.478,0.429,0.771,52,29,18,256,6
2022,0022200871,2023-02-14,GSW @ LAC,Golden State Warriors,GSW,124,False,0.542,0.441,0.704,36,28,11,LA Clippers,LAC,134,True,0.533,0.472,0.864,36,33,8,258,10
2022,0022200870,2023-02-14,PHX vs. SAC,Sacramento Kings,SAC,109,False,0.446,0.368,0.875,40,23,17,Phoenix Suns,PHX,120,True,0.568,0.318,0.813,37,33,13,229,11
2022,0022200876,2023-02-15,ATL vs. NYK,New York Knicks,NYK,122,True,0.469,0.326,0.818,55,16,9,Atlanta Hawks,ATL,101,False,0.412,0.192,0.762,40,25,4,223,21
2022,0022200873,2023-02-15,SAS @ CHA,San Antonio Spurs,SAS,110,False,0.383,0.342,0.75,58,24,15,Charlotte Hornets,CHA,120,True,0.448,0.4,0.69,58,26,15,230,10
2022,0022200881,2023-02-15,DEN vs. DAL,Dallas Mavericks,DAL,109,False,0.464,0.359,0.85,31,25,12,Denver Nuggets,DEN,118,True,0.571,0.355,0.733,43,34,13,227,9
2022,2022200288,2023-02-15,OKL vs. MHU,Memphis Hustle,MHU,106,True,0.43,0.256,0.6,54,25,17,Oklahoma City Blue,OKL,98,False,0.423,0.216,0.833,53,24,19,204,8
2022,0022200878,2023-02-15,MIA @ BKN,Miami Heat,MIA,105,False,0.458,0.286,0.724,41,19,8,Brooklyn Nets,BKN,116,True,0.532,0.436,0.85,36,26,11,221,11
2022,0022200875,2023-02-15,CLE @ PHI,Cleveland Cavaliers,CLE,112,False,0.5,0.333,0.8,35,23,8,Philadelphia 76ers,PHI,118,True,0.5,0.481,0.931,38,24,11,230,6
2022,0022200882,2023-02-15,NOP @ LAL,New Orleans Pelicans,NOP,102,False,0.438,0.28,0.708,50,24,15,Los Angeles Lakers,LAL,120,True,0.53,0.27,0.611,43,32,10,222,18
2022,2022200285,2023-02-15,MCC vs. GBO,Greensboro Swarm,GBO,119,False,0.524,0.412,0.769,37,14,11,Motor City Cruise,MCC,123,True,0.5,0.441,0.933,40,25,14,242,4
2022,0022200879,2023-02-15,MEM vs. UTA,Utah Jazz,UTA,111,False,0.462,0.333,0.789,61,24,23,Memphis Grizzlies,MEM,117,True,0.402,0.35,0.68,46,24,4,228,6
2022,0022200877,2023-02-15,BOS vs. DET,Detroit Pistons,DET,109,False,0.512,0.379,0.75,35,24,14,Boston Celtics,BOS,127,True,0.533,0.467,0.8,43,30,11,236,18
2022,2022200286,2023-02-15,CCG vs. WES,Westchester Knicks,WES,111,True,0.452,0.323,0.688,45,21,10,Capital City Go-Go,CCG,109,False,0.448,0.355,0.824,52,25,16,220,2
2022,0022200880,2023-02-15,HOU @ OKC,Houston Rockets,HOU,96,False,0.337,0.27,0.684,47,20,17,Oklahoma City Thunder,OKC,133,True,0.483,0.265,0.851,49,21,10,229,37
2022,2022200287,2023-02-15,CPS @ FWN,College Park Skyhawks,CPS,135,False,0.471,0.353,0.81,43,29,17,Fort Wayne Mad Ants,FWN,141,True,0.554,0.375,0.792,49,38,17,276,6
2022,2022200289,2023-02-15,CLC vs. SBL,South Bay Lakers,SBL,114,True,0.513,0.515,0.9,42,27,18,Cleveland Charge,CLC,95,False,0.382,0.333,0.9,45,24,20,209,19
2022,0022200874,2023-02-15,CHI @ IND,Chicago Bulls,CHI,113,False,0.488,0.429,0.762,38,23,13,Indiana Pacers,IND,117,True,0.476,0.419,0.955,41,27,17,230,4
2022,2022200290,2023-02-15,SCW vs. TEX,Texas Legends,TEX,111,False,0.478,0.297,0.9,31,23,8,Santa Cruz Warriors,SCW,130,True,0.515,0.34,0.75,57,35,15,241,19
2022,0022200883,2023-02-16,MIL @ CHI,Milwaukee Bucks,MIL,112,True,0.455,0.383,0.778,52,24,8,Chicago Bulls,CHI,100,False,0.381,0.313,0.762,51,19,5,212,12
2022,0022200885,2023-02-16,PHX vs. LAC,LA Clippers,LAC,116,True,0.488,0.324,0.926,43,29,14,Phoenix Suns,PHX,107,False,0.472,0.355,0.75,38,30,12,223,9
2022,0022200884,2023-02-16,WAS @ MIN,Washington Wizards,WAS,114,True,0.453,0.4,0.824,49,25,15,Minnesota Timberwolves,MIN,106,False,0.411,0.276,0.909,53,21,18,220,8
2022,2022200295,2023-02-22,RGV vs. SBL,South Bay Lakers,SBL,120,True,0.458,0.344,0.636,52,26,12,Rio Grande Valley Vipers,RGV,112,False,0.418,0.235,0.654,55,15,13,232,8
2022,2022200293,2023-02-22,LIN vs. FWN,Fort Wayne Mad Ants,FWN,102,False,0.387,0.263,0.706,51,23,21,Long Island Nets,LIN,122,True,0.5,0.375,0.563,49,24,17,224,20
2022,2022200294,2023-02-22,MXC @ IWA,Mexico City Capitanes,MXC,124,True,0.467,0.37,0.688,46,28,14,Iowa Wolves,IWA,116,False,0.473,0.319,0.7,43,28,17,240,8
2022,2022200297,2023-02-22,AUS @ SCW,Austin Spurs,AUS,105,False,0.409,0.237,0.8,34,25,10,Santa Cruz Warriors,SCW,126,True,0.455,0.317,0.8,66,25,17,231,21
2022,2022200291,2023-02-22,MCC @ DEL,Motor City Cruise,MCC,116,True,0.463,0.447,0.842,48,22,21,Delaware Blue Coats,DEL,111,False,0.446,0.353,0.643,43,24,14,227,5
2022,2022200296,2023-02-22,RAP @ WCB,Raptors 905,RAP,110,False,0.468,0.317,0.6,44,27,16,Windy City Bulls,WCB,114,True,0.469,0.25,0.667,54,28,17,224,4
2022,2022200292,2023-02-22,GBO vs. CLC,Cleveland Charge,CLC,110,True,0.467,0.447,0.455,50,27,17,Greensboro Swarm,GBO,100,False,0.473,0.28,0.714,35,27,17,210,10
2022,2022200304,2023-02-23,ONT @ STO,Ontario Clippers,ONT,113,False,0.489,0.324,0.667,39,26,9,Stockton Kings,STO,114,True,0.519,0.32,0.75,44,25,12,227,1
2022,0022200894,2023-02-23,SAC vs. POR,Portland Trail Blazers,POR,116,False,0.462,0.421,0.824,33,26,12,Sacramento Kings,SAC,133,True,0.553,0.412,0.806,49,27,18,249,17
2022,2022200300,2023-02-23,BHM vs. OKL,Oklahoma City Blue,OKL,113,True,0.513,0.387,0.667,39,14,18,Birmingham Squadron,BHM,111,False,0.506,0.348,0.632,43,20,17,224,2
2022,0022200891,2023-02-23,SAS @ DAL,San Antonio Spurs,SAS,116,False,0.523,0.4,0.696,45,30,16,Dallas Mavericks,DAL,142,True,0.561,0.524,0.778,36,27,6,258,26
2022,0022200892,2023-02-23,OKC @ UTA,Oklahoma City Thunder,OKC,119,False,0.402,0.216,0.778,54,23,10,Utah Jazz,UTA,120,True,0.42,0.271,0.852,58,26,21,239,1
2022,2022200299,2023-02-23,SXF vs. MXC,Mexico City Capitanes,MXC,109,False,0.396,0.444,0.857,41,23,10,Sioux Falls Skyforce,SXF,118,True,0.512,0.481,0.667,47,26,10,227,9
2022,0022200886,2023-02-23,DEN @ CLE,Denver Nuggets,DEN,115,True,0.464,0.472,0.87,47,30,16,Cleveland Cavaliers,CLE,109,False,0.478,0.231,0.85,41,24,10,224,6
2022,0022200888,2023-02-23,DET @ ORL,Detroit Pistons,DET,106,False,0.457,0.5,0.789,45,22,19,Orlando Magic,ORL,108,True,0.411,0.387,0.783,46,27,12,214,2
2022,0022200893,2023-02-23,GSW @ LAL,Golden State Warriors,GSW,111,False,0.381,0.286,0.81,48,24,10,Los Angeles Lakers,LAL,124,True,0.488,0.533,0.706,58,30,14,235,13
2022,2022200301,2023-02-23,GLI @ MHU,G League Ignite,GLI,114,False,0.495,0.324,0.714,42,32,11,Memphis Hustle,MHU,116,True,0.474,0.313,0.905,43,23,13,230,2
2022,0022200890,2023-02-23,TOR vs. NOP,New Orleans Pelicans,NOP,110,False,0.464,0.433,0.76,43,23,13,Toronto Raptors,TOR,115,True,0.467,0.29,0.8,48,17,11,225,5
2022,2022200302,2023-02-23,SBL @ RGV,South Bay Lakers,SBL,125,True,0.517,0.355,0.684,49,30,17,Rio Grande Valley Vipers,RGV,99,False,0.389,0.189,0.625,51,22,21,224,26
2022,2022200298,2023-02-23,GRG vs. CCG,Capital City Go-Go,CCG,112,True,0.441,0.206,0.625,54,22,13,Grand Rapids Gold,GRG,111,False,0.528,0.406,0.286,42,36,19,223,1
2022,0022200889,2023-02-23,PHI vs. MEM,Memphis Grizzlies,MEM,105,False,0.391,0.219,0.833,49,22,11,Philadelphia 76ers,PHI,110,True,0.405,0.361,0.806,43,25,10,215,5
2022,2022200303,2023-02-23,WCB vs. RAP,Raptors 905,RAP,103,False,0.459,0.368,0.5,47,30,15,Windy City Bulls,WCB,108,True,0.43,0.367,0.813,49,22,9,211,5
2022,0022200887,2023-02-23,IND vs. BOS,Boston Celtics,BOS,142,True,0.515,0.462,0.846,51,31,15,Indiana Pacers,IND,138,False,0.521,0.449,0.818,37,33,14,280,4
2022,0022200899,2023-02-24,OKC @ PHX,Oklahoma City Thunder,OKC,115,False,0.432,0.395,0.75,47,27,9,Phoenix Suns,PHX,124,True,0.467,0.368,0.813,54,23,11,239,9
2022,0022200900,2023-02-24,BKN @ CHI,Brooklyn Nets,BKN,87,False,0.37,0.273,0.789,31,21,13,Chicago Bulls,CHI,131,True,0.568,0.462,0.679,57,25,9,218,44
2022,0022200897,2023-02-24,MIA @ MIL,Miami Heat,MIA,99,False,0.391,0.225,0.72,45,21,10,Milwaukee Bucks,MIL,128,True,0.48,0.413,0.789,57,27,10,227,29
2022,0022200898,2023-02-24,CHA @ MIN,Charlotte Hornets,CHA,121,True,0.467,0.357,0.893,52,25,11,Minnesota Timberwolves,MIN,113,False,0.495,0.333,0.625,45,25,15,234,8
2022,0022200896,2023-02-24,CLE @ ATL,Cleveland Cavaliers,CLE,119,False,0.455,0.371,0.897,35,20,11,Atlanta Hawks,ATL,136,True,0.588,0.536,0.913,42,28,14,255,17
2022,2022200310,2023-02-24,GLI @ MHU,G League Ignite,GLI,97,False,0.367,0.219,0.65,46,22,15,Memphis Hustle,MHU,123,True,0.535,0.459,0.5,60,33,20,220,26
2022,2022200312,2023-02-24,AUS @ SCW,Austin Spurs,AUS,105,False,0.393,0.414,0.765,42,22,15,Santa Cruz Warriors,SCW,114,True,0.385,0.286,0.783,58,24,15,219,9
2022,0022200895,2023-02-24,WAS vs. NYK,New York Knicks,NYK,115,True,0.489,0.414,0.813,43,21,12,Washington Wizards,WAS,109,False,0.494,0.432,1.0,34,25,17,224,6
2022,0022200901,2023-02-24,GSW vs. HOU,Houston Rockets,HOU,101,False,0.391,0.314,0.818,44,23,7,Golden State Warriors,GSW,116,True,0.474,0.481,0.889,47,27,18,217,15
2022,2022200306,2023-02-24,MCC @ DEL,Motor City Cruise,MCC,111,True,0.466,0.375,1.0,36,28,10,Delaware Blue Coats,DEL,107,False,0.447,0.263,0.818,50,29,16,218,4
2022,2022200309,2023-02-24,BHM vs. CPS,College Park Skyhawks,CPS,119,True,0.543,0.474,0.65,49,25,16,Birmingham Squadron,BHM,107,False,0.393,0.394,0.7,44,13,13,226,12
2022,2022200305,2023-02-24,OSC @ CLC,Osceola Magic,OSC,105,False,0.444,0.25,0.708,40,17,24,Cleveland Charge,CLC,130,True,0.568,0.45,0.8,41,30,24,235,25
2022,2022200307,2023-02-24,MNE @ GBO,Maine Celtics,MNE,120,True,0.522,0.357,0.6,55,31,16,Greensboro Swarm,GBO,106,False,0.443,0.263,0.538,46,27,11,226,14
2022,2022200308,2023-02-24,WES vs. FWN,Fort Wayne Mad Ants,FWN,122,True,0.5,0.314,0.692,53,30,19,Westchester Knicks,WES,119,False,0.461,0.321,0.833,43,27,12,241,3
2022,2022200311,2023-02-24,WIS @ TEX,Wisconsin Herd,WIS,123,True,0.454,0.353,0.857,58,27,14,Texas Legends,TEX,122,False,0.433,0.342,0.667,49,30,6,245,1
2022,0022200902,2023-02-24,SAC @ LAC,Sacramento Kings,SAC,176,True,0.586,0.439,0.8,43,33,15,LA Clippers,LAC,175,False,0.602,0.578,0.861,42,39,25,351,1
2022,2022200313,2023-02-25,CCG vs. DEL,Delaware Blue Coats,DEL,136,True,0.557,0.5,0.938,30,34,18,Capital City Go-Go,CCG,121,False,0.516,0.292,0.846,41,33,20,257,15
2022,0022200908,2023-02-25,BOS @ PHI,Boston Celtics,BOS,110,True,0.5,0.444,0.667,44,20,12,Philadelphia 76ers,PHI,107,False,0.449,0.333,0.8,42,19,10,217,3
2022,0022200905,2023-02-25,ORL vs. IND,Indiana Pacers,IND,121,True,0.485,0.375,0.714,45,35,7,Orlando Magic,ORL,108,False,0.389,0.207,0.842,55,16,13,229,13
2022,2022200314,2023-02-25,CLC vs. OSC,Osceola Magic,OSC,101,False,0.4,0.333,0.625,48,21,12,Cleveland Charge,CLC,102,True,0.5,0.294,0.733,33,17,13,203,1
2022,0022200904,2023-02-25,CHA vs. MIA,Miami Heat,MIA,103,False,0.4,0.306,0.824,42,24,16,Charlotte Hornets,CHA,108,True,0.432,0.323,0.815,48,20,15,211,5
2022,0022200903,2023-02-25,TOR @ DET,Toronto Raptors,TOR,95,True,0.375,0.269,0.647,46,22,8,Detroit Pistons,DET,91,False,0.404,0.25,0.643,62,26,13,186,4
2022,0022200907,2023-02-25,DEN @ MEM,Denver Nuggets,DEN,94,False,0.404,0.297,0.786,48,22,15,Memphis Grizzlies,MEM,112,True,0.474,0.341,0.875,50,25,12,206,18
2022,0022200906,2023-02-25,NOP @ NYK,New Orleans Pelicans,NOP,106,False,0.392,0.211,0.857,39,25,7,New York Knicks,NYK,128,True,0.511,0.396,0.826,54,24,19,234,22
2022,0022200909,2023-02-25,UTA vs. SAS,San Antonio Spurs,SAS,102,False,0.392,0.265,0.81,41,21,9,Utah Jazz,UTA,118,True,0.467,0.357,0.786,56,29,14,220,16
2022,2022200318,2023-02-25,TEX vs. RGV,Rio Grande Valley Vipers,RGV,112,True,0.547,0.208,0.727,49,26,22,Texas Legends,TEX,98,False,0.451,0.176,0.667,30,24,15,210,14
2022,2022200316,2023-02-25,RAP @ MCC,Raptors 905,RAP,104,True,0.469,0.4,0.889,51,27,15,Motor City Cruise,MCC,87,False,0.317,0.293,0.632,48,16,12,191,17
2022,2022200319,2023-02-25,SCW vs. SLC,Salt Lake City Stars,SLC,119,True,0.447,0.395,0.733,53,31,16,Santa Cruz Warriors,SCW,112,False,0.404,0.354,0.667,48,23,16,231,7
2022,2022200315,2023-02-25,GBO vs. MNE,Maine Celtics,MNE,110,False,0.408,0.319,0.889,52,25,14,Greensboro Swarm,GBO,122,True,0.488,0.273,0.909,43,22,8,232,12
2022,2022200317,2023-02-25,IWA @ SBL,Iowa Wolves,IWA,126,False,0.489,0.385,0.8,39,26,18,South Bay Lakers,SBL,148,True,0.519,0.395,0.882,49,26,10,274,22
2022,2022200322,2023-02-26,WES @ WCB,Westchester Knicks,WES,108,False,0.447,0.257,0.813,39,24,16,Windy City Bulls,WCB,123,True,0.516,0.28,0.667,52,29,17,231,15
2022,2022200320,2023-02-26,OKL vs. CPS,College Park Skyhawks,CPS,104,False,0.452,0.222,1.0,48,19,22,Oklahoma City Blue,OKL,116,True,0.447,0.319,0.846,45,27,19,220,12
2022,0022200916,2023-02-26,MIN @ GSW,Minnesota Timberwolves,MIN,104,False,0.422,0.378,0.524,43,26,16,Golden State Warriors,GSW,109,True,0.429,0.357,0.727,56,23,16,213,5
2022,2022200323,2023-02-26,LIN @ AUS,Long Island Nets,LIN,117,True,0.489,0.297,0.917,44,16,13,Austin Spurs,AUS,96,False,0.411,0.286,0.8,43,12,22,213,21
2022,0022200914,2023-02-26,TOR @ CLE,Toronto Raptors,TOR,93,False,0.387,0.36,0.8,43,19,14,Cleveland Cavaliers,CLE,118,True,0.524,0.5,0.857,45,31,13,211,25
2022,0022200912,2023-02-26,CHI vs. WAS,Washington Wizards,WAS,82,False,0.421,0.214,0.522,42,22,16,Chicago Bulls,CHI,102,True,0.506,0.267,0.824,39,21,8,184,20
2022,0022200915,2023-02-26,SAC @ OKC,Sacramento Kings,SAC,124,True,0.529,0.419,0.667,48,32,19,Oklahoma City Thunder,OKC,115,False,0.477,0.4,0.739,37,24,14,239,9
2022,0022200913,2023-02-26,DAL vs. LAL,Los Angeles Lakers,LAL,111,True,0.433,0.176,0.75,56,25,10,Dallas Mavericks,DAL,108,False,0.419,0.408,0.714,48,21,16,219,3
2022,0022200911,2023-02-26,BKN @ ATL,Brooklyn Nets,BKN,127,False,0.494,0.359,0.931,37,20,9,Atlanta Hawks,ATL,129,True,0.5,0.533,0.821,46,20,15,256,2
2022,2022200321,2023-02-26,FWN @ GRG,Fort Wayne Mad Ants,FWN,104,False,0.386,0.276,0.905,50,21,15,Grand Rapids Gold,GRG,110,True,0.474,0.357,0.417,48,27,10,214,6
2022,0022200917,2023-02-26,HOU @ POR,Houston Rockets,HOU,114,False,0.45,0.269,0.68,48,24,13,Portland Trail Blazers,POR,131,True,0.545,0.513,0.771,37,20,13,245,17
2022,0022200918,2023-02-26,DEN vs. LAC,LA Clippers,LAC,124,False,0.489,0.324,0.833,38,24,12,Denver Nuggets,DEN,134,True,0.51,0.333,0.742,50,35,14,258,10
2022,2022200324,2023-02-26,ONT @ MXC,Ontario Clippers,ONT,103,True,0.475,0.333,0.786,48,20,16,Mexico City Capitanes,MXC,96,False,0.378,0.175,0.65,43,13,9,199,7
2022,0022200910,2023-02-26,PHX @ MIL,Phoenix Suns,PHX,101,False,0.421,0.333,0.591,55,21,12,Milwaukee Bucks,MIL,104,True,0.437,0.289,0.714,45,15,11,205,3
2022,2022200328,2023-02-27,SLC vs. WIS,Wisconsin Herd,WIS,100,False,0.363,0.311,0.75,32,18,10,Salt Lake City Stars,SLC,135,True,0.521,0.415,1.0,63,34,17,235,35
2022,0022200922,2023-02-27,NOP vs. ORL,Orlando Magic,ORL,101,True,0.456,0.265,0.769,43,21,15,New Orleans Pelicans,NOP,93,False,0.447,0.222,0.826,38,23,17,194,8
2022,0022200920,2023-02-27,PHI vs. MIA,Miami Heat,MIA,101,True,0.432,0.405,0.727,37,21,12,Philadelphia 76ers,PHI,99,False,0.438,0.37,0.893,39,20,18,200,2
2022,0022200919,2023-02-27,CHA vs. DET,Detroit Pistons,DET,106,False,0.457,0.115,0.704,39,18,9,Charlotte Hornets,CHA,117,True,0.518,0.5,0.818,46,24,16,223,11
2022,2022200326,2023-02-27,MCC vs. OSC,Osceola Magic,OSC,123,True,0.527,0.364,0.75,47,30,11,Motor City Cruise,MCC,108,False,0.432,0.311,0.692,46,24,14,231,15
2022,0022200921,2023-02-27,NYK vs. BOS,Boston Celtics,BOS,94,False,0.44,0.214,0.786,35,21,11,New York Knicks,NYK,109,True,0.474,0.387,0.676,44,20,11,203,15
2022,2022200325,2023-02-27,CCG vs. DEL,Delaware Blue Coats,DEL,125,True,0.522,0.444,0.9,32,25,14,Capital City Go-Go,CCG,124,False,0.564,0.471,0.706,44,27,23,249,1
2022,2022200329,2023-02-27,IWA @ GLI,Iowa Wolves,IWA,110,False,0.419,0.316,0.684,42,23,7,G League Ignite,GLI,125,True,0.512,0.464,0.867,52,27,9,235,15
2022,2022200327,2023-02-27,ONT @ MXC,Ontario Clippers,ONT,105,False,0.48,0.423,0.706,38,19,16,Mexico City Capitanes,MXC,109,True,0.43,0.303,0.714,46,19,9,214,4
2022,0022200927,2023-02-28,LAL @ MEM,Los Angeles Lakers,LAL,109,False,0.442,0.382,0.87,56,22,26,Memphis Grizzlies,MEM,121,True,0.455,0.194,0.765,47,25,6,230,12
2022,2022200333,2023-02-28,LIN @ RGV,Long Island Nets,LIN,109,True,0.456,0.412,0.684,44,25,17,Rio Grande Valley Vipers,RGV,100,False,0.417,0.341,0.769,44,20,18,209,9
2022,2022200330,2023-02-28,SXF @ OKL,Sioux Falls Skyforce,SXF,107,True,0.443,0.313,0.647,52,19,16,Oklahoma City Blue,OKL,99,False,0.416,0.293,0.615,49,20,17,206,8
2022,0022200928,2023-02-28,SAC @ OKC,Sacramento Kings,SAC,123,True,0.524,0.357,0.733,51,34,19,Oklahoma City Thunder,OKC,117,False,0.439,0.314,0.833,42,28,10,240,6
2022,0022200929,2023-02-28,DAL vs. IND,Indiana Pacers,IND,124,True,0.526,0.393,0.775,41,25,9,Dallas Mavericks,DAL,122,False,0.505,0.324,0.643,38,28,7,246,2
2022,0022200923,2023-02-28,ATL vs. WAS,Washington Wizards,WAS,119,True,0.495,0.286,0.85,48,19,8,Atlanta Hawks,ATL,116,False,0.462,0.371,0.895,42,21,9,235,3
2022,0022200926,2023-02-28,DEN @ HOU,Denver Nuggets,DEN,133,True,0.576,0.432,0.688,43,40,11,Houston Rockets,HOU,112,False,0.495,0.29,0.7,40,33,13,245,21
2022,0022200925,2023-02-28,CHI @ TOR,Chicago Bulls,CHI,98,False,0.521,0.4,0.824,35,28,19,Toronto Raptors,TOR,104,True,0.404,0.357,0.684,47,26,11,202,6
2022,2022200332,2023-02-28,MHU vs. GRG,Grand Rapids Gold,GRG,96,False,0.421,0.333,0.5,48,22,17,Memphis Hustle,MHU,107,True,0.442,0.408,0.857,45,28,15,203,11
2022,2022200335,2023-02-28,IWA @ GLI,Iowa Wolves,IWA,102,False,0.488,0.138,0.625,48,18,24,G League Ignite,GLI,110,True,0.411,0.364,0.938,40,25,17,212,8
2022,0022200931,2023-02-28,POR @ GSW,Portland Trail Blazers,POR,105,False,0.43,0.308,0.864,33,26,13,Golden State Warriors,GSW,123,True,0.538,0.4,0.813,46,34,18,228,18
2022,0022200932,2023-02-28,MIN @ LAC,Minnesota Timberwolves,MIN,108,True,0.478,0.346,0.591,46,22,17,LA Clippers,LAC,101,False,0.422,0.393,0.87,44,24,24,209,7
2022,0022200930,2023-02-28,UTA vs. SAS,San Antonio Spurs,SAS,102,True,0.429,0.308,0.64,45,23,12,Utah Jazz,UTA,94,False,0.353,0.294,0.667,52,15,20,196,8
2022,2022200331,2023-02-28,CLC @ STO,Cleveland Charge,CLC,111,False,0.462,0.421,0.875,32,22,22,Stockton Kings,STO,122,True,0.5,0.4,0.889,42,21,20,233,11
2022,2022200334,2023-02-28,SLC vs. WIS,Wisconsin Herd,WIS,120,True,0.443,0.362,0.846,55,31,14,Salt Lake City Stars,SLC,106,False,0.381,0.302,0.688,53,22,13,226,14
2022,0022200924,2023-02-28,BKN vs. MIL,Milwaukee Bucks,MIL,118,True,0.49,0.378,0.333,55,32,17,Brooklyn Nets,BKN,104,False,0.434,0.333,0.8,38,25,17,222,14
2022,0022200941,2023-03-01,NOP @ POR,New Orleans Pelicans,NOP,121,True,0.517,0.36,0.87,41,23,6,Portland Trail Blazers,POR,110,False,0.444,0.289,0.931,41,18,14,231,11
2022,0022200936,2023-03-01,PHI @ MIA,Philadelphia 76ers,PHI,119,True,0.494,0.385,1.0,41,25,8,Miami Heat,MIA,96,False,0.436,0.241,0.913,33,18,12,215,23
2022,2022200336,2023-03-01,DEL @ WES,Delaware Blue Coats,DEL,147,True,0.591,0.429,0.85,45,29,18,Westchester Knicks,WES,126,False,0.439,0.368,0.722,44,19,16,273,21
2022,0022200935,2023-03-01,CLE @ BOS,Cleveland Cavaliers,CLE,113,False,0.489,0.313,0.619,38,21,6,Boston Celtics,BOS,117,True,0.5,0.5,0.821,43,27,12,230,4
2022,0022200934,2023-03-01,CHI @ DET,Chicago Bulls,CHI,117,True,0.482,0.444,0.742,40,27,15,Detroit Pistons,DET,115,False,0.5,0.4,0.821,40,23,16,232,2
2022,0022200939,2023-03-01,ORL @ MIL,Orlando Magic,ORL,117,False,0.457,0.273,0.759,50,22,13,Milwaukee Bucks,MIL,139,True,0.521,0.464,0.789,46,29,8,256,22
2022,0022200933,2023-03-01,PHX @ CHA,Phoenix Suns,PHX,105,True,0.472,0.36,0.8,48,30,12,Charlotte Hornets,CHA,91,False,0.364,0.273,0.643,48,20,13,196,14
2022,0022200940,2023-03-01,LAL @ OKC,Los Angeles Lakers,LAL,123,True,0.475,0.457,0.795,41,22,13,Oklahoma City Thunder,OKC,117,False,0.484,0.275,0.75,42,29,11,240,6
2022,0022200938,2023-03-01,HOU vs. MEM,Memphis Grizzlies,MEM,113,True,0.482,0.415,0.842,44,27,7,Houston Rockets,HOU,99,False,0.4,0.324,0.64,49,17,12,212,14
2022,0022200937,2023-03-01,BKN @ NYK,Brooklyn Nets,BKN,118,False,0.467,0.385,0.95,31,26,12,New York Knicks,NYK,142,True,0.607,0.571,0.667,46,28,16,260,24
2022,0022200944,2023-03-02,SAS vs. IND,Indiana Pacers,IND,99,False,0.456,0.348,0.818,40,23,14,San Antonio Spurs,SAS,110,True,0.459,0.313,0.769,50,31,15,209,11
2022,0022200945,2023-03-02,GSW vs. LAC,LA Clippers,LAC,91,False,0.36,0.209,0.857,47,19,16,Golden State Warriors,GSW,115,True,0.419,0.304,0.852,60,25,11,206,24
2022,2022200342,2023-03-02,SBL vs. MNE,Maine Celtics,MNE,128,False,0.505,0.357,0.933,42,30,16,South Bay Lakers,SBL,129,True,0.578,0.273,0.643,38,29,10,257,1
2022,0022200942,2023-03-02,WAS vs. TOR,Toronto Raptors,TOR,108,False,0.446,0.273,1.0,43,28,14,Washington Wizards,WAS,119,True,0.512,0.467,0.792,43,30,14,227,11
2022,2022200341,2023-03-02,SCW vs. CLC,Cleveland Charge,CLC,110,False,0.406,0.304,0.667,49,30,16,Santa Cruz Warriors,SCW,115,True,0.469,0.333,0.778,49,22,16,225,5
2022,2022200338,2023-03-02,MCC @ GRG,Motor City Cruise,MCC,103,True,0.433,0.405,0.8,49,26,10,Grand Rapids Gold,GRG,91,False,0.4,0.161,0.909,41,22,7,194,12
2022,2022200343,2023-03-02,TEX @ STO,Texas Legends,TEX,100,False,0.42,0.333,0.769,36,22,15,Stockton Kings,STO,127,True,0.521,0.25,0.929,51,31,9,227,27
2022,0022200943,2023-03-02,DAL vs. PHI,Philadelphia 76ers,PHI,126,False,0.577,0.444,0.828,37,28,14,Dallas Mavericks,DAL,133,True,0.549,0.521,0.667,31,26,12,259,7
2022,2022200340,2023-03-02,AUS vs. BHM,Birmingham Squadron,BHM,110,True,0.476,0.37,0.722,47,16,14,Austin Spurs,AUS,103,False,0.459,0.423,0.8,43,20,16,213,7
2022,2022200339,2023-03-02,FWN @ RAP,Fort Wayne Mad Ants,FWN,125,False,0.471,0.424,0.81,40,29,12,Raptors 905,RAP,135,True,0.528,0.341,0.714,51,31,13,260,10
2022,2022200337,2023-03-02,GBO @ CPS,Greensboro Swarm,GBO,117,False,0.488,0.444,1.0,39,20,19,College Park Skyhawks,CPS,120,True,0.473,0.273,0.773,46,18,14,237,3
2022,0022200951,2023-03-03,UTA @ OKC,Utah Jazz,UTA,103,False,0.487,0.31,0.783,48,24,25,Oklahoma City Thunder,OKC,130,True,0.5,0.395,0.643,40,31,7,233,27
2022,2022200344,2023-03-03,RGV @ OKL,Rio Grande Valley Vipers,RGV,125,True,0.515,0.421,0.667,43,30,15,Oklahoma City Blue,OKL,117,False,0.53,0.429,0.563,43,28,20,242,8
2022,2022200346,2023-03-03,SXF vs. IWA,Iowa Wolves,IWA,131,True,0.522,0.486,0.833,40,25,12,Sioux Falls Skyforce,SXF,128,False,0.554,0.273,0.625,42,32,11,259,3
2022,0022200949,2023-03-03,NYK @ MIA,New York Knicks,NYK,122,True,0.58,0.415,0.647,34,23,11,Miami Heat,MIA,120,False,0.481,0.48,0.938,39,23,12,242,2
2022,0022200954,2023-03-03,LAC @ SAC,LA Clippers,LAC,127,False,0.54,0.341,0.704,32,31,7,Sacramento Kings,SAC,128,True,0.529,0.303,1.0,45,26,11,255,1
2022,0022200955,2023-03-03,LAL vs. MIN,Minnesota Timberwolves,MIN,110,True,0.472,0.412,0.75,46,29,13,Los Angeles Lakers,LAL,102,False,0.414,0.323,0.833,41,23,15,212,8
2022,0022200946,2023-03-03,ORL @ CHA,Orlando Magic,ORL,117,True,0.535,0.385,0.789,42,21,18,Charlotte Hornets,CHA,106,False,0.487,0.375,0.84,34,25,21,223,11
2022,2022200347,2023-03-03,CCG @ GLI,Capital City Go-Go,CCG,122,True,0.524,0.455,0.933,42,23,18,G League Ignite,GLI,110,False,0.42,0.15,0.958,35,18,14,232,12
2022,0022200953,2023-03-03,NOP @ GSW,New Orleans Pelicans,NOP,99,False,0.442,0.345,0.778,29,20,13,Golden State Warriors,GSW,108,True,0.513,0.323,0.9,43,28,18,207,9
2022,0022200947,2023-03-03,POR @ ATL,Portland Trail Blazers,POR,111,False,0.471,0.333,0.8,34,22,17,Atlanta Hawks,ATL,129,True,0.571,0.462,0.813,43,30,17,240,18
2022,2022200345,2023-03-03,WES vs. DEL,Delaware Blue Coats,DEL,122,True,0.465,0.25,0.636,54,26,21,Westchester Knicks,WES,117,False,0.479,0.353,0.8,44,19,26,239,5
2022,0022200952,2023-03-03,MEM @ DEN,Memphis Grizzlies,MEM,97,False,0.369,0.344,0.774,40,24,10,Denver Nuggets,DEN,113,True,0.46,0.258,0.806,53,28,8,210,16
2022,0022200950,2023-03-03,PHX @ CHI,Phoenix Suns,PHX,125,True,0.5,0.426,0.84,41,29,9,Chicago Bulls,CHI,104,False,0.47,0.304,0.76,34,24,8,229,21
2022,0022200948,2023-03-03,BOS vs. BKN,Brooklyn Nets,BKN,115,True,0.421,0.318,0.808,47,25,12,Boston Celtics,BOS,105,False,0.488,0.31,0.7,48,26,19,220,10
2022,2022200351,2023-03-04,AUS @ MHU,Austin Spurs,AUS,121,True,0.484,0.467,0.929,51,22,8,Memphis Hustle,MHU,109,False,0.512,0.333,0.583,38,24,10,230,12
2022,0022200961,2023-03-04,SAC vs. MIN,Minnesota Timberwolves,MIN,138,True,0.6,0.513,0.71,40,31,11,Sacramento Kings,SAC,134,False,0.551,0.519,0.733,39,25,6,272,4
2022,2022200350,2023-03-04,GBO @ CPS,Greensboro Swarm,GBO,100,False,0.463,0.323,0.474,43,22,19,College Park Skyhawks,CPS,115,True,0.512,0.393,0.647,48,22,13,215,15
2022,2022200349,2023-03-04,RAP vs. FWN,Fort Wayne Mad Ants,FWN,114,False,0.434,0.268,0.769,39,22,12,Raptors 905,RAP,129,True,0.583,0.455,0.714,49,33,24,243,15
2022,0022200956,2023-03-04,TOR @ WAS,Toronto Raptors,TOR,116,True,0.522,0.4,0.714,34,30,14,Washington Wizards,WAS,109,False,0.507,0.583,0.864,43,26,24,225,7
2022,2022200353,2023-03-04,SBL vs. MNE,Maine Celtics,MNE,98,False,0.419,0.244,0.636,45,26,16,South Bay Lakers,SBL,114,True,0.494,0.417,0.917,46,24,18,212,16
2022,0022200958,2023-03-04,MIA vs. ATL,Atlanta Hawks,ATL,109,False,0.468,0.3,0.867,37,22,16,Miami Heat,MIA,117,True,0.506,0.371,0.87,43,31,19,226,8
2022,0022200957,2023-03-04,CLE vs. DET,Detroit Pistons,DET,90,False,0.407,0.25,0.72,49,19,23,Cleveland Cavaliers,CLE,114,True,0.495,0.412,0.556,39,29,11,204,24
2022,2022200352,2023-03-04,SXF vs. IWA,Iowa Wolves,IWA,112,True,0.443,0.387,0.727,49,25,15,Sioux Falls Skyforce,SXF,109,False,0.489,0.343,0.5,51,37,18,221,3
2022,2022200355,2023-03-04,CLC @ SCW,Cleveland Charge,CLC,127,True,0.484,0.488,0.846,37,32,8,Santa Cruz Warriors,SCW,110,False,0.439,0.368,0.813,45,19,15,237,17
2022,2022200348,2023-03-04,WCB @ WIS,Windy City Bulls,WCB,120,True,0.468,0.313,0.75,49,23,8,Wisconsin Herd,WIS,102,False,0.374,0.259,1.0,42,20,13,222,18
2022,2022200354,2023-03-04,STO vs. TEX,Texas Legends,TEX,106,False,0.461,0.361,0.857,33,22,9,Stockton Kings,STO,129,True,0.588,0.41,0.8,49,31,14,235,23
2022,0022200960,2023-03-04,PHI @ MIL,Philadelphia 76ers,PHI,133,True,0.5,0.486,0.838,32,24,5,Milwaukee Bucks,MIL,130,False,0.53,0.5,0.893,43,30,13,263,3
2022,0022200959,2023-03-04,SAS vs. HOU,Houston Rockets,HOU,122,True,0.563,0.348,0.727,45,26,14,San Antonio Spurs,SAS,110,False,0.442,0.405,0.95,42,24,14,232,12
2022,0022200968,2023-03-05,OKC vs. UTA,Utah Jazz,UTA,119,False,0.489,0.297,0.815,39,30,16,Oklahoma City Thunder,OKC,129,True,0.506,0.378,0.818,42,24,12,248,10
2022,0022200973,2023-03-05,MIL @ WAS,Milwaukee Bucks,MIL,117,True,0.47,0.449,0.773,45,30,12,Washington Wizards,WAS,111,False,0.426,0.258,0.917,56,21,9,228,6
2022,0022200963,2023-03-05,IND @ CHI,Indiana Pacers,IND,125,True,0.511,0.364,0.813,35,27,9,Chicago Bulls,CHI,122,False,0.608,0.455,0.88,33,18,14,247,3
2022,0022200969,2023-03-05,BOS vs. NYK,New York Knicks,NYK,131,True,0.495,0.366,0.688,54,18,19,Boston Celtics,BOS,129,False,0.394,0.356,0.88,54,27,16,260,2
2022,0022200964,2023-03-05,GSW @ LAL,Golden State Warriors,GSW,105,False,0.396,0.346,0.833,42,27,12,Los Angeles Lakers,LAL,113,True,0.442,0.333,0.818,46,29,7,218,8
2022,0022200970,2023-03-05,MEM @ LAC,Memphis Grizzlies,MEM,129,False,0.543,0.529,0.733,26,32,8,LA Clippers,LAC,135,True,0.529,0.414,0.943,53,25,17,264,6
2022,0022200967,2023-03-05,SAS @ HOU,San Antonio Spurs,SAS,110,False,0.462,0.324,0.619,35,23,15,Houston Rockets,HOU,142,True,0.612,0.542,0.862,44,29,12,252,32
2022,2022200357,2023-03-05,BHM vs. RGV,Rio Grande Valley Vipers,RGV,134,True,0.516,0.4,0.857,43,26,17,Birmingham Squadron,BHM,124,False,0.494,0.433,0.857,34,23,22,258,10
2022,2022200359,2023-03-05,MNE @ ONT,Maine Celtics,MNE,120,True,0.471,0.419,0.864,47,22,14,Ontario Clippers,ONT,108,False,0.471,0.368,0.538,40,23,12,228,12
2022,0022200962,2023-03-05,PHX @ DAL,Phoenix Suns,PHX,130,True,0.551,0.353,0.8,41,27,9,Dallas Mavericks,DAL,126,False,0.494,0.395,0.921,31,15,10,256,4
2022,2022200356,2023-03-05,OSC vs. GRG,Grand Rapids Gold,GRG,98,False,0.397,0.387,0.536,44,22,14,Osceola Magic,OSC,110,True,0.519,0.359,0.8,47,22,17,208,12
2022,2022200358,2023-03-05,WCB vs. WES,Westchester Knicks,WES,121,True,0.457,0.405,0.619,50,25,12,Windy City Bulls,WCB,120,False,0.454,0.242,0.727,57,25,13,241,1
2022,0022200966,2023-03-05,ORL vs. POR,Portland Trail Blazers,POR,122,True,0.47,0.34,0.875,46,27,17,Orlando Magic,ORL,119,False,0.5,0.355,0.774,38,29,11,241,3
2022,2022200360,2023-03-05,CCG @ MXC,Capital City Go-Go,CCG,107,False,0.476,0.286,0.846,34,21,11,Mexico City Capitanes,MXC,122,True,0.517,0.438,0.75,41,18,10,229,15
2022,0022200965,2023-03-05,BKN vs. CHA,Charlotte Hornets,CHA,86,False,0.375,0.267,0.8,49,17,10,Brooklyn Nets,BKN,102,True,0.391,0.279,0.818,52,21,5,188,16
2022,2022200362,2023-03-06,AUS @ MHU,Austin Spurs,AUS,97,False,0.441,0.214,0.545,41,24,12,Memphis Hustle,MHU,112,True,0.554,0.48,0.667,41,26,12,209,15
2022,0022200971,2023-03-06,BOS @ CLE,Boston Celtics,BOS,114,False,0.416,0.333,0.667,52,25,12,Cleveland Cavaliers,CLE,118,True,0.448,0.353,0.8,58,27,15,232,4
2022,2022200364,2023-03-06,MXC vs. CCG,Capital City Go-Go,CCG,109,True,0.532,0.444,0.8,43,16,15,Mexico City Capitanes,MXC,90,False,0.41,0.321,0.7,38,14,16,199,19
2022,2022200361,2023-03-06,GLI @ RAP,G League Ignite,GLI,108,False,0.433,0.263,0.737,53,28,18,Raptors 905,RAP,127,True,0.48,0.395,0.727,47,31,8,235,19
2022,0022200975,2023-03-06,DEN vs. TOR,Toronto Raptors,TOR,113,False,0.5,0.37,0.85,41,29,15,Denver Nuggets,DEN,118,True,0.5,0.394,0.826,41,30,13,231,5
2022,2022200363,2023-03-06,TEX vs. SLC,Salt Lake City Stars,SLC,134,True,0.541,0.394,0.714,48,24,12,Texas Legends,TEX,128,False,0.528,0.394,0.929,37,25,13,262,6
2022,2022200365,2023-03-06,SBL vs. SXF,Sioux Falls Skyforce,SXF,135,True,0.583,0.529,1.0,39,30,19,South Bay Lakers,SBL,133,False,0.505,0.433,0.9,40,34,10,268,2
2022,0022200972,2023-03-06,IND vs. PHI,Philadelphia 76ers,PHI,147,True,0.585,0.471,0.921,36,37,11,Indiana Pacers,IND,143,False,0.589,0.405,0.71,30,28,9,290,4
2022,0022200977,2023-03-06,DET vs. POR,Portland Trail Blazers,POR,110,True,0.487,0.455,0.76,38,28,11,Detroit Pistons,DET,104,False,0.465,0.313,0.7,52,30,16,214,6
2022,0022200974,2023-03-06,MIA vs. ATL,Atlanta Hawks,ATL,128,False,0.554,0.31,0.739,37,28,10,Miami Heat,MIA,130,True,0.532,0.552,0.865,32,27,11,258,2
2022,0022200976,2023-03-06,SAC vs. NOP,New Orleans Pelicans,NOP,108,False,0.538,0.379,0.786,40,29,16,Sacramento Kings,SAC,123,True,0.566,0.421,0.65,33,39,10,231,15
2022,2022200370,2023-03-07,WIS @ OSC,Wisconsin Herd,WIS,111,False,0.488,0.361,0.529,40,20,20,Osceola Magic,OSC,116,True,0.421,0.273,0.714,61,26,21,227,5
2022,0022200769,2023-03-07,WAS @ DET,Washington Wizards,WAS,119,True,0.58,0.48,0.765,37,27,14,Detroit Pistons,DET,117,False,0.512,0.433,0.818,30,29,11,236,2
2022,2022200369,2023-03-07,WES @ STO,Westchester Knicks,WES,104,False,0.443,0.267,0.769,36,14,16,Stockton Kings,STO,121,True,0.554,0.4,0.727,47,31,15,225,17
2022,0022200981,2023-03-07,HOU vs. BKN,Brooklyn Nets,BKN,118,True,0.494,0.375,0.793,36,23,12,Houston Rockets,HOU,96,False,0.434,0.269,0.708,48,14,19,214,22
2022,0022200984,2023-03-07,LAL vs. MEM,Memphis Grizzlies,MEM,103,False,0.387,0.243,0.759,45,18,7,Los Angeles Lakers,LAL,112,True,0.456,0.25,0.793,57,27,13,215,9
2022,0022200979,2023-03-07,CHA @ NYK,Charlotte Hornets,CHA,112,True,0.494,0.375,0.762,42,27,10,New York Knicks,NYK,105,False,0.427,0.275,0.75,39,18,8,217,7
2022,2022200368,2023-03-07,ONT @ GRG,Ontario Clippers,ONT,106,True,0.433,0.306,0.786,49,23,13,Grand Rapids Gold,GRG,88,False,0.45,0.273,0.545,44,17,19,194,18
2022,2022200367,2023-03-07,BHM vs. SCW,Santa Cruz Warriors,SCW,112,False,0.455,0.294,0.7,46,21,18,Birmingham Squadron,BHM,127,True,0.489,0.4,0.833,54,20,16,239,15
2022,0022200983,2023-03-07,DAL vs. UTA,Utah Jazz,UTA,116,False,0.446,0.341,0.76,47,23,16,Dallas Mavericks,DAL,120,True,0.472,0.422,0.773,43,24,16,236,4
2022,0022200980,2023-03-07,MIN vs. PHI,Philadelphia 76ers,PHI,117,True,0.494,0.6,0.957,54,21,15,Minnesota Timberwolves,MIN,94,False,0.395,0.306,0.714,34,19,11,211,23
2022,0022200982,2023-03-07,OKC vs. GSW,Golden State Warriors,GSW,128,False,0.528,0.392,0.875,33,36,21,Oklahoma City Thunder,OKC,137,True,0.532,0.459,0.833,44,28,15,265,9
2022,2022200366,2023-03-07,LIN vs. MCC,Motor City Cruise,MCC,102,False,0.412,0.286,0.632,42,23,16,Long Island Nets,LIN,114,True,0.537,0.364,0.6,46,27,17,216,12
2022,0022200978,2023-03-07,MIL @ ORL,Milwaukee Bucks,MIL,134,True,0.59,0.357,0.941,38,28,16,Orlando Magic,ORL,123,False,0.5,0.3,0.737,38,24,13,257,11
2022,0022200988,2023-03-08,DAL @ NOP,Dallas Mavericks,DAL,106,False,0.432,0.348,0.737,34,24,9,New Orleans Pelicans,NOP,113,True,0.506,0.481,0.889,49,32,15,219,7
2022,2022200371,2023-03-08,OKL vs. SLC,Salt Lake City Stars,SLC,108,True,0.471,0.289,0.692,42,27,11,Oklahoma City Blue,OKL,95,False,0.467,0.242,0.5,46,26,17,203,13
2022,0022200991,2023-03-08,LAC vs. TOR,Toronto Raptors,TOR,100,False,0.385,0.406,0.929,41,21,12,LA Clippers,LAC,108,True,0.549,0.3,0.774,44,23,17,208,8
2022,2022200372,2023-03-08,GLI @ CPS,G League Ignite,GLI,105,False,0.477,0.294,0.769,44,21,16,College Park Skyhawks,CPS,131,True,0.547,0.464,0.75,42,20,14,236,26
2022,2022200375,2023-03-08,RGV vs. GBO,Greensboro Swarm,GBO,110,False,0.455,0.256,0.588,43,20,13,Rio Grande Valley Vipers,RGV,116,True,0.476,0.316,0.778,49,22,18,226,6
2022,0022200990,2023-03-08,PHX vs. OKC,Oklahoma City Thunder,OKC,101,False,0.375,0.349,0.952,37,23,16,Phoenix Suns,PHX,132,True,0.521,0.465,0.875,54,31,14,233,31
2022,0022200989,2023-03-08,DEN vs. CHI,Chicago Bulls,CHI,117,True,0.517,0.333,0.944,50,26,8,Denver Nuggets,DEN,96,False,0.42,0.375,0.467,44,26,11,213,21
2022,0022200986,2023-03-08,POR @ BOS,Portland Trail Blazers,POR,93,False,0.366,0.282,0.815,47,18,15,Boston Celtics,BOS,115,True,0.477,0.367,0.65,45,26,10,208,22
2022,0022200987,2023-03-08,MIA vs. CLE,Cleveland Cavaliers,CLE,104,True,0.488,0.321,0.895,32,26,15,Miami Heat,MIA,100,False,0.5,0.276,0.759,37,22,22,204,4
2022,2022200376,2023-03-08,SBL vs. SXF,Sioux Falls Skyforce,SXF,125,False,0.468,0.324,0.773,59,24,16,South Bay Lakers,SBL,127,True,0.457,0.324,0.8,41,32,6,252,2
2022,2022200373,2023-03-08,DEL @ RAP,Delaware Blue Coats,DEL,112,True,0.495,0.323,0.778,45,29,13,Raptors 905,RAP,97,False,0.411,0.262,0.625,51,28,19,209,15
2022,0022200985,2023-03-08,ATL @ WAS,Atlanta Hawks,ATL,122,True,0.529,0.414,0.769,36,26,11,Washington Wizards,WAS,120,False,0.566,0.414,0.824,39,34,17,242,2
2022,2022200374,2023-03-08,TEX vs. WCB,Windy City Bulls,WCB,122,True,0.495,0.393,0.643,56,24,14,Texas Legends,TEX,110,False,0.416,0.302,0.933,36,24,12,232,12
2022,0022200994,2023-03-09,UTA @ ORL,Utah Jazz,UTA,131,True,0.557,0.382,0.952,42,27,17,Orlando Magic,ORL,124,False,0.468,0.471,0.645,36,21,10,255,7
2022,2022200384,2023-03-09,TEX vs. WCB,Windy City Bulls,WCB,135,True,0.531,0.462,0.889,55,25,15,Texas Legends,TEX,110,False,0.453,0.357,0.9,33,27,12,245,25
2022,2022200379,2023-03-09,CPS vs. GLI,G League Ignite,GLI,130,True,0.582,0.565,0.727,46,38,12,College Park Skyhawks,CPS,113,False,0.473,0.3,0.76,33,18,16,243,17
2022,2022200382,2023-03-09,SCW @ BHM,Santa Cruz Warriors,SCW,124,False,0.51,0.351,0.8,47,24,11,Birmingham Squadron,BHM,126,True,0.49,0.422,0.6,43,25,9,250,2
2022,0022200997,2023-03-09,NYK @ SAC,New York Knicks,NYK,117,False,0.416,0.26,0.645,58,27,13,Sacramento Kings,SAC,122,True,0.524,0.313,0.75,42,28,12,239,5
2022,0022200992,2023-03-09,DET vs. CHA,Charlotte Hornets,CHA,113,True,0.5,0.333,0.594,44,24,12,Detroit Pistons,DET,103,False,0.449,0.333,0.8,48,20,19,216,10
2022,2022200377,2023-03-09,OSC vs. WIS,Wisconsin Herd,WIS,132,True,0.538,0.389,0.75,39,22,16,Osceola Magic,OSC,131,False,0.472,0.315,0.538,56,37,15,263,1
2022,2022200381,2023-03-09,DEL @ RAP,Delaware Blue Coats,DEL,127,True,0.495,0.314,0.75,49,31,12,Raptors 905,RAP,112,False,0.444,0.31,0.846,41,25,13,239,15
2022,0022200993,2023-03-09,HOU @ IND,Houston Rockets,HOU,125,False,0.458,0.353,0.724,58,18,16,Indiana Pacers,IND,134,True,0.48,0.4,0.952,42,34,11,259,9
2022,0022200996,2023-03-09,GSW @ MEM,Golden State Warriors,GSW,110,False,0.439,0.333,0.958,32,25,17,Memphis Grizzlies,MEM,131,True,0.538,0.45,0.722,42,36,12,241,21
2022,2022200380,2023-03-09,MNE vs. LIN,Long Island Nets,LIN,115,True,0.438,0.359,0.667,41,27,12,Maine Celtics,MNE,108,False,0.419,0.368,0.667,59,27,26,223,7
2022,2022200383,2023-03-09,IWA @ RGV,Iowa Wolves,IWA,117,False,0.468,0.34,0.75,40,23,17,Rio Grande Valley Vipers,RGV,128,True,0.486,0.333,0.9,53,28,15,245,11
2022,0022200995,2023-03-09,BKN @ MIL,Brooklyn Nets,BKN,113,False,0.394,0.389,1.0,47,20,13,Milwaukee Bucks,MIL,118,True,0.423,0.38,0.786,61,33,16,231,5
2022,2022200378,2023-03-09,MCC @ FWN,Motor City Cruise,MCC,119,True,0.469,0.314,0.769,54,28,14,Fort Wayne Mad Ants,FWN,116,False,0.494,0.278,0.739,41,33,14,235,3
2022,2022200388,2023-03-10,GBO @ AUS,Greensboro Swarm,GBO,110,False,0.481,0.323,0.667,37,20,14,Austin Spurs,AUS,125,True,0.553,0.25,0.889,50,25,13,235,15
2022,0022200999,2023-03-10,ATL @ WAS,Atlanta Hawks,ATL,114,True,0.442,0.484,0.789,46,25,14,Washington Wizards,WAS,107,False,0.489,0.259,0.778,43,27,14,221,7
2022,0022201001,2023-03-10,MIN vs. BKN,Brooklyn Nets,BKN,124,True,0.462,0.471,0.727,48,20,14,Minnesota Timberwolves,MIN,123,False,0.49,0.3,0.621,47,29,14,247,1
2022,0022201003,2023-03-10,TOR @ LAL,Toronto Raptors,TOR,112,False,0.5,0.357,0.769,37,29,13,Los Angeles Lakers,LAL,122,True,0.563,0.433,1.0,35,28,20,234,10
2022,0022201000,2023-03-10,MIA vs. CLE,Cleveland Cavaliers,CLE,115,False,0.465,0.419,0.81,34,25,11,Miami Heat,MIA,119,True,0.512,0.483,0.913,46,22,16,234,4
2022,0022201002,2023-03-10,DEN @ SAS,Denver Nuggets,DEN,120,False,0.489,0.371,0.95,33,32,14,San Antonio Spurs,SAS,128,True,0.543,0.394,0.765,50,31,18,248,8
2022,2022200387,2023-03-10,OKL vs. SLC,Salt Lake City Stars,SLC,112,True,0.465,0.303,0.667,41,25,13,Oklahoma City Blue,OKL,110,False,0.484,0.41,0.444,45,38,14,222,2
2022,2022200386,2023-03-10,ONT @ CLC,Ontario Clippers,ONT,117,True,0.558,0.536,0.5,55,19,24,Cleveland Charge,CLC,102,False,0.46,0.286,0.5,34,16,14,219,15
2022,0022200998,2023-03-10,PHI vs. POR,Portland Trail Blazers,POR,119,False,0.525,0.417,0.667,36,24,9,Philadelphia 76ers,PHI,120,True,0.518,0.367,0.793,42,25,9,239,1
2022,2022200393,2023-03-11,RGV vs. IWA,Iowa Wolves,IWA,115,False,0.461,0.282,0.706,49,26,15,Rio Grande Valley Vipers,RGV,123,True,0.411,0.333,0.75,59,26,9,238,8
2022,0022201005,2023-03-11,CHA vs. UTA,Utah Jazz,UTA,119,True,0.447,0.281,0.9,60,22,11,Charlotte Hornets,CHA,111,False,0.408,0.425,0.933,43,24,7,230,8
2022,2022200389,2023-03-11,DEL vs. CPS,College Park Skyhawks,CPS,137,True,0.525,0.345,0.867,55,24,11,Delaware Blue Coats,DEL,116,False,0.447,0.325,0.769,37,30,13,253,21
2022,0022201010,2023-03-11,DAL @ MEM,Dallas Mavericks,DAL,108,False,0.459,0.349,0.652,43,25,11,Memphis Grizzlies,MEM,112,True,0.477,0.263,0.833,45,25,11,220,4
2022,2022200390,2023-03-11,ONT @ CLC,Ontario Clippers,ONT,103,True,0.372,0.194,0.739,51,13,17,Cleveland Charge,CLC,100,False,0.405,0.2,0.826,46,17,18,203,3
2022,0022201008,2023-03-11,BOS @ ATL,Boston Celtics,BOS,134,True,0.547,0.476,0.833,40,35,8,Atlanta Hawks,ATL,125,False,0.5,0.294,0.938,48,24,10,259,9
2022,0022201006,2023-03-11,IND @ DET,Indiana Pacers,IND,121,True,0.462,0.257,0.765,58,24,14,Detroit Pistons,DET,115,False,0.457,0.324,0.667,42,25,12,236,6
2022,0022201007,2023-03-11,MIA @ ORL,Miami Heat,MIA,114,False,0.447,0.297,0.95,35,19,17,Orlando Magic,ORL,126,True,0.485,0.351,0.85,54,34,18,240,12
2022,0022201011,2023-03-11,OKC @ NOP,Oklahoma City Thunder,OKC,110,True,0.463,0.321,0.844,38,17,11,New Orleans Pelicans,NOP,96,False,0.42,0.353,0.842,43,23,22,206,14
2022,0022201009,2023-03-11,CHI @ HOU,Chicago Bulls,CHI,119,True,0.512,0.469,0.727,44,25,14,Houston Rockets,HOU,111,False,0.482,0.471,0.765,33,28,16,230,8
2022,2022200394,2023-03-11,SCW vs. WES,Westchester Knicks,WES,108,False,0.468,0.371,0.444,44,26,10,Santa Cruz Warriors,SCW,114,True,0.442,0.31,0.714,59,20,13,222,6
2022,2022200391,2023-03-11,MCC @ FWN,Motor City Cruise,MCC,132,True,0.511,0.27,0.783,54,27,18,Fort Wayne Mad Ants,FWN,102,False,0.367,0.333,0.762,45,25,20,234,30
2022,0022201004,2023-03-11,NYK @ LAC,New York Knicks,NYK,95,False,0.356,0.226,0.889,54,21,9,LA Clippers,LAC,106,True,0.483,0.333,0.75,39,22,8,201,11
2022,0022201013,2023-03-11,PHX vs. SAC,Sacramento Kings,SAC,128,True,0.482,0.429,0.838,39,19,15,Phoenix Suns,PHX,119,False,0.494,0.295,0.818,40,30,14,247,9
2022,0022201012,2023-03-11,MIL @ GSW,Milwaukee Bucks,MIL,116,False,0.43,0.412,0.818,48,28,17,Golden State Warriors,GSW,125,True,0.411,0.418,0.909,65,33,15,241,9
2022,2022200392,2023-03-11,STO @ SBL,Stockton Kings,STO,118,True,0.5,0.333,0.682,52,32,12,South Bay Lakers,SBL,109,False,0.495,0.4,0.25,38,26,7,227,9
2022,2022200400,2023-03-12,MXC vs. WCB,Windy City Bulls,WCB,112,True,0.481,0.462,0.875,42,20,12,Mexico City Capitanes,MXC,105,False,0.419,0.378,0.611,46,20,12,217,7
2022,0022201014,2023-03-12,BKN @ DEN,Brooklyn Nets,BKN,122,True,0.5,0.386,0.875,28,32,8,Denver Nuggets,DEN,120,False,0.5,0.387,0.75,49,27,15,242,2
2022,0022201015,2023-03-12,CLE @ CHA,Cleveland Cavaliers,CLE,114,True,0.471,0.259,0.735,40,18,10,Charlotte Hornets,CHA,108,False,0.513,0.476,0.727,43,25,19,222,6
2022,2022200395,2023-03-12,MNE vs. LIN,Long Island Nets,LIN,112,False,0.46,0.349,0.846,31,27,14,Maine Celtics,MNE,121,True,0.494,0.512,0.895,46,27,24,233,9
2022,2022200396,2023-03-12,GRG vs. RAP,Raptors 905,RAP,121,True,0.517,0.41,0.7,45,21,18,Grand Rapids Gold,GRG,119,False,0.528,0.286,0.765,38,31,11,240,2
2022,2022200399,2023-03-12,GLI @ TEX,G League Ignite,GLI,99,True,0.506,0.333,0.818,47,21,16,Texas Legends,TEX,82,False,0.363,0.233,0.5,42,18,13,181,17
2022,2022200398,2023-03-12,SXF vs. AUS,Austin Spurs,AUS,108,False,0.5,0.481,0.727,35,23,15,Sioux Falls Skyforce,SXF,124,True,0.544,0.324,0.563,43,32,8,232,16
2022,2022200397,2023-03-12,CCG @ OSC,Capital City Go-Go,CCG,95,False,0.452,0.278,0.875,32,12,21,Osceola Magic,OSC,119,True,0.635,0.438,0.857,32,29,23,214,24
2022,0022201018,2023-03-12,SAS vs. OKC,Oklahoma City Thunder,OKC,102,True,0.379,0.256,0.87,55,26,9,San Antonio Spurs,SAS,90,False,0.375,0.278,0.737,50,24,18,192,12
2022,0022201017,2023-03-12,NOP vs. POR,Portland Trail Blazers,POR,110,False,0.489,0.303,0.7,46,26,17,New Orleans Pelicans,NOP,127,True,0.5,0.475,0.759,43,35,15,237,17
2022,0022201016,2023-03-12,WAS @ PHI,Washington Wizards,WAS,93,False,0.405,0.231,0.826,35,19,9,Philadelphia 76ers,PHI,112,True,0.513,0.379,0.826,42,29,8,205,19
2022,0022201019,2023-03-12,NYK @ LAL,New York Knicks,NYK,112,True,0.477,0.297,0.81,46,18,11,Los Angeles Lakers,LAL,108,False,0.483,0.333,0.588,37,24,11,220,4
2022,0022201022,2023-03-13,MIA vs. UTA,Utah Jazz,UTA,115,False,0.478,0.421,0.722,48,31,18,Miami Heat,MIA,119,True,0.468,0.412,0.861,37,20,13,234,4
2022,0022201024,2023-03-13,BOS @ HOU,Boston Celtics,BOS,109,False,0.448,0.286,0.905,38,19,13,Houston Rockets,HOU,111,True,0.444,0.314,0.741,48,27,10,220,2
2022,0022201023,2023-03-13,MEM @ DAL,Memphis Grizzlies,MEM,104,True,0.458,0.324,0.842,47,23,14,Dallas Mavericks,DAL,88,False,0.389,0.261,0.75,41,23,13,192,16
2022,2022200401,2023-03-13,CCG @ OSC,Capital City Go-Go,CCG,109,True,0.512,0.387,0.857,48,25,14,Osceola Magic,OSC,85,False,0.373,0.244,0.857,34,21,11,194,24
2022,0022201020,2023-03-13,IND @ DET,Indiana Pacers,IND,97,False,0.419,0.294,0.625,42,23,14,Detroit Pistons,DET,117,True,0.48,0.389,0.7,52,28,14,214,20
2022,2022200403,2023-03-13,IWA vs. BHM,Birmingham Squadron,BHM,124,True,0.511,0.417,0.563,49,35,9,Iowa Wolves,IWA,97,False,0.314,0.25,0.917,62,13,15,221,27
2022,0022201026,2023-03-13,MIL @ SAC,Milwaukee Bucks,MIL,133,True,0.581,0.455,0.818,43,29,12,Sacramento Kings,SAC,124,False,0.442,0.42,0.733,45,31,9,257,9
2022,2022200402,2023-03-13,WIS vs. MHU,Memphis Hustle,MHU,126,True,0.505,0.442,0.8,51,40,13,Wisconsin Herd,WIS,108,False,0.438,0.273,0.636,44,26,12,234,18
2022,2022200405,2023-03-13,SLC vs. STO,Stockton Kings,STO,138,True,0.505,0.333,0.786,45,33,10,Salt Lake City Stars,SLC,125,False,0.506,0.463,0.929,38,27,21,263,13
2022,0022201025,2023-03-13,PHX @ GSW,Phoenix Suns,PHX,112,False,0.484,0.19,0.727,47,25,14,Golden State Warriors,GSW,123,True,0.542,0.487,0.583,41,28,14,235,11
2022,0022201021,2023-03-13,MIN @ ATL,Minnesota Timberwolves,MIN,136,True,0.587,0.429,0.696,37,39,10,Atlanta Hawks,ATL,115,False,0.454,0.182,0.821,51,17,15,251,21
2022,2022200404,2023-03-13,ONT @ OKL,Ontario Clippers,ONT,97,False,0.396,0.321,0.667,50,21,12,Oklahoma City Blue,OKL,101,True,0.463,0.333,0.722,48,26,18,198,4
2022,0022201033,2023-03-14,PHX vs. MIL,Milwaukee Bucks,MIL,116,True,0.471,0.308,0.649,46,24,12,Phoenix Suns,PHX,104,False,0.432,0.348,0.875,41,23,11,220,12
2022,2022200406,2023-03-14,DEL vs. TEX,Texas Legends,TEX,116,False,0.457,0.432,0.636,53,28,17,Delaware Blue Coats,DEL,148,True,0.538,0.5,0.875,43,37,2,264,32
2022,0022201028,2023-03-14,DET @ WAS,Detroit Pistons,DET,97,False,0.384,0.294,0.917,44,18,11,Washington Wizards,WAS,117,True,0.518,0.219,1.0,48,24,13,214,20
2022,2022200408,2023-03-14,LIN vs. FWN,Fort Wayne Mad Ants,FWN,125,True,0.538,0.433,0.85,53,30,23,Long Island Nets,LIN,114,False,0.422,0.333,0.867,37,28,18,239,11
2022,0022201031,2023-03-14,OKC vs. BKN,Brooklyn Nets,BKN,107,False,0.427,0.293,0.735,46,25,17,Oklahoma City Thunder,OKC,121,True,0.455,0.333,0.87,51,22,9,228,14
2022,2022200385,2023-03-14,STO vs. WES,Westchester Knicks,WES,123,False,0.549,0.394,0.636,34,25,15,Stockton Kings,STO,135,True,0.621,0.586,0.778,37,30,16,258,12
2022,0022201030,2023-03-14,LAL @ NOP,Los Angeles Lakers,LAL,123,True,0.488,0.462,0.893,52,24,17,New Orleans Pelicans,NOP,108,False,0.429,0.256,0.65,41,23,12,231,15
2022,0022201029,2023-03-14,DEN @ TOR,Denver Nuggets,DEN,110,False,0.553,0.24,0.8,32,29,14,Toronto Raptors,TOR,125,True,0.527,0.4,0.882,44,25,11,235,15
2022,0022201027,2023-03-14,CHA vs. CLE,Cleveland Cavaliers,CLE,120,True,0.511,0.467,0.842,30,29,8,Charlotte Hornets,CHA,104,False,0.566,0.261,0.8,40,28,19,224,16
2022,0022201034,2023-03-14,NYK @ POR,New York Knicks,NYK,123,True,0.519,0.429,0.706,52,23,12,Portland Trail Blazers,POR,107,False,0.384,0.378,0.778,38,22,10,230,16
2022,0022201032,2023-03-14,ORL @ SAS,Orlando Magic,ORL,114,False,0.454,0.345,0.762,42,24,9,San Antonio Spurs,SAS,132,True,0.565,0.537,0.778,47,39,14,246,18
2022,2022200407,2023-03-14,RAP @ GRG,Raptors 905,RAP,109,False,0.43,0.357,0.5,48,26,11,Grand Rapids Gold,GRG,113,True,0.422,0.292,0.8,58,27,12,222,4
2022,2022200411,2023-03-15,MNE @ WIS,Maine Celtics,MNE,119,True,0.46,0.395,0.857,55,28,15,Wisconsin Herd,WIS,114,False,0.432,0.32,0.818,42,22,10,233,5
2022,0022201039,2023-03-15,BOS @ MIN,Boston Celtics,BOS,104,True,0.405,0.3,0.8,44,20,9,Minnesota Timberwolves,MIN,102,False,0.44,0.333,0.727,46,27,13,206,2
2022,2022200415,2023-03-15,GLI vs. SXF,Sioux Falls Skyforce,SXF,120,True,0.444,0.371,0.938,45,24,13,G League Ignite,GLI,116,False,0.524,0.409,0.571,43,25,15,236,4
2022,2022200416,2023-03-15,SLC @ SCW,Salt Lake City Stars,SLC,129,False,0.545,0.359,0.632,42,27,15,Santa Cruz Warriors,SCW,132,True,0.477,0.391,0.857,42,26,16,261,3
2022,2022200409,2023-03-15,MCC vs. CLC,Cleveland Charge,CLC,110,False,0.432,0.45,0.692,27,14,9,Motor City Cruise,MCC,122,True,0.529,0.412,0.786,60,23,18,232,12
2022,2022200410,2023-03-15,GBO vs. MXC,Mexico City Capitanes,MXC,122,True,0.473,0.412,0.813,45,22,18,Greensboro Swarm,GBO,116,False,0.512,0.364,0.833,36,28,21,238,6
2022,0022201037,2023-03-15,SAC @ CHI,Sacramento Kings,SAC,117,True,0.487,0.429,0.793,45,26,19,Chicago Bulls,CHI,114,False,0.392,0.381,0.88,48,28,14,231,3
2022,2022200412,2023-03-15,OKL vs. ONT,Ontario Clippers,ONT,114,True,0.433,0.314,0.762,44,29,9,Oklahoma City Blue,OKL,105,False,0.526,0.435,0.6,43,28,19,219,9
2022,0022201038,2023-03-15,HOU vs. LAL,Los Angeles Lakers,LAL,110,False,0.378,0.25,0.838,36,21,8,Houston Rockets,HOU,114,True,0.528,0.276,0.632,51,22,17,224,4
2022,0022201035,2023-03-15,CLE vs. PHI,Philadelphia 76ers,PHI,118,True,0.52,0.472,0.852,46,24,18,Cleveland Cavaliers,CLE,109,False,0.471,0.341,0.682,33,20,10,227,9
2022,2022200413,2023-03-15,MHU @ WCB,Memphis Hustle,MHU,116,True,0.469,0.421,0.833,42,30,17,Windy City Bulls,WCB,112,False,0.516,0.16,1.0,38,29,11,228,4
2022,0022201041,2023-03-15,LAC vs. GSW,Golden State Warriors,GSW,126,False,0.557,0.472,0.733,36,28,16,LA Clippers,LAC,134,True,0.479,0.471,0.813,44,30,7,260,8
2022,0022201040,2023-03-15,SAS vs. DAL,Dallas Mavericks,DAL,137,True,0.512,0.515,0.865,52,23,18,San Antonio Spurs,SAS,128,False,0.458,0.441,0.577,47,26,10,265,9
2022,0022201036,2023-03-15,MEM @ MIA,Memphis Grizzlies,MEM,119,False,0.505,0.391,0.643,39,29,16,Miami Heat,MIA,138,True,0.598,0.448,0.818,41,33,13,257,19
2022,2022200414,2023-03-15,SBL @ AUS,South Bay Lakers,SBL,132,True,0.564,0.48,0.769,56,24,19,Austin Spurs,AUS,96,False,0.43,0.211,0.556,35,22,17,228,36
2022,2022200422,2023-03-16,GLI vs. SXF,Sioux Falls Skyforce,SXF,132,True,0.462,0.364,0.76,38,25,10,G League Ignite,GLI,114,False,0.534,0.417,0.75,49,31,23,246,18
2022,0022201042,2023-03-16,DET vs. DEN,Denver Nuggets,DEN,119,True,0.528,0.333,0.68,47,29,9,Detroit Pistons,DET,100,False,0.459,0.444,0.556,37,24,17,219,19
2022,2022200421,2023-03-16,AUS vs. SBL,South Bay Lakers,SBL,123,True,0.518,0.364,0.714,42,28,10,Austin Spurs,AUS,121,False,0.453,0.444,0.88,43,26,14,244,2
2022,2022200417,2023-03-16,TEX @ DEL,Texas Legends,TEX,132,True,0.558,0.5,0.714,44,28,15,Delaware Blue Coats,DEL,129,False,0.431,0.29,0.8,53,16,7,261,3
2022,0022201045,2023-03-16,IND @ MIL,Indiana Pacers,IND,139,True,0.557,0.478,0.6,42,36,8,Milwaukee Bucks,MIL,123,False,0.528,0.344,0.692,44,26,12,262,16
2022,2022200419,2023-03-16,MXC @ GBO,Mexico City Capitanes,MXC,107,False,0.444,0.385,0.636,42,26,11,Greensboro Swarm,GBO,118,True,0.505,0.436,0.625,51,38,16,225,11
2022,0022201044,2023-03-16,TOR vs. OKC,Oklahoma City Thunder,OKC,111,False,0.426,0.419,0.9,39,18,13,Toronto Raptors,TOR,128,True,0.485,0.438,0.714,59,29,10,239,17
2022,0022201043,2023-03-16,BKN vs. SAC,Sacramento Kings,SAC,101,True,0.39,0.317,0.75,57,22,12,Brooklyn Nets,BKN,96,False,0.413,0.359,0.696,41,20,6,197,5
2022,2022200418,2023-03-16,OSC @ RAP,Osceola Magic,OSC,124,True,0.554,0.455,0.643,45,30,19,Raptors 905,RAP,102,False,0.427,0.303,0.667,37,19,16,226,22
2022,2022200420,2023-03-16,FWN @ WES,Fort Wayne Mad Ants,FWN,117,True,0.489,0.361,0.75,48,34,11,Westchester Knicks,WES,108,False,0.423,0.368,0.857,54,28,14,225,9
2022,0022201046,2023-03-16,PHX vs. ORL,Orlando Magic,ORL,113,False,0.5,0.286,0.826,47,25,17,Phoenix Suns,PHX,116,True,0.478,0.371,1.0,35,26,14,229,3
2022,2022200426,2023-03-17,RGV @ MHU,Rio Grande Valley Vipers,RGV,128,True,0.516,0.453,0.5,57,26,18,Memphis Hustle,MHU,103,False,0.44,0.344,0.5,41,24,16,231,25
2022,2022200427,2023-03-17,MNE @ WIS,Maine Celtics,MNE,116,False,0.394,0.31,0.846,61,26,15,Wisconsin Herd,WIS,118,True,0.471,0.314,0.667,44,20,14,234,2
2022,0022201052,2023-03-17,SAS vs. MEM,Memphis Grizzlies,MEM,126,True,0.485,0.368,0.667,52,27,17,San Antonio Spurs,SAS,120,False,0.398,0.385,0.759,54,31,19,246,6
2022,2022200425,2023-03-17,CPS vs. GRG,Grand Rapids Gold,GRG,126,False,0.481,0.313,0.538,54,25,9,College Park Skyhawks,CPS,132,True,0.485,0.39,0.688,54,23,11,258,6
2022,2022200428,2023-03-17,SCW vs. IWA,Iowa Wolves,IWA,119,False,0.425,0.367,0.6,57,27,11,Santa Cruz Warriors,SCW,127,True,0.5,0.34,0.688,49,28,11,246,8
2022,0022201054,2023-03-17,LAL vs. DAL,Dallas Mavericks,DAL,111,True,0.506,0.471,0.789,35,27,13,Los Angeles Lakers,LAL,110,False,0.512,0.25,0.613,42,23,12,221,1
2022,0022201047,2023-03-17,CHA vs. PHI,Philadelphia 76ers,PHI,121,True,0.5,0.313,0.76,62,24,13,Charlotte Hornets,CHA,82,False,0.337,0.143,0.731,35,20,13,203,39
2022,0022201050,2023-03-17,MIN @ CHI,Minnesota Timberwolves,MIN,131,False,0.46,0.429,0.677,50,33,15,Chicago Bulls,CHI,139,True,0.543,0.458,0.867,47,23,11,270,8
2022,0022201049,2023-03-17,CLE vs. WAS,Washington Wizards,WAS,94,False,0.461,0.348,0.8,38,22,16,Cleveland Cavaliers,CLE,117,True,0.552,0.211,0.773,41,31,10,211,23
2022,2022200424,2023-03-17,TEX @ CCG,Texas Legends,TEX,91,False,0.384,0.25,0.667,25,17,11,Capital City Go-Go,CCG,140,True,0.662,0.423,0.81,55,29,17,231,49
2022,0022201048,2023-03-17,GSW @ ATL,Golden State Warriors,GSW,119,False,0.48,0.275,0.7,54,28,17,Atlanta Hawks,ATL,127,True,0.47,0.39,0.68,45,27,10,246,8
2022,0022201051,2023-03-17,HOU vs. NOP,New Orleans Pelicans,NOP,112,False,0.476,0.429,0.88,35,22,9,Houston Rockets,HOU,114,True,0.489,0.344,0.708,52,20,12,226,2
2022,2022200423,2023-03-17,CLC vs. LIN,Long Island Nets,LIN,115,False,0.482,0.425,0.579,44,19,17,Cleveland Charge,CLC,122,True,0.434,0.342,0.852,48,18,14,237,7
2022,0022201053,2023-03-17,BOS @ POR,Boston Celtics,BOS,126,True,0.471,0.357,0.829,52,29,16,Portland Trail Blazers,POR,112,False,0.481,0.368,0.71,37,20,18,238,14
2022,2022200436,2023-03-18,STO vs. SXF,Sioux Falls Skyforce,SXF,144,True,0.559,0.4,0.813,43,28,6,Stockton Kings,STO,119,False,0.512,0.361,0.625,40,19,15,263,25
2022,0022201056,2023-03-18,LAC vs. ORL,Orlando Magic,ORL,113,True,0.5,0.323,0.76,45,23,17,LA Clippers,LAC,108,False,0.467,0.273,0.75,43,23,15,221,5
2022,0022201057,2023-03-18,PHI @ IND,Philadelphia 76ers,PHI,141,True,0.614,0.429,0.818,30,31,7,Indiana Pacers,IND,121,False,0.517,0.387,0.95,41,28,14,262,20
2022,2022200434,2023-03-18,GBO @ AUS,Greensboro Swarm,GBO,127,True,0.571,0.472,0.773,34,22,11,Austin Spurs,AUS,124,False,0.537,0.464,0.875,35,25,10,251,3
2022,2022200432,2023-03-18,GRG @ CPS,Grand Rapids Gold,GRG,102,True,0.43,0.375,0.846,50,26,23,College Park Skyhawks,CPS,93,False,0.341,0.231,0.882,44,17,18,195,9
2022,2022200430,2023-03-18,WES @ MCC,Westchester Knicks,WES,112,False,0.416,0.455,1.0,44,17,12,Motor City Cruise,MCC,122,True,0.479,0.359,0.714,59,29,13,234,10
2022,2022200433,2023-03-18,LIN @ CLC,Long Island Nets,LIN,100,False,0.411,0.241,0.846,42,13,18,Cleveland Charge,CLC,108,True,0.493,0.448,0.737,44,24,25,208,8
2022,0022201060,2023-03-18,CHI vs. MIA,Miami Heat,MIA,99,False,0.427,0.27,0.792,39,23,13,Chicago Bulls,CHI,113,True,0.563,0.5,1.0,32,34,10,212,14
2022,2022200431,2023-03-18,WCB vs. DEL,Delaware Blue Coats,DEL,112,False,0.426,0.3,0.737,43,22,10,Windy City Bulls,WCB,119,True,0.542,0.357,0.706,50,23,16,231,7
2022,2022200435,2023-03-18,RGV @ MHU,Rio Grande Valley Vipers,RGV,87,False,0.388,0.205,0.7,44,17,16,Memphis Hustle,MHU,114,True,0.5,0.368,0.857,40,25,12,201,27
2022,2022200429,2023-03-18,RAP vs. OSC,Osceola Magic,OSC,112,True,0.533,0.444,0.692,48,26,21,Raptors 905,RAP,111,False,0.46,0.324,0.444,39,31,11,223,1
2022,2022200437,2023-03-18,SCW vs. IWA,Iowa Wolves,IWA,112,False,0.418,0.326,0.684,53,25,15,Santa Cruz Warriors,SCW,132,True,0.443,0.296,0.765,58,28,10,244,20
2022,0022201062,2023-03-18,UTA vs. BOS,Boston Celtics,BOS,117,False,0.477,0.431,0.688,40,30,6,Utah Jazz,UTA,118,True,0.433,0.415,0.773,56,29,7,235,1
2022,0022201055,2023-03-18,NYK vs. DEN,Denver Nuggets,DEN,110,False,0.512,0.364,0.8,33,30,13,New York Knicks,NYK,116,True,0.494,0.281,0.893,43,23,12,226,6
2022,0022201059,2023-03-18,WAS vs. SAC,Sacramento Kings,SAC,132,True,0.558,0.595,0.609,44,34,8,Washington Wizards,WAS,118,False,0.451,0.361,0.852,46,27,9,250,14
2022,0022201061,2023-03-18,MEM vs. GSW,Golden State Warriors,GSW,119,False,0.429,0.371,0.824,42,27,13,Memphis Grizzlies,MEM,133,True,0.547,0.474,0.647,39,35,6,252,14
2022,0022201058,2023-03-18,MIN @ TOR,Minnesota Timberwolves,MIN,107,False,0.459,0.217,0.857,42,27,14,Toronto Raptors,TOR,122,True,0.533,0.333,0.81,45,23,15,229,15
2022,0022201064,2023-03-19,PHX @ OKC,Phoenix Suns,PHX,120,False,0.478,0.417,0.708,40,31,14,Oklahoma City Thunder,OKC,124,True,0.5,0.393,0.806,44,20,15,244,4
2022,2022200441,2023-03-19,SBL @ SLC,South Bay Lakers,SBL,114,False,0.441,0.258,0.733,40,25,15,Salt Lake City Stars,SLC,121,True,0.556,0.423,0.765,43,24,20,235,7
2022,0022201068,2023-03-19,TOR @ MIL,Toronto Raptors,TOR,111,False,0.444,0.412,0.75,41,25,7,Milwaukee Bucks,MIL,118,True,0.524,0.356,0.762,45,35,12,229,7
2022,0022201066,2023-03-19,MIA @ DET,Miami Heat,MIA,112,True,0.481,0.333,0.92,42,33,10,Detroit Pistons,DET,100,False,0.463,0.313,0.824,39,26,11,212,12
2022,2022200440,2023-03-19,TEX vs. OKL,Oklahoma City Blue,OKL,122,True,0.533,0.421,0.625,46,34,11,Texas Legends,TEX,107,False,0.477,0.378,0.625,37,23,11,229,15
2022,2022200439,2023-03-19,MNE @ WCB,Maine Celtics,MNE,93,False,0.363,0.235,0.417,56,22,12,Windy City Bulls,WCB,114,True,0.472,0.29,0.8,55,21,9,207,21
2022,0022201063,2023-03-19,DEN @ BKN,Denver Nuggets,DEN,108,True,0.525,0.522,0.923,40,31,16,Brooklyn Nets,BKN,102,False,0.463,0.343,0.875,33,26,11,210,6
2022,2022200438,2023-03-19,FWN vs. WIS,Wisconsin Herd,WIS,114,False,0.476,0.282,0.714,52,20,18,Fort Wayne Mad Ants,FWN,128,True,0.505,0.341,0.714,47,36,13,242,14
2022,0022201065,2023-03-19,ATL @ SAS,Atlanta Hawks,ATL,118,False,0.475,0.227,0.85,51,21,12,San Antonio Spurs,SAS,126,True,0.543,0.5,0.625,41,26,12,244,8
2022,2022200442,2023-03-19,GLI @ STO,G League Ignite,GLI,90,False,0.429,0.176,0.688,41,13,14,Stockton Kings,STO,120,True,0.563,0.439,0.5,43,35,12,210,30
2022,2022200443,2023-03-19,MXC vs. BHM,Birmingham Squadron,BHM,115,False,0.529,0.444,0.571,30,21,10,Mexico City Capitanes,MXC,124,True,0.533,0.387,0.75,50,14,15,239,9
2022,0022201067,2023-03-19,HOU vs. NOP,New Orleans Pelicans,NOP,117,True,0.494,0.419,0.833,39,28,10,Houston Rockets,HOU,107,False,0.408,0.273,0.947,36,15,12,224,10
2022,0022201069,2023-03-19,LAC @ POR,LA Clippers,LAC,117,True,0.457,0.429,0.826,49,26,9,Portland Trail Blazers,POR,102,False,0.451,0.207,0.917,40,24,13,219,15
2022,0022201070,2023-03-19,ORL @ LAL,Orlando Magic,ORL,105,False,0.402,0.263,0.765,44,24,8,Los Angeles Lakers,LAL,111,True,0.462,0.406,0.813,52,25,15,216,6
2022,0022201074,2023-03-20,GSW @ HOU,Golden State Warriors,GSW,121,True,0.5,0.354,0.842,48,31,18,Houston Rockets,HOU,108,False,0.419,0.278,0.833,41,14,17,229,13
2022,2022200446,2023-03-20,ONT vs. MHU,Memphis Hustle,MHU,108,True,0.477,0.412,0.636,36,26,9,Ontario Clippers,ONT,101,False,0.453,0.313,1.0,47,24,17,209,7
2022,0022201076,2023-03-20,UTA vs. SAC,Sacramento Kings,SAC,120,False,0.423,0.365,0.76,43,28,6,Utah Jazz,UTA,128,True,0.523,0.444,0.87,48,33,12,248,8
2022,0022201073,2023-03-20,MIN @ NYK,Minnesota Timberwolves,MIN,140,True,0.614,0.583,0.75,34,34,15,New York Knicks,NYK,134,False,0.565,0.5,0.857,34,26,16,274,6
2022,2022200445,2023-03-20,MXC vs. BHM,Birmingham Squadron,BHM,111,True,0.512,0.296,0.9,46,18,14,Mexico City Capitanes,MXC,98,False,0.398,0.3,0.833,39,21,10,209,13
2022,0022201075,2023-03-20,DAL @ MEM,Dallas Mavericks,DAL,108,False,0.464,0.306,0.95,37,22,12,Memphis Grizzlies,MEM,112,True,0.461,0.286,0.769,50,21,11,220,4
2022,0022201072,2023-03-20,PHI vs. CHI,Chicago Bulls,CHI,109,True,0.415,0.212,0.828,42,20,10,Philadelphia 76ers,PHI,105,False,0.422,0.278,0.864,54,28,19,214,4
2022,2022200444,2023-03-20,MCC vs. WES,Westchester Knicks,WES,93,False,0.43,0.346,0.818,36,15,12,Motor City Cruise,MCC,122,True,0.568,0.296,0.867,45,31,9,215,29
2022,0022201071,2023-03-20,CHA vs. IND,Indiana Pacers,IND,109,False,0.451,0.346,0.765,48,27,21,Charlotte Hornets,CHA,115,True,0.456,0.323,0.719,37,26,11,224,6
2022,0022201082,2023-03-21,OKC @ LAC,Oklahoma City Thunder,OKC,101,True,0.419,0.27,0.929,47,19,11,LA Clippers,LAC,100,False,0.477,0.194,0.571,46,21,13,201,1
2022,2022200452,2023-03-21,WCB vs. MNE,Maine Celtics,MNE,93,True,0.407,0.25,0.889,51,25,13,Windy City Bulls,WCB,89,False,0.383,0.22,0.667,50,21,9,182,4
2022,2022200449,2023-03-21,WIS vs. GRG,Grand Rapids Gold,GRG,114,False,0.5,0.343,0.667,34,29,13,Wisconsin Herd,WIS,129,True,0.484,0.366,1.0,49,22,18,243,15
2022,2022200450,2023-03-21,CPS @ RAP,College Park Skyhawks,CPS,104,False,0.388,0.306,0.652,54,24,16,Raptors 905,RAP,111,True,0.463,0.324,0.818,48,32,11,215,7
2022,0022201077,2023-03-21,WAS @ ORL,Washington Wizards,WAS,112,False,0.506,0.313,0.783,33,30,14,Orlando Magic,ORL,122,True,0.538,0.444,0.96,42,27,15,234,10
2022,0022201078,2023-03-21,DET @ ATL,Detroit Pistons,DET,107,False,0.407,0.325,0.833,35,20,9,Atlanta Hawks,ATL,129,True,0.463,0.368,0.75,61,26,9,236,22
2022,2022200448,2023-03-21,OSC vs. LIN,Long Island Nets,LIN,118,True,0.554,0.516,0.786,32,23,17,Osceola Magic,OSC,112,False,0.5,0.444,0.563,42,25,14,230,6
2022,0022201081,2023-03-21,BOS @ SAC,Boston Celtics,BOS,132,True,0.533,0.409,0.696,43,33,5,Sacramento Kings,SAC,109,False,0.481,0.386,0.667,42,25,14,241,23
2022,2022200447,2023-03-21,GBO vs. CCG,Capital City Go-Go,CCG,129,True,0.571,0.571,0.778,44,32,14,Greensboro Swarm,GBO,116,False,0.518,0.485,0.833,28,30,14,245,13
2022,0022201079,2023-03-21,CLE @ BKN,Cleveland Cavaliers,CLE,115,True,0.506,0.483,0.81,34,23,14,Brooklyn Nets,BKN,109,False,0.446,0.273,0.783,49,25,16,224,6
2022,2022200454,2023-03-21,OKL @ SBL,Oklahoma City Blue,OKL,132,True,0.584,0.484,0.889,46,35,18,South Bay Lakers,SBL,115,False,0.471,0.367,0.5,40,27,13,247,17
2022,2022200453,2023-03-21,AUS @ SLC,Austin Spurs,AUS,93,False,0.383,0.343,0.625,39,19,13,Salt Lake City Stars,SLC,101,True,0.486,0.276,0.571,53,23,18,194,8
2022,0022201080,2023-03-21,NOP vs. SAS,San Antonio Spurs,SAS,84,False,0.345,0.317,0.579,37,22,14,New Orleans Pelicans,NOP,119,True,0.556,0.417,0.826,49,31,16,203,35
2022,2022200451,2023-03-21,RGV vs. SCW,Santa Cruz Warriors,SCW,126,True,0.536,0.45,0.7,44,28,21,Rio Grande Valley Vipers,RGV,119,False,0.46,0.216,0.688,46,31,16,245,7
2022,0022201091,2023-03-22,POR @ UTA,Portland Trail Blazers,POR,127,True,0.484,0.317,0.8,43,28,8,Utah Jazz,UTA,115,False,0.476,0.314,0.722,47,24,17,242,12
2022,0022201088,2023-03-22,MEM vs. HOU,Houston Rockets,HOU,125,False,0.516,0.364,0.739,48,27,16,Memphis Grizzlies,MEM,130,True,0.517,0.333,0.848,36,27,10,255,5
2022,0022201084,2023-03-22,NYK @ MIA,New York Knicks,NYK,120,False,0.512,0.4,0.8,42,29,16,Miami Heat,MIA,127,True,0.57,0.571,0.808,29,28,10,247,7
2022,2022200456,2023-03-22,ONT vs. MHU,Memphis Hustle,MHU,98,True,0.456,0.385,0.75,44,18,14,Ontario Clippers,ONT,96,False,0.45,0.306,0.8,37,19,15,194,2
2022,0022201090,2023-03-22,ATL @ MIN,Atlanta Hawks,ATL,124,False,0.529,0.462,0.88,41,28,16,Minnesota Timberwolves,MIN,125,True,0.489,0.423,0.828,42,27,11,249,1
2022,0022201092,2023-03-22,PHX @ LAL,Phoenix Suns,PHX,111,False,0.467,0.387,0.75,39,23,17,Los Angeles Lakers,LAL,122,True,0.557,0.471,0.783,36,27,13,233,11
2022,2022200457,2023-03-22,MXC @ STO,Mexico City Capitanes,MXC,115,False,0.494,0.529,0.692,32,27,20,Stockton Kings,STO,117,True,0.478,0.25,0.933,46,24,19,232,2
2022,2022200455,2023-03-22,IWA vs. BHM,Birmingham Squadron,BHM,131,False,0.602,0.45,0.875,32,35,13,Iowa Wolves,IWA,139,True,0.558,0.478,0.778,37,38,13,270,8
2022,0022201087,2023-03-22,CHI vs. PHI,Philadelphia 76ers,PHI,116,True,0.476,0.432,0.846,44,30,15,Chicago Bulls,CHI,91,False,0.41,0.24,0.773,42,18,19,207,25
2022,0022201085,2023-03-22,IND @ TOR,Indiana Pacers,IND,118,True,0.558,0.524,0.84,39,27,18,Toronto Raptors,TOR,114,False,0.438,0.206,0.744,40,21,10,232,4
2022,0022201086,2023-03-22,GSW @ DAL,Golden State Warriors,GSW,127,True,0.556,0.308,0.833,44,33,13,Dallas Mavericks,DAL,125,False,0.494,0.425,0.714,31,27,10,252,2
2022,0022201083,2023-03-22,DEN @ WAS,Denver Nuggets,DEN,118,True,0.506,0.469,0.905,41,28,10,Washington Wizards,WAS,104,False,0.506,0.154,0.75,37,20,7,222,14
2022,0022201089,2023-03-22,MIL vs. SAS,San Antonio Spurs,SAS,94,False,0.387,0.231,0.65,46,26,19,Milwaukee Bucks,MIL,130,True,0.52,0.349,0.542,54,24,15,224,36
2022,0022201095,2023-03-23,NOP vs. CHA,Charlotte Hornets,CHA,96,False,0.458,0.243,0.688,38,24,17,New Orleans Pelicans,NOP,115,True,0.459,0.324,0.933,52,26,11,211,19
2022,2022200459,2023-03-23,CLC vs. GRG,Grand Rapids Gold,GRG,101,False,0.471,0.281,0.7,42,23,13,Cleveland Charge,CLC,108,True,0.476,0.366,0.8,49,25,15,209,7
2022,2022200465,2023-03-23,GLI vs. OKL,Oklahoma City Blue,OKL,100,True,0.356,0.211,0.923,62,16,10,G League Ignite,GLI,94,False,0.415,0.379,0.667,49,17,18,194,6
2022,0022201093,2023-03-23,ORL vs. NYK,New York Knicks,NYK,106,False,0.42,0.3,0.769,44,26,13,Orlando Magic,ORL,111,True,0.46,0.406,0.857,43,25,14,217,5
2022,2022200460,2023-03-23,OSC vs. LIN,Long Island Nets,LIN,113,False,0.446,0.348,0.692,45,24,13,Osceola Magic,OSC,115,True,0.5,0.345,0.636,53,19,17,228,2
2022,0022201094,2023-03-23,BKN vs. CLE,Cleveland Cavaliers,CLE,116,True,0.472,0.375,0.769,40,24,9,Brooklyn Nets,BKN,114,False,0.481,0.353,0.889,42,24,15,230,2
2022,2022200462,2023-03-23,SCW @ RGV,Santa Cruz Warriors,SCW,111,False,0.474,0.39,0.632,47,23,22,Rio Grande Valley Vipers,RGV,121,True,0.475,0.341,0.75,47,31,14,232,10
2022,2022200461,2023-03-23,MNE vs. WES,Westchester Knicks,WES,97,False,0.384,0.325,0.714,38,20,7,Maine Celtics,MNE,110,True,0.529,0.29,0.667,54,29,15,207,13
2022,2022200466,2023-03-23,TEX @ ONT,Texas Legends,TEX,125,False,0.51,0.405,0.6,40,25,12,Ontario Clippers,ONT,128,True,0.554,0.375,0.706,47,26,13,253,3
2022,2022200464,2023-03-23,AUS @ SLC,Austin Spurs,AUS,107,False,0.385,0.324,0.722,28,20,13,Salt Lake City Stars,SLC,134,True,0.614,0.5,0.75,59,31,28,241,27
2022,0022201096,2023-03-23,OKC @ LAC,Oklahoma City Thunder,OKC,105,False,0.441,0.333,0.909,40,24,14,LA Clippers,LAC,127,True,0.56,0.486,0.75,42,34,13,232,22
2022,2022200458,2023-03-23,CCG vs. WIS,Wisconsin Herd,WIS,104,False,0.414,0.306,0.714,47,28,11,Capital City Go-Go,CCG,114,True,0.44,0.424,0.786,48,26,10,218,10
2022,2022200463,2023-03-23,CPS @ WCB,College Park Skyhawks,CPS,115,False,0.457,0.462,0.583,45,27,12,Windy City Bulls,WCB,126,True,0.517,0.379,0.7,44,21,9,241,11
2022,2022200467,2023-03-24,DEL vs. FWN,Fort Wayne Mad Ants,FWN,114,True,0.484,0.367,0.778,48,35,19,Delaware Blue Coats,DEL,110,False,0.408,0.295,0.467,55,23,19,224,4
2022,0022201102,2023-03-24,UTA vs. MIL,Milwaukee Bucks,MIL,144,True,0.556,0.44,0.75,50,42,12,Utah Jazz,UTA,116,False,0.385,0.275,0.735,51,28,11,260,28
2022,2022200471,2023-03-24,MXC @ STO,Mexico City Capitanes,MXC,104,False,0.476,0.41,0.455,38,30,18,Stockton Kings,STO,116,True,0.488,0.394,0.737,52,30,19,220,12
2022,0022201098,2023-03-24,SAS @ WAS,San Antonio Spurs,SAS,124,False,0.505,0.342,0.6,41,35,5,Washington Wizards,WAS,136,True,0.6,0.5,0.731,43,29,7,260,12
2022,0022201101,2023-03-24,CHA @ DAL,Charlotte Hornets,CHA,117,True,0.483,0.393,0.741,43,32,8,Dallas Mavericks,DAL,109,False,0.488,0.25,0.75,45,25,10,226,8
2022,0022201106,2023-03-24,LAL vs. OKC,Oklahoma City Thunder,OKC,111,False,0.435,0.389,0.895,45,21,10,Los Angeles Lakers,LAL,116,True,0.462,0.353,0.714,53,20,11,227,5
2022,2022200468,2023-03-24,GBO vs. RAP,Raptors 905,RAP,116,False,0.452,0.314,0.8,46,25,16,Greensboro Swarm,GBO,118,True,0.452,0.351,0.8,44,26,16,234,2
2022,0022201097,2023-03-24,IND @ BOS,Indiana Pacers,IND,95,False,0.464,0.154,0.591,44,24,17,Boston Celtics,BOS,120,True,0.473,0.429,0.737,49,28,14,215,25
2022,0022201099,2023-03-24,DET @ TOR,Detroit Pistons,DET,97,False,0.466,0.24,0.767,39,23,22,Toronto Raptors,TOR,118,True,0.446,0.351,0.793,46,25,11,215,21
2022,0022201103,2023-03-24,PHI @ GSW,Philadelphia 76ers,PHI,112,False,0.487,0.276,0.824,38,23,10,Golden State Warriors,GSW,120,True,0.477,0.36,0.75,49,27,11,232,8
2022,0022201100,2023-03-24,MEM vs. HOU,Houston Rockets,HOU,114,False,0.54,0.304,0.619,38,25,15,Memphis Grizzlies,MEM,151,True,0.613,0.595,0.857,35,36,10,265,37
2022,2022200470,2023-03-24,MHU @ SXF,Memphis Hustle,MHU,105,False,0.427,0.343,0.824,38,31,15,Sioux Falls Skyforce,SXF,119,True,0.558,0.5,0.4,49,32,21,224,14
2022,2022200469,2023-03-24,CLC @ MCC,Cleveland Charge,CLC,113,True,0.461,0.5,0.762,43,20,16,Motor City Cruise,MCC,106,False,0.442,0.371,0.846,43,23,14,219,7
2022,0022201104,2023-03-24,CHI @ POR,Chicago Bulls,CHI,124,True,0.571,0.607,0.786,47,33,16,Portland Trail Blazers,POR,96,False,0.43,0.194,0.889,31,23,12,220,28
2022,0022201105,2023-03-24,SAC vs. PHX,Phoenix Suns,PHX,127,False,0.539,0.31,0.759,43,33,12,Sacramento Kings,SAC,135,True,0.528,0.333,0.875,33,29,4,262,8
2022,0022201111,2023-03-25,SAC vs. UTA,Utah Jazz,UTA,113,False,0.516,0.321,0.625,45,30,16,Sacramento Kings,SAC,121,True,0.463,0.372,0.81,42,30,8,234,8
2022,0022201108,2023-03-25,BKN @ MIA,Brooklyn Nets,BKN,129,True,0.494,0.45,0.92,45,30,6,Miami Heat,MIA,100,False,0.475,0.4,0.857,32,22,12,229,29
2022,2022200475,2023-03-25,BHM vs. CPS,College Park Skyhawks,CPS,120,False,0.471,0.313,0.769,51,21,16,Birmingham Squadron,BHM,122,True,0.566,0.333,0.577,42,24,18,242,2
2022,0022201109,2023-03-25,MIL @ DEN,Milwaukee Bucks,MIL,106,False,0.443,0.25,0.905,40,26,10,Denver Nuggets,DEN,129,True,0.528,0.417,0.714,48,28,10,235,23
2022,2022200478,2023-03-25,GLI @ SBL,G League Ignite,GLI,96,False,0.372,0.3,0.769,48,18,11,South Bay Lakers,SBL,120,True,0.48,0.354,0.7,60,36,10,216,24
2022,0022201112,2023-03-25,NOP @ LAC,New Orleans Pelicans,NOP,131,True,0.531,0.618,0.889,45,36,15,LA Clippers,LAC,110,False,0.52,0.455,0.81,31,29,19,241,21
2022,2022200477,2023-03-25,MHU @ SXF,Memphis Hustle,MHU,88,False,0.374,0.25,0.7,46,27,14,Sioux Falls Skyforce,SXF,116,True,0.478,0.351,0.8,59,29,16,204,28
2022,2022200474,2023-03-25,CCG vs. WES,Westchester Knicks,WES,105,False,0.392,0.25,0.75,44,17,9,Capital City Go-Go,CCG,114,True,0.46,0.448,0.611,60,24,19,219,9
2022,2022200480,2023-03-25,SCW vs. TEX,Texas Legends,TEX,111,False,0.384,0.34,0.667,40,24,9,Santa Cruz Warriors,SCW,134,True,0.5,0.333,0.813,61,32,15,245,23
2022,2022200479,2023-03-25,RGV vs. LIN,Long Island Nets,LIN,116,False,0.448,0.386,0.737,40,27,11,Rio Grande Valley Vipers,RGV,135,True,0.545,0.516,0.737,50,25,12,251,19
2022,2022200476,2023-03-25,OSC @ IWA,Osceola Magic,OSC,133,True,0.51,0.333,0.9,39,41,12,Iowa Wolves,IWA,121,False,0.484,0.326,0.714,46,33,18,254,12
2022,0022201110,2023-03-25,PHX vs. PHI,Philadelphia 76ers,PHI,105,False,0.436,0.419,0.889,36,21,12,Phoenix Suns,PHX,125,True,0.505,0.469,0.842,45,35,7,230,20
2022,0022201107,2023-03-25,IND @ ATL,Indiana Pacers,IND,130,False,0.542,0.378,1.0,32,33,17,Atlanta Hawks,ATL,143,True,0.552,0.5,0.88,42,33,11,273,13
2022,2022200473,2023-03-25,DEL vs. FWN,Fort Wayne Mad Ants,FWN,125,True,0.478,0.353,0.87,51,25,21,Delaware Blue Coats,DEL,121,False,0.458,0.341,0.769,40,26,12,246,4
2022,2022200472,2023-03-25,RAP @ GBO,Raptors 905,RAP,137,True,0.607,0.485,0.571,32,29,17,Greensboro Swarm,GBO,126,False,0.553,0.364,0.9,36,23,23,263,11
2022,0022201114,2023-03-26,CHI @ LAL,Chicago Bulls,CHI,118,True,0.54,0.452,0.769,42,32,9,Los Angeles Lakers,LAL,108,False,0.507,0.361,0.679,38,24,18,226,10
2022,0022201116,2023-03-26,SAS @ BOS,San Antonio Spurs,SAS,93,False,0.371,0.222,0.722,38,22,10,Boston Celtics,BOS,137,True,0.571,0.409,0.714,61,29,14,230,44
2022,0022201117,2023-03-26,CLE vs. HOU,Houston Rockets,HOU,91,False,0.438,0.24,0.833,36,20,16,Cleveland Cavaliers,CLE,108,True,0.47,0.3,0.875,41,20,9,199,17
2022,0022201120,2023-03-26,POR vs. OKC,Oklahoma City Thunder,OKC,118,True,0.436,0.343,0.857,42,23,11,Portland Trail Blazers,POR,112,False,0.476,0.438,0.741,37,18,18,230,6
2022,0022201121,2023-03-26,GSW vs. MIN,Minnesota Timberwolves,MIN,99,True,0.425,0.425,0.56,49,25,17,Golden State Warriors,GSW,96,False,0.415,0.375,0.765,37,25,16,195,3
2022,0022201115,2023-03-26,MEM @ ATL,Memphis Grizzlies,MEM,123,True,0.539,0.394,0.737,39,28,11,Atlanta Hawks,ATL,119,False,0.459,0.226,0.846,48,27,10,242,4
2022,0022201118,2023-03-26,ORL vs. BKN,Brooklyn Nets,BKN,106,False,0.407,0.229,0.857,44,17,15,Orlando Magic,ORL,119,True,0.529,0.318,0.786,47,30,11,225,13
2022,0022201113,2023-03-26,CHA vs. DAL,Dallas Mavericks,DAL,104,False,0.381,0.388,0.955,37,18,8,Charlotte Hornets,CHA,110,True,0.443,0.414,0.833,58,27,14,214,6
2022,0022201119,2023-03-26,TOR vs. WAS,Washington Wizards,WAS,104,False,0.442,0.444,0.6,45,25,16,Toronto Raptors,TOR,114,True,0.459,0.355,0.813,53,22,11,218,10
2022,0022201123,2023-03-27,DAL @ IND,Dallas Mavericks,DAL,127,True,0.566,0.486,0.882,33,29,13,Indiana Pacers,IND,104,False,0.419,0.286,0.783,43,20,13,231,23
2022,0022201125,2023-03-27,UTA vs. PHX,Phoenix Suns,PHX,117,True,0.426,0.306,0.909,49,31,6,Utah Jazz,UTA,103,False,0.442,0.25,0.667,47,25,13,220,14
2022,0022201122,2023-03-27,DET vs. MIL,Milwaukee Bucks,MIL,126,True,0.474,0.311,0.846,50,28,8,Detroit Pistons,DET,117,False,0.446,0.292,0.778,47,22,10,243,9
2022,0022201129,2023-03-27,LAC vs. CHI,Chicago Bulls,CHI,112,False,0.537,0.391,0.714,34,26,14,LA Clippers,LAC,124,True,0.593,0.5,0.5,37,41,15,236,12
2022,0022201128,2023-03-27,SAC vs. MIN,Minnesota Timberwolves,MIN,119,True,0.512,0.375,0.647,40,33,6,Sacramento Kings,SAC,115,False,0.464,0.185,0.8,42,16,10,234,4
2022,0022201127,2023-03-27,NOP @ POR,New Orleans Pelicans,NOP,124,True,0.57,0.429,0.824,53,31,16,Portland Trail Blazers,POR,90,False,0.389,0.212,0.867,29,15,12,214,34
2022,0022201126,2023-03-27,PHI @ DEN,Philadelphia 76ers,PHI,111,False,0.483,0.267,0.773,40,18,11,Denver Nuggets,DEN,116,True,0.506,0.344,0.864,42,34,12,227,5
2022,0022201124,2023-03-27,NYK vs. HOU,Houston Rockets,HOU,115,False,0.483,0.269,0.828,40,24,14,New York Knicks,NYK,137,True,0.581,0.436,0.714,39,35,10,252,22
2022,0022201132,2023-03-28,MIA @ TOR,Miami Heat,MIA,92,False,0.4,0.303,0.947,43,18,15,Toronto Raptors,TOR,106,True,0.484,0.222,0.889,47,32,9,198,14
2022,0022201130,2023-03-28,BOS @ WAS,Boston Celtics,BOS,111,False,0.484,0.25,0.909,38,29,12,Washington Wizards,WAS,130,True,0.545,0.351,0.692,43,33,9,241,19
2022,0022201134,2023-03-28,CHA @ OKC,Charlotte Hornets,CHA,137,True,0.553,0.4,0.633,52,34,18,Oklahoma City Thunder,OKC,134,False,0.521,0.367,0.793,39,25,11,271,3
2022,0022201133,2023-03-28,MEM vs. ORL,Orlando Magic,ORL,108,False,0.41,0.286,0.8,47,24,16,Memphis Grizzlies,MEM,113,True,0.477,0.353,0.739,49,26,16,221,5
2022,0022201135,2023-03-28,NOP @ GSW,New Orleans Pelicans,NOP,109,False,0.467,0.444,0.929,41,30,17,Golden State Warriors,GSW,120,True,0.524,0.45,0.727,41,32,18,229,11
2022,0022201131,2023-03-28,CLE @ ATL,Cleveland Cavaliers,CLE,118,False,0.505,0.36,0.682,40,20,8,Atlanta Hawks,ATL,120,True,0.461,0.444,0.788,51,25,12,238,2
2022,0022201145,2023-03-29,SAC @ POR,Sacramento Kings,SAC,120,True,0.457,0.375,0.75,59,30,8,Portland Trail Blazers,POR,80,False,0.323,0.231,0.917,45,18,14,200,40
2022,0022201138,2023-03-29,MIA @ NYK,Miami Heat,MIA,92,False,0.443,0.333,0.643,35,20,11,New York Knicks,NYK,101,True,0.5,0.419,0.522,47,22,15,193,9
2022,0022201143,2023-03-29,SAS vs. UTA,Utah Jazz,UTA,128,True,0.544,0.387,0.9,45,28,16,San Antonio Spurs,SAS,117,False,0.474,0.286,0.81,39,31,15,245,11
2022,0022201144,2023-03-29,MIN @ PHX,Minnesota Timberwolves,MIN,100,False,0.444,0.343,0.667,54,24,21,Phoenix Suns,PHX,107,True,0.417,0.3,0.778,48,23,8,207,7
2022,0022201141,2023-03-29,MEM vs. LAC,LA Clippers,LAC,141,True,0.615,0.595,0.742,32,28,15,Memphis Grizzlies,MEM,132,False,0.516,0.344,0.821,45,26,13,273,9
2022,0022201136,2023-03-29,IND vs. MIL,Milwaukee Bucks,MIL,149,True,0.624,0.4,0.767,52,28,18,Indiana Pacers,IND,136,False,0.525,0.467,0.727,29,36,8,285,13
2022,0022201142,2023-03-29,OKC vs. DET,Detroit Pistons,DET,106,False,0.5,0.485,0.714,42,27,17,Oklahoma City Thunder,OKC,107,True,0.448,0.345,0.76,38,19,9,213,1
2022,0022201139,2023-03-29,PHI vs. DAL,Dallas Mavericks,DAL,108,False,0.458,0.391,0.778,40,24,14,Philadelphia 76ers,PHI,116,True,0.463,0.472,0.833,43,26,10,224,8
2022,0022201137,2023-03-29,BKN vs. HOU,Houston Rockets,HOU,114,False,0.469,0.3,0.619,52,21,10,Brooklyn Nets,BKN,123,True,0.537,0.486,0.667,41,33,12,237,9
2022,0022201140,2023-03-29,CHI vs. LAL,Los Angeles Lakers,LAL,121,True,0.523,0.35,0.8,45,22,15,Chicago Bulls,CHI,110,False,0.511,0.273,0.846,32,31,14,231,11
2022,0022201146,2023-03-30,MIL vs. BOS,Boston Celtics,BOS,140,True,0.56,0.512,0.8,47,28,8,Milwaukee Bucks,MIL,99,False,0.376,0.326,0.692,45,22,13,239,41
2022,0022201147,2023-03-30,NOP @ DEN,New Orleans Pelicans,NOP,107,True,0.475,0.481,0.818,46,22,10,Denver Nuggets,DEN,88,False,0.4,0.143,0.625,40,21,9,195,19
2022,0022201153,2023-03-31,BKN vs. ATL,Atlanta Hawks,ATL,107,False,0.429,0.216,0.913,46,23,11,Brooklyn Nets,BKN,124,True,0.557,0.455,0.846,41,33,12,231,17
2022,0022201151,2023-03-31,ORL @ WAS,Orlando Magic,ORL,116,True,0.5,0.333,0.769,48,26,10,Washington Wizards,WAS,109,False,0.39,0.34,0.833,51,24,12,225,7
2022,0022201154,2023-03-31,NYK @ CLE,New York Knicks,NYK,130,True,0.527,0.472,0.625,48,24,7,Cleveland Cavaliers,CLE,116,False,0.512,0.459,0.846,33,33,10,246,14
2022,0022201148,2023-03-31,CHI @ CHA,Chicago Bulls,CHI,121,True,0.511,0.419,0.818,42,25,7,Charlotte Hornets,CHA,91,False,0.455,0.378,0.7,36,27,21,212,30
2022,0022201158,2023-03-31,GSW vs. SAS,San Antonio Spurs,SAS,115,False,0.462,0.395,0.696,46,27,13,Golden State Warriors,GSW,130,True,0.505,0.429,0.714,45,37,14,245,15
2022,0022201156,2023-03-31,LAC @ MEM,LA Clippers,LAC,94,False,0.378,0.314,0.833,50,26,17,Memphis Grizzlies,MEM,108,True,0.448,0.273,0.765,51,25,14,202,14
2022,0022201150,2023-03-31,TOR @ PHI,Toronto Raptors,TOR,110,False,0.5,0.308,0.783,34,26,13,Philadelphia 76ers,PHI,117,True,0.562,0.387,0.92,37,28,16,227,7
2022,0022201155,2023-03-31,DET @ HOU,Detroit Pistons,DET,115,False,0.483,0.314,0.667,40,24,12,Houston Rockets,HOU,121,True,0.458,0.355,0.756,46,18,12,236,6
2022,0022201149,2023-03-31,OKC @ IND,Oklahoma City Thunder,OKC,117,False,0.477,0.133,0.853,45,21,10,Indiana Pacers,IND,121,True,0.459,0.293,0.679,56,30,15,238,4
2022,0022201152,2023-03-31,UTA @ BOS,Utah Jazz,UTA,114,False,0.479,0.31,0.929,52,23,18,Boston Celtics,BOS,122,True,0.438,0.333,0.955,42,27,11,236,8
2022,0022201159,2023-03-31,SAC @ POR,Sacramento Kings,SAC,138,True,0.614,0.487,0.733,41,38,13,Portland Trail Blazers,POR,114,False,0.471,0.5,0.652,33,29,18,252,24
2022,0022201160,2023-03-31,PHX vs. DEN,Denver Nuggets,DEN,93,False,0.4,0.231,0.55,51,19,11,Phoenix Suns,PHX,100,True,0.42,0.37,0.762,51,28,16,193,7
2022,0022201157,2023-03-31,MIN vs. LAL,Los Angeles Lakers,LAL,123,True,0.5,0.409,0.8,53,28,16,Minnesota Timberwolves,MIN,111,False,0.432,0.333,0.842,39,25,16,234,12
2022,0022201162,2023-04-01,NOP vs. LAC,LA Clippers,LAC,114,False,0.494,0.379,0.826,37,25,13,New Orleans Pelicans,NOP,122,True,0.488,0.412,0.886,40,21,7,236,8
2022,0022201161,2023-04-01,DAL @ MIA,Dallas Mavericks,DAL,122,False,0.61,0.412,0.875,31,32,14,Miami Heat,MIA,129,True,0.523,0.351,0.897,36,27,8,251,7
2022,0022201174,2023-04-02,PHI @ MIL,Philadelphia 76ers,PHI,104,False,0.46,0.333,0.923,36,19,11,Milwaukee Bucks,MIL,117,True,0.575,0.357,0.714,42,28,9,221,13
2022,0022201171,2023-04-02,LAL @ HOU,Los Angeles Lakers,LAL,134,True,0.559,0.3,0.75,51,36,5,Houston Rockets,HOU,109,False,0.431,0.382,0.8,44,23,8,243,25
2022,0022201164,2023-04-02,BKN vs. UTA,Utah Jazz,UTA,110,False,0.44,0.25,0.733,52,24,11,Brooklyn Nets,BKN,111,True,0.442,0.281,0.765,40,25,8,221,1
2022,0022201168,2023-04-02,WAS @ NYK,Washington Wizards,WAS,109,False,0.494,0.432,0.833,38,26,18,New York Knicks,NYK,118,True,0.523,0.406,0.722,39,31,11,227,9
2022,0022201167,2023-04-02,ATL vs. DAL,Dallas Mavericks,DAL,130,False,0.516,0.263,0.688,47,24,14,Atlanta Hawks,ATL,132,True,0.472,0.343,0.818,53,28,9,262,2
2022,0022201166,2023-04-02,POR @ MIN,Portland Trail Blazers,POR,107,True,0.462,0.3,0.6,42,29,10,Minnesota Timberwolves,MIN,105,False,0.481,0.423,0.783,47,29,18,212,2
2022,0022201170,2023-04-02,SAC vs. SAS,San Antonio Spurs,SAS,142,True,0.531,0.382,0.862,52,31,17,Sacramento Kings,SAC,134,False,0.476,0.25,0.781,43,24,15,276,8
2022,0022201169,2023-04-02,ORL vs. DET,Detroit Pistons,DET,102,False,0.41,0.273,0.806,38,22,16,Orlando Magic,ORL,128,True,0.573,0.515,0.625,41,30,14,230,26
2022,0022201172,2023-04-02,PHX @ OKC,Phoenix Suns,PHX,128,True,0.568,0.382,0.821,38,31,13,Oklahoma City Thunder,OKC,118,False,0.409,0.344,0.854,41,21,8,246,10
2022,0022201173,2023-04-02,IND @ CLE,Indiana Pacers,IND,105,False,0.434,0.375,0.828,44,21,15,Cleveland Cavaliers,CLE,115,True,0.489,0.375,0.692,43,23,10,220,10
2022,0022201165,2023-04-02,MEM @ CHI,Memphis Grizzlies,MEM,107,False,0.464,0.442,0.833,47,29,18,Chicago Bulls,CHI,128,True,0.532,0.29,0.864,36,29,1,235,21
2022,0022201163,2023-04-02,CHA vs. TOR,Toronto Raptors,TOR,128,True,0.538,0.286,1.0,45,38,7,Charlotte Hornets,CHA,108,False,0.494,0.484,0.692,37,26,17,236,20
2022,0022201175,2023-04-02,GSW @ DEN,Golden State Warriors,GSW,110,False,0.4,0.214,1.0,57,26,15,Denver Nuggets,DEN,112,True,0.44,0.273,0.833,47,24,11,222,2
2022,0022201187,2023-04-04,GSW vs. OKC,Oklahoma City Thunder,OKC,125,False,0.473,0.344,0.743,38,23,10,Golden State Warriors,GSW,136,True,0.495,0.426,0.733,54,25,13,261,11
2022,0022201183,2023-04-04,HOU vs. DEN,Denver Nuggets,DEN,103,False,0.471,0.306,0.556,47,26,20,Houston Rockets,HOU,124,True,0.461,0.387,0.75,55,23,13,227,21
2022,0022201181,2023-04-04,PHI vs. BOS,Boston Celtics,BOS,101,False,0.418,0.333,0.625,43,28,8,Philadelphia 76ers,PHI,103,True,0.5,0.379,0.875,37,21,10,204,2
2022,0022201179,2023-04-04,WAS vs. MIL,Milwaukee Bucks,MIL,140,True,0.543,0.548,0.586,56,33,18,Washington Wizards,WAS,128,False,0.505,0.481,0.714,42,30,9,268,12
2022,0022201176,2023-04-04,TOR @ CHA,Toronto Raptors,TOR,120,True,0.477,0.455,0.75,41,27,6,Charlotte Hornets,CHA,100,False,0.468,0.387,0.842,42,27,17,220,20
2022,0022201177,2023-04-04,MIA @ DET,Miami Heat,MIA,118,True,0.513,0.361,0.885,33,26,7,Detroit Pistons,DET,105,False,0.493,0.393,0.815,35,21,14,223,13
2022,0022201178,2023-04-04,ORL vs. CLE,Cleveland Cavaliers,CLE,117,True,0.5,0.484,0.9,30,23,8,Orlando Magic,ORL,113,False,0.506,0.435,0.765,47,25,13,230,4
2022,0022201186,2023-04-04,LAL @ UTA,Los Angeles Lakers,LAL,135,True,0.5,0.353,0.771,44,27,11,Utah Jazz,UTA,133,False,0.522,0.455,0.774,41,29,12,268,2
2022,0022201180,2023-04-04,MIN @ BKN,Minnesota Timberwolves,MIN,107,True,0.482,0.333,0.773,44,21,8,Brooklyn Nets,BKN,102,False,0.433,0.371,0.786,40,21,9,209,5
2022,0022201182,2023-04-04,ATL @ CHI,Atlanta Hawks,ATL,123,True,0.558,0.357,0.895,48,26,16,Chicago Bulls,CHI,105,False,0.461,0.226,0.8,32,16,8,228,18
2022,0022201185,2023-04-04,NOP vs. SAC,Sacramento Kings,SAC,121,True,0.505,0.405,0.8,43,35,11,New Orleans Pelicans,NOP,103,False,0.44,0.35,0.815,37,20,13,224,18
2022,0022201184,2023-04-04,POR @ MEM,Portland Trail Blazers,POR,109,False,0.433,0.333,0.647,49,23,8,Memphis Grizzlies,MEM,119,True,0.483,0.375,0.773,49,30,11,228,10
2022,0022201188,2023-04-04,SAS @ PHX,San Antonio Spurs,SAS,94,False,0.389,0.325,0.786,38,25,12,Phoenix Suns,PHX,115,True,0.483,0.303,0.731,57,25,13,209,21
2022,0022201193,2023-04-05,MIL vs. CHI,Chicago Bulls,CHI,92,False,0.434,0.333,0.818,38,28,15,Milwaukee Bucks,MIL,105,True,0.424,0.391,0.818,53,26,12,197,13
2022,0022201189,2023-04-05,DET vs. BKN,Brooklyn Nets,BKN,123,True,0.523,0.395,0.696,38,36,11,Detroit Pistons,DET,108,False,0.488,0.464,0.929,34,27,14,231,15
2022,0022201194,2023-04-05,MEM @ NOP,Memphis Grizzlies,MEM,131,False,0.481,0.333,0.76,49,33,13,New Orleans Pelicans,NOP,138,True,0.5,0.538,0.744,44,35,16,269,7
2022,0022201191,2023-04-05,ATL vs. WAS,Washington Wizards,WAS,116,False,0.479,0.214,0.769,39,23,14,Atlanta Hawks,ATL,134,True,0.512,0.433,0.875,48,30,16,250,18
2022,0022201192,2023-04-05,BOS vs. TOR,Toronto Raptors,TOR,93,False,0.411,0.182,0.765,50,20,11,Boston Celtics,BOS,97,True,0.427,0.289,0.556,48,20,15,190,4
2022,0022201190,2023-04-05,IND vs. NYK,New York Knicks,NYK,138,True,0.52,0.391,0.64,52,34,14,Indiana Pacers,IND,129,False,0.517,0.5,0.8,37,33,17,267,9
2022,0022201196,2023-04-05,LAL @ LAC,Los Angeles Lakers,LAL,118,False,0.506,0.414,0.667,44,27,14,LA Clippers,LAC,125,True,0.524,0.444,0.852,38,23,12,243,7
2022,0022201195,2023-04-05,SAC @ DAL,Sacramento Kings,SAC,119,False,0.434,0.324,0.789,57,31,9,Dallas Mavericks,DAL,123,True,0.494,0.455,0.833,39,24,10,242,4
2022,0022201199,2023-04-06,POR @ SAS,Portland Trail Blazers,POR,127,False,0.531,0.357,0.833,36,34,15,San Antonio Spurs,SAS,129,True,0.443,0.286,0.893,47,29,14,256,2
2022,0022201198,2023-04-06,PHI vs. MIA,Miami Heat,MIA,129,True,0.557,0.462,0.867,42,39,10,Philadelphia 76ers,PHI,101,False,0.513,0.278,0.867,32,23,15,230,28
2022,0022201200,2023-04-06,OKC @ UTA,Oklahoma City Thunder,OKC,114,True,0.402,0.333,0.808,50,29,12,Utah Jazz,UTA,98,False,0.494,0.161,0.688,45,24,19,212,16
2022,0022201197,2023-04-06,ORL vs. CLE,Cleveland Cavaliers,CLE,118,True,0.523,0.474,0.889,42,31,16,Orlando Magic,ORL,94,False,0.398,0.333,0.789,39,21,21,212,24
2022,0022201201,2023-04-06,PHX vs. DEN,Denver Nuggets,DEN,115,False,0.53,0.348,0.826,38,24,12,Phoenix Suns,PHX,119,True,0.519,0.472,0.8,33,26,10,234,4
2022,0022201205,2023-04-07,PHI @ ATL,Philadelphia 76ers,PHI,136,True,0.5,0.5,0.793,52,33,20,Atlanta Hawks,ATL,131,False,0.554,0.303,0.679,38,32,20,267,5
2022,0022201204,2023-04-07,WAS vs. MIA,Miami Heat,MIA,108,False,0.439,0.319,0.583,47,26,16,Washington Wizards,WAS,114,True,0.464,0.212,0.784,50,23,16,222,6
2022,0022201212,2023-04-07,PHX @ LAL,Phoenix Suns,PHX,107,False,0.413,0.25,0.857,47,23,9,Los Angeles Lakers,LAL,121,True,0.489,0.5,0.765,54,25,15,228,14
2022,0022201202,2023-04-07,CHA vs. HOU,Houston Rockets,HOU,112,True,0.472,0.333,0.75,48,21,18,Charlotte Hornets,CHA,109,False,0.432,0.317,0.741,41,22,17,221,3
2022,0022201210,2023-04-07,DAL vs. CHI,Chicago Bulls,CHI,115,True,0.523,0.355,0.667,50,24,12,Dallas Mavericks,DAL,112,False,0.452,0.327,0.769,43,23,9,227,3
2022,0022201208,2023-04-07,MIL vs. MEM,Memphis Grizzlies,MEM,137,True,0.57,0.476,0.733,44,39,12,Milwaukee Bucks,MIL,114,False,0.457,0.429,0.818,38,30,17,251,23
2022,0022201203,2023-04-07,DET @ IND,Detroit Pistons,DET,122,True,0.489,0.419,0.808,42,24,13,Indiana Pacers,IND,115,False,0.494,0.355,0.786,42,29,19,237,7
2022,0022201207,2023-04-07,ORL @ BKN,Orlando Magic,ORL,84,False,0.356,0.184,0.882,57,17,21,Brooklyn Nets,BKN,101,True,0.393,0.214,0.88,45,27,9,185,17
2022,0022201206,2023-04-07,TOR @ BOS,Toronto Raptors,TOR,102,False,0.43,0.29,0.765,35,21,7,Boston Celtics,BOS,121,True,0.556,0.341,0.762,53,37,19,223,19
2022,0022201211,2023-04-07,SAC vs. GSW,Golden State Warriors,GSW,119,True,0.526,0.444,0.875,47,36,24,Sacramento Kings,SAC,97,False,0.388,0.282,0.556,40,24,12,216,22
2022,0022201209,2023-04-07,NYK @ NOP,New York Knicks,NYK,105,False,0.432,0.326,0.75,37,19,9,New Orleans Pelicans,NOP,113,True,0.532,0.357,0.95,43,27,12,218,8
2022,0022201215,2023-04-08,POR @ LAC,Portland Trail Blazers,POR,125,False,0.528,0.438,0.739,34,32,10,LA Clippers,LAC,136,True,0.527,0.343,0.867,51,30,12,261,11
2022,0022201213,2023-04-08,UTA vs. DEN,Denver Nuggets,DEN,114,False,0.456,0.326,0.708,41,32,14,Utah Jazz,UTA,118,True,0.44,0.314,0.826,59,30,16,232,4
2022,0022201214,2023-04-08,SAS vs. MIN,Minnesota Timberwolves,MIN,151,True,0.554,0.558,0.714,45,42,7,San Antonio Spurs,SAS,131,False,0.526,0.448,0.75,45,34,13,282,20
2022,0022201219,2023-04-09,MIA vs. ORL,Orlando Magic,ORL,110,False,0.422,0.362,0.708,43,29,14,Miami Heat,MIA,123,True,0.542,0.409,0.75,44,30,18,233,13
2022,0022201229,2023-04-09,LAC @ PHX,LA Clippers,LAC,119,True,0.49,0.217,0.667,53,22,10,Phoenix Suns,PHX,114,False,0.424,0.378,0.727,47,29,7,233,5
2022,0022201220,2023-04-09,IND @ NYK,Indiana Pacers,IND,141,True,0.517,0.559,0.789,44,33,15,New York Knicks,NYK,136,False,0.481,0.375,0.773,53,29,15,277,5
2022,0022201216,2023-04-09,ATL @ BOS,Atlanta Hawks,ATL,114,False,0.454,0.282,0.789,50,27,9,Boston Celtics,BOS,120,True,0.472,0.463,0.786,47,33,15,234,6
2022,0022201227,2023-04-09,DEN vs. SAC,Sacramento Kings,SAC,95,False,0.435,0.256,0.667,34,24,15,Denver Nuggets,DEN,109,True,0.5,0.25,0.72,51,25,16,204,14
2022,0022201223,2023-04-09,CHI vs. DET,Detroit Pistons,DET,81,False,0.365,0.273,0.769,59,20,24,Chicago Bulls,CHI,103,True,0.421,0.2,0.773,48,21,3,184,22
2022,0022201226,2023-04-09,MEM @ OKC,Memphis Grizzlies,MEM,100,False,0.435,0.189,0.722,43,25,12,Oklahoma City Thunder,OKC,115,True,0.5,0.333,0.813,49,30,14,215,15
2022,0022201222,2023-04-09,WAS vs. HOU,Houston Rockets,HOU,114,True,0.489,0.286,0.714,51,24,15,Washington Wizards,WAS,109,False,0.423,0.311,0.619,51,28,12,223,5
2022,0022201221,2023-04-09,MIL @ TOR,Milwaukee Bucks,MIL,105,False,0.463,0.353,0.81,38,28,14,Toronto Raptors,TOR,121,True,0.505,0.333,0.875,45,29,9,226,16
2022,0022201228,2023-04-09,UTA @ LAL,Utah Jazz,UTA,117,False,0.505,0.286,0.833,45,31,11,Los Angeles Lakers,LAL,128,True,0.485,0.4,0.762,49,28,10,245,11
2022,0022201224,2023-04-09,SAS @ DAL,San Antonio Spurs,SAS,138,True,0.49,0.395,0.7,69,31,12,Dallas Mavericks,DAL,117,False,0.426,0.321,0.5,46,28,2,255,21
2022,0022201218,2023-04-09,CHA @ CLE,Charlotte Hornets,CHA,106,True,0.457,0.188,0.867,49,23,18,Cleveland Cavaliers,CLE,95,False,0.393,0.27,0.938,44,27,16,201,11
2022,0022201217,2023-04-09,PHI @ BKN,Philadelphia 76ers,PHI,134,True,0.525,0.438,0.737,50,31,13,Brooklyn Nets,BKN,105,False,0.422,0.375,0.821,42,22,18,239,29
2022,0022201225,2023-04-09,MIN vs. NOP,New Orleans Pelicans,NOP,108,False,0.444,0.143,0.862,49,18,15,Minnesota Timberwolves,MIN,113,True,0.476,0.361,0.71,42,25,17,221,5
2022,0022201230,2023-04-09,GSW @ POR,Golden State Warriors,GSW,157,True,0.604,0.551,0.875,58,47,15,Portland Trail Blazers,POR,101,False,0.4,0.257,0.667,30,25,14,258,56
