season,game_id,date,matchup,away_team,away_abbr,away_score,away_win,away_fg_pct,away_fg3_pct,away_ft_pct,away_rebounds,away_assists,away_turnovers,home_team,home_abbr,home_score,home_win,home_fg_pct,home_fg3_pct,home_ft_pct,home_rebounds,home_assists,home_turnovers,total_points,point_differential
2024,0022400062,2024-10-22,LAL vs. MIN,Minnesota Timberwolves,MIN,103,False,0.412,0.317,0.741,47,17,15,Los Angeles Lakers,LAL,110,True,0.442,0.167,0.84,46,22,7,213,7
2024,0022400061,2024-10-22,BOS vs. NYK,New York Knicks,NYK,109,False,0.551,0.367,0.75,34,20,11,Boston Celtics,BOS,132,True,0.505,0.475,0.875,40,33,3,241,23
2024,0022400067,2024-10-23,CLE @ TOR,Cleveland Cavaliers,CLE,136,True,0.586,0.467,0.769,36,29,12,Toronto Raptors,TOR,106,False,0.419,0.387,0.759,38,25,18,242,30
2024,0022400064,2024-10-23,ATL vs. BKN,Brooklyn Nets,BKN,116,False,0.44,0.395,0.76,43,21,17,Atlanta Hawks,ATL,120,True,0.488,0.321,0.717,45,25,16,236,4
2024,0022400063,2024-10-23,IND @ DET,Indiana Pacers,IND,115,True,0.506,0.29,0.88,39,32,15,Detroit Pistons,DET,109,False,0.432,0.273,0.857,38,22,12,224,6
2024,0022400065,2024-10-23,MIA vs. ORL,Orlando Magic,ORL,116,True,0.427,0.367,0.727,57,28,11,Miami Heat,MIA,97,False,0.39,0.324,0.759,41,24,11,213,19
2024,0022400066,2024-10-23,PHI vs. MIL,Milwaukee Bucks,MIL,124,True,0.538,0.432,0.71,46,27,14,Philadelphia 76ers,PHI,109,False,0.418,0.258,0.704,49,18,10,233,15
2024,0022400072,2024-10-23,POR vs. GSW,Golden State Warriors,GSW,140,True,0.516,0.417,0.8,57,38,17,Portland Trail Blazers,POR,104,False,0.391,0.235,0.8,42,21,17,244,36
2024,0022400068,2024-10-23,HOU vs. CHA,Charlotte Hornets,CHA,110,True,0.447,0.385,0.792,56,20,16,Houston Rockets,HOU,105,False,0.369,0.302,0.8,43,19,8,215,5
2024,0022400069,2024-10-23,NOP vs. CHI,Chicago Bulls,CHI,111,False,0.488,0.294,0.68,47,26,21,New Orleans Pelicans,NOP,123,True,0.464,0.378,0.905,42,29,11,234,12
2024,0022400070,2024-10-23,UTA vs. MEM,Memphis Grizzlies,MEM,126,True,0.473,0.378,0.719,41,28,12,Utah Jazz,UTA,124,False,0.471,0.385,0.756,49,21,14,250,2
2024,0022400071,2024-10-23,PHX @ LAC,Phoenix Suns,PHX,116,True,0.487,0.395,0.735,42,25,22,LA Clippers,LAC,113,False,0.457,0.276,0.7,51,27,21,229,3
2024,0022400076,2024-10-24,SAC vs. MIN,Minnesota Timberwolves,MIN,117,True,0.477,0.4,0.882,42,24,16,Sacramento Kings,SAC,115,False,0.463,0.379,0.8,38,21,9,232,2
2024,0022400075,2024-10-24,DEN vs. OKC,Oklahoma City Thunder,OKC,102,True,0.426,0.222,0.667,49,23,12,Denver Nuggets,DEN,87,False,0.357,0.184,0.714,57,29,15,189,15
2024,0022400073,2024-10-24,WAS vs. BOS,Boston Celtics,BOS,122,True,0.467,0.378,0.778,49,21,14,Washington Wizards,WAS,102,False,0.432,0.194,0.722,40,27,13,224,20
2024,0022400074,2024-10-24,SAS @ DAL,San Antonio Spurs,SAS,109,False,0.453,0.333,0.792,52,30,19,Dallas Mavericks,DAL,120,True,0.412,0.432,0.739,50,27,9,229,11
2024,0022400079,2024-10-25,CHA @ ATL,Charlotte Hornets,CHA,120,False,0.385,0.412,0.806,53,22,17,Atlanta Hawks,ATL,125,True,0.481,0.368,0.868,39,25,13,245,5
2024,0022400085,2024-10-25,PHX @ LAL,Phoenix Suns,PHX,116,False,0.512,0.459,0.882,34,35,16,Los Angeles Lakers,LAL,123,True,0.533,0.519,0.744,37,33,12,239,7
2024,0022400081,2024-10-25,NYK vs. IND,Indiana Pacers,IND,98,False,0.494,0.1,0.65,33,28,15,New York Knicks,NYK,123,True,0.524,0.444,0.793,43,19,11,221,25
2024,0022400084,2024-10-25,GSW @ UTA,Golden State Warriors,GSW,127,True,0.481,0.4,0.833,60,35,13,Utah Jazz,UTA,86,False,0.315,0.214,0.731,45,18,22,213,41
2024,0022400080,2024-10-25,DET @ CLE,Detroit Pistons,DET,101,False,0.469,0.406,0.706,42,25,22,Cleveland Cavaliers,CLE,113,True,0.512,0.382,0.696,39,28,12,214,12
2024,0022400086,2024-10-25,POR vs. NOP,New Orleans Pelicans,NOP,105,True,0.419,0.375,0.677,44,25,14,Portland Trail Blazers,POR,103,False,0.411,0.351,0.8,48,26,19,208,2
2024,0022400082,2024-10-25,HOU vs. MEM,Memphis Grizzlies,MEM,108,False,0.418,0.357,0.611,43,24,17,Houston Rockets,HOU,128,True,0.439,0.395,0.694,64,20,17,236,20
2024,0022400078,2024-10-25,TOR vs. PHI,Philadelphia 76ers,PHI,107,False,0.382,0.31,0.755,28,19,16,Toronto Raptors,TOR,115,True,0.461,0.261,0.848,54,25,26,222,8
2024,0022400077,2024-10-25,ORL vs. BKN,Brooklyn Nets,BKN,101,False,0.422,0.378,0.81,37,22,17,Orlando Magic,ORL,116,True,0.52,0.5,0.697,39,28,12,217,15
2024,0022400083,2024-10-25,MIL vs. CHI,Chicago Bulls,CHI,133,True,0.479,0.447,0.87,46,30,9,Milwaukee Bucks,MIL,122,False,0.495,0.325,0.68,47,24,14,255,11
2024,0022400096,2024-10-26,SAC @ LAL,Sacramento Kings,SAC,127,False,0.511,0.341,0.88,32,32,14,Los Angeles Lakers,LAL,131,True,0.522,0.412,0.875,45,32,19,258,4
2024,0022400091,2024-10-26,CHI vs. OKC,Oklahoma City Thunder,OKC,114,True,0.421,0.2,0.8,54,21,10,Chicago Bulls,CHI,95,False,0.348,0.283,0.727,61,23,26,209,19
2024,0022400092,2024-10-26,MEM vs. ORL,Orlando Magic,ORL,111,False,0.425,0.354,0.714,41,21,19,Memphis Grizzlies,MEM,124,True,0.535,0.382,0.792,42,38,18,235,13
2024,0022400090,2024-10-26,WAS vs. CLE,Cleveland Cavaliers,CLE,135,True,0.534,0.462,0.676,48,27,16,Washington Wizards,WAS,116,False,0.385,0.349,0.844,46,25,15,251,19
2024,0022400093,2024-10-26,MIN vs. TOR,Toronto Raptors,TOR,101,False,0.456,0.345,0.692,46,29,20,Minnesota Timberwolves,MIN,112,True,0.47,0.378,0.769,41,29,13,213,11
2024,0022400088,2024-10-26,CHA vs. MIA,Miami Heat,MIA,114,True,0.465,0.412,0.714,43,33,13,Charlotte Hornets,CHA,106,False,0.438,0.317,0.714,46,20,17,220,8
2024,0022400094,2024-10-26,HOU @ SAS,Houston Rockets,HOU,106,False,0.413,0.317,0.81,34,21,10,San Antonio Spurs,SAS,109,True,0.494,0.4,0.821,49,23,17,215,3
2024,0022400095,2024-10-26,DAL @ PHX,Dallas Mavericks,DAL,102,False,0.398,0.317,0.833,46,22,8,Phoenix Suns,PHX,114,True,0.45,0.359,0.757,47,26,11,216,12
2024,0022400089,2024-10-26,DET vs. BOS,Boston Celtics,BOS,124,True,0.422,0.458,0.867,37,19,10,Detroit Pistons,DET,118,False,0.489,0.359,0.818,44,27,14,242,6
2024,0022400087,2024-10-26,LAC @ DEN,LA Clippers,LAC,109,True,0.488,0.364,0.81,44,30,16,Denver Nuggets,DEN,104,False,0.402,0.4,0.833,37,20,10,213,5
2024,0022400100,2024-10-27,OKC vs. ATL,Atlanta Hawks,ATL,104,False,0.396,0.323,0.759,49,24,19,Oklahoma City Thunder,OKC,128,True,0.494,0.4,0.75,45,26,10,232,24
2024,0022400101,2024-10-27,GSW vs. LAC,LA Clippers,LAC,112,True,0.467,0.313,0.783,48,27,18,Golden State Warriors,GSW,104,False,0.432,0.326,0.636,47,19,21,216,8
2024,0022400099,2024-10-27,NOP @ POR,New Orleans Pelicans,NOP,103,False,0.432,0.276,0.792,39,24,15,Portland Trail Blazers,POR,125,True,0.462,0.4,0.781,51,25,16,228,22
2024,0022400098,2024-10-27,BKN vs. MIL,Milwaukee Bucks,MIL,102,False,0.446,0.303,0.839,43,20,18,Brooklyn Nets,BKN,115,True,0.429,0.356,0.913,47,23,12,217,13
2024,0022400097,2024-10-27,IND vs. PHI,Philadelphia 76ers,PHI,118,True,0.429,0.262,0.742,54,15,19,Indiana Pacers,IND,114,False,0.464,0.406,0.676,37,28,19,232,4
2024,0022400109,2024-10-28,SAS vs. HOU,Houston Rockets,HOU,106,True,0.412,0.405,0.875,43,20,12,San Antonio Spurs,SAS,101,False,0.425,0.303,0.81,49,22,17,207,5
2024,0022400103,2024-10-28,ATL vs. WAS,Washington Wizards,WAS,121,True,0.451,0.477,0.818,43,24,18,Atlanta Hawks,ATL,119,False,0.481,0.375,0.722,39,32,16,240,2
2024,0022400102,2024-10-28,IND @ ORL,Indiana Pacers,IND,115,False,0.466,0.448,0.667,44,25,12,Orlando Magic,ORL,119,True,0.47,0.317,0.737,46,26,15,234,4
2024,0022400108,2024-10-28,MEM vs. CHI,Chicago Bulls,CHI,126,True,0.45,0.472,0.647,50,36,9,Memphis Grizzlies,MEM,123,False,0.459,0.326,0.538,60,37,10,249,3
2024,0022400111,2024-10-28,PHX vs. LAL,Los Angeles Lakers,LAL,105,False,0.415,0.438,0.722,46,25,11,Phoenix Suns,PHX,109,True,0.46,0.306,0.9,46,21,10,214,4
2024,0022400112,2024-10-28,SAC vs. POR,Portland Trail Blazers,POR,98,False,0.422,0.182,0.8,46,17,17,Sacramento Kings,SAC,111,True,0.457,0.4,0.92,40,25,14,209,13
2024,0022400105,2024-10-28,DET @ MIA,Detroit Pistons,DET,98,False,0.385,0.368,0.824,54,14,16,Miami Heat,MIA,106,True,0.432,0.319,0.75,44,24,9,204,8
2024,0022400106,2024-10-28,NYK vs. CLE,Cleveland Cavaliers,CLE,110,True,0.476,0.333,0.833,41,21,13,New York Knicks,NYK,104,False,0.444,0.321,0.833,43,22,16,214,6
2024,0022400107,2024-10-28,TOR vs. DEN,Denver Nuggets,DEN,127,True,0.49,0.45,0.8,52,29,16,Toronto Raptors,TOR,125,False,0.45,0.286,0.81,54,30,15,252,2
2024,0022400104,2024-10-28,MIL @ BOS,Milwaukee Bucks,MIL,108,False,0.451,0.258,0.839,43,18,16,Boston Celtics,BOS,119,True,0.494,0.383,0.789,38,24,12,227,11
2024,0022400110,2024-10-28,UTA @ DAL,Utah Jazz,UTA,102,False,0.37,0.286,0.828,50,24,13,Dallas Mavericks,DAL,110,True,0.453,0.282,0.765,50,27,13,212,8
2024,0022400114,2024-10-29,MIN vs. DAL,Dallas Mavericks,DAL,120,True,0.484,0.41,0.778,40,25,9,Minnesota Timberwolves,MIN,114,False,0.506,0.487,0.654,42,33,20,234,6
2024,0022400116,2024-10-29,NOP @ GSW,New Orleans Pelicans,NOP,106,False,0.541,0.409,0.708,44,23,23,Golden State Warriors,GSW,124,True,0.474,0.457,0.846,34,34,7,230,18
2024,0022400115,2024-10-29,UTA vs. SAC,Sacramento Kings,SAC,113,True,0.522,0.258,0.643,49,26,11,Utah Jazz,UTA,96,False,0.393,0.292,0.857,42,24,17,209,17
2024,0022400113,2024-10-29,DEN @ BKN,Denver Nuggets,DEN,144,True,0.517,0.481,0.83,43,31,5,Brooklyn Nets,BKN,139,False,0.51,0.385,0.778,41,37,8,283,5
2024,0022400120,2024-10-30,DET @ PHI,Detroit Pistons,DET,105,True,0.462,0.417,0.818,49,23,16,Philadelphia 76ers,PHI,95,False,0.418,0.286,0.75,37,17,9,200,10
2024,0022400118,2024-10-30,CLE vs. LAL,Los Angeles Lakers,LAL,110,False,0.494,0.214,0.848,37,21,20,Cleveland Cavaliers,CLE,134,True,0.577,0.415,0.625,36,37,12,244,24
2024,0022400121,2024-10-30,WAS vs. ATL,Atlanta Hawks,ATL,120,False,0.474,0.308,0.857,41,28,15,Washington Wizards,WAS,133,True,0.528,0.421,0.92,37,32,14,253,13
2024,0022400127,2024-10-30,POR @ LAC,Portland Trail Blazers,POR,106,True,0.446,0.424,0.833,47,19,12,LA Clippers,LAC,105,False,0.456,0.361,0.556,49,26,13,211,1
2024,0022400126,2024-10-30,GSW vs. NOP,New Orleans Pelicans,NOP,89,False,0.367,0.306,0.6,49,24,14,Golden State Warriors,GSW,104,True,0.471,0.342,0.692,42,32,13,193,15
2024,0022400122,2024-10-30,MIA vs. NYK,New York Knicks,NYK,116,True,0.488,0.45,0.9,42,30,9,Miami Heat,MIA,107,False,0.457,0.425,0.667,39,27,10,223,9
2024,0022400119,2024-10-30,BOS @ IND,Boston Celtics,BOS,132,False,0.404,0.333,0.806,51,23,14,Indiana Pacers,IND,135,True,0.481,0.395,0.833,57,33,18,267,3
2024,0022400117,2024-10-30,CHA vs. TOR,Toronto Raptors,TOR,133,False,0.571,0.321,0.667,41,37,14,Charlotte Hornets,CHA,138,True,0.521,0.444,0.8,38,31,15,271,5
2024,0022400124,2024-10-30,MEM vs. BKN,Brooklyn Nets,BKN,119,True,0.513,0.366,0.88,34,27,15,Memphis Grizzlies,MEM,106,False,0.469,0.296,0.759,38,27,22,225,13
2024,0022400125,2024-10-30,OKC vs. SAS,San Antonio Spurs,SAS,93,False,0.412,0.333,0.846,52,22,22,Oklahoma City Thunder,OKC,105,True,0.461,0.415,0.75,39,28,10,198,12
2024,0022400123,2024-10-30,ORL @ CHI,Orlando Magic,ORL,99,False,0.407,0.239,0.9,42,25,12,Chicago Bulls,CHI,102,True,0.429,0.382,0.68,54,23,14,201,3
2024,0022400130,2024-10-31,SAS @ UTA,San Antonio Spurs,SAS,106,True,0.413,0.279,0.783,42,25,11,Utah Jazz,UTA,88,False,0.39,0.219,0.895,53,19,26,194,18
2024,0022400131,2024-10-31,PHX @ LAC,Phoenix Suns,PHX,125,True,0.512,0.462,0.821,39,29,12,LA Clippers,LAC,119,False,0.484,0.343,0.81,48,27,14,244,6
2024,0022400128,2024-10-31,MEM vs. MIL,Milwaukee Bucks,MIL,99,False,0.427,0.214,0.421,38,20,10,Memphis Grizzlies,MEM,122,True,0.524,0.286,0.903,56,26,16,221,23
2024,0022400129,2024-10-31,HOU @ DAL,Houston Rockets,HOU,108,True,0.412,0.235,0.741,50,21,8,Dallas Mavericks,DAL,102,False,0.459,0.333,0.7,37,21,10,210,6
2024,0022400137,2024-11-01,LAL @ TOR,Los Angeles Lakers,LAL,131,True,0.477,0.344,0.878,43,29,10,Toronto Raptors,TOR,125,False,0.486,0.286,0.846,44,35,11,256,6
2024,0022400140,2024-11-01,OKC @ POR,Oklahoma City Thunder,OKC,137,True,0.537,0.388,0.842,45,31,13,Portland Trail Blazers,POR,114,False,0.47,0.429,0.677,36,27,19,251,23
2024,0022400138,2024-11-01,NOP vs. IND,Indiana Pacers,IND,118,False,0.517,0.421,0.769,39,35,14,New Orleans Pelicans,NOP,125,True,0.485,0.387,0.789,46,28,6,243,7
2024,0022400132,2024-11-01,BOS @ CHA,Boston Celtics,BOS,124,True,0.477,0.31,0.829,41,21,10,Charlotte Hornets,CHA,109,False,0.462,0.396,0.5,42,20,14,233,15
2024,0022400135,2024-11-01,SAC @ ATL,Sacramento Kings,SAC,123,True,0.483,0.333,0.867,51,28,14,Atlanta Hawks,ATL,115,False,0.446,0.38,0.778,40,30,13,238,8
2024,0022400136,2024-11-01,CHI @ BKN,Chicago Bulls,CHI,112,False,0.432,0.386,0.792,44,24,16,Brooklyn Nets,BKN,120,True,0.521,0.306,0.846,46,34,10,232,8
2024,0022400134,2024-11-01,NYK @ DET,New York Knicks,NYK,128,True,0.515,0.474,0.6,45,31,9,Detroit Pistons,DET,98,False,0.506,0.324,0.714,38,23,22,226,30
2024,0022400133,2024-11-01,CLE vs. ORL,Orlando Magic,ORL,109,False,0.456,0.333,0.667,39,26,14,Cleveland Cavaliers,CLE,120,True,0.506,0.395,0.85,49,25,12,229,11
2024,0022400139,2024-11-01,DEN @ MIN,Denver Nuggets,DEN,116,False,0.446,0.344,0.793,46,30,13,Minnesota Timberwolves,MIN,119,True,0.518,0.429,0.833,38,34,16,235,3
2024,0022400149,2024-11-02,POR @ PHX,Portland Trail Blazers,POR,97,False,0.333,0.326,0.818,56,17,6,Phoenix Suns,PHX,103,True,0.376,0.327,0.727,63,29,12,200,6
2024,0022400146,2024-11-02,SAS vs. MIN,Minnesota Timberwolves,MIN,103,False,0.476,0.297,0.7,32,21,12,San Antonio Spurs,SAS,113,True,0.518,0.31,0.824,44,32,11,216,10
2024,0022400141,2024-11-02,BOS @ CHA,Boston Celtics,BOS,113,True,0.439,0.308,0.893,44,23,15,Charlotte Hornets,CHA,103,False,0.44,0.405,0.667,34,24,13,216,10
2024,0022400150,2024-11-02,OKC @ LAC,Oklahoma City Thunder,OKC,105,True,0.429,0.41,0.895,41,25,12,LA Clippers,LAC,92,False,0.405,0.314,0.654,50,23,20,197,13
2024,0022400142,2024-11-02,PHI vs. MEM,Memphis Grizzlies,MEM,124,True,0.552,0.444,0.762,52,35,16,Philadelphia 76ers,PHI,107,False,0.404,0.413,0.8,33,22,14,231,17
2024,0022400148,2024-11-02,UTA @ DEN,Utah Jazz,UTA,103,False,0.416,0.31,0.839,39,24,22,Denver Nuggets,DEN,129,True,0.485,0.5,0.739,52,33,17,232,26
2024,0022400144,2024-11-02,GSW @ HOU,Golden State Warriors,GSW,127,True,0.513,0.469,0.64,47,26,14,Houston Rockets,HOU,121,False,0.411,0.333,0.75,49,27,11,248,6
2024,0022400145,2024-11-02,CLE @ MIL,Cleveland Cavaliers,CLE,114,True,0.484,0.395,0.733,45,31,7,Milwaukee Bucks,MIL,113,False,0.483,0.462,0.6,45,24,13,227,1
2024,0022400143,2024-11-02,SAC @ TOR,Sacramento Kings,SAC,128,False,0.46,0.25,0.813,49,21,18,Toronto Raptors,TOR,131,True,0.484,0.459,0.71,46,31,19,259,3
2024,0022400153,2024-11-03,DAL vs. ORL,Orlando Magic,ORL,85,False,0.333,0.195,0.789,43,19,14,Dallas Mavericks,DAL,108,True,0.494,0.313,0.609,53,25,18,193,23
2024,0022400151,2024-11-03,BKN vs. DET,Detroit Pistons,DET,106,True,0.481,0.306,0.808,47,25,17,Brooklyn Nets,BKN,92,False,0.451,0.29,0.613,27,23,13,198,14
2024,0022400152,2024-11-03,NOP vs. ATL,Atlanta Hawks,ATL,126,True,0.568,0.417,0.917,41,29,16,New Orleans Pelicans,NOP,111,False,0.433,0.421,0.85,43,22,18,237,15
2024,0022400161,2024-11-04,NYK @ HOU,New York Knicks,NYK,97,False,0.386,0.393,0.857,39,20,10,Houston Rockets,HOU,109,True,0.489,0.242,0.833,50,21,10,206,12
2024,0022400166,2024-11-04,TOR @ DEN,Toronto Raptors,TOR,119,False,0.456,0.333,0.667,41,38,13,Denver Nuggets,DEN,121,True,0.494,0.323,0.763,44,29,17,240,2
2024,0022400165,2024-11-04,IND @ DAL,Indiana Pacers,IND,134,True,0.568,0.406,0.65,46,30,9,Dallas Mavericks,DAL,127,False,0.517,0.417,0.8,38,29,8,261,7
2024,0022400156,2024-11-04,DET vs. LAL,Los Angeles Lakers,LAL,103,False,0.435,0.36,0.741,37,28,13,Detroit Pistons,DET,115,True,0.469,0.235,0.773,55,22,12,218,12
2024,0022400162,2024-11-04,CHA @ MIN,Charlotte Hornets,CHA,93,False,0.398,0.238,0.813,38,19,14,Minnesota Timberwolves,MIN,114,True,0.494,0.474,0.692,45,23,15,207,21
2024,0022400168,2024-11-04,LAC vs. SAS,San Antonio Spurs,SAS,104,False,0.442,0.268,0.895,45,22,10,LA Clippers,LAC,113,True,0.456,0.514,0.706,44,25,10,217,9
2024,0022400158,2024-11-04,BKN vs. MEM,Memphis Grizzlies,MEM,104,False,0.473,0.267,0.769,44,29,14,Brooklyn Nets,BKN,106,True,0.476,0.361,0.722,37,28,13,210,2
2024,0022400167,2024-11-04,PHX vs. PHI,Philadelphia 76ers,PHI,116,False,0.46,0.392,0.889,38,27,14,Phoenix Suns,PHX,118,True,0.512,0.344,0.885,43,24,14,234,2
2024,0022400160,2024-11-04,UTA @ CHI,Utah Jazz,UTA,135,True,0.539,0.444,0.767,49,35,12,Chicago Bulls,CHI,126,False,0.474,0.378,0.88,36,36,9,261,9
2024,0022400163,2024-11-04,ORL @ OKC,Orlando Magic,ORL,86,False,0.354,0.147,0.852,41,20,18,Oklahoma City Thunder,OKC,102,True,0.459,0.387,0.75,42,23,15,188,16
2024,0022400159,2024-11-04,SAC @ MIA,Sacramento Kings,SAC,111,True,0.512,0.37,0.867,39,23,12,Miami Heat,MIA,110,False,0.435,0.417,0.7,36,24,10,221,1
2024,0022400155,2024-11-04,WAS vs. GSW,Golden State Warriors,GSW,125,True,0.454,0.324,0.735,56,29,6,Washington Wizards,WAS,112,False,0.438,0.233,0.857,47,29,9,237,13
2024,0022400157,2024-11-04,ATL vs. BOS,Boston Celtics,BOS,123,True,0.485,0.327,0.692,50,27,12,Atlanta Hawks,ATL,93,False,0.416,0.194,0.813,43,23,19,216,30
2024,0022400154,2024-11-04,MIL @ CLE,Milwaukee Bucks,MIL,114,False,0.488,0.486,0.867,49,21,14,Cleveland Cavaliers,CLE,116,True,0.505,0.459,0.538,39,28,10,230,2
2024,0022400164,2024-11-04,POR @ NOP,Portland Trail Blazers,POR,118,True,0.548,0.345,0.667,38,21,11,New Orleans Pelicans,NOP,100,False,0.452,0.286,0.875,34,24,12,218,18
2024,0022400175,2024-11-06,CLE @ NOP,Cleveland Cavaliers,CLE,131,True,0.542,0.486,0.769,46,33,11,New Orleans Pelicans,NOP,122,False,0.477,0.481,0.893,33,21,9,253,9
2024,0022400178,2024-11-06,MIA @ PHX,Miami Heat,MIA,112,False,0.435,0.382,0.95,43,27,10,Phoenix Suns,PHX,115,True,0.5,0.419,0.722,46,29,16,227,3
2024,0022400177,2024-11-06,OKC @ DEN,Oklahoma City Thunder,OKC,122,False,0.44,0.4,0.783,47,29,14,Denver Nuggets,DEN,124,True,0.472,0.421,0.727,55,34,18,246,2
2024,0022400170,2024-11-06,ORL @ IND,Orlando Magic,ORL,111,False,0.512,0.28,0.769,38,26,16,Indiana Pacers,IND,118,True,0.539,0.462,0.923,36,21,11,229,7
2024,0022400171,2024-11-06,ATL vs. NYK,New York Knicks,NYK,116,False,0.488,0.468,0.8,41,29,15,Atlanta Hawks,ATL,121,True,0.45,0.395,0.727,48,31,8,237,5
2024,0022400169,2024-11-06,CHA vs. DET,Detroit Pistons,DET,107,False,0.489,0.313,0.556,46,34,10,Charlotte Hornets,CHA,108,True,0.433,0.318,1.0,47,22,12,215,1
2024,0022400174,2024-11-06,LAL @ MEM,Los Angeles Lakers,LAL,114,False,0.441,0.313,0.81,37,23,11,Memphis Grizzlies,MEM,131,True,0.516,0.5,0.783,50,28,18,245,17
2024,0022400172,2024-11-06,GSW @ BOS,Golden State Warriors,GSW,118,True,0.462,0.412,0.833,53,22,11,Boston Celtics,BOS,112,False,0.422,0.352,0.81,47,22,12,230,6
2024,0022400176,2024-11-06,CHI @ DAL,Chicago Bulls,CHI,99,False,0.419,0.286,0.652,51,25,22,Dallas Mavericks,DAL,119,True,0.484,0.316,0.81,47,33,15,218,20
2024,0022400173,2024-11-06,HOU vs. SAS,San Antonio Spurs,SAS,100,False,0.446,0.389,0.75,41,20,19,Houston Rockets,HOU,127,True,0.563,0.37,0.6,45,28,11,227,27
2024,0022400180,2024-11-06,SAC vs. TOR,Toronto Raptors,TOR,107,False,0.489,0.294,0.733,34,25,11,Sacramento Kings,SAC,122,True,0.467,0.286,0.875,47,26,9,229,15
2024,0022400179,2024-11-06,PHI @ LAC,Philadelphia 76ers,PHI,98,False,0.548,0.28,0.579,32,19,20,LA Clippers,LAC,110,True,0.569,0.429,0.842,29,27,17,208,12
2024,0022400182,2024-11-07,UTA @ MIL,Utah Jazz,UTA,100,False,0.429,0.415,0.944,39,24,21,Milwaukee Bucks,MIL,123,True,0.512,0.429,0.733,41,20,10,223,23
2024,0022400183,2024-11-07,POR @ SAS,Portland Trail Blazers,POR,105,False,0.477,0.281,0.636,41,23,14,San Antonio Spurs,SAS,118,True,0.537,0.41,0.778,45,35,15,223,13
2024,0022400181,2024-11-07,MIN @ CHI,Minnesota Timberwolves,MIN,135,True,0.548,0.421,1.0,40,29,13,Chicago Bulls,CHI,119,False,0.534,0.417,0.667,32,30,13,254,16
2024,0022400192,2024-11-08,HOU @ OKC,Houston Rockets,HOU,107,False,0.433,0.367,0.692,48,19,17,Oklahoma City Thunder,OKC,126,True,0.511,0.378,0.87,41,24,10,233,19
2024,0022400196,2024-11-08,SAC vs. LAC,LA Clippers,LAC,107,True,0.444,0.467,0.913,48,20,18,Sacramento Kings,SAC,98,False,0.474,0.115,0.875,35,19,13,205,9
2024,0022400195,2024-11-08,PHI @ LAL,Philadelphia 76ers,PHI,106,False,0.406,0.333,0.652,44,28,5,Los Angeles Lakers,LAL,116,True,0.518,0.457,0.857,45,28,11,222,10
2024,0022400186,2024-11-08,NOP @ ORL,New Orleans Pelicans,NOP,88,False,0.381,0.323,0.824,31,18,15,Orlando Magic,ORL,115,True,0.523,0.25,0.81,43,28,13,203,27
2024,0022400193,2024-11-08,POR @ MIN,Portland Trail Blazers,POR,102,False,0.429,0.24,0.75,37,13,16,Minnesota Timberwolves,MIN,127,True,0.485,0.44,0.786,49,32,17,229,25
2024,0022400190,2024-11-08,PHX @ DAL,Phoenix Suns,PHX,114,True,0.5,0.385,0.722,37,26,8,Dallas Mavericks,DAL,113,False,0.513,0.333,0.909,39,18,11,227,1
2024,0022400188,2024-11-08,CLE vs. GSW,Golden State Warriors,GSW,117,False,0.48,0.31,0.714,40,32,17,Cleveland Cavaliers,CLE,136,True,0.541,0.476,0.857,43,33,19,253,19
2024,0022400191,2024-11-08,WAS @ MEM,Washington Wizards,WAS,104,False,0.409,0.257,0.826,41,27,18,Memphis Grizzlies,MEM,128,True,0.474,0.326,0.88,50,30,17,232,24
2024,0022400185,2024-11-08,DET vs. ATL,Atlanta Hawks,ATL,121,False,0.454,0.417,0.783,44,30,17,Detroit Pistons,DET,122,True,0.512,0.394,0.677,45,27,20,243,1
2024,0022400189,2024-11-08,MIL @ NYK,Milwaukee Bucks,MIL,94,False,0.434,0.233,0.652,41,20,12,New York Knicks,NYK,116,True,0.473,0.304,0.842,48,35,7,210,22
2024,0022400184,2024-11-08,IND @ CHA,Indiana Pacers,IND,83,False,0.398,0.31,0.571,37,24,12,Charlotte Hornets,CHA,103,True,0.422,0.34,0.833,56,23,14,186,20
2024,0022400187,2024-11-08,BOS vs. BKN,Brooklyn Nets,BKN,104,False,0.41,0.263,0.8,51,24,12,Boston Celtics,BOS,108,True,0.433,0.264,0.842,39,23,13,212,4
2024,0022400194,2024-11-08,MIA @ DEN,Miami Heat,MIA,122,False,0.489,0.465,0.769,33,33,11,Denver Nuggets,DEN,135,True,0.617,0.514,0.895,39,37,17,257,13
2024,0022400197,2024-11-09,UTA @ SAS,Utah Jazz,UTA,111,True,0.463,0.303,0.714,45,23,17,San Antonio Spurs,SAS,110,False,0.447,0.362,0.895,37,29,20,221,1
2024,0022400200,2024-11-09,LAC vs. TOR,Toronto Raptors,TOR,103,False,0.421,0.297,0.571,44,26,10,LA Clippers,LAC,105,True,0.461,0.385,0.781,47,18,12,208,2
2024,0022400198,2024-11-09,ATL vs. CHI,Chicago Bulls,CHI,125,True,0.5,0.333,0.87,47,30,17,Atlanta Hawks,ATL,113,False,0.461,0.31,0.733,39,31,13,238,12
2024,0022400199,2024-11-09,BKN @ CLE,Brooklyn Nets,BKN,100,False,0.447,0.349,0.944,36,21,17,Cleveland Cavaliers,CLE,105,True,0.541,0.357,0.789,33,24,14,205,5
2024,0022400203,2024-11-10,IND vs. NYK,New York Knicks,NYK,121,False,0.554,0.28,0.815,39,23,13,Indiana Pacers,IND,132,True,0.511,0.457,0.84,32,27,6,253,11
2024,0022400201,2024-11-10,HOU @ DET,Houston Rockets,HOU,101,True,0.409,0.206,0.75,53,19,11,Detroit Pistons,DET,99,False,0.429,0.324,0.696,46,21,18,200,2
2024,0022400205,2024-11-10,PHI vs. CHA,Charlotte Hornets,CHA,105,False,0.379,0.259,0.864,50,22,19,Philadelphia 76ers,PHI,107,True,0.464,0.273,0.769,40,24,17,212,2
2024,0022400210,2024-11-10,MEM @ POR,Memphis Grizzlies,MEM,134,True,0.553,0.372,0.857,51,32,20,Portland Trail Blazers,POR,89,False,0.34,0.095,0.81,43,18,23,223,45
2024,0022400206,2024-11-10,MIN vs. MIA,Miami Heat,MIA,95,True,0.442,0.355,0.727,43,18,22,Minnesota Timberwolves,MIN,94,False,0.398,0.289,0.846,47,22,19,189,1
2024,0022400202,2024-11-10,MIL vs. BOS,Boston Celtics,BOS,113,True,0.407,0.38,0.889,42,27,12,Milwaukee Bucks,MIL,107,False,0.481,0.406,0.762,41,21,12,220,6
2024,0022400207,2024-11-10,GSW @ OKC,Golden State Warriors,GSW,127,True,0.506,0.488,0.696,46,35,14,Oklahoma City Thunder,OKC,116,False,0.447,0.333,0.808,41,25,11,243,11
2024,0022400208,2024-11-10,DAL @ DEN,Dallas Mavericks,DAL,120,False,0.533,0.303,0.737,42,29,10,Denver Nuggets,DEN,122,True,0.506,0.483,0.692,45,35,10,242,2
2024,0022400211,2024-11-10,TOR @ LAL,Toronto Raptors,TOR,103,False,0.451,0.345,0.864,40,26,16,Los Angeles Lakers,LAL,123,True,0.512,0.324,0.821,33,30,5,226,20
2024,0022400204,2024-11-10,WAS @ ORL,Washington Wizards,WAS,94,False,0.458,0.303,0.72,37,20,16,Orlando Magic,ORL,121,True,0.451,0.354,0.88,44,25,11,215,27
2024,0022400209,2024-11-10,PHX vs. SAC,Sacramento Kings,SAC,127,True,0.49,0.297,0.842,57,23,14,Phoenix Suns,PHX,118,False,0.419,0.316,0.8,48,30,11,245,9
2024,0022400213,2024-11-11,WAS @ HOU,Washington Wizards,WAS,92,False,0.409,0.355,0.692,34,21,18,Houston Rockets,HOU,107,True,0.46,0.217,0.88,58,13,19,199,15
2024,0022400216,2024-11-11,SAS vs. SAC,Sacramento Kings,SAC,96,False,0.429,0.263,0.889,37,18,11,San Antonio Spurs,SAS,116,True,0.506,0.478,1.0,44,31,16,212,20
2024,0022400214,2024-11-11,NOP vs. BKN,Brooklyn Nets,BKN,107,True,0.429,0.452,0.842,46,24,16,New Orleans Pelicans,NOP,105,False,0.447,0.333,0.917,45,31,10,212,2
2024,0022400212,2024-11-11,CLE @ CHI,Cleveland Cavaliers,CLE,119,True,0.443,0.333,0.75,43,26,8,Chicago Bulls,CHI,113,False,0.494,0.368,0.813,51,26,20,232,6
2024,0022400215,2024-11-11,OKC vs. LAC,LA Clippers,LAC,128,False,0.55,0.541,0.69,47,31,23,Oklahoma City Thunder,OKC,134,True,0.516,0.391,0.957,29,31,11,262,6
2024,0022400004,2024-11-12,PHI vs. NYK,New York Knicks,NYK,111,True,0.494,0.29,0.933,47,31,15,Philadelphia 76ers,PHI,99,False,0.373,0.333,0.958,40,19,13,210,12
2024,0022400005,2024-11-12,MIL vs. TOR,Toronto Raptors,TOR,85,False,0.349,0.36,0.8,54,20,21,Milwaukee Bucks,MIL,99,True,0.404,0.286,0.583,47,25,16,184,14
2024,0022400001,2024-11-12,ATL @ BOS,Atlanta Hawks,ATL,117,True,0.505,0.313,0.538,44,35,16,Boston Celtics,BOS,116,False,0.507,0.4,0.815,34,28,20,233,1
2024,0022400003,2024-11-12,CHA @ ORL,Charlotte Hornets,CHA,89,False,0.405,0.342,0.571,48,22,22,Orlando Magic,ORL,114,True,0.462,0.295,0.789,43,25,11,203,25
2024,0022400002,2024-11-12,DET vs. MIA,Miami Heat,MIA,121,False,0.465,0.378,0.769,43,25,10,Detroit Pistons,DET,123,True,0.467,0.361,0.857,56,32,19,244,2
2024,0022400006,2024-11-12,PHX @ UTA,Phoenix Suns,PHX,120,True,0.5,0.462,0.727,42,21,8,Utah Jazz,UTA,112,False,0.489,0.395,0.778,39,32,10,232,8
2024,0022400008,2024-11-12,POR vs. MIN,Minnesota Timberwolves,MIN,108,False,0.507,0.371,0.913,32,22,21,Portland Trail Blazers,POR,122,True,0.512,0.563,0.9,39,30,19,230,14
2024,0022400007,2024-11-12,DAL @ GSW,Dallas Mavericks,DAL,117,False,0.524,0.324,0.75,40,26,17,Golden State Warriors,GSW,120,True,0.479,0.341,0.593,50,29,12,237,3
2024,0022400223,2024-11-13,DET @ MIL,Detroit Pistons,DET,120,False,0.46,0.474,0.769,45,29,14,Milwaukee Bucks,MIL,127,True,0.474,0.429,0.88,47,26,11,247,7
2024,0022400225,2024-11-13,MEM @ LAL,Memphis Grizzlies,MEM,123,False,0.472,0.364,0.818,41,28,13,Los Angeles Lakers,LAL,128,True,0.506,0.488,0.688,42,31,18,251,5
2024,0022400224,2024-11-13,SAS vs. WAS,Washington Wizards,WAS,130,False,0.516,0.409,0.875,41,27,18,San Antonio Spurs,SAS,139,True,0.522,0.409,0.781,39,38,9,269,9
2024,0022400218,2024-11-13,BKN vs. BOS,Boston Celtics,BOS,139,True,0.538,0.478,0.708,45,35,7,Brooklyn Nets,BKN,114,False,0.506,0.442,0.833,34,26,12,253,25
2024,0022400222,2024-11-13,LAC @ HOU,LA Clippers,LAC,103,False,0.396,0.368,0.813,42,27,9,Houston Rockets,HOU,111,True,0.433,0.375,0.706,59,28,13,214,8
2024,0022400221,2024-11-13,OKC vs. NOP,New Orleans Pelicans,NOP,88,False,0.395,0.243,0.647,58,21,23,Oklahoma City Thunder,OKC,106,True,0.443,0.385,0.813,31,20,5,194,18
2024,0022400220,2024-11-13,PHI vs. CLE,Cleveland Cavaliers,CLE,114,True,0.494,0.4,0.824,46,25,11,Philadelphia 76ers,PHI,106,False,0.446,0.326,0.909,45,24,11,220,8
2024,0022400227,2024-11-13,SAC vs. PHX,Phoenix Suns,PHX,104,False,0.371,0.302,0.731,40,23,10,Sacramento Kings,SAC,127,True,0.641,0.536,0.706,45,38,17,231,23
2024,0022400226,2024-11-13,MIN @ POR,Minnesota Timberwolves,MIN,98,False,0.394,0.179,0.773,41,16,13,Portland Trail Blazers,POR,106,True,0.458,0.36,0.913,47,17,19,204,8
2024,0022400219,2024-11-13,CHI @ NYK,Chicago Bulls,CHI,124,True,0.537,0.389,0.815,40,31,18,New York Knicks,NYK,123,False,0.511,0.405,0.667,40,31,15,247,1
2024,0022400217,2024-11-13,ORL vs. IND,Indiana Pacers,IND,90,False,0.381,0.333,0.889,41,22,16,Orlando Magic,ORL,94,True,0.405,0.342,0.867,50,26,17,184,4
2024,0022400228,2024-11-14,DAL @ UTA,Dallas Mavericks,DAL,113,False,0.506,0.308,0.75,30,25,17,Utah Jazz,UTA,115,True,0.506,0.382,0.762,40,25,18,228,2
2024,0022400012,2024-11-15,ATL vs. WAS,Washington Wizards,WAS,117,False,0.406,0.349,0.762,52,28,15,Atlanta Hawks,ATL,129,True,0.469,0.324,0.833,55,28,16,246,12
2024,0022400011,2024-11-15,TOR vs. DET,Detroit Pistons,DET,99,True,0.411,0.211,0.65,56,24,13,Toronto Raptors,TOR,95,False,0.361,0.258,0.773,53,21,14,194,4
2024,0022400017,2024-11-15,DEN @ NOP,Denver Nuggets,DEN,94,False,0.425,0.27,0.909,38,26,7,New Orleans Pelicans,NOP,101,True,0.425,0.314,0.889,56,21,14,195,7
2024,0022400019,2024-11-15,MEM @ GSW,Memphis Grizzlies,MEM,118,False,0.408,0.167,0.818,54,22,15,Golden State Warriors,GSW,123,True,0.439,0.413,0.72,56,33,19,241,5
2024,0022400018,2024-11-15,PHX @ OKC,Phoenix Suns,PHX,83,False,0.293,0.243,0.75,50,17,14,Oklahoma City Thunder,OKC,99,True,0.396,0.25,0.944,53,21,10,182,16
2024,0022400020,2024-11-15,MIN @ SAC,Minnesota Timberwolves,MIN,130,True,0.475,0.408,0.875,41,26,11,Sacramento Kings,SAC,126,False,0.5,0.324,0.9,51,21,13,256,4
2024,0022400010,2024-11-15,ORL vs. PHI,Philadelphia 76ers,PHI,86,False,0.403,0.323,0.857,34,19,16,Orlando Magic,ORL,98,True,0.436,0.297,0.864,43,15,17,184,12
2024,0022400016,2024-11-15,LAC @ HOU,LA Clippers,LAC,104,False,0.378,0.25,0.788,51,12,14,Houston Rockets,HOU,125,True,0.484,0.432,0.778,48,31,12,229,21
2024,0022400015,2024-11-15,SAS vs. LAL,Los Angeles Lakers,LAL,120,True,0.5,0.452,0.783,41,27,10,San Antonio Spurs,SAS,115,False,0.489,0.378,0.75,40,32,13,235,5
2024,0022400009,2024-11-15,IND vs. MIA,Miami Heat,MIA,124,True,0.517,0.357,0.826,36,27,10,Indiana Pacers,IND,111,False,0.512,0.4,0.818,39,28,20,235,13
2024,0022400014,2024-11-15,BKN @ NYK,Brooklyn Nets,BKN,122,False,0.438,0.413,0.893,37,27,9,New York Knicks,NYK,124,True,0.53,0.342,0.821,45,25,13,246,2
2024,0022400013,2024-11-15,CHI @ CLE,Chicago Bulls,CHI,126,False,0.511,0.476,0.8,36,32,17,Cleveland Cavaliers,CLE,144,True,0.548,0.488,0.875,40,33,13,270,18
2024,0022400233,2024-11-16,SAC vs. UTA,Utah Jazz,UTA,117,False,0.493,0.462,0.738,33,16,13,Sacramento Kings,SAC,121,True,0.506,0.463,0.72,35,24,14,238,4
2024,0022400230,2024-11-16,BOS vs. TOR,Toronto Raptors,TOR,123,False,0.51,0.391,0.667,46,35,9,Boston Celtics,BOS,126,True,0.444,0.344,0.895,42,30,9,249,3
2024,0022400232,2024-11-16,SAS @ DAL,San Antonio Spurs,SAS,93,False,0.318,0.275,0.867,45,21,11,Dallas Mavericks,DAL,110,True,0.468,0.258,0.778,53,26,14,203,17
2024,0022400231,2024-11-16,NOP vs. LAL,Los Angeles Lakers,LAL,104,True,0.438,0.3,0.778,43,24,11,New Orleans Pelicans,NOP,99,False,0.422,0.379,0.783,50,24,17,203,5
2024,0022400229,2024-11-16,CHA vs. MIL,Milwaukee Bucks,MIL,114,False,0.511,0.417,0.455,40,31,9,Charlotte Hornets,CHA,115,True,0.441,0.357,0.857,53,25,10,229,1
2024,0022400238,2024-11-17,MEM vs. DEN,Denver Nuggets,DEN,90,False,0.417,0.323,0.714,39,23,14,Memphis Grizzlies,MEM,105,True,0.451,0.333,0.833,45,31,12,195,15
2024,0022400243,2024-11-17,LAC vs. UTA,Utah Jazz,UTA,105,False,0.494,0.3,0.833,41,24,18,LA Clippers,LAC,116,True,0.489,0.275,0.765,41,30,9,221,11
2024,0022400236,2024-11-17,CLE vs. CHA,Charlotte Hornets,CHA,114,False,0.408,0.385,0.833,40,34,9,Cleveland Cavaliers,CLE,128,True,0.571,0.433,0.964,48,26,20,242,14
2024,0022400235,2024-11-17,IND vs. MIA,Miami Heat,MIA,110,False,0.4,0.442,0.95,38,21,10,Indiana Pacers,IND,119,True,0.518,0.448,0.9,45,30,10,229,9
2024,0022400241,2024-11-17,CHI vs. HOU,Houston Rockets,HOU,143,True,0.524,0.294,0.719,66,34,10,Chicago Bulls,CHI,107,False,0.336,0.25,0.955,47,26,13,250,36
2024,0022400239,2024-11-17,POR vs. ATL,Atlanta Hawks,ATL,110,False,0.459,0.344,0.84,47,30,25,Portland Trail Blazers,POR,114,True,0.463,0.368,0.632,40,31,20,224,4
2024,0022400240,2024-11-17,BKN @ NYK,Brooklyn Nets,BKN,104,False,0.421,0.415,0.767,35,31,9,New York Knicks,NYK,114,True,0.489,0.325,0.789,47,33,6,218,10
2024,0022400242,2024-11-17,DAL @ OKC,Dallas Mavericks,DAL,121,True,0.476,0.407,0.833,53,18,16,Oklahoma City Thunder,OKC,119,False,0.494,0.333,0.76,29,29,6,240,2
2024,0022400234,2024-11-17,MIN vs. PHX,Phoenix Suns,PHX,117,False,0.541,0.452,0.733,41,29,19,Minnesota Timberwolves,MIN,120,True,0.525,0.436,0.731,32,27,14,237,3
2024,0022400237,2024-11-17,WAS vs. DET,Detroit Pistons,DET,124,True,0.474,0.447,0.789,51,27,8,Washington Wizards,WAS,104,False,0.47,0.444,0.7,39,21,17,228,20
2024,0022400250,2024-11-18,ATL @ SAC,Atlanta Hawks,ATL,109,True,0.47,0.421,0.833,37,34,14,Sacramento Kings,SAC,108,False,0.435,0.435,0.737,45,24,17,217,1
2024,0022400247,2024-11-18,IND @ TOR,Indiana Pacers,IND,119,False,0.444,0.375,0.8,32,29,10,Toronto Raptors,TOR,130,True,0.585,0.483,0.714,46,27,23,249,11
2024,0022400244,2024-11-18,DET vs. CHI,Chicago Bulls,CHI,122,True,0.484,0.5,0.786,46,28,10,Detroit Pistons,DET,112,False,0.429,0.341,0.684,48,27,9,234,10
2024,0022400248,2024-11-18,HOU @ MIL,Houston Rockets,HOU,100,False,0.4,0.281,0.846,53,19,12,Milwaukee Bucks,MIL,101,True,0.458,0.394,0.632,43,21,15,201,1
2024,0022400249,2024-11-18,PHX vs. ORL,Orlando Magic,ORL,109,True,0.513,0.379,0.8,38,28,10,Phoenix Suns,PHX,99,False,0.422,0.293,0.68,45,25,13,208,10
2024,0022400246,2024-11-18,NYK vs. WAS,Washington Wizards,WAS,106,False,0.473,0.333,0.563,41,23,10,New York Knicks,NYK,134,True,0.56,0.5,0.923,41,37,8,240,28
2024,0022400245,2024-11-18,MIA vs. PHI,Philadelphia 76ers,PHI,89,False,0.417,0.244,0.75,42,25,14,Miami Heat,MIA,106,True,0.414,0.295,0.913,53,26,13,195,17
2024,0022400251,2024-11-18,LAC vs. GSW,Golden State Warriors,GSW,99,False,0.44,0.364,0.474,45,27,19,LA Clippers,LAC,102,True,0.427,0.471,0.889,44,29,17,201,3
2024,0022400026,2024-11-19,UTA @ LAL,Utah Jazz,UTA,118,False,0.5,0.333,0.842,42,28,14,Los Angeles Lakers,LAL,124,True,0.553,0.452,0.722,34,30,14,242,6
2024,0022400022,2024-11-19,CHA @ BKN,Charlotte Hornets,CHA,115,False,0.463,0.541,0.864,44,25,21,Brooklyn Nets,BKN,116,True,0.494,0.439,0.737,36,31,13,231,1
2024,0022400025,2024-11-19,SAS vs. OKC,Oklahoma City Thunder,OKC,104,False,0.41,0.302,0.857,47,24,13,San Antonio Spurs,SAS,110,True,0.47,0.413,0.684,46,32,21,214,6
2024,0022400021,2024-11-19,BOS vs. CLE,Cleveland Cavaliers,CLE,117,False,0.495,0.345,0.882,41,30,7,Boston Celtics,BOS,120,True,0.512,0.537,0.714,42,32,13,237,3
2024,0022400023,2024-11-19,MEM vs. DEN,Denver Nuggets,DEN,122,True,0.48,0.333,0.636,53,29,18,Memphis Grizzlies,MEM,110,False,0.398,0.237,0.613,55,24,22,232,12
2024,0022400024,2024-11-19,DAL vs. NOP,New Orleans Pelicans,NOP,91,False,0.397,0.344,0.857,37,19,21,Dallas Mavericks,DAL,132,True,0.521,0.452,0.8,48,26,11,223,41
2024,0022400258,2024-11-20,GSW vs. ATL,Atlanta Hawks,ATL,97,False,0.333,0.267,0.625,65,27,17,Golden State Warriors,GSW,120,True,0.465,0.35,0.667,54,36,15,217,23
2024,0022400259,2024-11-20,ORL @ LAC,Orlando Magic,ORL,93,False,0.44,0.229,0.792,24,21,14,LA Clippers,LAC,104,True,0.494,0.5,0.81,49,22,22,197,11
2024,0022400254,2024-11-20,HOU vs. IND,Indiana Pacers,IND,113,False,0.53,0.227,0.8,36,19,23,Houston Rockets,HOU,130,True,0.461,0.333,0.727,47,25,13,243,17
2024,0022400257,2024-11-20,NYK @ PHX,New York Knicks,NYK,138,True,0.581,0.487,0.905,41,30,13,Phoenix Suns,PHX,122,False,0.489,0.38,0.765,34,30,14,260,16
2024,0022400255,2024-11-20,MEM vs. PHI,Philadelphia 76ers,PHI,111,False,0.448,0.333,0.917,41,21,14,Memphis Grizzlies,MEM,117,True,0.482,0.442,1.0,41,29,19,228,6
2024,0022400253,2024-11-20,MIL vs. CHI,Chicago Bulls,CHI,106,False,0.466,0.378,1.0,33,25,14,Milwaukee Bucks,MIL,122,True,0.55,0.361,0.677,45,30,11,228,16
2024,0022400252,2024-11-20,NOP @ CLE,New Orleans Pelicans,NOP,100,False,0.424,0.258,0.636,40,23,11,Cleveland Cavaliers,CLE,128,True,0.527,0.429,0.857,52,29,11,228,28
2024,0022400256,2024-11-20,POR @ OKC,Portland Trail Blazers,POR,99,False,0.405,0.395,0.714,49,18,22,Oklahoma City Thunder,OKC,109,True,0.44,0.29,0.87,46,24,13,208,10
2024,0022400263,2024-11-21,ORL @ LAL,Orlando Magic,ORL,119,True,0.473,0.375,0.857,48,31,16,Los Angeles Lakers,LAL,118,False,0.506,0.419,0.654,36,21,10,237,1
2024,0022400262,2024-11-21,SAS vs. UTA,Utah Jazz,UTA,118,False,0.418,0.289,0.885,49,22,14,San Antonio Spurs,SAS,126,True,0.466,0.281,0.761,51,32,11,244,8
2024,0022400261,2024-11-21,MIN @ TOR,Minnesota Timberwolves,MIN,105,False,0.413,0.343,0.818,40,16,17,Toronto Raptors,TOR,110,True,0.514,0.304,0.744,43,22,17,215,5
2024,0022400260,2024-11-21,DET @ CHA,Detroit Pistons,DET,121,False,0.424,0.354,0.8,56,30,19,Charlotte Hornets,CHA,123,True,0.473,0.455,0.714,43,23,15,244,2
2024,0022400029,2024-11-22,IND @ MIL,Indiana Pacers,IND,117,False,0.473,0.324,0.741,46,30,15,Milwaukee Bucks,MIL,129,True,0.533,0.472,0.8,44,33,17,246,12
2024,0022400027,2024-11-22,PHI vs. BKN,Brooklyn Nets,BKN,98,False,0.494,0.351,1.0,34,28,19,Philadelphia 76ers,PHI,113,True,0.446,0.372,0.75,40,25,11,211,15
2024,0022400033,2024-11-22,DEN vs. DAL,Dallas Mavericks,DAL,123,True,0.505,0.37,0.778,44,24,13,Denver Nuggets,DEN,120,False,0.478,0.517,0.655,42,33,13,243,3
2024,0022400032,2024-11-22,GSW @ NOP,Golden State Warriors,GSW,112,True,0.448,0.324,0.759,52,27,16,New Orleans Pelicans,NOP,108,False,0.446,0.308,0.636,43,28,9,220,4
2024,0022400030,2024-11-22,CHI vs. ATL,Atlanta Hawks,ATL,122,False,0.458,0.294,0.737,42,32,11,Chicago Bulls,CHI,136,True,0.57,0.442,0.905,41,36,19,258,14
2024,0022400031,2024-11-22,HOU vs. POR,Portland Trail Blazers,POR,88,False,0.33,0.256,0.773,45,17,20,Houston Rockets,HOU,116,True,0.452,0.385,0.68,51,27,17,204,28
2024,0022400028,2024-11-22,BOS @ WAS,Boston Celtics,BOS,108,True,0.424,0.239,0.781,43,22,12,Washington Wizards,WAS,96,False,0.433,0.25,0.688,48,19,19,204,12
2024,0022400034,2024-11-22,LAC vs. SAC,Sacramento Kings,SAC,88,False,0.386,0.2,0.708,48,19,15,LA Clippers,LAC,104,True,0.415,0.238,1.0,54,27,12,192,16
2024,0022400266,2024-11-23,CHI vs. MEM,Memphis Grizzlies,MEM,142,True,0.573,0.452,0.65,49,38,11,Chicago Bulls,CHI,131,False,0.505,0.452,0.737,35,29,11,273,11
2024,0022400269,2024-11-23,GSW @ SAS,Golden State Warriors,GSW,94,False,0.379,0.318,0.615,49,29,10,San Antonio Spurs,SAS,104,True,0.447,0.277,0.789,48,29,8,198,10
2024,0022400265,2024-11-23,DET @ ORL,Detroit Pistons,DET,100,False,0.467,0.394,0.773,34,16,17,Orlando Magic,ORL,111,True,0.46,0.308,0.864,44,25,13,211,11
2024,0022400268,2024-11-23,CHA @ MIL,Charlotte Hornets,CHA,119,False,0.41,0.404,0.857,48,22,10,Milwaukee Bucks,MIL,125,True,0.483,0.486,0.808,51,20,14,244,6
2024,0022400264,2024-11-23,NYK @ UTA,New York Knicks,NYK,106,False,0.39,0.333,0.917,40,25,9,Utah Jazz,UTA,121,True,0.506,0.559,0.737,52,30,18,227,15
2024,0022400270,2024-11-23,DEN @ LAL,Denver Nuggets,DEN,127,True,0.61,0.5,0.579,48,37,17,Los Angeles Lakers,LAL,102,False,0.443,0.361,0.786,32,27,15,229,25
2024,0022400267,2024-11-23,HOU vs. POR,Portland Trail Blazers,POR,104,True,0.378,0.409,0.783,53,16,16,Houston Rockets,HOU,98,False,0.356,0.25,0.788,43,17,9,202,6
2024,0022400275,2024-11-24,TOR @ CLE,Toronto Raptors,TOR,108,False,0.402,0.308,0.647,55,22,14,Cleveland Cavaliers,CLE,122,True,0.495,0.39,0.714,49,27,13,230,14
2024,0022400272,2024-11-24,WAS @ IND,Washington Wizards,WAS,103,False,0.456,0.314,0.8,41,24,16,Indiana Pacers,IND,115,True,0.477,0.444,0.778,45,31,11,218,12
2024,0022400274,2024-11-24,LAC @ PHI,LA Clippers,LAC,125,True,0.58,0.4,0.76,44,31,17,Philadelphia 76ers,PHI,99,False,0.395,0.231,0.846,33,22,13,224,26
2024,0022400276,2024-11-24,BKN @ SAC,Brooklyn Nets,BKN,108,True,0.48,0.487,0.68,31,24,12,Sacramento Kings,SAC,103,False,0.481,0.36,0.645,44,21,16,211,5
2024,0022400271,2024-11-24,BOS vs. MIN,Minnesota Timberwolves,MIN,105,False,0.42,0.366,0.762,49,19,8,Boston Celtics,BOS,107,True,0.425,0.375,0.8,40,25,6,212,2
2024,0022400273,2024-11-24,DAL @ MIA,Dallas Mavericks,DAL,118,False,0.419,0.25,0.8,59,29,13,Miami Heat,MIA,123,True,0.43,0.341,0.63,57,27,9,241,5
2024,0022400281,2024-11-25,LAC @ BOS,LA Clippers,LAC,94,False,0.433,0.269,0.692,44,18,13,Boston Celtics,BOS,126,True,0.511,0.431,0.7,47,33,11,220,32
2024,0022400277,2024-11-25,CHA vs. ORL,Orlando Magic,ORL,95,True,0.394,0.261,0.529,39,21,8,Charlotte Hornets,CHA,84,False,0.413,0.219,0.789,52,14,26,179,11
2024,0022400280,2024-11-25,DAL @ ATL,Dallas Mavericks,DAL,129,True,0.5,0.457,0.864,51,24,17,Atlanta Hawks,ATL,119,False,0.475,0.29,0.875,39,32,14,248,10
2024,0022400283,2024-11-25,DEN vs. NYK,New York Knicks,NYK,145,True,0.609,0.528,0.875,43,45,9,Denver Nuggets,DEN,118,False,0.446,0.333,0.926,33,23,11,263,27
2024,0022400279,2024-11-25,NOP @ IND,New Orleans Pelicans,NOP,110,False,0.517,0.273,0.579,44,35,15,Indiana Pacers,IND,114,True,0.473,0.362,0.688,41,30,13,224,4
2024,0022400285,2024-11-25,OKC @ SAC,Oklahoma City Thunder,OKC,130,True,0.558,0.452,0.8,44,28,15,Sacramento Kings,SAC,109,False,0.483,0.25,0.739,31,24,12,239,21
2024,0022400282,2024-11-25,MEM vs. POR,Portland Trail Blazers,POR,98,False,0.333,0.174,0.786,44,22,11,Memphis Grizzlies,MEM,123,True,0.494,0.429,0.735,60,35,18,221,25
2024,0022400284,2024-11-25,BKN @ GSW,Brooklyn Nets,BKN,128,True,0.494,0.444,0.867,42,23,11,Golden State Warriors,GSW,120,False,0.484,0.413,0.647,43,32,12,248,8
2024,0022400278,2024-11-25,DET vs. TOR,Toronto Raptors,TOR,100,False,0.394,0.286,0.8,50,26,9,Detroit Pistons,DET,102,True,0.447,0.324,0.71,38,27,14,202,2
2024,0022400035,2024-11-26,WAS vs. CHI,Chicago Bulls,CHI,127,True,0.5,0.35,0.864,50,29,10,Washington Wizards,WAS,108,False,0.429,0.27,0.645,43,27,12,235,19
2024,0022400036,2024-11-26,MIL @ MIA,Milwaukee Bucks,MIL,106,True,0.468,0.476,0.824,41,23,10,Miami Heat,MIA,103,False,0.455,0.345,0.767,38,26,8,209,3
2024,0022400037,2024-11-26,MIN vs. HOU,Houston Rockets,HOU,117,True,0.455,0.405,0.923,44,31,10,Minnesota Timberwolves,MIN,111,False,0.429,0.237,0.9,52,21,17,228,6
2024,0022400038,2024-11-26,UTA vs. SAS,San Antonio Spurs,SAS,128,True,0.484,0.375,0.769,39,30,10,Utah Jazz,UTA,115,False,0.512,0.371,0.8,41,24,21,243,13
2024,0022400039,2024-11-26,PHX vs. LAL,Los Angeles Lakers,LAL,100,False,0.435,0.235,0.72,42,25,12,Phoenix Suns,PHX,127,True,0.515,0.405,0.8,46,31,9,227,27
2024,0022400291,2024-11-27,LAC @ WAS,LA Clippers,LAC,121,True,0.506,0.364,0.76,47,27,13,Washington Wizards,WAS,96,False,0.412,0.242,0.818,40,21,20,217,25
2024,0022400292,2024-11-27,DAL vs. NYK,New York Knicks,NYK,114,False,0.465,0.241,0.9,33,20,8,Dallas Mavericks,DAL,129,True,0.565,0.515,0.762,43,27,13,243,15
2024,0022400298,2024-11-27,UTA vs. DEN,Denver Nuggets,DEN,122,True,0.548,0.333,0.826,39,30,10,Utah Jazz,UTA,103,False,0.422,0.372,0.611,47,25,18,225,19
2024,0022400297,2024-11-27,BKN @ PHX,Brooklyn Nets,BKN,127,True,0.506,0.429,0.955,36,32,12,Phoenix Suns,PHX,117,False,0.532,0.387,0.821,37,25,17,244,10
2024,0022400289,2024-11-27,CHI @ ORL,Chicago Bulls,CHI,119,False,0.529,0.381,0.688,37,30,18,Orlando Magic,ORL,133,True,0.511,0.385,0.929,39,30,11,252,14
2024,0022400286,2024-11-27,MIA @ CHA,Miami Heat,MIA,98,True,0.452,0.378,0.818,44,21,18,Charlotte Hornets,CHA,94,False,0.378,0.333,0.375,43,22,13,192,4
2024,0022400290,2024-11-27,HOU @ PHI,Houston Rockets,HOU,122,True,0.455,0.323,0.842,51,23,20,Philadelphia 76ers,PHI,115,False,0.448,0.364,0.739,42,19,14,237,7
2024,0022400287,2024-11-27,CLE vs. ATL,Atlanta Hawks,ATL,135,True,0.474,0.476,0.92,51,39,13,Cleveland Cavaliers,CLE,124,False,0.463,0.313,0.75,44,31,12,259,11
2024,0022400296,2024-11-27,SAS vs. LAL,Los Angeles Lakers,LAL,119,True,0.533,0.382,1.0,46,31,13,San Antonio Spurs,SAS,101,False,0.424,0.35,0.938,38,26,15,220,18
2024,0022400293,2024-11-27,DET @ MEM,Detroit Pistons,DET,111,False,0.471,0.342,0.72,42,24,18,Memphis Grizzlies,MEM,131,True,0.548,0.37,0.75,42,31,16,242,20
2024,0022400299,2024-11-27,GSW vs. OKC,Oklahoma City Thunder,OKC,105,True,0.459,0.297,0.615,48,26,14,Golden State Warriors,GSW,101,False,0.357,0.32,0.714,57,25,14,206,4
2024,0022400294,2024-11-27,SAC @ MIN,Sacramento Kings,SAC,115,True,0.489,0.324,0.733,47,28,16,Minnesota Timberwolves,MIN,104,False,0.446,0.359,0.889,33,25,15,219,11
2024,0022400288,2024-11-27,POR @ IND,Portland Trail Blazers,POR,114,False,0.506,0.457,0.588,38,31,14,Indiana Pacers,IND,121,True,0.489,0.406,0.8,47,27,12,235,7
2024,0022400295,2024-11-27,NOP vs. TOR,Toronto Raptors,TOR,119,True,0.495,0.404,0.333,52,38,15,New Orleans Pelicans,NOP,93,False,0.387,0.314,0.625,47,24,15,212,26
2024,0022400041,2024-11-29,ATL vs. CLE,Cleveland Cavaliers,CLE,101,False,0.409,0.289,0.824,40,21,13,Atlanta Hawks,ATL,117,True,0.518,0.412,0.833,53,33,18,218,16
2024,0022400043,2024-11-29,BKN vs. ORL,Orlando Magic,ORL,123,True,0.53,0.514,0.773,40,29,17,Brooklyn Nets,BKN,100,False,0.494,0.483,0.714,35,22,20,223,23
2024,0022400040,2024-11-29,NYK @ CHA,New York Knicks,NYK,99,True,0.444,0.375,0.789,44,20,19,Charlotte Hornets,CHA,98,False,0.404,0.319,0.733,39,25,13,197,1
2024,0022400042,2024-11-29,MEM vs. NOP,New Orleans Pelicans,NOP,109,False,0.418,0.31,0.8,46,16,14,Memphis Grizzlies,MEM,120,True,0.49,0.293,0.824,51,36,15,229,11
2024,0022400048,2024-11-29,OKC @ LAL,Oklahoma City Thunder,OKC,101,True,0.409,0.325,0.75,47,20,9,Los Angeles Lakers,LAL,93,False,0.452,0.289,0.762,47,25,17,194,8
2024,0022400047,2024-11-29,CHI vs. BOS,Boston Celtics,BOS,138,True,0.5,0.426,0.739,51,24,9,Chicago Bulls,CHI,129,False,0.516,0.392,0.813,43,28,8,267,9
2024,0022400049,2024-11-29,SAC @ POR,Sacramento Kings,SAC,106,False,0.449,0.357,0.75,41,29,20,Portland Trail Blazers,POR,115,True,0.511,0.297,0.8,40,27,11,221,9
2024,0022400046,2024-11-29,TOR @ MIA,Toronto Raptors,TOR,111,False,0.538,0.379,0.824,46,34,18,Miami Heat,MIA,121,True,0.457,0.389,0.824,33,32,8,232,10
2024,0022400044,2024-11-29,MIN vs. LAC,LA Clippers,LAC,92,False,0.429,0.323,0.769,39,20,15,Minnesota Timberwolves,MIN,93,True,0.413,0.385,0.8,49,25,21,185,1
2024,0022400045,2024-11-29,DET @ IND,Detroit Pistons,DET,130,True,0.578,0.474,0.8,44,35,18,Indiana Pacers,IND,106,False,0.482,0.364,0.923,32,23,16,236,24
2024,0022400300,2024-11-30,ATL @ CHA,Atlanta Hawks,ATL,107,True,0.487,0.303,0.778,49,27,20,Charlotte Hornets,CHA,104,False,0.372,0.375,0.842,45,23,14,211,3
2024,0022400303,2024-11-30,GSW @ PHX,Golden State Warriors,GSW,105,False,0.413,0.35,0.833,43,28,9,Phoenix Suns,PHX,113,True,0.481,0.514,0.864,45,31,12,218,8
2024,0022400302,2024-11-30,WAS @ MIL,Washington Wizards,WAS,114,False,0.471,0.281,0.958,41,24,12,Milwaukee Bucks,MIL,124,True,0.512,0.457,0.8,38,31,11,238,10
2024,0022400301,2024-11-30,PHI @ DET,Philadelphia 76ers,PHI,111,True,0.494,0.355,0.727,50,19,14,Detroit Pistons,DET,96,False,0.385,0.275,0.833,42,22,16,207,15
2024,0022400304,2024-11-30,DAL @ UTA,Dallas Mavericks,DAL,106,True,0.456,0.385,0.6,48,30,15,Utah Jazz,UTA,94,False,0.358,0.231,0.81,53,20,15,200,12
2024,0022400308,2024-12-01,NOP @ NYK,New Orleans Pelicans,NOP,85,False,0.372,0.148,0.647,42,20,14,New York Knicks,NYK,118,True,0.457,0.444,0.875,60,30,17,203,33
2024,0022400307,2024-12-01,BOS @ CLE,Boston Celtics,BOS,111,False,0.4,0.347,0.947,46,17,8,Cleveland Cavaliers,CLE,115,True,0.488,0.472,0.8,44,22,17,226,4
2024,0022400314,2024-12-01,LAC vs. DEN,Denver Nuggets,DEN,122,False,0.58,0.417,0.526,39,37,14,LA Clippers,LAC,126,True,0.478,0.462,0.815,42,28,14,248,4
2024,0022400312,2024-12-01,DAL @ POR,Dallas Mavericks,DAL,137,True,0.552,0.5,0.793,33,33,13,Portland Trail Blazers,POR,131,False,0.583,0.581,0.833,39,29,21,268,6
2024,0022400306,2024-12-01,IND @ MEM,Indiana Pacers,IND,121,False,0.478,0.333,0.808,41,28,15,Memphis Grizzlies,MEM,136,True,0.527,0.348,0.815,40,36,10,257,15
2024,0022400309,2024-12-01,MIA @ TOR,Miami Heat,MIA,116,False,0.443,0.375,0.821,45,25,14,Toronto Raptors,TOR,119,True,0.534,0.345,0.75,47,30,14,235,3
2024,0022400313,2024-12-01,SAS @ SAC,San Antonio Spurs,SAS,127,True,0.512,0.5,0.833,38,32,15,Sacramento Kings,SAC,125,False,0.465,0.375,0.792,51,32,10,252,2
2024,0022400305,2024-12-01,BKN vs. ORL,Orlando Magic,ORL,100,True,0.459,0.25,0.781,52,23,22,Brooklyn Nets,BKN,92,False,0.38,0.258,0.774,33,19,16,192,8
2024,0022400311,2024-12-01,UTA vs. LAL,Los Angeles Lakers,LAL,105,True,0.443,0.212,0.8,42,23,5,Utah Jazz,UTA,104,False,0.506,0.35,0.625,44,27,15,209,1
2024,0022400310,2024-12-01,OKC @ HOU,Oklahoma City Thunder,OKC,116,False,0.447,0.333,0.76,46,30,7,Houston Rockets,HOU,119,True,0.413,0.351,0.769,51,20,10,235,3
2024,0022400316,2024-12-02,MIA @ BOS,Miami Heat,MIA,89,False,0.356,0.229,0.826,44,24,10,Boston Celtics,BOS,108,True,0.438,0.345,0.846,54,25,14,197,19
2024,0022400318,2024-12-02,MIN vs. LAL,Los Angeles Lakers,LAL,80,False,0.405,0.194,0.714,39,19,20,Minnesota Timberwolves,MIN,109,True,0.506,0.429,0.8,43,31,15,189,29
2024,0022400315,2024-12-02,ATL vs. NOP,New Orleans Pelicans,NOP,112,False,0.44,0.31,0.647,41,21,16,Atlanta Hawks,ATL,124,True,0.51,0.263,0.8,51,30,18,236,12
2024,0022400317,2024-12-02,BKN @ CHI,Brooklyn Nets,BKN,102,False,0.4,0.333,0.8,41,24,10,Chicago Bulls,CHI,128,True,0.522,0.34,0.842,54,33,16,230,26
2024,0022400060,2024-12-03,POR @ LAC,Portland Trail Blazers,POR,105,False,0.513,0.345,0.813,29,25,15,LA Clippers,LAC,127,True,0.553,0.514,0.824,35,29,13,232,22
2024,0022400052,2024-12-03,MIL @ DET,Milwaukee Bucks,MIL,128,True,0.563,0.561,0.714,36,26,16,Detroit Pistons,DET,107,False,0.46,0.333,0.727,41,22,18,235,21
2024,0022400055,2024-12-03,OKC vs. UTA,Utah Jazz,UTA,106,False,0.543,0.371,0.773,36,21,29,Oklahoma City Thunder,OKC,133,True,0.52,0.362,0.909,34,32,8,239,27
2024,0022400058,2024-12-03,GSW @ DEN,Golden State Warriors,GSW,115,False,0.463,0.316,0.714,48,36,14,Denver Nuggets,DEN,119,True,0.506,0.458,0.8,38,32,15,234,4
2024,0022400050,2024-12-03,CHA vs. PHI,Philadelphia 76ers,PHI,110,True,0.463,0.4,0.9,31,26,12,Charlotte Hornets,CHA,104,False,0.442,0.382,0.821,47,22,15,214,6
2024,0022400054,2024-12-03,TOR vs. IND,Indiana Pacers,IND,111,False,0.452,0.4,0.821,34,21,20,Toronto Raptors,TOR,122,True,0.543,0.394,0.724,42,28,21,233,11
2024,0022400059,2024-12-03,HOU @ SAC,Houston Rockets,HOU,111,False,0.441,0.359,0.714,53,14,15,Sacramento Kings,SAC,120,True,0.516,0.467,0.6,34,33,10,231,9
2024,0022400057,2024-12-03,SAS @ PHX,San Antonio Spurs,SAS,93,False,0.35,0.182,0.75,53,26,14,Phoenix Suns,PHX,104,True,0.487,0.344,0.81,44,26,12,197,11
2024,0022400051,2024-12-03,CLE vs. WAS,Washington Wizards,WAS,87,False,0.386,0.154,0.76,52,18,20,Cleveland Cavaliers,CLE,118,True,0.483,0.348,0.64,45,31,11,205,31
2024,0022400053,2024-12-03,ORL @ NYK,Orlando Magic,ORL,106,False,0.437,0.231,0.84,38,20,15,New York Knicks,NYK,121,True,0.506,0.429,1.0,39,30,17,227,15
2024,0022400056,2024-12-03,MEM @ DAL,Memphis Grizzlies,MEM,116,False,0.464,0.325,0.929,39,27,19,Dallas Mavericks,DAL,121,True,0.481,0.406,0.682,49,24,25,237,5
2024,0022400323,2024-12-04,MIL vs. ATL,Atlanta Hawks,ATL,119,True,0.441,0.281,0.909,54,29,11,Milwaukee Bucks,MIL,104,False,0.423,0.333,0.657,40,23,18,223,15
2024,0022400319,2024-12-04,BOS vs. DET,Detroit Pistons,DET,120,False,0.512,0.513,0.778,34,27,18,Boston Celtics,BOS,130,True,0.479,0.396,0.76,43,30,16,250,10
2024,0022400324,2024-12-04,LAC vs. MIN,Minnesota Timberwolves,MIN,108,True,0.482,0.364,0.556,50,31,14,LA Clippers,LAC,80,False,0.349,0.275,0.846,46,13,21,188,28
2024,0022400320,2024-12-04,BKN vs. IND,Indiana Pacers,IND,90,False,0.427,0.242,0.818,39,20,16,Brooklyn Nets,BKN,99,True,0.432,0.333,0.739,43,24,12,189,9
2024,0022400322,2024-12-04,ORL @ PHI,Orlando Magic,ORL,106,True,0.488,0.276,0.762,42,21,13,Philadelphia 76ers,PHI,102,False,0.488,0.367,0.579,35,23,14,208,4
2024,0022400321,2024-12-04,LAL @ MIA,Los Angeles Lakers,LAL,93,False,0.42,0.227,0.737,36,29,13,Miami Heat,MIA,134,True,0.578,0.511,0.667,52,42,15,227,41
2024,0022400327,2024-12-05,CHA @ NYK,Charlotte Hornets,CHA,101,False,0.449,0.385,0.6,40,27,10,New York Knicks,NYK,125,True,0.539,0.545,0.781,43,29,9,226,24
2024,0022400328,2024-12-05,TOR vs. OKC,Oklahoma City Thunder,OKC,129,True,0.48,0.362,0.824,55,28,6,Toronto Raptors,TOR,92,False,0.356,0.244,0.85,51,24,20,221,37
2024,0022400330,2024-12-05,PHX @ NOP,Phoenix Suns,PHX,124,False,0.506,0.378,0.808,46,32,17,New Orleans Pelicans,NOP,126,True,0.495,0.389,0.72,44,23,13,250,2
2024,0022400326,2024-12-05,WAS vs. DAL,Dallas Mavericks,DAL,137,True,0.539,0.526,0.778,58,27,15,Washington Wizards,WAS,101,False,0.394,0.325,0.667,39,25,12,238,36
2024,0022400332,2024-12-05,GSW vs. HOU,Houston Rockets,HOU,93,False,0.376,0.263,0.765,45,20,8,Golden State Warriors,GSW,99,True,0.419,0.321,0.667,54,19,10,192,6
2024,0022400329,2024-12-05,SAC @ MEM,Sacramento Kings,SAC,110,False,0.398,0.229,0.857,46,19,13,Memphis Grizzlies,MEM,115,True,0.475,0.342,0.813,49,27,22,225,5
2024,0022400331,2024-12-05,CHI @ SAS,Chicago Bulls,CHI,139,True,0.578,0.459,0.783,50,36,17,San Antonio Spurs,SAS,124,False,0.463,0.286,0.718,41,26,11,263,15
2024,0022400325,2024-12-05,DEN @ CLE,Denver Nuggets,DEN,114,False,0.479,0.25,0.727,49,25,15,Cleveland Cavaliers,CLE,126,True,0.5,0.458,0.625,47,32,15,240,12
2024,0022400339,2024-12-06,POR vs. UTA,Utah Jazz,UTA,141,True,0.552,0.438,0.913,61,34,12,Portland Trail Blazers,POR,99,False,0.389,0.298,0.647,34,23,10,240,42
2024,0022400338,2024-12-06,MIN @ GSW,Minnesota Timberwolves,MIN,107,True,0.455,0.333,0.929,48,32,17,Golden State Warriors,GSW,90,False,0.39,0.282,0.882,41,21,22,197,17
2024,0022400337,2024-12-06,SAC @ SAS,Sacramento Kings,SAC,140,True,0.567,0.471,0.917,44,33,11,San Antonio Spurs,SAS,113,False,0.429,0.341,0.7,42,28,14,253,27
2024,0022400336,2024-12-06,CHI vs. IND,Indiana Pacers,IND,132,True,0.565,0.6,0.833,46,33,12,Chicago Bulls,CHI,123,False,0.474,0.42,0.833,38,33,12,255,9
2024,0022400335,2024-12-06,MIL @ BOS,Milwaukee Bucks,MIL,105,False,0.426,0.379,0.824,51,16,9,Boston Celtics,BOS,111,True,0.46,0.321,0.875,41,27,6,216,6
2024,0022400333,2024-12-06,PHI vs. ORL,Orlando Magic,ORL,94,False,0.423,0.283,0.882,38,21,19,Philadelphia 76ers,PHI,102,True,0.481,0.269,0.655,37,23,15,196,8
2024,0022400334,2024-12-06,ATL vs. LAL,Los Angeles Lakers,LAL,132,False,0.515,0.457,0.875,40,33,13,Atlanta Hawks,ATL,134,True,0.5,0.425,0.773,48,40,17,266,2
2024,0022400341,2024-12-07,WAS vs. DEN,Denver Nuggets,DEN,113,False,0.484,0.2,0.593,48,34,15,Washington Wizards,WAS,122,True,0.484,0.39,0.727,46,31,17,235,9
2024,0022400345,2024-12-07,BOS vs. MEM,Memphis Grizzlies,MEM,127,True,0.5,0.455,0.783,52,25,13,Boston Celtics,BOS,121,False,0.4,0.3,0.679,51,26,13,248,6
2024,0022400340,2024-12-07,CLE @ CHA,Cleveland Cavaliers,CLE,116,True,0.5,0.368,0.75,47,28,11,Charlotte Hornets,CHA,102,False,0.43,0.282,0.895,37,21,10,218,14
2024,0022400344,2024-12-07,DAL @ TOR,Dallas Mavericks,DAL,125,True,0.469,0.378,0.865,52,21,18,Toronto Raptors,TOR,118,False,0.462,0.385,0.944,39,37,13,243,7
2024,0022400346,2024-12-07,MIA vs. PHX,Phoenix Suns,PHX,111,False,0.439,0.39,0.92,41,29,14,Miami Heat,MIA,121,True,0.523,0.406,0.783,41,30,11,232,10
2024,0022400343,2024-12-07,DET @ NYK,Detroit Pistons,DET,120,True,0.518,0.5,0.842,43,28,18,New York Knicks,NYK,111,False,0.532,0.324,0.593,31,27,15,231,9
2024,0022400342,2024-12-07,NOP vs. OKC,Oklahoma City Thunder,OKC,119,True,0.529,0.375,0.81,45,27,18,New Orleans Pelicans,NOP,109,False,0.481,0.297,0.815,35,25,18,228,10
2024,0022400351,2024-12-08,CLE @ MIA,Cleveland Cavaliers,CLE,113,False,0.477,0.424,0.944,36,25,9,Miami Heat,MIA,122,True,0.477,0.432,0.923,47,27,11,235,9
2024,0022400356,2024-12-08,LAC vs. HOU,Houston Rockets,HOU,117,True,0.488,0.366,0.846,50,23,15,LA Clippers,LAC,106,False,0.446,0.324,0.813,33,21,7,223,11
2024,0022400358,2024-12-08,POR @ LAL,Portland Trail Blazers,POR,98,False,0.417,0.25,0.905,49,17,17,Los Angeles Lakers,LAL,107,True,0.458,0.382,0.857,40,25,11,205,9
2024,0022400354,2024-12-08,NOP @ SAS,New Orleans Pelicans,NOP,116,False,0.434,0.342,0.81,43,26,8,San Antonio Spurs,SAS,121,True,0.452,0.308,0.806,55,27,13,237,5
2024,0022400347,2024-12-08,PHI @ CHI,Philadelphia 76ers,PHI,108,True,0.467,0.25,0.929,56,25,15,Chicago Bulls,CHI,100,False,0.407,0.352,0.917,35,29,15,208,8
2024,0022400355,2024-12-08,GSW vs. MIN,Minnesota Timberwolves,MIN,106,False,0.456,0.452,0.75,39,22,14,Golden State Warriors,GSW,114,True,0.467,0.39,0.7,45,28,11,220,8
2024,0022400353,2024-12-08,WAS vs. MEM,Memphis Grizzlies,MEM,140,True,0.521,0.395,0.793,46,34,16,Washington Wizards,WAS,112,False,0.43,0.188,0.909,52,20,21,252,28
2024,0022400352,2024-12-08,PHX @ ORL,Phoenix Suns,PHX,110,False,0.47,0.464,0.864,39,24,19,Orlando Magic,ORL,115,True,0.477,0.333,0.633,44,17,13,225,5
2024,0022400357,2024-12-08,SAC vs. UTA,Utah Jazz,UTA,97,False,0.388,0.357,0.952,38,21,20,Sacramento Kings,SAC,141,True,0.57,0.5,0.625,43,39,8,238,44
2024,0022400349,2024-12-08,CHA @ IND,Charlotte Hornets,CHA,113,True,0.513,0.483,0.731,45,24,24,Indiana Pacers,IND,109,False,0.512,0.333,0.867,29,23,17,222,4
2024,0022400350,2024-12-08,DEN @ ATL,Denver Nuggets,DEN,141,True,0.629,0.444,0.708,43,43,18,Atlanta Hawks,ATL,111,False,0.406,0.225,0.741,45,26,12,252,30
2024,0022400348,2024-12-08,BKN vs. MIL,Milwaukee Bucks,MIL,118,True,0.574,0.484,0.781,31,26,16,Brooklyn Nets,BKN,113,False,0.506,0.457,0.938,30,24,9,231,5
2024,0022400359,2024-12-09,NYK @ TOR,New York Knicks,NYK,113,True,0.512,0.425,0.632,40,32,10,Toronto Raptors,TOR,108,False,0.448,0.371,0.818,51,23,12,221,5
2024,0022401201,2024-12-10,MIL vs. ORL,Orlando Magic,ORL,109,False,0.441,0.222,0.778,46,19,13,Milwaukee Bucks,MIL,114,True,0.545,0.367,0.76,37,27,16,223,5
2024,0022401203,2024-12-10,OKC vs. DAL,Dallas Mavericks,DAL,104,False,0.475,0.417,0.684,44,25,18,Oklahoma City Thunder,OKC,118,True,0.455,0.4,0.857,52,29,13,222,14
2024,0022401202,2024-12-11,NYK vs. ATL,Atlanta Hawks,ATL,108,True,0.413,0.29,0.65,58,27,10,New York Knicks,NYK,100,False,0.43,0.262,0.6,49,27,12,208,8
2024,0022401204,2024-12-11,HOU vs. GSW,Golden State Warriors,GSW,90,False,0.44,0.316,0.444,39,22,15,Houston Rockets,HOU,91,True,0.458,0.222,0.9,36,23,16,181,1
2024,0022401206,2024-12-12,TOR @ MIA,Toronto Raptors,TOR,104,False,0.446,0.344,0.733,42,29,11,Miami Heat,MIA,114,True,0.482,0.406,0.656,52,21,15,218,10
2024,0022401205,2024-12-12,BOS vs. DET,Detroit Pistons,DET,99,False,0.429,0.189,0.8,43,27,8,Boston Celtics,BOS,123,True,0.511,0.417,0.846,51,34,14,222,24
2024,0022401207,2024-12-12,NOP vs. SAC,Sacramento Kings,SAC,111,True,0.402,0.303,0.931,50,24,11,New Orleans Pelicans,NOP,109,False,0.47,0.378,0.85,43,22,17,220,2
2024,0022401214,2024-12-13,PHX @ UTA,Phoenix Suns,PHX,134,True,0.528,0.489,0.9,37,36,7,Utah Jazz,UTA,126,False,0.558,0.564,0.818,34,30,15,260,8
2024,0022401213,2024-12-13,DEN vs. LAC,LA Clippers,LAC,98,False,0.446,0.341,0.556,31,24,19,Denver Nuggets,DEN,120,True,0.545,0.345,0.813,46,23,21,218,22
2024,0022401212,2024-12-13,CHI vs. CHA,Charlotte Hornets,CHA,95,False,0.357,0.174,0.81,54,22,16,Chicago Bulls,CHI,109,True,0.398,0.275,0.84,52,27,16,204,14
2024,0022401208,2024-12-13,WAS @ CLE,Washington Wizards,WAS,105,False,0.477,0.35,0.818,44,24,17,Cleveland Cavaliers,CLE,115,True,0.396,0.3,0.7,50,27,11,220,10
2024,0022401211,2024-12-13,BKN @ MEM,Brooklyn Nets,BKN,119,False,0.457,0.377,0.789,41,30,16,Memphis Grizzlies,MEM,135,True,0.525,0.472,0.667,49,33,13,254,16
2024,0022401210,2024-12-13,MIN vs. LAL,Los Angeles Lakers,LAL,87,False,0.384,0.286,0.647,53,17,21,Minnesota Timberwolves,MIN,97,True,0.402,0.281,0.75,48,18,13,184,10
2024,0022401215,2024-12-13,SAS @ POR,San Antonio Spurs,SAS,118,True,0.518,0.467,0.762,41,32,14,Portland Trail Blazers,POR,116,False,0.512,0.39,0.941,36,25,13,234,2
2024,0022401209,2024-12-13,PHI vs. IND,Indiana Pacers,IND,121,True,0.516,0.368,0.765,41,35,10,Philadelphia 76ers,PHI,107,False,0.435,0.4,0.719,47,18,15,228,14
2024,0022401219,2024-12-15,POR @ PHX,Portland Trail Blazers,POR,109,False,0.447,0.306,0.769,48,30,13,Phoenix Suns,PHX,116,True,0.483,0.385,0.789,46,23,11,225,7
2024,0022401228,2024-12-15,GSW vs. DAL,Dallas Mavericks,DAL,143,True,0.598,0.512,0.72,47,36,15,Golden State Warriors,GSW,133,False,0.476,0.5,0.727,37,39,10,276,10
2024,0022401227,2024-12-15,NYK @ ORL,New York Knicks,NYK,100,True,0.465,0.417,0.8,45,20,17,Orlando Magic,ORL,91,False,0.419,0.3,0.769,39,24,15,191,9
2024,0022401216,2024-12-15,IND vs. NOP,New Orleans Pelicans,NOP,104,False,0.392,0.303,0.783,49,18,18,Indiana Pacers,IND,119,True,0.506,0.421,0.875,43,33,17,223,15
2024,0022401220,2024-12-15,LAL vs. MEM,Memphis Grizzlies,MEM,110,False,0.392,0.321,0.833,50,25,20,Los Angeles Lakers,LAL,116,True,0.476,0.294,0.718,44,23,21,226,6
2024,0022401218,2024-12-15,SAS vs. MIN,Minnesota Timberwolves,MIN,106,True,0.4,0.343,0.875,51,26,12,San Antonio Spurs,SAS,92,False,0.407,0.244,0.778,50,34,18,198,14
2024,0022401217,2024-12-15,BOS @ WAS,Boston Celtics,BOS,112,True,0.43,0.391,0.583,56,26,18,Washington Wizards,WAS,98,False,0.404,0.325,0.625,51,22,16,210,14
2024,0022401223,2024-12-16,TOR vs. CHI,Chicago Bulls,CHI,122,True,0.462,0.35,0.786,41,33,12,Toronto Raptors,TOR,121,False,0.489,0.346,0.733,44,28,18,243,1
2024,0022401226,2024-12-16,UTA @ LAC,Utah Jazz,UTA,107,False,0.45,0.333,0.733,35,22,22,LA Clippers,LAC,144,True,0.598,0.538,0.781,41,28,14,251,37
2024,0022401221,2024-12-16,MIA @ DET,Miami Heat,MIA,124,False,0.455,0.279,0.917,44,30,13,Detroit Pistons,DET,125,True,0.489,0.5,0.739,52,32,21,249,1
2024,0022401224,2024-12-16,BKN vs. CLE,Cleveland Cavaliers,CLE,130,True,0.531,0.404,0.862,42,33,17,Brooklyn Nets,BKN,101,False,0.42,0.412,0.792,35,25,20,231,29
2024,0022401225,2024-12-16,SAC vs. DEN,Denver Nuggets,DEN,130,True,0.5,0.357,0.75,55,38,15,Sacramento Kings,SAC,129,False,0.48,0.343,0.95,42,28,11,259,1
2024,0022401222,2024-12-16,CHA vs. PHI,Philadelphia 76ers,PHI,121,True,0.513,0.421,0.767,42,21,20,Charlotte Hornets,CHA,108,False,0.506,0.316,0.571,38,30,20,229,13
2024,0022400365,2024-12-19,HOU vs. NOP,New Orleans Pelicans,NOP,113,False,0.446,0.464,0.72,37,25,12,Houston Rockets,HOU,133,True,0.575,0.436,0.842,42,34,11,246,20
2024,0022400360,2024-12-19,DET vs. UTA,Utah Jazz,UTA,126,True,0.47,0.5,0.903,62,23,27,Detroit Pistons,DET,119,False,0.438,0.277,0.778,39,26,10,245,7
2024,0022400368,2024-12-19,LAC @ DAL,LA Clippers,LAC,118,True,0.518,0.424,0.941,47,30,13,Dallas Mavericks,DAL,95,False,0.395,0.233,0.714,40,21,13,213,23
2024,0022400370,2024-12-19,ATL @ SAS,Atlanta Hawks,ATL,126,False,0.474,0.421,0.857,53,32,22,San Antonio Spurs,SAS,133,True,0.485,0.452,0.696,42,32,17,259,7
2024,0022400362,2024-12-19,CHA @ WAS,Charlotte Hornets,CHA,114,False,0.406,0.186,0.741,52,30,8,Washington Wizards,WAS,123,True,0.494,0.405,0.774,52,33,18,237,9
2024,0022400363,2024-12-19,CHI @ BOS,Chicago Bulls,CHI,117,True,0.447,0.365,0.875,56,23,10,Boston Celtics,BOS,108,False,0.392,0.25,0.857,45,21,4,225,9
2024,0022400372,2024-12-19,LAL @ SAC,Los Angeles Lakers,LAL,113,True,0.404,0.364,0.833,53,22,10,Sacramento Kings,SAC,100,False,0.451,0.379,0.682,43,27,15,213,13
2024,0022400361,2024-12-19,ORL vs. OKC,Oklahoma City Thunder,OKC,105,True,0.482,0.323,0.938,32,23,13,Orlando Magic,ORL,99,False,0.449,0.314,0.72,40,25,18,204,6
2024,0022400366,2024-12-19,GSW @ MEM,Golden State Warriors,GSW,93,False,0.356,0.333,0.708,36,20,17,Memphis Grizzlies,MEM,144,True,0.541,0.563,0.733,60,38,16,237,51
2024,0022400371,2024-12-19,POR vs. DEN,Denver Nuggets,DEN,124,False,0.54,0.441,0.714,40,35,11,Portland Trail Blazers,POR,126,True,0.464,0.348,0.833,45,29,10,250,2
2024,0022400367,2024-12-19,NYK @ MIN,New York Knicks,NYK,133,True,0.515,0.444,0.813,57,39,15,Minnesota Timberwolves,MIN,107,False,0.461,0.405,0.615,37,29,13,240,26
2024,0022400364,2024-12-19,BKN @ TOR,Brooklyn Nets,BKN,101,True,0.402,0.231,0.839,53,18,15,Toronto Raptors,TOR,94,False,0.395,0.341,0.786,34,26,12,195,7
2024,0022400369,2024-12-19,PHX vs. IND,Indiana Pacers,IND,120,True,0.438,0.39,0.839,47,30,9,Phoenix Suns,PHX,111,False,0.488,0.3,0.786,44,28,16,231,9
2024,0022400373,2024-12-20,PHI vs. CHA,Charlotte Hornets,CHA,98,False,0.462,0.323,0.762,44,22,17,Philadelphia 76ers,PHI,108,True,0.494,0.364,0.778,39,30,14,206,10
2024,0022400375,2024-12-20,MIA vs. OKC,Oklahoma City Thunder,OKC,104,True,0.453,0.412,0.706,48,24,14,Miami Heat,MIA,97,False,0.434,0.3,0.65,41,20,18,201,7
2024,0022400374,2024-12-20,MIL @ CLE,Milwaukee Bucks,MIL,101,False,0.471,0.37,0.611,45,23,20,Cleveland Cavaliers,CLE,124,True,0.505,0.426,0.857,48,30,15,225,23
2024,0022400384,2024-12-21,NYK @ NOP,New York Knicks,NYK,104,True,0.437,0.405,0.867,42,24,16,New Orleans Pelicans,NOP,93,False,0.41,0.353,0.684,45,23,19,197,11
2024,0022400387,2024-12-21,PHX vs. DET,Detroit Pistons,DET,133,True,0.551,0.487,0.727,35,31,13,Phoenix Suns,PHX,125,False,0.577,0.483,0.913,35,30,19,258,8
2024,0022400378,2024-12-21,MEM @ ATL,Memphis Grizzlies,MEM,128,True,0.515,0.439,0.769,40,35,18,Atlanta Hawks,ATL,112,False,0.488,0.368,0.833,41,29,25,240,16
2024,0022400386,2024-12-21,SAS vs. POR,Portland Trail Blazers,POR,94,False,0.396,0.279,0.667,44,21,13,San Antonio Spurs,SAS,114,True,0.473,0.278,0.889,49,33,12,208,20
2024,0022400380,2024-12-21,PHI @ CLE,Philadelphia 76ers,PHI,99,False,0.4,0.324,0.741,41,13,13,Cleveland Cavaliers,CLE,126,True,0.533,0.512,0.533,49,31,13,225,27
2024,0022400376,2024-12-21,SAC vs. LAL,Los Angeles Lakers,LAL,103,True,0.482,0.257,0.667,48,23,13,Sacramento Kings,SAC,99,False,0.433,0.27,0.786,46,25,13,202,4
2024,0022400379,2024-12-21,BKN vs. UTA,Utah Jazz,UTA,105,True,0.477,0.341,0.529,45,25,18,Brooklyn Nets,BKN,94,False,0.404,0.175,0.917,50,24,17,199,11
2024,0022400383,2024-12-21,MIN vs. GSW,Golden State Warriors,GSW,113,True,0.46,0.381,0.739,45,30,10,Minnesota Timberwolves,MIN,103,False,0.419,0.368,0.68,45,27,15,216,10
2024,0022400385,2024-12-21,LAC @ DAL,LA Clippers,LAC,97,False,0.42,0.27,0.864,40,18,17,Dallas Mavericks,DAL,113,True,0.455,0.4,0.864,43,25,11,210,16
2024,0022400377,2024-12-21,ORL vs. MIA,Miami Heat,MIA,114,False,0.48,0.281,0.786,38,16,14,Orlando Magic,ORL,121,True,0.494,0.297,0.889,41,24,13,235,7
2024,0022400381,2024-12-21,BOS @ CHI,Boston Celtics,BOS,123,True,0.48,0.333,0.857,59,27,12,Chicago Bulls,CHI,98,False,0.378,0.341,0.909,43,28,12,221,25
2024,0022400382,2024-12-21,WAS @ MIL,Washington Wizards,WAS,101,False,0.444,0.429,0.688,47,20,19,Milwaukee Bucks,MIL,112,True,0.449,0.417,0.8,44,35,11,213,11
2024,0022400388,2024-12-22,HOU @ TOR,Houston Rockets,HOU,114,True,0.449,0.25,0.818,53,18,21,Toronto Raptors,TOR,110,False,0.457,0.395,0.692,42,33,21,224,4
2024,0022400389,2024-12-22,SAC vs. IND,Indiana Pacers,IND,122,True,0.581,0.436,0.625,50,36,10,Sacramento Kings,SAC,95,False,0.365,0.316,0.765,47,21,10,217,27
2024,0022400390,2024-12-22,NOP vs. DEN,Denver Nuggets,DEN,132,True,0.505,0.303,0.75,54,34,22,New Orleans Pelicans,NOP,129,False,0.463,0.3,0.739,43,37,13,261,3
2024,0022400403,2024-12-23,GSW vs. IND,Indiana Pacers,IND,111,True,0.489,0.314,0.909,43,26,11,Golden State Warriors,GSW,105,False,0.433,0.316,0.714,44,29,11,216,6
2024,0022400404,2024-12-23,DET @ LAL,Detroit Pistons,DET,117,True,0.511,0.367,1.0,37,24,12,Los Angeles Lakers,LAL,114,False,0.541,0.467,0.8,38,28,18,231,3
2024,0022400401,2024-12-23,POR @ DAL,Portland Trail Blazers,POR,108,False,0.462,0.276,0.737,48,23,18,Dallas Mavericks,DAL,132,True,0.533,0.333,0.706,41,27,10,240,24
2024,0022400400,2024-12-23,OKC vs. WAS,Washington Wizards,WAS,105,False,0.396,0.372,0.85,51,25,19,Oklahoma City Thunder,OKC,123,True,0.443,0.263,0.864,59,25,12,228,18
2024,0022400395,2024-12-23,ATL vs. MIN,Minnesota Timberwolves,MIN,104,False,0.429,0.326,0.923,43,31,21,Atlanta Hawks,ATL,117,True,0.534,0.5,0.808,38,27,21,221,13
2024,0022400397,2024-12-23,TOR @ NYK,Toronto Raptors,TOR,125,False,0.545,0.393,0.811,30,28,15,New York Knicks,NYK,139,True,0.593,0.459,0.69,35,34,14,264,14
2024,0022400391,2024-12-23,HOU @ CHA,Houston Rockets,HOU,114,True,0.434,0.31,0.789,60,23,11,Charlotte Hornets,CHA,101,False,0.416,0.278,0.708,44,25,11,215,13
2024,0022400402,2024-12-23,PHX @ DEN,Phoenix Suns,PHX,90,False,0.398,0.394,0.733,39,23,13,Denver Nuggets,DEN,117,True,0.511,0.39,0.818,46,35,12,207,27
2024,0022400399,2024-12-23,LAC @ MEM,LA Clippers,LAC,114,True,0.438,0.333,0.808,53,22,17,Memphis Grizzlies,MEM,110,False,0.384,0.381,0.692,56,26,20,224,4
2024,0022400392,2024-12-23,UTA @ CLE,Utah Jazz,UTA,113,False,0.413,0.432,0.692,51,27,16,Cleveland Cavaliers,CLE,124,True,0.473,0.435,0.783,40,33,9,237,11
2024,0022400396,2024-12-23,MIA vs. BKN,Brooklyn Nets,BKN,95,False,0.393,0.382,0.8,42,23,14,Miami Heat,MIA,110,True,0.493,0.415,0.875,44,27,15,205,15
2024,0022400394,2024-12-23,SAS @ PHI,San Antonio Spurs,SAS,106,False,0.457,0.333,0.944,42,24,18,Philadelphia 76ers,PHI,111,True,0.419,0.364,0.739,47,22,9,217,5
2024,0022400398,2024-12-23,CHI vs. MIL,Milwaukee Bucks,MIL,112,True,0.46,0.419,0.824,49,24,13,Chicago Bulls,CHI,91,False,0.4,0.208,0.75,46,27,15,203,21
2024,0022400393,2024-12-23,ORL vs. BOS,Boston Celtics,BOS,104,False,0.44,0.242,0.815,41,13,18,Orlando Magic,ORL,108,True,0.446,0.394,1.0,42,26,20,212,4
2024,0022400407,2024-12-25,PHI @ BOS,Philadelphia 76ers,PHI,118,True,0.466,0.425,1.0,39,28,6,Boston Celtics,BOS,114,False,0.453,0.408,0.615,51,24,13,232,4
2024,0022400405,2024-12-25,SAS @ NYK,San Antonio Spurs,SAS,114,False,0.506,0.421,0.824,45,33,15,New York Knicks,NYK,117,True,0.45,0.333,0.875,47,26,5,231,3
2024,0022400409,2024-12-25,PHX vs. DEN,Denver Nuggets,DEN,100,False,0.462,0.276,0.714,46,20,16,Phoenix Suns,PHX,110,True,0.466,0.306,0.85,42,31,7,210,10
2024,0022400406,2024-12-25,DAL vs. MIN,Minnesota Timberwolves,MIN,105,True,0.465,0.438,0.846,46,23,10,Dallas Mavericks,DAL,99,False,0.414,0.372,1.0,43,15,12,204,6
2024,0022400408,2024-12-25,LAL @ GSW,Los Angeles Lakers,LAL,115,True,0.451,0.357,1.0,41,30,9,Golden State Warriors,GSW,113,False,0.461,0.4,0.765,44,26,12,228,2
2024,0022400417,2024-12-26,POR vs. UTA,Utah Jazz,UTA,120,False,0.477,0.5,0.68,46,26,13,Portland Trail Blazers,POR,122,True,0.506,0.395,0.773,43,26,11,242,2
2024,0022400410,2024-12-26,IND vs. OKC,Oklahoma City Thunder,OKC,120,True,0.463,0.351,0.792,45,20,3,Indiana Pacers,IND,114,False,0.472,0.389,0.727,51,28,11,234,6
2024,0022400418,2024-12-26,SAC vs. DET,Detroit Pistons,DET,114,True,0.418,0.386,0.84,44,25,10,Sacramento Kings,SAC,113,False,0.476,0.359,0.808,44,20,14,227,1
2024,0022400412,2024-12-26,WAS vs. CHA,Charlotte Hornets,CHA,110,False,0.436,0.405,0.786,50,31,18,Washington Wizards,WAS,113,True,0.429,0.318,0.75,43,25,11,223,3
2024,0022400414,2024-12-26,TOR @ MEM,Toronto Raptors,TOR,126,False,0.454,0.326,0.778,40,39,15,Memphis Grizzlies,MEM,155,True,0.532,0.4,0.724,63,36,17,281,29
2024,0022400415,2024-12-26,MIL vs. BKN,Brooklyn Nets,BKN,111,True,0.476,0.421,0.773,38,25,21,Milwaukee Bucks,MIL,105,False,0.494,0.395,0.667,39,23,22,216,6
2024,0022400411,2024-12-26,ORL vs. MIA,Miami Heat,MIA,89,True,0.408,0.5,0.857,35,21,20,Orlando Magic,ORL,88,False,0.442,0.172,0.833,42,14,21,177,1
2024,0022400416,2024-12-26,HOU @ NOP,Houston Rockets,HOU,128,True,0.474,0.383,0.783,54,19,15,New Orleans Pelicans,NOP,111,False,0.434,0.324,0.722,44,29,13,239,17
2024,0022400413,2024-12-26,ATL vs. CHI,Chicago Bulls,CHI,133,False,0.541,0.512,0.833,36,36,14,Atlanta Hawks,ATL,141,True,0.517,0.378,0.941,44,32,12,274,8
2024,2022400010,2024-12-27,MXC vs. IWA,Iowa Wolves,IWA,94,False,0.442,0.357,0.364,43,19,13,Mexico City Capitanes,MXC,105,True,0.427,0.289,0.818,51,25,13,199,11
2024,2022400012,2024-12-27,MHU @ SDC,Memphis Hustle,MHU,117,False,0.41,0.286,0.722,65,22,27,San Diego Clippers,SDC,124,True,0.484,0.222,0.714,41,25,9,241,7
2024,2022400007,2024-12-27,CPS @ OSC,College Park Skyhawks,CPS,107,False,0.421,0.356,0.857,44,23,11,Osceola Magic,OSC,115,True,0.457,0.409,0.9,50,31,16,222,8
2024,2022400008,2024-12-27,MCC @ WES,Motor City Cruise,MCC,138,True,0.529,0.378,1.0,53,33,19,Westchester Knicks,WES,117,False,0.409,0.362,0.455,52,28,17,255,21
2024,2022400002,2024-12-27,IMA vs. SLC,Salt Lake City Stars,SLC,116,False,0.433,0.372,0.75,44,23,12,Indiana Mad Ants,IMA,127,True,0.511,0.441,0.737,51,32,15,243,11
2024,0022400422,2024-12-27,MIN @ HOU,Minnesota Timberwolves,MIN,113,True,0.506,0.488,0.5,40,25,14,Houston Rockets,HOU,112,False,0.489,0.333,0.632,47,19,13,225,1
2024,0022400425,2024-12-27,PHX vs. DAL,Dallas Mavericks,DAL,98,True,0.438,0.353,0.941,41,24,15,Phoenix Suns,PHX,89,False,0.386,0.371,0.667,42,23,13,187,9
2024,0022400424,2024-12-27,DEN vs. CLE,Cleveland Cavaliers,CLE,149,True,0.563,0.479,0.818,38,40,10,Denver Nuggets,DEN,135,False,0.564,0.484,0.778,38,39,13,284,14
2024,2022400001,2024-12-27,RAP vs. BHM,Birmingham Squadron,BHM,111,True,0.488,0.349,0.538,53,29,23,Raptors 905,RAP,108,False,0.406,0.189,0.647,43,26,12,219,3
2024,0022400420,2024-12-27,IND @ BOS,Indiana Pacers,IND,105,False,0.418,0.282,0.72,39,27,12,Boston Celtics,BOS,142,True,0.511,0.411,0.862,52,31,10,247,37
2024,2022400009,2024-12-27,RGV vs. SCW,Santa Cruz Warriors,SCW,115,True,0.449,0.35,0.615,53,31,17,Rio Grande Valley Vipers,RGV,109,False,0.495,0.355,0.286,51,28,21,224,6
2024,0022400423,2024-12-27,MEM @ NOP,Memphis Grizzlies,MEM,132,True,0.472,0.415,0.886,42,30,16,New Orleans Pelicans,NOP,124,False,0.448,0.289,0.931,45,30,17,256,8
2024,2022400006,2024-12-27,GBO vs. WIS,Wisconsin Herd,WIS,86,False,0.383,0.438,0.545,48,18,22,Greensboro Swarm,GBO,122,True,0.474,0.459,0.75,53,27,9,208,36
2024,2022400005,2024-12-27,GRG vs. MNE,Maine Celtics,MNE,103,False,0.41,0.455,0.667,43,17,19,Grand Rapids Gold,GRG,120,True,0.516,0.471,1.0,41,27,19,223,17
2024,2022400004,2024-12-27,DEL vs. WCB,Windy City Bulls,WCB,97,False,0.444,0.29,0.667,40,23,14,Delaware Blue Coats,DEL,116,True,0.511,0.382,0.7,43,23,14,213,19
2024,0022400426,2024-12-27,GSW @ LAC,Golden State Warriors,GSW,92,False,0.368,0.184,0.75,47,24,14,LA Clippers,LAC,102,True,0.533,0.313,0.8,39,19,21,194,10
2024,0022400421,2024-12-27,SAS @ BKN,San Antonio Spurs,SAS,96,True,0.41,0.429,0.741,43,26,13,Brooklyn Nets,BKN,87,False,0.389,0.293,0.625,45,22,16,183,9
2024,0022400419,2024-12-27,NYK @ ORL,New York Knicks,NYK,108,True,0.533,0.267,0.706,44,18,18,Orlando Magic,ORL,85,False,0.368,0.303,0.917,33,20,17,193,23
2024,2022400003,2024-12-27,SBL @ CLC,South Bay Lakers,SBL,113,False,0.421,0.392,1.0,36,29,14,Cleveland Charge,CLC,125,True,0.588,0.484,0.75,44,33,20,238,12
2024,0022400430,2024-12-28,CHI vs. MIL,Milwaukee Bucks,MIL,111,False,0.402,0.333,1.0,43,27,7,Chicago Bulls,CHI,116,True,0.474,0.389,0.706,52,33,11,227,5
2024,2022400018,2024-12-28,STO vs. AUS,Austin Spurs,AUS,107,False,0.482,0.364,0.625,35,26,13,Stockton Kings,STO,109,True,0.488,0.424,0.727,50,20,23,216,2
2024,2022400019,2024-12-28,OKL @ TEX,Oklahoma City Blue,OKL,100,True,0.407,0.385,0.667,46,27,14,Texas Legends,TEX,84,False,0.326,0.263,0.875,53,15,21,184,16
2024,2022400013,2024-12-28,WCB @ DEL,Windy City Bulls,WCB,115,True,0.543,0.464,0.692,54,31,17,Delaware Blue Coats,DEL,105,False,0.402,0.275,0.733,32,16,3,220,10
2024,0022400431,2024-12-28,PHX @ GSW,Phoenix Suns,PHX,105,False,0.424,0.257,0.818,46,21,13,Golden State Warriors,GSW,109,True,0.418,0.267,0.789,49,26,11,214,4
2024,2022400015,2024-12-28,WIS @ GBO,Wisconsin Herd,WIS,105,False,0.465,0.357,0.857,40,24,14,Greensboro Swarm,GBO,111,True,0.476,0.423,0.875,45,21,14,216,6
2024,0022400432,2024-12-28,DET @ DEN,Detroit Pistons,DET,121,False,0.484,0.308,0.739,41,29,12,Denver Nuggets,DEN,134,True,0.561,0.481,0.806,40,29,13,255,13
2024,2022400017,2024-12-28,SCW @ RGV,Santa Cruz Warriors,SCW,106,True,0.402,0.405,0.727,49,32,17,Rio Grande Valley Vipers,RGV,103,False,0.424,0.265,0.833,51,22,20,209,3
2024,0022400429,2024-12-28,NYK @ WAS,New York Knicks,NYK,136,True,0.526,0.25,0.923,43,26,15,Washington Wizards,WAS,132,False,0.515,0.447,0.867,44,32,15,268,4
2024,0022400428,2024-12-28,CHA vs. OKC,Oklahoma City Thunder,OKC,106,True,0.477,0.263,0.857,49,29,15,Charlotte Hornets,CHA,94,False,0.363,0.324,0.893,44,17,18,200,12
2024,0022400435,2024-12-28,LAL vs. SAC,Sacramento Kings,SAC,122,False,0.51,0.275,0.733,39,38,9,Los Angeles Lakers,LAL,132,True,0.597,0.538,0.788,33,33,11,254,10
2024,2022400014,2024-12-28,SLC @ IMA,Salt Lake City Stars,SLC,103,False,0.402,0.27,0.818,47,23,18,Indiana Mad Ants,IMA,132,True,0.542,0.471,0.778,38,30,12,235,29
2024,0022400427,2024-12-28,MIA @ ATL,Miami Heat,MIA,110,False,0.444,0.317,0.944,42,23,8,Atlanta Hawks,ATL,120,True,0.512,0.405,0.773,47,34,11,230,10
2024,0022400433,2024-12-28,PHI @ UTA,Philadelphia 76ers,PHI,114,True,0.434,0.361,0.784,32,22,8,Utah Jazz,UTA,111,False,0.483,0.333,0.867,48,27,21,225,3
2024,0022400434,2024-12-28,DAL @ POR,Dallas Mavericks,DAL,122,False,0.483,0.395,0.808,40,20,13,Portland Trail Blazers,POR,126,True,0.5,0.423,0.793,50,27,14,248,4
2024,2022400016,2024-12-28,SBL @ CLC,South Bay Lakers,SBL,90,False,0.373,0.343,0.615,50,23,20,Cleveland Charge,CLC,93,True,0.4,0.222,0.8,54,23,21,183,3
2024,2022400022,2024-12-29,CCG vs. GRG,Grand Rapids Gold,GRG,106,True,0.412,0.345,0.833,56,20,11,Capital City Go-Go,CCG,94,False,0.43,0.326,0.5,43,25,17,200,12
2024,0022400441,2024-12-29,SAS @ MIN,San Antonio Spurs,SAS,110,False,0.437,0.282,0.821,41,25,9,Minnesota Timberwolves,MIN,112,True,0.43,0.25,0.789,56,23,10,222,2
2024,0022400436,2024-12-29,BKN @ ORL,Brooklyn Nets,BKN,101,False,0.438,0.433,0.857,38,22,14,Orlando Magic,ORL,102,True,0.446,0.333,0.64,42,30,13,203,1
2024,0022400437,2024-12-29,IND @ BOS,Indiana Pacers,IND,123,True,0.529,0.391,0.815,50,27,9,Boston Celtics,BOS,114,False,0.462,0.296,0.632,41,26,8,237,9
2024,2022400020,2024-12-29,MCC vs. MNE,Maine Celtics,MNE,112,True,0.404,0.372,0.625,47,26,10,Motor City Cruise,MCC,111,False,0.483,0.379,0.769,54,29,18,223,1
2024,0022400439,2024-12-29,MIA @ HOU,Miami Heat,MIA,104,True,0.44,0.303,0.714,52,21,14,Houston Rockets,HOU,100,False,0.392,0.325,0.846,52,24,12,204,4
2024,0022400440,2024-12-29,OKC vs. MEM,Memphis Grizzlies,MEM,106,False,0.381,0.275,0.857,51,30,21,Oklahoma City Thunder,OKC,130,True,0.505,0.318,1.0,45,35,10,236,24
2024,2022400024,2024-12-29,AUS @ STO,Austin Spurs,AUS,118,False,0.416,0.359,0.667,49,25,12,Stockton Kings,STO,126,True,0.48,0.429,0.526,63,20,13,244,8
2024,0022400438,2024-12-29,ATL @ TOR,Atlanta Hawks,ATL,136,True,0.484,0.4,0.743,40,30,14,Toronto Raptors,TOR,107,False,0.447,0.292,0.889,52,26,31,243,29
2024,2022400021,2024-12-29,OSC @ RAP,Osceola Magic,OSC,122,False,0.46,0.244,0.905,40,22,17,Raptors 905,RAP,131,True,0.48,0.529,0.667,50,34,19,253,9
2024,2022400023,2024-12-29,IWA @ MXC,Iowa Wolves,IWA,126,True,0.459,0.371,0.667,49,33,18,Mexico City Capitanes,MXC,122,False,0.488,0.444,0.762,40,29,17,248,4
2024,2022400025,2024-12-29,MHU @ SDC,Memphis Hustle,MHU,111,False,0.416,0.366,0.765,44,19,16,San Diego Clippers,SDC,134,True,0.5,0.267,0.6,53,26,5,245,23
2024,0022400443,2024-12-30,NYK @ WAS,New York Knicks,NYK,126,True,0.459,0.341,0.84,54,34,7,Washington Wizards,WAS,106,False,0.424,0.279,0.727,46,25,13,232,20
2024,2022400030,2024-12-30,SXF @ VAL,Sioux Falls Skyforce,SXF,121,True,0.5,0.406,0.6,62,26,11,Valley Suns,VAL,104,False,0.414,0.311,0.714,37,18,8,225,17
2024,0022400448,2024-12-30,DAL @ SAC,Dallas Mavericks,DAL,100,False,0.421,0.387,0.828,36,17,17,Sacramento Kings,SAC,110,True,0.42,0.313,0.842,58,25,15,210,10
2024,0022400445,2024-12-30,UTA vs. DEN,Denver Nuggets,DEN,132,True,0.505,0.3,0.895,51,38,7,Utah Jazz,UTA,121,False,0.512,0.342,0.909,37,28,16,253,11
2024,2022400026,2024-12-30,CPS vs. WCB,Windy City Bulls,WCB,97,False,0.432,0.161,0.706,42,22,13,College Park Skyhawks,CPS,117,True,0.506,0.415,0.875,42,29,9,214,20
2024,0022400442,2024-12-30,CHI @ CHA,Chicago Bulls,CHI,115,True,0.375,0.3,0.704,63,31,13,Charlotte Hornets,CHA,108,False,0.416,0.233,0.7,56,23,14,223,7
2024,0022400447,2024-12-30,PHI @ POR,Philadelphia 76ers,PHI,125,True,0.573,0.458,0.903,32,20,19,Portland Trail Blazers,POR,103,False,0.481,0.222,0.7,33,23,24,228,22
2024,2022400027,2024-12-30,LIN @ DEL,Long Island Nets,LIN,114,False,0.5,0.391,0.765,41,26,14,Delaware Blue Coats,DEL,122,True,0.484,0.313,0.789,41,23,7,236,8
2024,2022400029,2024-12-30,WES vs. IMA,Indiana Mad Ants,IMA,127,True,0.568,0.424,1.0,38,27,20,Westchester Knicks,WES,124,False,0.472,0.348,0.667,39,28,12,251,3
2024,2022400028,2024-12-30,BHM @ MCC,Birmingham Squadron,BHM,101,False,0.438,0.278,0.727,44,24,14,Motor City Cruise,MCC,122,True,0.51,0.385,0.75,54,31,13,223,21
2024,0022400444,2024-12-30,LAC @ NOP,LA Clippers,LAC,116,True,0.477,0.351,0.778,40,24,16,New Orleans Pelicans,NOP,113,False,0.512,0.486,0.786,35,30,16,229,3
2024,0022400446,2024-12-30,CLE @ GSW,Cleveland Cavaliers,CLE,113,True,0.458,0.383,0.7,54,25,16,Golden State Warriors,GSW,95,False,0.333,0.237,0.769,55,20,14,208,18
2024,0022400452,2024-12-31,OKC vs. MIN,Minnesota Timberwolves,MIN,105,False,0.494,0.395,1.0,43,21,23,Oklahoma City Thunder,OKC,113,True,0.472,0.333,0.739,37,25,9,218,8
2024,0022400451,2024-12-31,LAC @ SAS,LA Clippers,LAC,86,False,0.345,0.268,0.833,41,17,13,San Antonio Spurs,SAS,122,True,0.49,0.225,0.895,58,37,9,208,36
2024,2022400031,2024-12-31,TEX @ MNE,Texas Legends,TEX,95,False,0.475,0.333,0.625,53,18,24,Maine Celtics,MNE,102,True,0.391,0.283,0.611,46,21,13,197,7
2024,0022400450,2024-12-31,MIL @ IND,Milwaukee Bucks,MIL,120,True,0.464,0.364,0.75,51,27,12,Indiana Pacers,IND,112,False,0.444,0.351,0.633,50,26,16,232,8
2024,0022400453,2024-12-31,PHX vs. MEM,Memphis Grizzlies,MEM,117,True,0.426,0.341,0.667,51,27,17,Phoenix Suns,PHX,112,False,0.457,0.3,0.76,43,28,17,229,5
2024,0022400454,2024-12-31,LAL vs. CLE,Cleveland Cavaliers,CLE,122,True,0.484,0.391,0.824,48,32,11,Los Angeles Lakers,LAL,110,False,0.442,0.257,0.895,43,26,8,232,12
2024,2022400032,2024-12-31,GBO vs. CLC,Cleveland Charge,CLC,103,True,0.443,0.25,0.579,41,22,13,Greensboro Swarm,GBO,100,False,0.407,0.275,1.0,46,26,14,203,3
2024,0022400449,2024-12-31,TOR @ BOS,Toronto Raptors,TOR,71,False,0.314,0.25,0.636,44,18,21,Boston Celtics,BOS,125,True,0.54,0.512,0.6,49,29,13,196,54
2024,2022400033,2024-12-31,VAL vs. SXF,Sioux Falls Skyforce,SXF,114,True,0.469,0.4,0.875,54,24,21,Valley Suns,VAL,101,False,0.366,0.34,1.0,40,26,15,215,13
2024,2022400036,2025-01-01,IWA @ AUS,Iowa Wolves,IWA,102,False,0.418,0.31,0.643,48,23,15,Austin Spurs,AUS,121,True,0.516,0.4,0.5,51,33,11,223,19
2024,0022400462,2025-01-01,SAC vs. PHI,Philadelphia 76ers,PHI,107,False,0.476,0.375,0.857,34,24,18,Sacramento Kings,SAC,113,True,0.488,0.29,0.917,45,24,17,220,6
2024,0022400455,2025-01-01,DET vs. ORL,Orlando Magic,ORL,96,False,0.407,0.229,0.7,33,18,12,Detroit Pistons,DET,105,True,0.519,0.414,0.647,49,25,23,201,9
2024,0022400457,2025-01-01,NOP @ MIA,New Orleans Pelicans,NOP,108,False,0.5,0.265,0.864,31,25,10,Miami Heat,MIA,119,True,0.53,0.412,0.81,38,34,10,227,11
2024,0022400461,2025-01-01,DEN vs. ATL,Atlanta Hawks,ATL,120,False,0.45,0.348,0.667,44,34,13,Denver Nuggets,DEN,139,True,0.564,0.4,1.0,43,44,12,259,19
2024,0022400459,2025-01-01,BKN @ TOR,Brooklyn Nets,BKN,113,False,0.483,0.297,0.9,32,28,11,Toronto Raptors,TOR,130,True,0.591,0.5,0.769,39,36,10,243,17
2024,0022400460,2025-01-01,DAL @ HOU,Dallas Mavericks,DAL,99,False,0.533,0.393,0.5,38,19,20,Houston Rockets,HOU,110,True,0.472,0.32,0.783,35,16,12,209,11
2024,2022400037,2025-01-01,SDC @ RCR,San Diego Clippers,SDC,115,False,0.474,0.37,0.571,52,27,22,Rip City Remix,RCR,119,True,0.467,0.324,0.667,44,25,18,234,4
2024,0022400456,2025-01-01,CHI @ WAS,Chicago Bulls,CHI,107,False,0.446,0.298,0.786,44,28,20,Washington Wizards,WAS,125,True,0.495,0.472,0.833,42,36,15,232,18
2024,2022400034,2025-01-01,WES vs. IMA,Indiana Mad Ants,IMA,114,False,0.495,0.375,0.75,53,27,17,Westchester Knicks,WES,117,True,0.439,0.41,0.75,37,24,9,231,3
2024,2022400035,2025-01-01,RGV @ SLC,Rio Grande Valley Vipers,RGV,117,False,0.484,0.268,0.556,50,25,19,Salt Lake City Stars,SLC,121,True,0.506,0.514,0.737,38,26,26,238,4
2024,0022400458,2025-01-01,UTA @ NYK,Utah Jazz,UTA,103,False,0.406,0.302,0.8,45,23,16,New York Knicks,NYK,119,True,0.553,0.391,0.696,47,31,13,222,16
2024,2022400039,2025-01-02,MCC @ CPS,Motor City Cruise,MCC,107,False,0.429,0.366,0.625,34,24,11,College Park Skyhawks,CPS,124,True,0.506,0.333,0.941,52,19,12,231,17
2024,0022400468,2025-01-02,POR @ LAL,Portland Trail Blazers,POR,106,False,0.5,0.346,0.81,42,24,18,Los Angeles Lakers,LAL,114,True,0.457,0.349,0.929,43,30,12,220,8
2024,2022400038,2025-01-02,VAL @ OKL,Valley Suns,VAL,125,True,0.529,0.46,0.714,42,30,16,Oklahoma City Blue,OKL,120,False,0.455,0.36,0.8,41,23,14,245,5
2024,2022400041,2025-01-02,WES vs. DEL,Delaware Blue Coats,DEL,107,True,0.425,0.371,0.824,43,26,12,Westchester Knicks,WES,104,False,0.395,0.378,0.867,51,20,17,211,3
2024,2022400042,2025-01-02,MHU @ STO,Memphis Hustle,MHU,94,False,0.368,0.318,0.625,42,24,11,Stockton Kings,STO,118,True,0.512,0.42,0.7,53,32,16,212,24
2024,0022400463,2025-01-02,IND @ MIA,Indiana Pacers,IND,128,True,0.531,0.425,0.563,39,35,6,Miami Heat,MIA,115,False,0.573,0.423,0.857,39,34,14,243,13
2024,2022400040,2025-01-02,WIS @ MNE,Wisconsin Herd,WIS,117,True,0.472,0.286,0.875,50,27,22,Maine Celtics,MNE,115,False,0.446,0.263,0.727,39,22,14,232,2
2024,0022400467,2025-01-02,GSW vs. PHI,Philadelphia 76ers,PHI,105,False,0.42,0.29,0.824,33,17,11,Golden State Warriors,GSW,139,True,0.609,0.564,0.733,43,41,11,244,34
2024,0022400465,2025-01-02,MIL vs. BKN,Brooklyn Nets,BKN,113,True,0.432,0.308,0.893,51,26,14,Milwaukee Bucks,MIL,110,False,0.444,0.297,0.679,46,21,14,223,3
2024,0022400466,2025-01-02,LAC @ OKC,LA Clippers,LAC,98,False,0.469,0.344,0.647,45,25,19,Oklahoma City Thunder,OKC,116,True,0.5,0.368,0.8,35,29,9,214,18
2024,0022400464,2025-01-02,MIN vs. BOS,Boston Celtics,BOS,118,True,0.5,0.386,0.667,31,30,3,Minnesota Timberwolves,MIN,115,False,0.5,0.538,0.909,41,24,15,233,3
2024,0022400474,2025-01-03,CLE @ DAL,Cleveland Cavaliers,CLE,134,True,0.531,0.375,0.75,46,38,7,Dallas Mavericks,DAL,122,False,0.43,0.273,0.8,53,29,12,256,12
2024,2022400046,2025-01-03,TEX @ WCB,Texas Legends,TEX,98,True,0.393,0.351,0.714,46,24,14,Windy City Bulls,WCB,95,False,0.366,0.269,0.8,55,18,12,193,3
2024,0022400472,2025-01-03,NOP vs. WAS,Washington Wizards,WAS,120,False,0.536,0.321,0.778,48,28,21,New Orleans Pelicans,NOP,132,True,0.5,0.439,0.818,37,36,7,252,12
2024,2022400044,2025-01-03,CLC @ GBO,Cleveland Charge,CLC,109,False,0.488,0.429,0.857,34,28,14,Greensboro Swarm,GBO,119,True,0.558,0.464,0.846,41,27,16,228,10
2024,0022400469,2025-01-03,DET vs. CHA,Charlotte Hornets,CHA,94,False,0.413,0.3,0.633,45,25,17,Detroit Pistons,DET,98,True,0.419,0.324,0.615,51,21,13,192,4
2024,2022400048,2025-01-03,SXF vs. SCW,Santa Cruz Warriors,SCW,110,True,0.4,0.452,0.8,67,29,14,Sioux Falls Skyforce,SXF,96,False,0.356,0.395,0.529,44,22,6,206,14
2024,0022400475,2025-01-03,DEN vs. SAS,San Antonio Spurs,SAS,113,True,0.465,0.361,0.615,56,31,13,Denver Nuggets,DEN,110,False,0.433,0.385,0.688,46,33,8,223,3
2024,2022400045,2025-01-03,MNE vs. WIS,Wisconsin Herd,WIS,90,False,0.349,0.295,0.846,41,18,13,Maine Celtics,MNE,105,True,0.488,0.3,0.667,52,18,12,195,15
2024,0022400471,2025-01-03,BOS @ HOU,Boston Celtics,BOS,109,True,0.506,0.487,0.667,41,20,14,Houston Rockets,HOU,86,False,0.364,0.278,1.0,37,9,11,195,23
2024,0022400470,2025-01-03,ORL @ TOR,Orlando Magic,ORL,106,True,0.468,0.432,0.765,42,32,11,Toronto Raptors,TOR,97,False,0.475,0.345,0.846,37,28,11,203,9
2024,2022400043,2025-01-03,GRG vs. LIN,Long Island Nets,LIN,129,True,0.598,0.4,0.867,37,30,9,Grand Rapids Gold,GRG,108,False,0.459,0.412,0.571,41,24,17,237,21
2024,0022400473,2025-01-03,NYK @ OKC,New York Knicks,NYK,107,False,0.478,0.281,0.706,42,22,12,Oklahoma City Thunder,OKC,117,True,0.512,0.519,0.81,41,27,13,224,10
2024,0022400476,2025-01-03,SAC vs. MEM,Memphis Grizzlies,MEM,133,False,0.483,0.459,0.833,51,31,17,Sacramento Kings,SAC,138,True,0.495,0.447,0.826,37,32,9,271,5
2024,2022400047,2025-01-03,RAP vs. AUS,Austin Spurs,AUS,85,False,0.323,0.229,0.438,47,22,14,Raptors 905,RAP,122,True,0.553,0.563,0.769,51,30,22,207,37
2024,0022400477,2025-01-03,LAL vs. ATL,Atlanta Hawks,ATL,102,False,0.41,0.176,0.778,39,22,8,Los Angeles Lakers,LAL,119,True,0.489,0.433,0.8,56,28,18,221,17
2024,2022400049,2025-01-03,MXC vs. SBL,South Bay Lakers,SBL,96,False,0.405,0.308,0.682,43,28,20,Mexico City Capitanes,MXC,114,True,0.513,0.452,0.727,37,24,16,210,18
2024,2022400050,2025-01-03,SLC vs. RGV,Rio Grande Valley Vipers,RGV,132,True,0.578,0.464,0.75,37,34,15,Salt Lake City Stars,SLC,116,False,0.462,0.371,0.688,45,19,24,248,16
2024,0022400479,2025-01-04,DET vs. MIN,Minnesota Timberwolves,MIN,105,False,0.425,0.4,0.808,33,20,17,Detroit Pistons,DET,119,True,0.484,0.342,0.8,47,26,12,224,14
2024,0022400486,2025-01-04,ATL @ LAC,Atlanta Hawks,ATL,105,False,0.432,0.348,0.765,43,30,22,LA Clippers,LAC,131,True,0.552,0.361,0.706,48,36,17,236,26
2024,2022400059,2025-01-04,SDC @ SXF,San Diego Clippers,SDC,113,True,0.429,0.406,0.857,57,25,14,Sioux Falls Skyforce,SXF,100,False,0.417,0.313,0.625,40,24,14,213,13
2024,2022400052,2025-01-04,DEL vs. MCC,Motor City Cruise,MCC,99,False,0.482,0.333,0.5,45,22,22,Delaware Blue Coats,DEL,114,True,0.494,0.405,0.9,34,21,13,213,15
2024,2022400058,2025-01-04,OKL vs. VAL,Valley Suns,VAL,131,True,0.461,0.423,0.692,49,26,16,Oklahoma City Blue,OKL,110,False,0.432,0.318,0.667,56,22,24,241,21
2024,0022400484,2025-01-04,DEN @ SAS,Denver Nuggets,DEN,122,True,0.435,0.303,0.783,58,32,7,San Antonio Spurs,SAS,111,False,0.394,0.271,0.889,58,28,12,233,11
2024,0022400483,2025-01-04,POR @ MIL,Portland Trail Blazers,POR,105,True,0.482,0.361,0.769,55,21,17,Milwaukee Bucks,MIL,102,False,0.432,0.317,0.778,43,25,11,207,3
2024,0022400481,2025-01-04,UTA @ MIA,Utah Jazz,UTA,136,True,0.52,0.413,0.813,57,31,14,Miami Heat,MIA,100,False,0.438,0.257,0.7,32,25,15,236,36
2024,2022400051,2025-01-04,CCG vs. IMA,Indiana Mad Ants,IMA,114,False,0.436,0.421,0.818,46,26,15,Capital City Go-Go,CCG,123,True,0.5,0.405,0.778,44,28,13,237,9
2024,2022400057,2025-01-04,SCW @ IWA,Santa Cruz Warriors,SCW,136,True,0.617,0.471,0.933,42,34,20,Iowa Wolves,IWA,130,False,0.511,0.417,0.667,27,25,7,266,6
2024,0022400478,2025-01-04,BKN vs. PHI,Philadelphia 76ers,PHI,123,True,0.512,0.375,0.8,50,31,17,Brooklyn Nets,BKN,94,False,0.415,0.341,0.632,39,22,22,217,29
2024,0022400485,2025-01-04,GSW vs. MEM,Memphis Grizzlies,MEM,113,False,0.523,0.333,0.75,43,29,22,Golden State Warriors,GSW,121,True,0.524,0.535,0.625,29,32,18,234,8
2024,0022400480,2025-01-04,IND vs. PHX,Phoenix Suns,PHX,108,False,0.487,0.4,0.952,36,30,11,Indiana Pacers,IND,126,True,0.479,0.375,0.905,47,35,6,234,18
2024,0022400482,2025-01-04,CHI vs. NYK,New York Knicks,NYK,126,False,0.495,0.267,0.786,49,27,13,Chicago Bulls,CHI,139,True,0.543,0.541,0.944,43,36,12,265,13
2024,2022400054,2025-01-04,SBL @ MXC,South Bay Lakers,SBL,106,True,0.467,0.356,0.684,42,25,21,Mexico City Capitanes,MXC,98,False,0.447,0.333,0.824,34,17,20,204,8
2024,2022400056,2025-01-04,RAP vs. AUS,Austin Spurs,AUS,115,True,0.4,0.289,0.643,55,17,11,Raptors 905,RAP,84,False,0.431,0.261,0.6,45,17,26,199,31
2024,2022400053,2025-01-04,WES @ GRG,Westchester Knicks,WES,127,True,0.515,0.341,0.583,54,34,14,Grand Rapids Gold,GRG,113,False,0.489,0.39,0.7,30,30,11,240,14
2024,2022400055,2025-01-04,TEX @ WCB,Texas Legends,TEX,88,False,0.386,0.364,0.667,44,20,10,Windy City Bulls,WCB,89,True,0.457,0.412,0.833,41,20,12,177,1
2024,2022400062,2025-01-05,CPS vs. WIS,Wisconsin Herd,WIS,111,False,0.471,0.455,0.778,46,26,20,College Park Skyhawks,CPS,123,True,0.489,0.359,0.786,41,29,8,234,12
2024,0022400492,2025-01-05,SAC @ GSW,Sacramento Kings,SAC,129,True,0.517,0.442,0.909,43,31,15,Golden State Warriors,GSW,99,False,0.457,0.343,0.722,35,22,22,228,30
2024,0022400489,2025-01-05,NOP @ WAS,New Orleans Pelicans,NOP,110,True,0.411,0.367,0.9,49,26,11,Washington Wizards,WAS,98,False,0.427,0.268,0.786,46,25,15,208,12
2024,2022400061,2025-01-05,CLC @ CCG,Cleveland Charge,CLC,100,False,0.388,0.419,0.727,47,24,15,Capital City Go-Go,CCG,108,True,0.506,0.412,0.579,43,26,14,208,8
2024,0022400491,2025-01-05,HOU vs. LAL,Los Angeles Lakers,LAL,115,False,0.487,0.444,0.821,39,26,10,Houston Rockets,HOU,119,True,0.475,0.35,0.579,49,19,6,234,4
2024,0022400487,2025-01-05,BOS @ OKC,Boston Celtics,BOS,92,False,0.365,0.196,0.875,48,17,16,Oklahoma City Thunder,OKC,105,True,0.448,0.421,0.846,46,22,15,197,13
2024,0022400490,2025-01-05,UTA @ ORL,Utah Jazz,UTA,105,True,0.481,0.344,0.889,50,21,22,Orlando Magic,ORL,92,False,0.357,0.298,0.615,43,25,11,197,13
2024,0022400488,2025-01-05,CLE vs. CHA,Charlotte Hornets,CHA,105,False,0.418,0.357,0.737,48,19,15,Cleveland Cavaliers,CLE,115,True,0.478,0.349,0.75,41,29,12,220,10
2024,2022400063,2025-01-05,RCR vs. STO,Stockton Kings,STO,118,True,0.489,0.273,0.647,44,22,9,Rip City Remix,RCR,111,False,0.446,0.325,0.563,47,19,11,229,7
2024,2022400060,2025-01-05,MNE vs. BHM,Birmingham Squadron,BHM,90,False,0.438,0.241,0.778,42,20,15,Maine Celtics,MNE,103,True,0.434,0.396,1.0,43,22,16,193,13
2024,0022400495,2025-01-06,IND @ BKN,Indiana Pacers,IND,113,True,0.506,0.387,0.913,35,22,10,Brooklyn Nets,BKN,99,False,0.418,0.303,0.636,51,23,14,212,14
2024,0022400494,2025-01-06,PHI vs. PHX,Phoenix Suns,PHX,109,True,0.506,0.452,0.684,44,32,12,Philadelphia 76ers,PHI,99,False,0.391,0.375,0.615,46,20,10,208,10
2024,2022400065,2025-01-06,TEX vs. AUS,Austin Spurs,AUS,103,True,0.44,0.303,0.917,50,22,18,Texas Legends,TEX,79,False,0.372,0.265,0.4,41,11,17,182,24
2024,0022400501,2025-01-06,MIA @ SAC,Miami Heat,MIA,118,False,0.422,0.262,0.778,53,25,13,Sacramento Kings,SAC,123,True,0.417,0.342,0.769,60,30,15,241,5
2024,0022400499,2025-01-06,MEM vs. DAL,Dallas Mavericks,DAL,104,False,0.408,0.361,0.733,50,25,15,Memphis Grizzlies,MEM,119,True,0.455,0.343,0.771,55,24,13,223,15
2024,0022400498,2025-01-06,SAS @ CHI,San Antonio Spurs,SAS,110,False,0.463,0.326,0.583,49,31,17,Chicago Bulls,CHI,114,True,0.431,0.333,0.867,47,25,13,224,4
2024,2022400068,2025-01-06,RCR vs. STO,Stockton Kings,STO,129,True,0.557,0.5,0.615,43,31,14,Rip City Remix,RCR,105,False,0.411,0.214,0.714,47,25,18,234,24
2024,0022400496,2025-01-06,NYK vs. ORL,Orlando Magic,ORL,103,True,0.5,0.355,0.778,39,23,9,New York Knicks,NYK,94,False,0.444,0.182,0.818,38,16,12,197,9
2024,0022400497,2025-01-06,TOR vs. MIL,Milwaukee Bucks,MIL,128,True,0.573,0.5,0.8,46,37,21,Toronto Raptors,TOR,104,False,0.451,0.257,0.619,35,27,15,232,24
2024,2022400066,2025-01-06,LIN vs. SXF,Sioux Falls Skyforce,SXF,98,True,0.488,0.355,0.625,36,24,12,Long Island Nets,LIN,96,False,0.443,0.2,0.727,48,18,17,194,2
2024,0022400500,2025-01-06,MIN vs. LAC,LA Clippers,LAC,106,False,0.416,0.343,0.8,49,23,13,Minnesota Timberwolves,MIN,108,True,0.446,0.41,0.588,55,24,14,214,2
2024,2022400064,2025-01-06,WCB vs. GRG,Grand Rapids Gold,GRG,94,False,0.422,0.3,0.611,31,23,15,Windy City Bulls,WCB,124,True,0.558,0.394,0.769,49,31,16,218,30
2024,0022400493,2025-01-06,DET vs. POR,Portland Trail Blazers,POR,115,False,0.533,0.457,0.6,38,32,16,Detroit Pistons,DET,118,True,0.447,0.349,0.864,45,23,14,233,3
2024,2022400067,2025-01-06,OSC @ WES,Osceola Magic,OSC,145,False,0.529,0.4,1.0,45,31,16,Westchester Knicks,WES,149,True,0.472,0.438,0.762,47,34,13,294,4
2024,0022400505,2025-01-07,MIN @ NOP,Minnesota Timberwolves,MIN,104,True,0.427,0.341,0.684,53,26,16,New Orleans Pelicans,NOP,97,False,0.372,0.293,0.625,46,23,14,201,7
2024,0022400503,2025-01-07,HOU @ WAS,Houston Rockets,HOU,135,True,0.515,0.395,0.87,49,31,10,Washington Wizards,WAS,112,False,0.461,0.375,0.75,43,21,18,247,23
2024,2022400074,2025-01-07,OKL @ RGV,Oklahoma City Blue,OKL,130,True,0.536,0.366,0.625,44,24,15,Rio Grande Valley Vipers,RGV,125,False,0.47,0.36,0.7,49,28,13,255,5
2024,0022400502,2025-01-07,PHX @ CHA,Phoenix Suns,PHX,104,False,0.424,0.242,0.947,42,27,11,Charlotte Hornets,CHA,115,True,0.388,0.277,0.897,59,23,11,219,11
2024,0022400507,2025-01-07,BOS @ DEN,Boston Celtics,BOS,118,True,0.5,0.343,0.9,41,30,11,Denver Nuggets,DEN,106,False,0.46,0.389,0.8,39,22,16,224,12
2024,2022400072,2025-01-07,GBO @ MCC,Greensboro Swarm,GBO,92,True,0.39,0.231,0.867,52,21,19,Motor City Cruise,MCC,75,False,0.329,0.241,0.769,35,13,19,167,17
2024,2022400071,2025-01-07,BHM @ LIN,Birmingham Squadron,BHM,104,False,0.462,0.359,1.0,42,34,18,Long Island Nets,LIN,112,True,0.453,0.333,0.889,43,22,11,216,8
2024,2022400076,2025-01-07,DEL @ SBL,Delaware Blue Coats,DEL,103,True,0.447,0.324,0.579,41,21,17,South Bay Lakers,SBL,99,False,0.443,0.302,0.75,46,29,22,202,4
2024,0022400506,2025-01-07,ATL @ UTA,Atlanta Hawks,ATL,124,True,0.48,0.409,0.8,44,35,10,Utah Jazz,UTA,121,False,0.417,0.396,0.88,47,25,15,245,3
2024,2022400069,2025-01-07,IMA vs. MNE,Maine Celtics,MNE,115,False,0.464,0.326,0.813,39,27,11,Indiana Mad Ants,IMA,118,True,0.575,0.346,0.667,42,29,14,233,3
2024,2022400070,2025-01-07,CCG vs. CLC,Cleveland Charge,CLC,108,False,0.471,0.257,0.667,42,23,21,Capital City Go-Go,CCG,133,True,0.529,0.489,0.867,37,32,19,241,25
2024,0022400508,2025-01-07,GSW vs. MIA,Miami Heat,MIA,114,True,0.473,0.4,0.706,48,32,9,Golden State Warriors,GSW,98,False,0.408,0.28,0.8,52,28,10,212,16
2024,0022400504,2025-01-07,LAL @ DAL,Los Angeles Lakers,LAL,97,False,0.453,0.314,0.75,33,20,10,Dallas Mavericks,DAL,118,True,0.523,0.474,0.714,44,29,10,215,21
2024,2022400075,2025-01-07,SLC @ SDC,Salt Lake City Stars,SLC,91,True,0.347,0.2,0.688,60,23,19,San Diego Clippers,SDC,85,False,0.333,0.313,0.8,48,20,20,176,6
2024,2022400073,2025-01-07,IWA vs. SCW,Santa Cruz Warriors,SCW,112,True,0.573,0.421,0.6,45,32,23,Iowa Wolves,IWA,101,False,0.408,0.382,0.4,40,22,14,213,11
2024,0022400509,2025-01-08,OKC @ CLE,Oklahoma City Thunder,OKC,122,False,0.533,0.355,0.882,38,35,13,Cleveland Cavaliers,CLE,129,True,0.522,0.417,0.741,40,36,15,251,7
2024,0022400511,2025-01-08,TOR @ NYK,Toronto Raptors,TOR,98,False,0.494,0.385,0.8,33,25,16,New York Knicks,NYK,112,True,0.477,0.364,0.8,43,24,12,210,14
2024,0022400515,2025-01-08,LAC @ DEN,LA Clippers,LAC,103,False,0.375,0.289,0.8,40,14,11,Denver Nuggets,DEN,126,True,0.551,0.486,0.647,45,29,11,229,23
2024,0022400510,2025-01-08,CHI @ IND,Chicago Bulls,CHI,113,False,0.512,0.343,0.684,39,23,18,Indiana Pacers,IND,129,True,0.52,0.345,0.625,46,37,8,242,16
2024,2022400077,2025-01-08,IMA vs. OSC,Osceola Magic,OSC,118,True,0.5,0.455,0.813,41,22,10,Indiana Mad Ants,IMA,98,False,0.43,0.263,0.889,37,27,14,216,20
2024,0022400512,2025-01-08,WAS @ PHI,Washington Wizards,WAS,103,False,0.447,0.433,0.667,51,26,17,Philadelphia 76ers,PHI,109,True,0.455,0.341,0.737,36,21,7,212,6
2024,0022400514,2025-01-08,NOP vs. POR,Portland Trail Blazers,POR,119,True,0.545,0.361,0.769,44,24,13,New Orleans Pelicans,NOP,100,False,0.444,0.324,0.727,41,19,17,219,19
2024,2022400079,2025-01-08,STO vs. VAL,Valley Suns,VAL,111,True,0.417,0.267,0.929,60,23,17,Stockton Kings,STO,102,False,0.415,0.237,0.625,49,25,16,213,9
2024,0022400513,2025-01-08,DET @ BKN,Detroit Pistons,DET,113,True,0.523,0.405,0.667,42,30,13,Brooklyn Nets,BKN,98,False,0.384,0.333,0.905,38,24,15,211,15
2024,0022400516,2025-01-08,SAS @ MIL,San Antonio Spurs,SAS,105,False,0.368,0.346,0.85,46,24,9,Milwaukee Bucks,MIL,121,True,0.478,0.452,0.7,57,26,10,226,16
2024,2022400078,2025-01-08,SXF @ WES,Sioux Falls Skyforce,SXF,97,False,0.411,0.189,0.778,33,24,8,Westchester Knicks,WES,118,True,0.441,0.412,0.733,63,27,18,215,21
2024,2022400081,2025-01-09,RGV vs. OKL,Oklahoma City Blue,OKL,118,False,0.505,0.485,0.5,43,29,17,Rio Grande Valley Vipers,RGV,130,True,0.489,0.408,0.813,47,29,14,248,12
2024,2022400080,2025-01-09,LIN vs. CPS,College Park Skyhawks,CPS,95,True,0.354,0.326,0.929,37,17,12,Long Island Nets,LIN,94,False,0.405,0.409,0.667,56,16,15,189,1
2024,2022400083,2025-01-09,IWA @ SLC,Iowa Wolves,IWA,124,False,0.541,0.395,0.833,31,23,20,Salt Lake City Stars,SLC,133,True,0.582,0.424,0.762,37,26,16,257,9
2024,0022400522,2025-01-09,ATL @ PHX,Atlanta Hawks,ATL,115,False,0.488,0.469,0.941,32,32,11,Phoenix Suns,PHX,123,True,0.576,0.394,0.8,42,33,16,238,8
2024,2022400082,2025-01-09,MXC vs. DEL,Delaware Blue Coats,DEL,93,False,0.326,0.2,0.7,54,13,12,Mexico City Capitanes,MXC,105,True,0.477,0.333,0.9,49,25,19,198,12
2024,0022400521,2025-01-09,DAL vs. POR,Portland Trail Blazers,POR,111,False,0.419,0.444,0.85,43,24,12,Dallas Mavericks,DAL,117,True,0.455,0.333,0.9,53,26,14,228,6
2024,0022400519,2025-01-09,ORL vs. MIN,Minnesota Timberwolves,MIN,104,True,0.4,0.353,0.774,50,21,8,Orlando Magic,ORL,89,False,0.379,0.25,0.684,47,21,14,193,15
2024,0022400518,2025-01-09,GSW @ DET,Golden State Warriors,GSW,107,True,0.461,0.326,0.625,49,32,15,Detroit Pistons,DET,104,False,0.453,0.359,0.75,40,25,14,211,3
2024,0022400523,2025-01-09,UTA vs. MIA,Miami Heat,MIA,97,True,0.396,0.28,0.733,49,26,14,Utah Jazz,UTA,92,False,0.398,0.306,0.882,49,20,16,189,5
2024,0022400520,2025-01-09,HOU @ MEM,Houston Rockets,HOU,119,True,0.427,0.382,0.585,44,21,12,Memphis Grizzlies,MEM,115,False,0.5,0.313,0.7,43,20,19,234,4
2024,0022400517,2025-01-09,TOR @ CLE,Toronto Raptors,TOR,126,False,0.596,0.452,0.462,37,34,12,Cleveland Cavaliers,CLE,132,True,0.528,0.4,0.8,42,31,11,258,6
2024,2022400084,2025-01-09,TEX @ SDC,Texas Legends,TEX,99,True,0.429,0.395,1.0,43,24,12,San Diego Clippers,SDC,86,False,0.438,0.297,0.5,42,24,21,185,13
2024,0022400526,2025-01-10,ORL vs. MIL,Milwaukee Bucks,MIL,109,True,0.518,0.36,0.609,43,18,11,Orlando Magic,ORL,106,False,0.43,0.35,0.692,44,20,10,215,3
2024,0022400530,2025-01-10,CHI vs. WAS,Washington Wizards,WAS,105,False,0.398,0.391,0.692,45,26,15,Chicago Bulls,CHI,138,True,0.558,0.469,0.643,55,39,13,243,33
2024,0022400525,2025-01-10,IND vs. GSW,Golden State Warriors,GSW,96,False,0.418,0.263,0.769,42,25,13,Indiana Pacers,IND,108,True,0.524,0.333,0.684,48,27,15,204,12
2024,2022400086,2025-01-10,CLC vs. GRG,Grand Rapids Gold,GRG,124,True,0.505,0.455,0.5,51,33,19,Cleveland Charge,CLC,105,False,0.494,0.188,0.6,37,27,17,229,19
2024,2022400089,2025-01-10,AUS vs. VAL,Valley Suns,VAL,86,False,0.318,0.286,0.714,35,19,17,Austin Spurs,AUS,145,True,0.57,0.415,0.706,66,24,14,231,59
2024,2022400087,2025-01-10,RAP @ MNE,Raptors 905,RAP,121,True,0.461,0.393,0.75,47,29,18,Maine Celtics,MNE,119,False,0.443,0.297,0.704,48,23,18,240,2
2024,2022400085,2025-01-10,OSC @ IMA,Osceola Magic,OSC,108,False,0.488,0.356,0.5,44,26,14,Indiana Mad Ants,IMA,119,True,0.505,0.447,0.625,43,31,8,227,11
2024,2022400090,2025-01-10,CCG @ BHM,Capital City Go-Go,CCG,134,True,0.544,0.432,0.917,49,33,19,Birmingham Squadron,BHM,99,False,0.438,0.296,0.7,36,21,21,233,35
2024,2022400092,2025-01-10,SDC vs. TEX,Texas Legends,TEX,89,False,0.33,0.25,0.75,48,18,13,San Diego Clippers,SDC,105,True,0.46,0.4,0.727,53,24,16,194,16
2024,2022400088,2025-01-10,SXF @ WES,Sioux Falls Skyforce,SXF,152,True,0.586,0.387,0.882,50,32,7,Westchester Knicks,WES,102,False,0.37,0.28,0.611,43,16,18,254,50
2024,0022400528,2025-01-10,BOS vs. SAC,Sacramento Kings,SAC,114,True,0.431,0.383,0.889,56,26,9,Boston Celtics,BOS,97,False,0.405,0.268,0.818,43,22,15,211,17
2024,0022400527,2025-01-10,NOP @ PHI,New Orleans Pelicans,NOP,123,True,0.484,0.45,0.654,44,31,12,Philadelphia 76ers,PHI,115,False,0.462,0.368,0.895,42,23,9,238,8
2024,0022400531,2025-01-10,DEN vs. BKN,Brooklyn Nets,BKN,105,False,0.422,0.311,0.789,39,26,17,Denver Nuggets,DEN,124,True,0.517,0.375,0.758,49,34,14,229,19
2024,0022400529,2025-01-10,NYK vs. OKC,Oklahoma City Thunder,OKC,126,True,0.539,0.519,0.889,46,20,15,New York Knicks,NYK,101,False,0.385,0.129,1.0,43,18,10,227,25
2024,2022400091,2025-01-10,MXC vs. DEL,Delaware Blue Coats,DEL,97,False,0.368,0.184,0.696,46,16,15,Mexico City Capitanes,MXC,123,True,0.544,0.355,0.75,54,28,17,220,26
2024,0022400533,2025-01-11,UTA @ PHX,Utah Jazz,UTA,106,False,0.438,0.214,0.722,50,26,13,Phoenix Suns,PHX,114,True,0.512,0.351,0.684,38,26,11,220,8
2024,2022400095,2025-01-11,RAP @ MNE,Raptors 905,RAP,116,True,0.5,0.486,0.625,47,31,10,Maine Celtics,MNE,99,False,0.447,0.35,0.417,43,22,16,215,17
2024,0022400536,2025-01-11,POR vs. MIA,Miami Heat,MIA,119,True,0.478,0.432,0.75,43,31,10,Portland Trail Blazers,POR,98,False,0.379,0.289,0.684,51,24,16,217,21
2024,0022400535,2025-01-11,MIN vs. MEM,Memphis Grizzlies,MEM,127,True,0.444,0.39,0.789,46,25,13,Minnesota Timberwolves,MIN,125,False,0.566,0.405,0.737,41,37,18,252,2
2024,0022400534,2025-01-11,TOR @ DET,Toronto Raptors,TOR,114,False,0.435,0.421,0.667,45,27,12,Detroit Pistons,DET,123,True,0.524,0.576,0.762,46,35,15,237,9
2024,2022400098,2025-01-11,IWA @ RGV,Iowa Wolves,IWA,113,False,0.482,0.2,0.842,42,18,21,Rio Grande Valley Vipers,RGV,132,True,0.49,0.426,0.615,45,30,16,245,19
2024,2022400094,2025-01-11,GRG @ CLC,Grand Rapids Gold,GRG,103,False,0.448,0.353,0.769,38,23,17,Cleveland Charge,CLC,113,True,0.471,0.368,0.611,55,27,21,216,10
2024,2022400097,2025-01-11,OKL @ AUS,Oklahoma City Blue,OKL,102,True,0.363,0.167,0.95,56,14,16,Austin Spurs,AUS,92,False,0.361,0.229,0.706,46,18,23,194,10
2024,2022400099,2025-01-11,STO vs. SBL,South Bay Lakers,SBL,107,False,0.481,0.389,0.667,42,26,18,Stockton Kings,STO,113,True,0.459,0.425,0.857,40,29,13,220,6
2024,2022400093,2025-01-11,GBO @ WCB,Greensboro Swarm,GBO,99,True,0.427,0.333,0.813,43,18,18,Windy City Bulls,WCB,90,False,0.514,0.32,0.364,31,18,18,189,9
2024,2022400096,2025-01-11,CCG @ BHM,Capital City Go-Go,CCG,108,False,0.446,0.415,0.733,32,24,12,Birmingham Squadron,BHM,113,True,0.5,0.478,0.867,50,21,17,221,5
2024,0022400541,2025-01-12,SAC @ CHI,Sacramento Kings,SAC,124,True,0.495,0.333,0.81,53,33,8,Chicago Bulls,CHI,119,False,0.462,0.486,0.75,45,26,7,243,5
2024,0022400547,2025-01-12,CHA @ PHX,Charlotte Hornets,CHA,113,False,0.446,0.375,0.8,52,30,16,Phoenix Suns,PHX,120,True,0.483,0.415,0.864,39,31,12,233,7
2024,0022400539,2025-01-12,NYK vs. MIL,Milwaukee Bucks,MIL,106,False,0.457,0.294,0.588,39,22,14,New York Knicks,NYK,140,True,0.58,0.439,0.833,49,29,11,246,34
2024,0022400545,2025-01-12,OKC @ WAS,Oklahoma City Thunder,OKC,136,True,0.474,0.371,0.943,56,26,13,Washington Wizards,WAS,95,False,0.337,0.196,0.909,39,20,16,231,41
2024,2022400101,2025-01-12,MCC @ CPS,Motor City Cruise,MCC,105,True,0.494,0.364,0.538,45,27,18,College Park Skyhawks,CPS,98,False,0.367,0.256,0.857,43,22,14,203,7
2024,2022400100,2025-01-12,WIS vs. OSC,Osceola Magic,OSC,118,False,0.506,0.333,0.733,43,26,20,Wisconsin Herd,WIS,139,True,0.505,0.422,0.789,44,37,14,257,21
2024,2022400104,2025-01-12,SCW @ VAL,Santa Cruz Warriors,SCW,113,False,0.419,0.327,0.733,49,28,14,Valley Suns,VAL,130,True,0.511,0.45,0.625,48,28,10,243,17
2024,2022400103,2025-01-12,DEL vs. MHU,Memphis Hustle,MHU,138,True,0.581,0.412,0.833,51,31,19,Delaware Blue Coats,DEL,116,False,0.448,0.269,0.571,36,25,13,254,22
2024,0022400543,2025-01-12,CLE vs. IND,Indiana Pacers,IND,108,True,0.467,0.314,0.611,50,30,10,Cleveland Cavaliers,CLE,93,False,0.398,0.268,0.889,44,24,13,201,15
2024,0022400540,2025-01-12,DEN @ DAL,Denver Nuggets,DEN,112,True,0.489,0.219,0.65,55,23,13,Dallas Mavericks,DAL,101,False,0.412,0.353,0.76,37,27,12,213,11
2024,2022400105,2025-01-12,IMA vs. LIN,Long Island Nets,LIN,108,False,0.462,0.333,0.769,38,28,17,Indiana Mad Ants,IMA,124,True,0.525,0.286,0.941,41,28,14,232,16
2024,0022400542,2025-01-12,BOS vs. NOP,New Orleans Pelicans,NOP,119,False,0.465,0.459,0.846,42,24,9,Boston Celtics,BOS,120,True,0.436,0.295,0.826,55,23,11,239,1
2024,0022400546,2025-01-12,UTA vs. BKN,Brooklyn Nets,BKN,111,False,0.424,0.25,0.657,54,26,8,Utah Jazz,UTA,112,True,0.444,0.386,0.75,41,25,9,223,1
2024,2022400102,2025-01-12,GBO @ WCB,Greensboro Swarm,GBO,87,False,0.363,0.167,0.692,48,14,13,Windy City Bulls,WCB,99,True,0.455,0.333,0.875,49,21,13,186,12
2024,0022400544,2025-01-12,PHI @ ORL,Philadelphia 76ers,PHI,99,False,0.458,0.414,0.955,29,17,16,Orlando Magic,ORL,104,True,0.488,0.233,0.679,41,23,16,203,5
2024,0022400548,2025-01-13,WAS vs. MIN,Minnesota Timberwolves,MIN,120,True,0.494,0.378,0.774,53,20,18,Washington Wizards,WAS,106,False,0.44,0.425,0.6,34,27,11,226,14
2024,0022400552,2025-01-13,LAL vs. SAS,San Antonio Spurs,SAS,126,True,0.533,0.371,0.85,41,30,10,Los Angeles Lakers,LAL,102,False,0.448,0.318,0.625,40,24,19,228,24
2024,2022400109,2025-01-13,VAL vs. SCW,Santa Cruz Warriors,SCW,115,True,0.441,0.395,0.688,52,23,8,Valley Suns,VAL,113,False,0.436,0.256,0.857,47,23,5,228,2
2024,0022400551,2025-01-13,HOU vs. MEM,Memphis Grizzlies,MEM,118,False,0.536,0.438,0.667,31,15,17,Houston Rockets,HOU,120,True,0.506,0.516,0.71,40,28,22,238,2
2024,2022400107,2025-01-13,RCR @ IWA,Rip City Remix,RCR,128,True,0.5,0.343,0.727,42,25,19,Iowa Wolves,IWA,114,False,0.41,0.326,0.733,52,19,24,242,14
2024,0022400553,2025-01-13,LAC vs. MIA,Miami Heat,MIA,98,False,0.388,0.327,0.833,49,22,15,LA Clippers,LAC,109,True,0.484,0.361,0.6,48,28,11,207,11
2024,2022400108,2025-01-13,OKL vs. RAP,Raptors 905,RAP,121,True,0.494,0.455,0.706,43,29,15,Oklahoma City Blue,OKL,117,False,0.471,0.409,0.647,43,33,17,238,4
2024,0022400549,2025-01-13,NYK vs. DET,Detroit Pistons,DET,124,True,0.5,0.441,0.944,39,20,11,New York Knicks,NYK,119,False,0.5,0.405,0.828,42,26,17,243,5
2024,0022400550,2025-01-13,TOR vs. GSW,Golden State Warriors,GSW,101,False,0.398,0.348,0.682,46,23,14,Toronto Raptors,TOR,104,True,0.477,0.414,0.667,44,28,14,205,3
2024,2022400106,2025-01-13,CCG vs. MNE,Maine Celtics,MNE,122,True,0.474,0.395,0.65,42,29,10,Capital City Go-Go,CCG,118,False,0.512,0.333,0.813,44,29,18,240,4
2024,2022400115,2025-01-14,SLC vs. STO,Stockton Kings,STO,117,False,0.452,0.409,0.875,45,24,13,Salt Lake City Stars,SLC,121,True,0.443,0.303,0.75,47,26,8,238,4
2024,0022400558,2025-01-14,SAC @ MIL,Sacramento Kings,SAC,115,False,0.442,0.405,0.778,45,25,9,Milwaukee Bucks,MIL,130,True,0.495,0.378,0.833,52,32,7,245,15
2024,0022400554,2025-01-14,IND vs. CLE,Cleveland Cavaliers,CLE,127,True,0.483,0.341,0.839,49,25,14,Indiana Pacers,IND,117,False,0.484,0.429,0.773,37,30,11,244,10
2024,0022400555,2025-01-14,PHI vs. OKC,Oklahoma City Thunder,OKC,118,True,0.556,0.333,0.889,38,32,17,Philadelphia 76ers,PHI,102,False,0.44,0.295,0.75,35,23,21,220,16
2024,2022400112,2025-01-14,LIN @ GRG,Long Island Nets,LIN,108,True,0.526,0.364,0.632,44,28,14,Grand Rapids Gold,GRG,94,False,0.396,0.361,0.625,49,24,16,202,14
2024,2022400111,2025-01-14,CLC vs. CPS,College Park Skyhawks,CPS,112,True,0.424,0.388,0.667,49,30,15,Cleveland Charge,CLC,108,False,0.38,0.321,0.643,59,27,18,220,4
2024,0022400559,2025-01-14,DAL vs. DEN,Denver Nuggets,DEN,118,True,0.518,0.448,0.864,51,28,18,Dallas Mavericks,DAL,99,False,0.422,0.281,0.636,30,27,12,217,19
2024,0022400557,2025-01-14,CHI vs. NOP,New Orleans Pelicans,NOP,119,True,0.438,0.28,0.808,46,32,10,Chicago Bulls,CHI,113,False,0.441,0.326,0.75,57,31,15,232,6
2024,0022400556,2025-01-14,PHX @ ATL,Phoenix Suns,PHX,117,False,0.512,0.371,0.667,37,28,13,Atlanta Hawks,ATL,122,True,0.439,0.415,0.731,54,22,12,239,5
2024,2022400114,2025-01-14,OKL vs. SDC,San Diego Clippers,SDC,116,True,0.466,0.389,0.846,35,24,17,Oklahoma City Blue,OKL,113,False,0.513,0.4,0.867,40,22,23,229,3
2024,2022400113,2025-01-14,WIS @ WES,Wisconsin Herd,WIS,117,False,0.506,0.486,0.692,31,24,15,Westchester Knicks,WES,124,True,0.406,0.343,0.905,54,22,12,241,7
2024,2022400110,2025-01-14,SBL @ IMA,South Bay Lakers,SBL,102,False,0.5,0.387,1.0,36,27,19,Indiana Mad Ants,IMA,111,True,0.478,0.429,0.7,40,26,15,213,9
2024,0022400560,2025-01-14,POR vs. BKN,Brooklyn Nets,BKN,132,True,0.544,0.463,0.833,44,36,11,Portland Trail Blazers,POR,114,False,0.453,0.447,0.792,38,20,17,246,18
2024,0022400566,2025-01-15,DAL @ NOP,Dallas Mavericks,DAL,116,False,0.478,0.343,0.72,45,27,15,New Orleans Pelicans,NOP,119,True,0.443,0.333,0.833,49,24,10,235,3
2024,0022400568,2025-01-15,HOU @ DEN,Houston Rockets,HOU,128,True,0.521,0.447,0.765,40,28,8,Denver Nuggets,DEN,108,False,0.533,0.483,0.667,36,22,18,236,20
2024,0022400565,2025-01-15,GSW @ MIN,Golden State Warriors,GSW,116,True,0.488,0.5,0.857,45,26,12,Minnesota Timberwolves,MIN,115,False,0.442,0.459,0.759,41,21,9,231,1
2024,2022400116,2025-01-15,MCC vs. VAL,Valley Suns,VAL,137,True,0.5,0.431,0.75,34,33,12,Motor City Cruise,MCC,124,False,0.511,0.273,0.923,57,25,24,261,13
2024,2022400120,2025-01-15,WCB vs. BHM,Birmingham Squadron,BHM,109,False,0.427,0.457,0.6,42,22,13,Windy City Bulls,WCB,129,True,0.6,0.438,0.667,46,37,16,238,20
2024,0022400562,2025-01-15,TOR vs. BOS,Boston Celtics,BOS,97,False,0.396,0.348,0.5,45,24,9,Toronto Raptors,TOR,110,True,0.506,0.324,0.6,56,35,10,207,13
2024,2022400118,2025-01-15,GBO @ IWA,Greensboro Swarm,GBO,95,False,0.422,0.219,0.833,43,19,16,Iowa Wolves,IWA,100,True,0.488,0.269,0.733,41,18,17,195,5
2024,0022400570,2025-01-15,MIA @ LAL,Miami Heat,MIA,108,False,0.534,0.444,0.933,37,25,19,Los Angeles Lakers,LAL,117,True,0.522,0.382,0.714,34,33,6,225,9
2024,0022400561,2025-01-15,NYK @ PHI,New York Knicks,NYK,125,True,0.535,0.432,0.708,45,28,13,Philadelphia 76ers,PHI,119,False,0.5,0.371,1.0,35,27,12,244,6
2024,0022400567,2025-01-15,MEM @ SAS,Memphis Grizzlies,MEM,129,True,0.495,0.421,0.647,52,28,8,San Antonio Spurs,SAS,115,False,0.449,0.372,0.704,44,22,11,244,14
2024,2022400119,2025-01-15,MHU vs. RCR,Rip City Remix,RCR,132,True,0.49,0.346,0.813,54,30,18,Memphis Hustle,MHU,128,False,0.387,0.415,0.813,53,28,13,260,4
2024,0022400569,2025-01-15,CHA @ UTA,Charlotte Hornets,CHA,117,True,0.529,0.308,0.714,45,27,18,Utah Jazz,UTA,112,False,0.462,0.372,0.588,36,30,10,229,5
2024,0022400564,2025-01-15,MIL vs. ORL,Orlando Magic,ORL,93,False,0.347,0.261,0.714,32,24,13,Milwaukee Bucks,MIL,122,True,0.625,0.583,0.714,49,24,21,215,29
2024,0022400563,2025-01-15,ATL @ CHI,Atlanta Hawks,ATL,110,True,0.41,0.302,0.682,51,28,9,Chicago Bulls,CHI,94,False,0.443,0.222,1.0,53,23,20,204,16
2024,2022400117,2025-01-15,WIS @ WES,Wisconsin Herd,WIS,110,False,0.453,0.311,0.556,43,28,13,Westchester Knicks,WES,114,True,0.433,0.277,0.625,56,26,17,224,4
2024,0022400571,2025-01-15,BKN @ LAC,Brooklyn Nets,BKN,67,False,0.301,0.179,0.545,39,15,20,LA Clippers,LAC,126,True,0.544,0.375,0.933,46,26,14,193,59
2024,0022400572,2025-01-16,IND @ DET,Indiana Pacers,IND,111,True,0.461,0.433,0.727,40,28,9,Detroit Pistons,DET,100,False,0.396,0.25,0.864,55,22,19,211,11
2024,2022400121,2025-01-16,SDC @ CCG,San Diego Clippers,SDC,109,False,0.412,0.333,0.733,43,19,10,Capital City Go-Go,CCG,110,True,0.514,0.343,0.867,43,25,24,219,1
2024,0022400574,2025-01-16,CLE @ OKC,Cleveland Cavaliers,CLE,114,False,0.467,0.31,0.81,49,32,21,Oklahoma City Thunder,OKC,134,True,0.505,0.34,0.909,39,25,6,248,20
2024,0022400576,2025-01-16,HOU @ SAC,Houston Rockets,HOU,127,False,0.527,0.364,0.708,46,24,14,Sacramento Kings,SAC,132,True,0.5,0.424,0.909,44,32,12,259,5
2024,2022400124,2025-01-16,RCR @ MHU,Rip City Remix,RCR,121,False,0.458,0.302,0.733,43,31,16,Memphis Hustle,MHU,135,True,0.46,0.362,0.696,57,29,13,256,14
2024,2022400123,2025-01-16,MNE vs. CPS,College Park Skyhawks,CPS,122,False,0.5,0.333,0.778,49,21,14,Maine Celtics,MNE,123,True,0.489,0.463,0.5,41,26,12,245,1
2024,2022400122,2025-01-16,RAP @ GRG,Raptors 905,RAP,109,False,0.398,0.313,0.722,52,23,9,Grand Rapids Gold,GRG,127,True,0.467,0.326,0.769,59,29,10,236,18
2024,0022400573,2025-01-16,WAS vs. PHX,Phoenix Suns,PHX,130,True,0.518,0.485,0.839,47,33,16,Washington Wizards,WAS,123,False,0.5,0.317,0.667,45,28,13,253,7
2024,2022400125,2025-01-16,STO @ SLC,Stockton Kings,STO,120,True,0.456,0.431,0.846,46,32,15,Salt Lake City Stars,SLC,111,False,0.494,0.415,0.625,34,31,14,231,9
2024,0022400575,2025-01-16,LAC @ POR,LA Clippers,LAC,118,True,0.564,0.435,0.741,50,23,15,Portland Trail Blazers,POR,89,False,0.374,0.265,0.923,37,24,16,207,29
2024,2022400126,2025-01-17,WIS @ IMA,Wisconsin Herd,WIS,119,True,0.494,0.533,0.8,35,24,10,Indiana Mad Ants,IMA,107,False,0.442,0.265,0.786,50,25,16,226,12
2024,0022400581,2025-01-17,NOP vs. UTA,Utah Jazz,UTA,123,False,0.5,0.342,0.8,40,30,15,New Orleans Pelicans,NOP,136,True,0.47,0.44,0.645,56,34,13,259,13
2024,0022400583,2025-01-17,OKC @ DAL,Oklahoma City Thunder,OKC,98,False,0.385,0.435,0.667,46,24,15,Dallas Mavericks,DAL,106,True,0.493,0.39,0.727,43,25,17,204,8
2024,2022400128,2025-01-17,MCC vs. VAL,Valley Suns,VAL,115,False,0.429,0.357,1.0,40,26,14,Motor City Cruise,MCC,117,True,0.511,0.323,0.571,51,24,17,232,2
2024,0022400579,2025-01-17,DEN @ MIA,Denver Nuggets,DEN,133,True,0.543,0.485,0.895,41,35,5,Miami Heat,MIA,113,False,0.495,0.273,1.0,41,30,8,246,20
2024,2022400131,2025-01-17,OKL @ TEX,Oklahoma City Blue,OKL,86,False,0.367,0.262,0.5,46,21,12,Texas Legends,TEX,94,True,0.436,0.382,0.625,50,19,15,180,8
2024,2022400132,2025-01-17,SCW vs. MXC,Mexico City Capitanes,MXC,121,True,0.488,0.415,0.727,38,24,10,Santa Cruz Warriors,SCW,113,False,0.452,0.277,0.8,48,33,18,234,8
2024,0022400577,2025-01-17,ORL @ BOS,Orlando Magic,ORL,94,False,0.415,0.156,0.677,37,15,8,Boston Celtics,BOS,121,True,0.525,0.459,0.909,41,25,10,215,27
2024,0022400580,2025-01-17,TOR @ MIL,Toronto Raptors,TOR,112,False,0.473,0.235,0.75,43,31,12,Milwaukee Bucks,MIL,130,True,0.519,0.419,0.805,44,25,13,242,18
2024,0022400584,2025-01-17,CHI vs. CHA,Charlotte Hornets,CHA,125,True,0.5,0.382,0.8,44,26,12,Chicago Bulls,CHI,123,False,0.505,0.35,0.929,45,34,13,248,2
2024,2022400129,2025-01-17,RGV @ AUS,Rio Grande Valley Vipers,RGV,110,False,0.459,0.375,0.632,37,19,21,Austin Spurs,AUS,133,True,0.578,0.472,0.824,42,32,22,243,23
2024,0022400582,2025-01-17,SAS vs. MEM,Memphis Grizzlies,MEM,140,True,0.567,0.432,0.733,41,39,7,San Antonio Spurs,SAS,112,False,0.476,0.361,0.826,40,29,17,252,28
2024,2022400130,2025-01-17,OSC @ SXF,Osceola Magic,OSC,123,True,0.548,0.441,0.692,52,32,16,Sioux Falls Skyforce,SXF,105,False,0.442,0.188,0.609,37,21,10,228,18
2024,0022400585,2025-01-17,BKN @ LAL,Brooklyn Nets,BKN,101,False,0.451,0.447,0.769,45,28,17,Los Angeles Lakers,LAL,102,True,0.463,0.353,0.778,34,24,10,203,1
2024,0022400578,2025-01-17,MIN @ NYK,Minnesota Timberwolves,MIN,116,True,0.532,0.55,0.714,46,23,15,New York Knicks,NYK,99,False,0.389,0.412,0.882,41,19,9,215,17
2024,2022400127,2025-01-17,DEL @ CCG,Delaware Blue Coats,DEL,110,False,0.459,0.241,0.727,38,25,12,Capital City Go-Go,CCG,125,True,0.552,0.444,0.833,43,31,13,235,15
2024,2022400134,2025-01-18,GRG @ GBO,Grand Rapids Gold,GRG,124,True,0.468,0.441,0.941,48,21,17,Greensboro Swarm,GBO,116,False,0.48,0.286,0.733,44,19,10,240,8
2024,2022400137,2025-01-18,TEX vs. MHU,Memphis Hustle,MHU,129,True,0.51,0.366,0.6,47,28,11,Texas Legends,TEX,123,False,0.552,0.366,0.5,42,33,19,252,6
2024,0022400589,2025-01-18,WAS @ GSW,Washington Wizards,WAS,114,False,0.442,0.489,0.696,44,24,13,Golden State Warriors,GSW,122,True,0.469,0.341,0.75,55,24,9,236,8
2024,2022400135,2025-01-18,WES @ WCB,Westchester Knicks,WES,143,True,0.563,0.436,0.667,56,35,12,Windy City Bulls,WCB,110,False,0.443,0.344,0.889,36,26,12,253,33
2024,0022400588,2025-01-18,IND vs. PHI,Philadelphia 76ers,PHI,102,False,0.427,0.294,0.727,32,21,9,Indiana Pacers,IND,115,True,0.53,0.324,0.696,50,30,17,217,13
2024,2022400133,2025-01-18,MNE vs. CPS,College Park Skyhawks,CPS,112,True,0.439,0.35,0.6,54,28,14,Maine Celtics,MNE,109,False,0.483,0.391,0.444,47,28,15,221,3
2024,0022400590,2025-01-18,CLE @ MIN,Cleveland Cavaliers,CLE,124,True,0.457,0.354,0.92,47,27,7,Minnesota Timberwolves,MIN,117,False,0.478,0.395,0.842,42,27,7,241,7
2024,2022400136,2025-01-18,OSC @ SXF,Osceola Magic,OSC,102,False,0.442,0.321,0.813,47,18,21,Sioux Falls Skyforce,SXF,113,True,0.43,0.395,0.846,45,24,13,215,11
2024,0022400591,2025-01-18,HOU @ POR,Houston Rockets,HOU,125,True,0.444,0.452,0.682,61,25,12,Portland Trail Blazers,POR,103,False,0.453,0.333,0.722,40,28,19,228,22
2024,0022400586,2025-01-18,PHX @ DET,Phoenix Suns,PHX,125,True,0.5,0.28,0.8,50,25,9,Detroit Pistons,DET,121,False,0.468,0.273,0.667,43,22,9,246,4
2024,0022400587,2025-01-18,BOS vs. ATL,Atlanta Hawks,ATL,119,True,0.473,0.243,0.786,55,27,17,Boston Celtics,BOS,115,False,0.385,0.288,0.87,53,23,14,234,4
2024,2022400142,2025-01-19,MXC vs. OKL,Oklahoma City Blue,OKL,90,False,0.36,0.244,0.9,51,18,15,Mexico City Capitanes,MXC,92,True,0.356,0.325,0.846,49,17,12,182,2
2024,0022400596,2025-01-19,LAC vs. LAL,Los Angeles Lakers,LAL,102,False,0.5,0.333,0.895,33,26,15,LA Clippers,LAC,116,True,0.528,0.367,0.786,38,27,12,218,14
2024,0022400593,2025-01-19,DEN @ ORL,Denver Nuggets,DEN,113,True,0.519,0.28,0.839,57,24,20,Orlando Magic,ORL,100,False,0.373,0.293,0.75,39,30,7,213,13
2024,0022400598,2025-01-19,SAC vs. WAS,Washington Wizards,WAS,100,False,0.36,0.238,0.813,46,19,16,Sacramento Kings,SAC,123,True,0.484,0.308,0.792,51,28,11,223,23
2024,2022400139,2025-01-19,MCC @ CLC,Motor City Cruise,MCC,96,False,0.417,0.278,0.889,49,17,20,Cleveland Charge,CLC,100,True,0.434,0.324,0.714,37,25,12,196,4
2024,0022400592,2025-01-19,MIA vs. SAS,San Antonio Spurs,SAS,107,False,0.451,0.375,0.625,44,28,14,Miami Heat,MIA,128,True,0.526,0.545,1.0,49,35,11,235,21
2024,2022400141,2025-01-19,BHM vs. WIS,Wisconsin Herd,WIS,118,True,0.456,0.433,0.864,52,25,13,Birmingham Squadron,BHM,98,False,0.37,0.333,0.75,46,21,11,216,20
2024,0022400595,2025-01-19,OKC vs. BKN,Brooklyn Nets,BKN,101,False,0.425,0.279,0.789,41,25,13,Oklahoma City Thunder,OKC,127,True,0.552,0.442,0.923,43,37,11,228,26
2024,0022400597,2025-01-19,POR vs. CHI,Chicago Bulls,CHI,102,False,0.444,0.276,0.846,36,21,14,Portland Trail Blazers,POR,113,True,0.472,0.29,0.8,50,21,17,215,11
2024,0022400594,2025-01-19,MIL vs. PHI,Philadelphia 76ers,PHI,109,False,0.453,0.356,0.682,38,26,7,Milwaukee Bucks,MIL,123,True,0.494,0.378,0.767,48,31,6,232,14
2024,2022400140,2025-01-19,RAP vs. VAL,Valley Suns,VAL,112,False,0.467,0.476,0.375,42,29,17,Raptors 905,RAP,120,True,0.568,0.5,0.643,45,25,19,232,8
2024,2022400138,2025-01-19,MNE vs. LIN,Long Island Nets,LIN,109,True,0.489,0.367,0.615,44,29,14,Maine Celtics,MNE,91,False,0.414,0.268,0.625,47,23,20,200,18
2024,2022400145,2025-01-20,MHU @ TEX,Memphis Hustle,MHU,104,False,0.393,0.244,0.818,44,22,11,Texas Legends,TEX,113,True,0.482,0.438,0.611,52,26,14,217,9
2024,0022400603,2025-01-20,CLE vs. PHX,Phoenix Suns,PHX,92,False,0.468,0.385,0.769,34,22,17,Cleveland Cavaliers,CLE,118,True,0.432,0.413,0.739,50,27,8,210,26
2024,0022400604,2025-01-20,BOS @ GSW,Boston Celtics,BOS,125,True,0.533,0.417,0.875,50,33,9,Golden State Warriors,GSW,85,False,0.348,0.264,0.636,38,28,12,210,40
2024,2022400147,2025-01-20,RCR vs. SLC,Salt Lake City Stars,SLC,130,True,0.489,0.451,0.818,43,31,13,Rip City Remix,RCR,107,False,0.429,0.302,0.818,48,26,21,237,23
2024,2022400148,2025-01-20,RGV @ AUS,Rio Grande Valley Vipers,RGV,81,False,0.33,0.103,0.667,46,17,19,Austin Spurs,AUS,136,True,0.469,0.429,0.8,60,34,7,217,55
2024,0022400611,2025-01-20,LAC vs. CHI,Chicago Bulls,CHI,112,True,0.404,0.326,0.808,54,25,10,LA Clippers,LAC,99,False,0.394,0.214,0.941,40,24,9,211,13
2024,0022400602,2025-01-20,ATL @ NYK,Atlanta Hawks,ATL,110,False,0.471,0.433,0.773,41,23,23,New York Knicks,NYK,119,True,0.522,0.346,0.762,39,31,15,229,9
2024,0022400600,2025-01-20,DET @ HOU,Detroit Pistons,DET,107,True,0.477,0.37,0.867,52,21,22,Houston Rockets,HOU,96,False,0.394,0.282,0.688,39,19,16,203,11
2024,0022400605,2025-01-20,UTA @ NOP,Utah Jazz,UTA,119,False,0.396,0.239,0.8,63,25,13,New Orleans Pelicans,NOP,123,True,0.446,0.366,0.897,45,28,13,242,4
2024,2022400146,2025-01-20,SCW vs. STO,Stockton Kings,STO,125,True,0.516,0.344,0.882,40,24,11,Santa Cruz Warriors,SCW,121,False,0.465,0.316,0.833,49,26,12,246,4
2024,2022400143,2025-01-20,WCB vs. WES,Westchester Knicks,WES,110,True,0.436,0.404,0.333,42,29,11,Windy City Bulls,WCB,105,False,0.438,0.25,0.765,52,15,20,215,5
2024,0022400599,2025-01-20,CHA vs. DAL,Dallas Mavericks,DAL,105,False,0.432,0.188,0.885,51,19,14,Charlotte Hornets,CHA,110,True,0.408,0.436,0.722,49,28,13,215,5
2024,2022400144,2025-01-20,GBO vs. GRG,Grand Rapids Gold,GRG,111,False,0.5,0.432,0.8,33,19,18,Greensboro Swarm,GBO,112,True,0.483,0.282,0.769,38,20,12,223,1
2024,0022400601,2025-01-20,MIN @ MEM,Minnesota Timberwolves,MIN,106,False,0.387,0.326,0.741,52,25,16,Memphis Grizzlies,MEM,108,True,0.43,0.212,0.794,47,19,13,214,2
2024,0022400606,2025-01-21,NYK @ BKN,New York Knicks,NYK,99,True,0.46,0.286,0.786,42,29,10,Brooklyn Nets,BKN,95,False,0.372,0.3,0.76,47,21,16,194,4
2024,0022400610,2025-01-21,LAL vs. WAS,Washington Wizards,WAS,88,False,0.358,0.256,0.692,46,25,11,Los Angeles Lakers,LAL,111,True,0.478,0.324,0.778,50,30,10,199,23
2024,0022400608,2025-01-21,TOR vs. ORL,Orlando Magic,ORL,93,False,0.412,0.29,0.737,48,16,14,Toronto Raptors,TOR,109,True,0.534,0.542,0.643,42,29,12,202,16
2024,2022400149,2025-01-21,MCC @ CLC,Motor City Cruise,MCC,102,True,0.43,0.351,0.688,44,27,18,Cleveland Charge,CLC,92,False,0.417,0.31,0.765,39,19,23,194,10
2024,0022400609,2025-01-21,DEN vs. PHI,Philadelphia 76ers,PHI,109,False,0.458,0.395,0.75,25,34,10,Denver Nuggets,DEN,144,True,0.612,0.516,0.96,51,39,13,253,35
2024,2022400152,2025-01-21,IMA @ VAL,Indiana Mad Ants,IMA,114,False,0.482,0.393,0.75,42,21,14,Valley Suns,VAL,117,True,0.55,0.605,0.455,40,26,20,231,3
2024,2022400151,2025-01-21,OKL @ MXC,Oklahoma City Blue,OKL,112,True,0.43,0.268,0.762,58,15,15,Mexico City Capitanes,MXC,107,False,0.43,0.277,0.533,41,24,9,219,5
2024,2022400150,2025-01-21,BHM vs. WIS,Wisconsin Herd,WIS,112,True,0.46,0.382,0.765,44,26,12,Birmingham Squadron,BHM,104,False,0.422,0.313,0.813,50,20,18,216,8
2024,0022400607,2025-01-21,MIA vs. POR,Portland Trail Blazers,POR,116,True,0.494,0.349,0.652,47,25,6,Miami Heat,MIA,107,False,0.441,0.333,0.917,45,26,8,223,9
2024,2022400154,2025-01-22,CPS vs. GRG,Grand Rapids Gold,GRG,113,True,0.466,0.421,0.714,45,17,15,College Park Skyhawks,CPS,106,False,0.476,0.37,0.636,41,24,20,219,7
2024,0022400614,2025-01-22,MIN @ DAL,Minnesota Timberwolves,MIN,115,True,0.457,0.379,0.882,39,26,11,Dallas Mavericks,DAL,114,False,0.5,0.276,0.842,38,24,13,229,1
2024,0022400615,2025-01-22,CLE @ HOU,Cleveland Cavaliers,CLE,108,False,0.423,0.317,0.684,45,25,13,Houston Rockets,HOU,109,True,0.44,0.441,0.7,53,25,22,217,1
2024,2022400155,2025-01-22,LIN vs. WCB,Windy City Bulls,WCB,92,False,0.452,0.313,0.6,46,22,20,Long Island Nets,LIN,110,True,0.494,0.35,0.667,39,19,18,202,18
2024,0022400619,2025-01-22,SAC vs. GSW,Golden State Warriors,GSW,117,False,0.467,0.458,0.692,44,31,19,Sacramento Kings,SAC,123,True,0.506,0.367,0.938,38,24,8,240,6
2024,0022400618,2025-01-22,UTA @ OKC,Utah Jazz,UTA,114,False,0.467,0.378,0.667,52,25,27,Oklahoma City Thunder,OKC,123,True,0.463,0.308,0.92,39,20,10,237,9
2024,2022400156,2025-01-22,CCG @ OSC,Capital City Go-Go,CCG,106,True,0.374,0.286,0.867,63,24,15,Osceola Magic,OSC,95,False,0.391,0.226,0.875,46,18,16,201,11
2024,2022400153,2025-01-22,WES @ RAP,Westchester Knicks,WES,114,False,0.43,0.382,0.5,51,27,17,Raptors 905,RAP,117,True,0.522,0.389,0.6,46,28,16,231,3
2024,0022400613,2025-01-22,PHX @ BKN,Phoenix Suns,PHX,108,True,0.477,0.341,0.769,48,28,11,Brooklyn Nets,BKN,84,False,0.374,0.194,0.643,52,16,16,192,24
2024,2022400158,2025-01-22,SCW @ SDC,Santa Cruz Warriors,SCW,92,True,0.427,0.179,0.696,51,21,19,San Diego Clippers,SDC,87,False,0.327,0.275,0.556,56,19,16,179,5
2024,0022400616,2025-01-22,MEM vs. CHA,Charlotte Hornets,CHA,120,False,0.477,0.355,0.844,33,27,16,Memphis Grizzlies,MEM,132,True,0.5,0.447,0.929,40,36,16,252,12
2024,2022400157,2025-01-22,RCR vs. SLC,Salt Lake City Stars,SLC,95,False,0.293,0.224,0.833,49,17,15,Rip City Remix,RCR,117,True,0.476,0.326,0.5,61,34,15,212,22
2024,0022400620,2025-01-22,LAC vs. BOS,Boston Celtics,BOS,117,True,0.456,0.38,0.8,32,24,19,LA Clippers,LAC,113,False,0.522,0.321,0.769,40,24,22,230,4
2024,0022400612,2025-01-22,DET @ ATL,Detroit Pistons,DET,114,True,0.5,0.353,0.947,51,27,20,Atlanta Hawks,ATL,104,False,0.379,0.158,0.769,47,25,13,218,10
2024,2022400159,2025-01-22,SBL @ STO,South Bay Lakers,SBL,99,False,0.437,0.351,0.667,38,25,15,Stockton Kings,STO,112,True,0.511,0.393,0.545,52,23,15,211,13
2024,0022400629,2025-01-23,BOS @ LAL,Boston Celtics,BOS,96,False,0.385,0.341,0.667,42,23,7,Los Angeles Lakers,LAL,117,True,0.472,0.429,0.9,53,27,6,213,21
2024,0022400624,2025-01-23,MIA @ MIL,Miami Heat,MIA,96,False,0.37,0.235,0.762,50,26,10,Milwaukee Bucks,MIL,125,True,0.469,0.45,0.75,55,32,6,221,29
2024,0022400625,2025-01-23,OKC vs. DAL,Dallas Mavericks,DAL,121,True,0.527,0.452,0.806,43,25,20,Oklahoma City Thunder,OKC,115,False,0.477,0.405,0.727,33,26,12,236,6
2024,0022400623,2025-01-23,TOR @ ATL,Toronto Raptors,TOR,122,True,0.58,0.429,0.792,39,32,19,Atlanta Hawks,ATL,119,False,0.483,0.351,0.733,36,30,14,241,3
2024,2022400163,2025-01-23,GBO vs. BHM,Birmingham Squadron,BHM,118,True,0.537,0.455,1.0,40,28,12,Greensboro Swarm,GBO,98,False,0.446,0.353,0.545,38,17,18,216,20
2024,0022400628,2025-01-23,CHI @ GSW,Chicago Bulls,CHI,106,False,0.391,0.4,0.815,42,22,11,Golden State Warriors,GSW,131,True,0.451,0.439,1.0,52,37,10,237,25
2024,2022400165,2025-01-23,STO vs. TEX,Texas Legends,TEX,95,False,0.451,0.375,0.545,37,25,10,Stockton Kings,STO,109,True,0.478,0.323,0.875,52,26,9,204,14
2024,2022400161,2025-01-23,CPS vs. GRG,Grand Rapids Gold,GRG,104,False,0.435,0.311,0.75,51,22,11,College Park Skyhawks,CPS,127,True,0.454,0.51,0.615,58,29,7,231,23
2024,0022400626,2025-01-23,DEN vs. SAC,Sacramento Kings,SAC,123,False,0.439,0.366,0.737,53,31,13,Denver Nuggets,DEN,132,True,0.485,0.351,0.677,56,30,10,255,9
2024,0022400983,2025-01-23,WAS @ LAC,Washington Wizards,WAS,93,False,0.34,0.239,0.857,49,24,15,LA Clippers,LAC,110,True,0.455,0.342,0.944,55,29,18,203,17
2024,0022400622,2025-01-23,POR @ ORL,Portland Trail Blazers,POR,101,True,0.488,0.321,0.632,42,23,13,Orlando Magic,ORL,79,False,0.342,0.24,0.677,44,17,19,180,22
2024,2022400162,2025-01-23,DEL vs. CLC,Cleveland Charge,CLC,112,True,0.482,0.39,0.9,45,30,12,Delaware Blue Coats,DEL,107,False,0.43,0.325,0.667,42,25,6,219,5
2024,2022400160,2025-01-23,WIS vs. MCC,Motor City Cruise,MCC,88,False,0.363,0.244,0.7,47,20,14,Wisconsin Herd,WIS,94,True,0.486,0.25,0.647,43,16,14,182,6
2024,2022400164,2025-01-23,VAL @ IWA,Valley Suns,VAL,119,True,0.479,0.44,0.4,47,28,13,Iowa Wolves,IWA,110,False,0.442,0.182,0.786,49,24,9,229,9
2024,0022400631,2025-01-24,PHI vs. CLE,Cleveland Cavaliers,CLE,129,False,0.5,0.481,0.737,37,30,16,Philadelphia 76ers,PHI,132,True,0.506,0.538,0.852,43,23,18,261,3
2024,2022400168,2025-01-24,VAL @ IWA,Valley Suns,VAL,107,True,0.44,0.327,0.818,44,28,15,Iowa Wolves,IWA,83,False,0.414,0.25,0.5,37,21,20,190,24
2024,2022400169,2025-01-24,AUS vs. SDC,San Diego Clippers,SDC,88,False,0.4,0.167,0.643,51,21,20,Austin Spurs,AUS,117,True,0.477,0.368,0.8,44,23,12,205,29
2024,0022400630,2025-01-24,POR @ CHA,Portland Trail Blazers,POR,102,True,0.405,0.289,0.692,47,17,16,Charlotte Hornets,CHA,97,False,0.376,0.29,0.857,46,20,16,199,5
2024,2022400166,2025-01-24,LIN vs. RAP,Raptors 905,RAP,122,False,0.557,0.467,0.917,31,30,22,Long Island Nets,LIN,131,True,0.533,0.44,0.875,40,31,13,253,9
2024,2022400167,2025-01-24,MNE @ WES,Maine Celtics,MNE,109,False,0.456,0.372,0.727,36,18,13,Westchester Knicks,WES,123,True,0.515,0.308,0.778,48,31,10,232,14
2024,0022400632,2025-01-24,NOP @ MEM,New Orleans Pelicans,NOP,126,False,0.542,0.412,0.688,35,30,12,Memphis Grizzlies,MEM,139,True,0.554,0.452,1.0,43,38,12,265,13
2024,2022400172,2025-01-24,RCR @ SBL,Rip City Remix,RCR,110,False,0.46,0.457,0.556,42,32,22,South Bay Lakers,SBL,122,True,0.458,0.382,0.889,49,20,11,232,12
2024,2022400171,2025-01-24,SCW vs. SLC,Salt Lake City Stars,SLC,132,True,0.484,0.351,0.842,54,27,11,Santa Cruz Warriors,SCW,127,False,0.485,0.347,0.727,39,36,14,259,5
2024,2022400170,2025-01-24,MHU @ SXF,Memphis Hustle,MHU,124,True,0.469,0.481,0.75,43,37,12,Sioux Falls Skyforce,SXF,114,False,0.458,0.265,0.909,52,25,16,238,10
2024,2022400175,2025-01-25,AUS vs. SDC,San Diego Clippers,SDC,90,False,0.39,0.367,0.727,40,23,20,Austin Spurs,AUS,107,True,0.461,0.382,0.65,47,22,19,197,17
2024,0022400642,2025-01-25,PHI @ CHI,Philadelphia 76ers,PHI,109,True,0.457,0.289,0.706,40,23,8,Chicago Bulls,CHI,97,False,0.424,0.316,0.65,54,24,19,206,12
2024,0022400636,2025-01-25,MIA @ BKN,Miami Heat,MIA,106,True,0.443,0.464,0.958,51,22,22,Brooklyn Nets,BKN,97,False,0.375,0.35,0.885,35,23,14,203,9
2024,2022400173,2025-01-25,DEL vs. CLC,Cleveland Charge,CLC,122,True,0.5,0.378,0.818,38,30,20,Delaware Blue Coats,DEL,110,False,0.448,0.286,0.765,41,21,16,232,12
2024,2022400177,2025-01-25,MHU @ SXF,Memphis Hustle,MHU,111,False,0.402,0.306,0.833,40,28,11,Sioux Falls Skyforce,SXF,124,True,0.53,0.421,0.765,47,31,20,235,13
2024,0022400634,2025-01-25,MIN vs. DEN,Denver Nuggets,DEN,104,False,0.489,0.344,0.538,36,32,19,Minnesota Timberwolves,MIN,133,True,0.558,0.467,0.867,45,38,16,237,29
2024,2022400178,2025-01-25,CCG @ WIS,Capital City Go-Go,CCG,144,True,0.544,0.487,0.941,45,35,6,Wisconsin Herd,WIS,98,False,0.417,0.306,0.625,41,22,18,242,46
2024,0022400645,2025-01-25,PHX vs. WAS,Washington Wizards,WAS,109,False,0.467,0.439,0.778,37,28,8,Phoenix Suns,PHX,119,True,0.444,0.325,0.929,53,23,10,228,10
2024,0022400638,2025-01-25,DET @ ORL,Detroit Pistons,DET,113,False,0.465,0.4,0.821,41,22,16,Orlando Magic,ORL,121,True,0.482,0.455,0.684,40,22,14,234,8
2024,0022400639,2025-01-25,TOR @ ATL,Toronto Raptors,TOR,117,True,0.467,0.367,0.88,51,31,21,Atlanta Hawks,ATL,94,False,0.393,0.297,0.68,43,28,22,211,23
2024,0022400635,2025-01-25,BOS @ DAL,Boston Celtics,BOS,122,True,0.427,0.385,0.737,51,33,5,Dallas Mavericks,DAL,107,False,0.443,0.364,0.75,49,18,12,229,15
2024,2022400179,2025-01-25,SCW vs. SLC,Salt Lake City Stars,SLC,118,False,0.5,0.4,0.909,42,28,18,Santa Cruz Warriors,SCW,128,True,0.538,0.516,0.833,39,32,12,246,10
2024,0022400640,2025-01-25,CLE vs. HOU,Houston Rockets,HOU,135,True,0.549,0.464,0.711,45,26,11,Cleveland Cavaliers,CLE,131,False,0.516,0.436,0.769,40,28,11,266,4
2024,0022400643,2025-01-25,MEM vs. UTA,Utah Jazz,UTA,103,False,0.424,0.255,0.813,40,27,17,Memphis Grizzlies,MEM,125,True,0.512,0.368,0.735,45,28,16,228,22
2024,0022400637,2025-01-25,CHA vs. NOP,New Orleans Pelicans,NOP,92,False,0.381,0.258,0.769,39,21,13,Charlotte Hornets,CHA,123,True,0.5,0.42,0.72,48,28,14,215,31
2024,0022400644,2025-01-25,GSW vs. LAL,Los Angeles Lakers,LAL,118,True,0.547,0.345,0.824,42,29,12,Golden State Warriors,GSW,108,False,0.461,0.348,0.625,38,30,11,226,10
2024,2022400176,2025-01-25,MXC @ RGV,Mexico City Capitanes,MXC,109,False,0.463,0.429,0.75,43,18,15,Rio Grande Valley Vipers,RGV,113,True,0.468,0.325,0.818,44,26,12,222,4
2024,0022400646,2025-01-25,MIL @ LAC,Milwaukee Bucks,MIL,117,False,0.468,0.371,0.882,42,24,13,LA Clippers,LAC,127,True,0.454,0.324,1.0,47,19,6,244,10
2024,2022400174,2025-01-25,IMA @ BHM,Indiana Mad Ants,IMA,96,True,0.407,0.324,0.867,44,20,15,Birmingham Squadron,BHM,88,False,0.427,0.25,0.6,48,15,18,184,8
2024,0022400641,2025-01-25,NYK vs. SAC,Sacramento Kings,SAC,120,False,0.484,0.389,0.875,38,33,12,New York Knicks,NYK,143,True,0.495,0.472,0.957,53,40,11,263,23
2024,2022400181,2025-01-26,MNE vs. OSC,Osceola Magic,OSC,108,True,0.398,0.318,0.545,60,24,13,Maine Celtics,MNE,105,False,0.409,0.426,0.429,52,24,18,213,3
2024,2022400183,2025-01-26,STO vs. TEX,Texas Legends,TEX,104,False,0.489,0.417,0.667,32,21,14,Stockton Kings,STO,108,True,0.448,0.387,0.667,53,23,18,212,4
2024,0022400647,2025-01-26,OKC @ POR,Oklahoma City Thunder,OKC,118,True,0.472,0.333,0.828,43,24,7,Portland Trail Blazers,POR,108,False,0.407,0.45,0.857,44,21,15,226,10
2024,2022400185,2025-01-26,WCB @ WIS,Windy City Bulls,WCB,81,False,0.327,0.192,0.778,58,21,12,Wisconsin Herd,WIS,91,True,0.402,0.419,0.571,45,18,11,172,10
2024,2022400184,2025-01-26,CPS @ BHM,College Park Skyhawks,CPS,91,True,0.386,0.225,0.727,45,23,9,Birmingham Squadron,BHM,87,False,0.381,0.257,0.818,49,21,15,178,4
2024,2022400182,2025-01-26,LIN vs. RAP,Raptors 905,RAP,122,True,0.548,0.333,0.5,50,28,19,Long Island Nets,LIN,118,False,0.489,0.433,0.625,43,30,15,240,4
2024,2022400180,2025-01-26,DEL vs. GBO,Greensboro Swarm,GBO,102,False,0.43,0.345,0.917,41,23,19,Delaware Blue Coats,DEL,111,True,0.476,0.31,0.706,40,20,13,213,9
2024,0022400653,2025-01-27,NYK vs. MEM,Memphis Grizzlies,MEM,106,False,0.451,0.375,0.882,47,21,26,New York Knicks,NYK,143,True,0.519,0.386,0.778,46,32,10,249,37
2024,2022400189,2025-01-27,AUS @ RCR,Austin Spurs,AUS,124,True,0.495,0.415,0.727,54,29,13,Rip City Remix,RCR,99,False,0.435,0.289,0.5,44,22,16,223,25
2024,0022400649,2025-01-27,CLE vs. DET,Detroit Pistons,DET,91,False,0.385,0.278,0.636,45,24,10,Cleveland Cavaliers,CLE,110,True,0.44,0.273,0.783,53,28,9,201,19
2024,0022400652,2025-01-27,MIA vs. ORL,Orlando Magic,ORL,119,False,0.459,0.359,0.6,47,32,14,Miami Heat,MIA,125,True,0.522,0.366,0.667,43,34,16,244,6
2024,0022400650,2025-01-27,HOU @ BOS,Houston Rockets,HOU,114,True,0.446,0.415,0.714,39,29,7,Boston Celtics,BOS,112,False,0.488,0.385,0.95,41,21,14,226,2
2024,0022400658,2025-01-27,UTA vs. MIL,Milwaukee Bucks,MIL,125,True,0.605,0.353,0.529,46,33,12,Utah Jazz,UTA,110,False,0.41,0.333,0.769,46,28,10,235,15
2024,2022400186,2025-01-27,IWA @ WES,Iowa Wolves,IWA,105,False,0.444,0.344,1.0,43,30,11,Westchester Knicks,WES,126,True,0.46,0.277,0.706,58,28,7,231,21
2024,2022400188,2025-01-27,MXC vs. SXF,Sioux Falls Skyforce,SXF,110,False,0.426,0.419,0.571,50,30,18,Mexico City Capitanes,MXC,117,True,0.458,0.406,0.95,44,19,17,227,7
2024,0022400656,2025-01-27,ATL @ MIN,Atlanta Hawks,ATL,92,False,0.395,0.279,0.667,51,24,21,Minnesota Timberwolves,MIN,100,True,0.395,0.3,0.69,51,18,16,192,8
2024,0022400659,2025-01-27,PHX vs. LAC,LA Clippers,LAC,109,False,0.494,0.313,0.85,42,22,15,Phoenix Suns,PHX,111,True,0.471,0.468,0.818,39,23,17,220,2
2024,0022400648,2025-01-27,CHA vs. LAL,Los Angeles Lakers,LAL,112,True,0.512,0.214,0.75,48,22,16,Charlotte Hornets,CHA,107,False,0.448,0.389,0.833,34,26,14,219,5
2024,0022400651,2025-01-27,SAC @ BKN,Sacramento Kings,SAC,110,True,0.549,0.321,0.647,44,31,17,Brooklyn Nets,BKN,96,False,0.366,0.278,0.867,39,19,14,206,14
2024,0022400657,2025-01-27,DAL vs. WAS,Washington Wizards,WAS,108,False,0.416,0.297,0.765,45,23,11,Dallas Mavericks,DAL,130,True,0.533,0.444,0.706,51,39,11,238,22
2024,2022400187,2025-01-27,OKL vs. SDC,San Diego Clippers,SDC,96,False,0.419,0.276,0.933,48,18,19,Oklahoma City Blue,OKL,103,True,0.41,0.351,0.65,46,21,13,199,7
2024,0022400654,2025-01-27,TOR vs. NOP,New Orleans Pelicans,NOP,104,False,0.438,0.214,0.667,46,21,12,Toronto Raptors,TOR,113,True,0.43,0.273,0.783,54,31,13,217,9
2024,0022400655,2025-01-27,DEN @ CHI,Denver Nuggets,DEN,121,False,0.52,0.222,1.0,42,36,14,Chicago Bulls,CHI,129,True,0.5,0.453,0.875,47,35,17,250,8
2024,0022400662,2025-01-28,POR vs. MIL,Milwaukee Bucks,MIL,112,False,0.506,0.314,0.722,36,26,11,Portland Trail Blazers,POR,125,True,0.511,0.429,0.821,52,26,13,237,13
2024,2022400191,2025-01-28,OSC vs. CPS,College Park Skyhawks,CPS,110,False,0.473,0.25,0.889,49,27,18,Osceola Magic,OSC,115,True,0.46,0.343,0.667,43,25,15,225,5
2024,0022400661,2025-01-28,UTA @ GSW,Utah Jazz,UTA,103,False,0.513,0.308,0.708,39,30,15,Golden State Warriors,GSW,114,True,0.391,0.347,0.806,47,29,9,217,11
2024,0022400660,2025-01-28,LAL @ PHI,Los Angeles Lakers,LAL,104,False,0.514,0.303,0.87,39,25,22,Philadelphia 76ers,PHI,118,True,0.473,0.324,0.84,43,20,9,222,14
2024,2022400190,2025-01-28,MCC @ IMA,Motor City Cruise,MCC,99,False,0.439,0.444,0.727,41,17,14,Indiana Mad Ants,IMA,107,True,0.506,0.4,0.727,35,24,11,206,8
2024,2022400192,2025-01-28,SLC vs. VAL,Valley Suns,VAL,122,True,0.453,0.25,0.733,55,28,12,Salt Lake City Stars,SLC,115,False,0.457,0.341,0.7,53,26,17,237,7
2024,2022400193,2025-01-28,STO vs. GRG,Grand Rapids Gold,GRG,115,True,0.494,0.345,0.588,55,22,15,Stockton Kings,STO,98,False,0.366,0.19,0.714,47,18,12,213,17
2024,0022400532,2025-01-28,HOU @ ATL,Houston Rockets,HOU,100,True,0.468,0.233,0.95,44,19,21,Atlanta Hawks,ATL,96,False,0.404,0.234,0.813,40,19,16,196,4
2024,0022400665,2025-01-29,TOR @ WAS,Toronto Raptors,TOR,106,True,0.477,0.355,0.733,36,31,14,Washington Wizards,WAS,82,False,0.389,0.167,0.724,43,17,25,188,24
2024,2022400195,2025-01-29,LIN vs. GBO,Greensboro Swarm,GBO,104,True,0.432,0.286,0.75,48,23,13,Long Island Nets,LIN,98,False,0.42,0.333,0.714,50,18,16,202,6
2024,2022400199,2025-01-29,MXC vs. SXF,Sioux Falls Skyforce,SXF,105,True,0.417,0.268,0.706,52,24,14,Mexico City Capitanes,MXC,102,False,0.384,0.37,1.0,55,27,19,207,3
2024,0022400671,2025-01-29,LAC @ SAS,LA Clippers,LAC,128,True,0.527,0.5,0.87,57,26,15,San Antonio Spurs,SAS,116,False,0.483,0.333,0.72,30,27,9,244,12
2024,0022400669,2025-01-29,SAC @ PHI,Sacramento Kings,SAC,104,False,0.444,0.244,0.824,46,34,12,Philadelphia 76ers,PHI,117,True,0.524,0.414,0.864,35,30,9,221,13
2024,0022400673,2025-01-29,GSW vs. OKC,Oklahoma City Thunder,OKC,109,False,0.404,0.231,0.8,50,21,11,Golden State Warriors,GSW,116,True,0.494,0.342,0.821,42,30,15,225,7
2024,2022400196,2025-01-29,MNE vs. IWA,Iowa Wolves,IWA,95,False,0.392,0.333,0.857,34,20,17,Maine Celtics,MNE,125,True,0.595,0.543,0.467,48,32,17,220,30
2024,0022400672,2025-01-29,MIN @ PHX,Minnesota Timberwolves,MIN,121,True,0.56,0.448,0.889,34,26,14,Phoenix Suns,PHX,113,False,0.506,0.375,0.75,36,30,15,234,8
2024,2022400197,2025-01-29,WIS vs. DEL,Delaware Blue Coats,DEL,114,False,0.427,0.364,0.789,34,22,12,Wisconsin Herd,WIS,128,True,0.562,0.515,0.778,51,33,20,242,14
2024,0022400670,2025-01-29,DAL @ NOP,Dallas Mavericks,DAL,137,True,0.542,0.465,0.765,51,30,18,New Orleans Pelicans,NOP,136,False,0.531,0.484,0.864,36,31,8,273,1
2024,2022400200,2025-01-29,VAL @ SLC,Valley Suns,VAL,113,False,0.412,0.311,0.8,41,24,12,Salt Lake City Stars,SLC,132,True,0.548,0.31,0.647,57,26,16,245,19
2024,0022400664,2025-01-29,DET @ IND,Detroit Pistons,DET,119,False,0.494,0.353,0.731,41,26,12,Indiana Pacers,IND,133,True,0.568,0.5,0.71,36,28,13,252,14
2024,2022400194,2025-01-29,OKL vs. MHU,Memphis Hustle,MHU,108,True,0.466,0.32,0.857,46,21,19,Oklahoma City Blue,OKL,102,False,0.398,0.286,0.714,50,22,16,210,6
2024,2022400198,2025-01-29,RAP vs. BHM,Birmingham Squadron,BHM,112,False,0.505,0.333,0.667,41,33,12,Raptors 905,RAP,122,True,0.547,0.563,0.6,37,40,12,234,10
2024,0022400663,2025-01-29,CHA vs. BKN,Brooklyn Nets,BKN,104,True,0.488,0.313,0.8,40,27,8,Charlotte Hornets,CHA,83,False,0.337,0.286,0.68,52,18,17,187,21
2024,2022400203,2025-01-29,SBL vs. TEX,Texas Legends,TEX,93,False,0.519,0.208,0.5,39,23,18,South Bay Lakers,SBL,100,True,0.429,0.25,0.636,46,28,11,193,7
2024,2022400201,2025-01-29,AUS @ RCR,Austin Spurs,AUS,106,False,0.417,0.326,0.636,42,25,12,Rip City Remix,RCR,115,True,0.442,0.278,0.895,52,22,18,221,9
2024,2022400202,2025-01-29,SCW @ SDC,Santa Cruz Warriors,SCW,98,False,0.37,0.212,0.647,47,18,18,San Diego Clippers,SDC,102,True,0.519,0.321,0.5,49,19,23,200,4
2024,0022400668,2025-01-29,NYK vs. DEN,Denver Nuggets,DEN,112,False,0.488,0.357,0.87,47,21,14,New York Knicks,NYK,122,True,0.516,0.412,0.667,35,33,5,234,10
2024,0022400666,2025-01-29,BOS vs. CHI,Chicago Bulls,CHI,100,False,0.402,0.306,0.917,47,28,14,Boston Celtics,BOS,122,True,0.471,0.409,0.815,45,32,8,222,22
2024,0022400667,2025-01-29,CLE @ MIA,Cleveland Cavaliers,CLE,126,True,0.54,0.31,0.833,47,29,7,Miami Heat,MIA,106,False,0.47,0.349,0.867,35,27,12,232,20
2024,0022400677,2025-01-30,UTA vs. MIN,Minnesota Timberwolves,MIN,138,True,0.598,0.553,0.792,39,38,12,Utah Jazz,UTA,113,False,0.506,0.412,0.84,23,21,15,251,25
2024,0022400674,2025-01-30,LAL @ WAS,Los Angeles Lakers,LAL,134,True,0.544,0.469,0.955,48,31,11,Washington Wizards,WAS,96,False,0.319,0.227,0.824,38,18,13,230,38
2024,0022400676,2025-01-30,MEM vs. HOU,Houston Rockets,HOU,119,False,0.433,0.406,0.786,45,22,12,Memphis Grizzlies,MEM,120,True,0.516,0.321,0.75,37,23,11,239,1
2024,0022400675,2025-01-30,CLE vs. ATL,Atlanta Hawks,ATL,115,False,0.456,0.333,0.741,36,28,11,Cleveland Cavaliers,CLE,137,True,0.582,0.333,0.9,49,34,11,252,22
2024,2022400205,2025-01-30,OKL vs. CLC,Cleveland Charge,CLC,83,False,0.333,0.26,0.545,47,23,14,Oklahoma City Blue,OKL,114,True,0.489,0.273,0.714,55,24,11,197,31
2024,2022400206,2025-01-30,CPS @ MXC,College Park Skyhawks,CPS,86,False,0.361,0.194,0.5,55,19,13,Mexico City Capitanes,MXC,94,True,0.473,0.324,0.563,49,17,17,180,8
2024,0022400678,2025-01-30,ORL @ POR,Orlando Magic,ORL,90,False,0.42,0.192,0.85,33,14,13,Portland Trail Blazers,POR,119,True,0.526,0.48,0.806,38,23,12,209,29
2024,2022400204,2025-01-30,OSC vs. WES,Westchester Knicks,WES,111,False,0.415,0.22,0.643,59,28,16,Osceola Magic,OSC,119,True,0.441,0.262,0.818,55,23,11,230,8
2024,2022400207,2025-01-30,GRG @ STO,Grand Rapids Gold,GRG,106,False,0.478,0.355,0.75,35,21,18,Stockton Kings,STO,111,True,0.524,0.333,0.625,46,23,20,217,5
2024,2022400208,2025-01-31,CCG @ GBO,Capital City Go-Go,CCG,98,False,0.444,0.483,0.727,40,23,18,Greensboro Swarm,GBO,105,True,0.461,0.385,0.692,44,25,9,203,7
2024,2022400209,2025-01-31,MNE vs. IWA,Iowa Wolves,IWA,94,False,0.442,0.267,0.778,37,21,12,Maine Celtics,MNE,103,True,0.5,0.382,0.769,37,26,13,197,9
2024,2022400213,2025-01-31,VAL vs. SDC,San Diego Clippers,SDC,105,False,0.447,0.269,0.75,42,21,16,Valley Suns,VAL,124,True,0.482,0.435,0.923,43,31,15,229,19
2024,0022400679,2025-01-31,LAC @ CHA,LA Clippers,LAC,112,True,0.543,0.393,0.65,45,26,16,Charlotte Hornets,CHA,104,False,0.438,0.233,0.867,42,18,9,216,8
2024,2022400212,2025-01-31,WIS vs. DEL,Delaware Blue Coats,DEL,106,False,0.389,0.326,0.733,41,24,11,Wisconsin Herd,WIS,115,True,0.442,0.419,1.0,62,23,18,221,9
2024,0022400684,2025-01-31,MIL @ SAS,Milwaukee Bucks,MIL,118,False,0.43,0.324,0.769,47,24,10,San Antonio Spurs,SAS,144,True,0.49,0.48,0.8,53,37,4,262,26
2024,2022400210,2025-01-31,RAP @ MHU,Raptors 905,RAP,125,True,0.529,0.531,0.737,46,31,17,Memphis Hustle,MHU,113,False,0.423,0.244,0.867,48,26,12,238,12
2024,0022400685,2025-01-31,PHX @ GSW,Phoenix Suns,PHX,130,True,0.562,0.487,0.688,48,41,14,Golden State Warriors,GSW,105,False,0.375,0.364,0.68,49,26,12,235,25
2024,0022400682,2025-01-31,TOR vs. CHI,Chicago Bulls,CHI,122,True,0.506,0.45,0.824,52,34,10,Toronto Raptors,TOR,106,False,0.424,0.333,0.667,44,27,7,228,16
2024,2022400214,2025-01-31,TEX @ SBL,Texas Legends,TEX,127,True,0.548,0.385,0.842,44,32,16,South Bay Lakers,SBL,125,False,0.442,0.388,0.813,42,30,14,252,2
2024,0022400681,2025-01-31,PHI vs. DEN,Denver Nuggets,DEN,137,True,0.659,0.522,0.944,35,39,19,Philadelphia 76ers,PHI,134,False,0.556,0.525,0.813,27,29,11,271,3
2024,2022400211,2025-01-31,RGV vs. SXF,Sioux Falls Skyforce,SXF,96,False,0.436,0.289,0.9,36,21,22,Rio Grande Valley Vipers,RGV,114,True,0.474,0.324,0.727,47,26,17,210,18
2024,0022400683,2025-01-31,BOS @ NOP,Boston Celtics,BOS,118,True,0.5,0.39,0.692,35,32,13,New Orleans Pelicans,NOP,116,False,0.489,0.405,0.684,48,16,18,234,2
2024,2022400215,2025-01-31,STO vs. WCB,Windy City Bulls,WCB,107,False,0.43,0.308,0.778,49,32,15,Stockton Kings,STO,117,True,0.467,0.5,0.75,43,25,11,224,10
2024,0022400680,2025-01-31,DAL @ DET,Dallas Mavericks,DAL,102,False,0.425,0.333,0.81,46,20,16,Detroit Pistons,DET,117,True,0.443,0.257,0.875,47,18,6,219,15
2024,2022400222,2025-02-01,SCW vs. GRG,Grand Rapids Gold,GRG,136,False,0.468,0.333,0.8,48,28,8,Santa Cruz Warriors,SCW,146,True,0.52,0.368,0.826,51,32,9,282,10
2024,0022400690,2025-02-01,MIN vs. WAS,Washington Wizards,WAS,105,True,0.458,0.455,0.824,44,26,16,Minnesota Timberwolves,MIN,103,False,0.409,0.3,0.833,47,29,14,208,2
2024,0022400693,2025-02-01,MIA @ SAS,Miami Heat,MIA,105,True,0.461,0.31,0.588,52,30,13,San Antonio Spurs,SAS,103,False,0.418,0.333,0.714,48,27,10,208,2
2024,2022400219,2025-02-01,CLC @ RGV,Cleveland Charge,CLC,110,True,0.5,0.267,0.85,43,21,16,Rio Grande Valley Vipers,RGV,104,False,0.409,0.286,0.667,43,20,16,214,6
2024,2022400217,2025-02-01,GBO vs. CCG,Capital City Go-Go,CCG,131,True,0.562,0.4,0.769,39,26,16,Greensboro Swarm,GBO,122,False,0.519,0.387,0.941,31,19,13,253,9
2024,2022400218,2025-02-01,MNE vs. BHM,Birmingham Squadron,BHM,95,False,0.487,0.357,0.667,38,21,16,Maine Celtics,MNE,100,True,0.41,0.382,0.846,46,26,11,195,5
2024,0022400692,2025-02-01,LAL @ NYK,Los Angeles Lakers,LAL,128,True,0.58,0.475,0.833,37,26,15,New York Knicks,NYK,112,False,0.463,0.357,0.737,44,33,14,240,16
2024,2022400216,2025-02-01,MCC vs. LIN,Long Island Nets,LIN,132,False,0.473,0.36,0.826,43,18,9,Motor City Cruise,MCC,145,True,0.602,0.467,0.714,40,34,13,277,13
2024,0022400687,2025-02-01,UTA vs. ORL,Orlando Magic,ORL,99,False,0.33,0.22,0.857,43,19,8,Utah Jazz,UTA,113,True,0.464,0.4,0.875,51,26,16,212,14
2024,2022400221,2025-02-01,OKL @ SBL,Oklahoma City Blue,OKL,126,True,0.541,0.429,0.917,54,30,17,South Bay Lakers,SBL,92,False,0.354,0.238,0.739,30,20,12,218,34
2024,0022400688,2025-02-01,DEN @ CHA,Denver Nuggets,DEN,107,True,0.466,0.189,0.9,43,29,11,Charlotte Hornets,CHA,104,False,0.432,0.346,0.765,51,31,12,211,3
2024,0022400689,2025-02-01,HOU vs. BKN,Brooklyn Nets,BKN,110,True,0.494,0.37,0.667,46,24,10,Houston Rockets,HOU,98,False,0.4,0.308,0.667,44,18,10,208,12
2024,0022400686,2025-02-01,ATL @ IND,Atlanta Hawks,ATL,127,False,0.5,0.378,0.719,44,31,12,Indiana Pacers,IND,132,True,0.544,0.364,0.88,41,35,11,259,5
2024,0022400694,2025-02-01,PHX @ POR,Phoenix Suns,PHX,108,False,0.452,0.303,0.846,37,21,18,Portland Trail Blazers,POR,127,True,0.517,0.29,0.839,43,24,9,235,19
2024,0022400691,2025-02-01,SAC @ OKC,Sacramento Kings,SAC,110,False,0.4,0.25,0.731,37,25,7,Oklahoma City Thunder,OKC,144,True,0.533,0.413,0.688,70,37,11,254,34
2024,2022400220,2025-02-01,WIS vs. SLC,Salt Lake City Stars,SLC,118,True,0.408,0.48,0.636,49,24,9,Wisconsin Herd,WIS,105,False,0.463,0.412,0.75,43,26,12,223,13
2024,2022400224,2025-02-02,OSC @ DEL,Osceola Magic,OSC,113,True,0.484,0.317,0.667,59,26,17,Delaware Blue Coats,DEL,104,False,0.361,0.238,1.0,38,20,8,217,9
2024,2022400226,2025-02-02,AUS vs. SXF,Sioux Falls Skyforce,SXF,113,False,0.487,0.344,0.833,40,25,19,Austin Spurs,AUS,118,True,0.517,0.345,0.667,41,17,13,231,5
2024,0022400699,2025-02-02,MIL vs. MEM,Memphis Grizzlies,MEM,132,True,0.486,0.359,0.636,61,37,11,Milwaukee Bucks,MIL,119,False,0.484,0.444,0.579,36,32,13,251,13
2024,0022400696,2025-02-02,DAL @ CLE,Dallas Mavericks,DAL,101,False,0.388,0.209,0.8,45,22,9,Cleveland Cavaliers,CLE,144,True,0.57,0.578,0.75,51,39,8,245,43
2024,2022400225,2025-02-02,RCR vs. WCB,Windy City Bulls,WCB,125,False,0.511,0.486,0.692,41,32,22,Rip City Remix,RCR,127,True,0.475,0.394,0.813,47,31,19,252,2
2024,0022400697,2025-02-02,LAC @ TOR,LA Clippers,LAC,108,False,0.466,0.321,0.81,41,21,10,Toronto Raptors,TOR,115,True,0.518,0.52,0.875,43,31,12,223,7
2024,0022400698,2025-02-02,BOS @ PHI,Boston Celtics,BOS,118,True,0.5,0.429,0.813,38,34,9,Philadelphia 76ers,PHI,110,False,0.451,0.469,0.75,46,20,10,228,8
2024,0022400695,2025-02-02,DET vs. CHI,Chicago Bulls,CHI,119,False,0.461,0.365,0.9,44,28,19,Detroit Pistons,DET,127,True,0.545,0.333,0.692,42,38,11,246,8
2024,2022400227,2025-02-02,MXC vs. STO,Stockton Kings,STO,96,False,0.396,0.388,0.8,41,25,13,Mexico City Capitanes,MXC,106,True,0.456,0.405,0.909,44,22,10,202,10
2024,2022400223,2025-02-02,MCC vs. RAP,Raptors 905,RAP,124,True,0.556,0.367,0.722,43,30,13,Motor City Cruise,MCC,101,False,0.41,0.375,0.813,40,20,16,225,23
2024,0022400701,2025-02-03,ATL @ DET,Atlanta Hawks,ATL,132,True,0.519,0.432,0.821,37,27,12,Detroit Pistons,DET,130,False,0.518,0.333,0.921,41,31,14,262,2
2024,0022400703,2025-02-03,MEM vs. SAS,San Antonio Spurs,SAS,109,False,0.451,0.333,0.75,48,31,23,Memphis Grizzlies,MEM,128,True,0.485,0.389,0.9,47,33,15,237,19
2024,0022400707,2025-02-03,UTA vs. IND,Indiana Pacers,IND,112,True,0.473,0.238,0.8,37,32,9,Utah Jazz,UTA,111,False,0.429,0.351,0.667,60,31,18,223,1
2024,0022400706,2025-02-03,NOP @ DEN,New Orleans Pelicans,NOP,113,False,0.432,0.474,0.864,41,27,10,Denver Nuggets,DEN,125,True,0.5,0.364,0.808,46,28,5,238,12
2024,2022400230,2025-02-03,LIN vs. BHM,Birmingham Squadron,BHM,117,True,0.5,0.316,0.8,46,29,17,Long Island Nets,LIN,113,False,0.42,0.207,0.875,44,22,9,230,4
2024,0022400700,2025-02-03,WAS @ CHA,Washington Wizards,WAS,124,True,0.444,0.333,0.826,54,29,10,Charlotte Hornets,CHA,114,False,0.438,0.379,0.893,46,26,10,238,10
2024,2022400231,2025-02-03,CLC @ RGV,Cleveland Charge,CLC,114,False,0.525,0.421,0.778,41,27,22,Rio Grande Valley Vipers,RGV,124,True,0.516,0.421,0.615,41,32,13,238,10
2024,0022400708,2025-02-03,GSW vs. ORL,Orlando Magic,ORL,99,False,0.434,0.25,0.5,52,23,11,Golden State Warriors,GSW,104,True,0.436,0.308,0.706,44,25,13,203,5
2024,2022400229,2025-02-03,IMA vs. WIS,Wisconsin Herd,WIS,110,False,0.433,0.417,0.769,44,17,12,Indiana Mad Ants,IMA,130,True,0.567,0.412,0.667,46,35,10,240,20
2024,0022400704,2025-02-03,MIN vs. SAC,Sacramento Kings,SAC,116,True,0.489,0.417,0.8,47,23,10,Minnesota Timberwolves,MIN,114,False,0.457,0.3,1.0,36,28,8,230,2
2024,0022400705,2025-02-03,OKC vs. MIL,Milwaukee Bucks,MIL,96,False,0.376,0.333,0.619,37,24,14,Oklahoma City Thunder,OKC,125,True,0.515,0.39,0.875,55,28,17,221,29
2024,2022400228,2025-02-03,MHU vs. IWA,Iowa Wolves,IWA,118,False,0.441,0.349,0.667,36,31,14,Memphis Hustle,MHU,147,True,0.591,0.429,0.692,55,34,16,265,29
2024,2022400232,2025-02-03,RCR vs. WCB,Windy City Bulls,WCB,129,True,0.516,0.444,1.0,37,28,8,Rip City Remix,RCR,113,False,0.458,0.319,0.8,48,21,20,242,16
2024,0022400702,2025-02-03,HOU @ NYK,Houston Rockets,HOU,118,False,0.462,0.286,0.933,50,27,15,New York Knicks,NYK,124,True,0.505,0.231,0.8,40,24,11,242,6
2024,2022400233,2025-02-03,SBL vs. OKL,Oklahoma City Blue,OKL,105,True,0.385,0.279,0.833,50,23,14,South Bay Lakers,SBL,101,False,0.422,0.333,0.538,49,26,15,206,4
2024,0022400709,2025-02-03,POR vs. PHX,Phoenix Suns,PHX,119,False,0.471,0.357,0.857,43,28,14,Portland Trail Blazers,POR,121,True,0.449,0.4,0.833,48,30,12,240,2
2024,0022400712,2025-02-04,DAL @ PHI,Dallas Mavericks,DAL,116,False,0.471,0.333,0.806,44,24,12,Philadelphia 76ers,PHI,118,True,0.547,0.333,0.684,34,37,12,234,2
2024,2022400235,2025-02-04,RAP @ IMA,Raptors 905,RAP,112,False,0.455,0.444,0.833,33,25,16,Indiana Mad Ants,IMA,116,True,0.524,0.35,0.789,45,26,17,228,4
2024,2022400236,2025-02-04,SCW @ SXF,Santa Cruz Warriors,SCW,109,False,0.402,0.364,1.0,37,18,11,Sioux Falls Skyforce,SXF,121,True,0.488,0.351,0.737,50,27,15,230,12
2024,0022400716,2025-02-04,POR vs. IND,Indiana Pacers,IND,89,False,0.42,0.208,0.762,39,25,19,Portland Trail Blazers,POR,112,True,0.446,0.378,0.941,51,23,18,201,23
2024,2022400234,2025-02-04,OSC @ DEL,Osceola Magic,OSC,115,True,0.5,0.281,0.786,62,26,24,Delaware Blue Coats,DEL,98,False,0.358,0.26,0.818,40,21,14,213,17
2024,0022400713,2025-02-04,TOR vs. NYK,New York Knicks,NYK,121,True,0.5,0.32,0.826,43,26,11,Toronto Raptors,TOR,115,False,0.524,0.379,0.947,34,27,14,236,6
2024,0022400711,2025-02-04,BKN vs. HOU,Houston Rockets,HOU,97,False,0.41,0.344,0.667,45,23,16,Brooklyn Nets,BKN,99,True,0.463,0.37,0.765,39,26,13,196,2
2024,0022400715,2025-02-04,LAL @ LAC,Los Angeles Lakers,LAL,122,True,0.556,0.486,0.609,50,33,14,LA Clippers,LAC,97,False,0.382,0.293,0.895,36,30,9,219,25
2024,0022400710,2025-02-04,CLE vs. BOS,Boston Celtics,BOS,112,True,0.408,0.354,0.833,53,26,12,Cleveland Cavaliers,CLE,105,False,0.396,0.282,0.846,51,18,13,217,7
2024,2022400237,2025-02-04,STO @ MXC,Stockton Kings,STO,104,True,0.438,0.364,0.417,50,25,11,Mexico City Capitanes,MXC,99,False,0.398,0.323,0.867,50,21,14,203,5
2024,2022400239,2025-02-04,VAL vs. TEX,Texas Legends,TEX,121,True,0.529,0.474,0.667,41,22,15,Valley Suns,VAL,120,False,0.484,0.4,0.9,42,27,21,241,1
2024,2022400238,2025-02-04,CCG @ SLC,Capital City Go-Go,CCG,139,True,0.472,0.395,0.8,50,24,10,Salt Lake City Stars,SLC,136,False,0.49,0.297,0.708,52,29,9,275,3
2024,0022400714,2025-02-04,CHI vs. MIA,Miami Heat,MIA,124,False,0.478,0.386,0.808,44,29,13,Chicago Bulls,CHI,133,True,0.527,0.463,0.818,43,35,10,257,9
2024,0022400726,2025-02-05,NOP @ DEN,New Orleans Pelicans,NOP,119,False,0.462,0.345,0.885,38,26,11,Denver Nuggets,DEN,144,True,0.57,0.372,0.933,51,40,7,263,25
2024,0022400717,2025-02-05,CHA vs. MIL,Milwaukee Bucks,MIL,112,True,0.506,0.429,0.923,44,26,9,Charlotte Hornets,CHA,102,False,0.432,0.324,0.75,41,21,8,214,10
2024,0022400723,2025-02-05,MIN vs. CHI,Chicago Bulls,CHI,108,False,0.482,0.333,0.727,34,25,9,Minnesota Timberwolves,MIN,127,True,0.429,0.426,0.821,59,27,11,235,19
2024,0022400725,2025-02-05,UTA vs. GSW,Golden State Warriors,GSW,128,False,0.46,0.354,0.704,41,33,9,Utah Jazz,UTA,131,True,0.522,0.351,0.815,48,30,12,259,3
2024,0022400719,2025-02-05,ATL vs. SAS,San Antonio Spurs,SAS,126,True,0.505,0.324,0.75,41,36,10,Atlanta Hawks,ATL,125,False,0.527,0.381,0.722,45,33,20,251,1
2024,0022400720,2025-02-05,BKN vs. WAS,Washington Wizards,WAS,119,True,0.543,0.465,0.786,40,40,14,Brooklyn Nets,BKN,102,False,0.434,0.342,0.739,37,26,10,221,17
2024,2022400240,2025-02-05,GBO @ LIN,Greensboro Swarm,GBO,117,True,0.541,0.409,0.76,40,26,20,Long Island Nets,LIN,116,False,0.432,0.417,0.833,45,22,15,233,1
2024,0022400724,2025-02-05,OKC vs. PHX,Phoenix Suns,PHX,109,False,0.471,0.389,0.879,35,24,18,Oklahoma City Thunder,OKC,140,True,0.51,0.286,0.889,46,24,5,249,31
2024,0022400722,2025-02-05,MEM @ TOR,Memphis Grizzlies,MEM,138,True,0.528,0.421,0.737,61,22,16,Toronto Raptors,TOR,107,False,0.398,0.286,0.895,34,28,9,245,31
2024,2022400242,2025-02-05,SLC vs. SBL,South Bay Lakers,SBL,124,True,0.511,0.5,0.615,48,31,12,Salt Lake City Stars,SLC,99,False,0.391,0.333,0.75,45,21,18,223,25
2024,2022400241,2025-02-05,IWA @ MHU,Iowa Wolves,IWA,120,False,0.467,0.346,0.833,35,22,16,Memphis Hustle,MHU,142,True,0.574,0.45,0.818,45,39,13,262,22
2024,0022400721,2025-02-05,MIA @ PHI,Miami Heat,MIA,108,True,0.47,0.412,0.8,54,25,22,Philadelphia 76ers,PHI,101,False,0.385,0.3,0.75,39,22,4,209,7
2024,0022400718,2025-02-05,CLE @ DET,Cleveland Cavaliers,CLE,118,True,0.482,0.421,0.833,46,28,23,Detroit Pistons,DET,115,False,0.398,0.324,0.893,45,22,11,233,3
2024,0022400727,2025-02-05,SAC vs. ORL,Orlando Magic,ORL,130,True,0.568,0.516,0.933,35,30,8,Sacramento Kings,SAC,111,False,0.5,0.37,0.75,37,23,17,241,19
2024,0022400728,2025-02-06,BOS vs. DAL,Dallas Mavericks,DAL,127,True,0.557,0.455,0.778,35,32,8,Boston Celtics,BOS,120,False,0.517,0.432,0.8,40,30,14,247,7
2024,0022400731,2025-02-06,GSW @ LAL,Golden State Warriors,GSW,112,False,0.406,0.302,0.7,40,29,12,Los Angeles Lakers,LAL,120,True,0.5,0.371,0.806,47,26,13,232,8
2024,2022400243,2025-02-06,GRG @ WCB,Grand Rapids Gold,GRG,100,True,0.426,0.31,0.875,54,22,20,Windy City Bulls,WCB,87,False,0.424,0.273,1.0,41,21,20,187,13
2024,2022400244,2025-02-06,DEL @ MNE,Delaware Blue Coats,DEL,100,False,0.4,0.306,0.588,38,23,11,Maine Celtics,MNE,126,True,0.49,0.4,0.9,60,26,11,226,26
2024,0022400729,2025-02-06,HOU @ MIN,Houston Rockets,HOU,114,False,0.488,0.387,0.714,39,26,10,Minnesota Timberwolves,MIN,127,True,0.479,0.41,0.875,47,23,13,241,13
2024,2022400245,2025-02-06,BHM vs. CPS,College Park Skyhawks,CPS,110,True,0.461,0.281,0.75,45,27,9,Birmingham Squadron,BHM,97,False,0.48,0.41,0.75,41,22,16,207,13
2024,0022400733,2025-02-06,IND @ LAC,Indiana Pacers,IND,119,True,0.453,0.333,0.833,46,31,7,LA Clippers,LAC,112,False,0.466,0.425,0.722,48,25,19,231,7
2024,0022400732,2025-02-06,SAC @ POR,Sacramento Kings,SAC,102,False,0.42,0.333,0.818,47,21,10,Portland Trail Blazers,POR,108,True,0.433,0.4,0.778,47,25,13,210,6
2024,0022400730,2025-02-06,ORL @ DEN,Orlando Magic,ORL,90,False,0.369,0.161,0.767,40,21,13,Denver Nuggets,DEN,112,True,0.53,0.4,0.571,52,33,18,202,22
2024,0022400734,2025-02-07,CHA vs. SAS,San Antonio Spurs,SAS,116,False,0.457,0.308,0.833,38,25,8,Charlotte Hornets,CHA,117,True,0.465,0.447,1.0,53,33,11,233,1
2024,2022400250,2025-02-07,RCR vs. RGV,Rio Grande Valley Vipers,RGV,110,True,0.448,0.359,0.611,46,26,14,Rip City Remix,RCR,103,False,0.433,0.391,0.5,47,32,18,213,7
2024,2022400249,2025-02-07,MXC @ TEX,Mexico City Capitanes,MXC,123,True,0.505,0.382,0.667,51,29,14,Texas Legends,TEX,93,False,0.462,0.371,0.444,35,23,20,216,30
2024,2022400246,2025-02-07,CLC vs. WES,Westchester Knicks,WES,136,True,0.5,0.426,0.783,46,23,20,Cleveland Charge,CLC,133,False,0.464,0.319,0.615,52,32,13,269,3
2024,0022400738,2025-02-07,DET vs. PHI,Philadelphia 76ers,PHI,112,False,0.494,0.419,0.85,38,26,13,Detroit Pistons,DET,125,True,0.454,0.386,0.769,56,32,14,237,13
2024,0022400736,2025-02-07,ATL vs. MIL,Milwaukee Bucks,MIL,110,False,0.427,0.38,0.9,43,28,10,Atlanta Hawks,ATL,115,True,0.489,0.361,0.667,52,29,11,225,5
2024,0022400740,2025-02-07,UTA @ PHX,Utah Jazz,UTA,127,False,0.41,0.271,0.9,63,29,10,Phoenix Suns,PHX,135,True,0.452,0.393,0.905,49,31,7,262,8
2024,0022400735,2025-02-07,WAS vs. CLE,Cleveland Cavaliers,CLE,134,True,0.511,0.421,0.917,46,32,14,Washington Wizards,WAS,124,False,0.489,0.364,0.64,40,25,13,258,10
2024,2022400248,2025-02-07,IWA vs. STO,Stockton Kings,STO,116,False,0.446,0.31,0.647,41,33,8,Iowa Wolves,IWA,121,True,0.5,0.389,1.0,48,28,14,237,5
2024,0022400737,2025-02-07,BKN vs. MIA,Miami Heat,MIA,86,False,0.356,0.3,0.833,39,23,14,Brooklyn Nets,BKN,102,True,0.419,0.27,0.778,57,17,14,188,16
2024,2022400252,2025-02-07,VAL @ SBL,Valley Suns,VAL,104,False,0.366,0.314,0.643,43,26,7,South Bay Lakers,SBL,122,True,0.523,0.371,0.733,56,26,10,226,18
2024,0022400739,2025-02-07,TOR @ OKC,Toronto Raptors,TOR,109,False,0.429,0.463,0.632,42,31,12,Oklahoma City Thunder,OKC,121,True,0.512,0.29,0.839,44,26,12,230,12
2024,2022400251,2025-02-07,AUS @ SCW,Austin Spurs,AUS,103,False,0.398,0.273,0.692,43,22,13,Santa Cruz Warriors,SCW,119,True,0.495,0.552,0.667,53,25,14,222,16
2024,2022400247,2025-02-07,OSC @ RAP,Osceola Magic,OSC,110,True,0.412,0.324,0.6,62,23,19,Raptors 905,RAP,104,False,0.429,0.333,0.5,43,23,15,214,6
2024,0022400748,2025-02-08,NYK vs. BOS,Boston Celtics,BOS,131,True,0.541,0.487,0.833,48,21,10,New York Knicks,NYK,104,False,0.422,0.375,0.862,30,16,9,235,27
2024,0022400745,2025-02-08,GSW @ CHI,Golden State Warriors,GSW,132,True,0.5,0.396,0.852,44,34,14,Chicago Bulls,CHI,111,False,0.443,0.436,0.774,31,24,17,243,21
2024,2022400261,2025-02-08,WCB vs. MNE,Maine Celtics,MNE,102,True,0.398,0.2,0.75,49,13,13,Windy City Bulls,WCB,98,False,0.411,0.275,0.8,48,25,16,200,4
2024,2022400256,2025-02-08,IMA vs. MCC,Motor City Cruise,MCC,121,True,0.489,0.324,0.684,52,27,13,Indiana Mad Ants,IMA,114,False,0.423,0.405,0.909,47,24,10,235,7
2024,2022400253,2025-02-08,OKL @ CCG,Oklahoma City Blue,OKL,110,False,0.466,0.297,0.714,45,23,17,Capital City Go-Go,CCG,112,True,0.481,0.324,0.813,40,19,16,222,2
2024,2022400259,2025-02-08,IWA vs. STO,Stockton Kings,STO,120,False,0.462,0.413,0.714,48,31,17,Iowa Wolves,IWA,125,True,0.54,0.478,0.833,39,33,9,245,5
2024,0022400750,2025-02-08,NOP @ SAC,New Orleans Pelicans,NOP,118,False,0.478,0.389,0.72,39,27,16,Sacramento Kings,SAC,123,True,0.473,0.268,0.788,51,24,18,241,5
2024,0022400749,2025-02-08,DEN @ PHX,Denver Nuggets,DEN,122,True,0.489,0.457,0.941,56,28,9,Phoenix Suns,PHX,105,False,0.388,0.34,0.8,43,25,6,227,17
2024,0022400742,2025-02-08,IND @ LAL,Indiana Pacers,IND,117,False,0.425,0.316,0.969,38,27,10,Los Angeles Lakers,LAL,124,True,0.523,0.333,0.913,46,29,14,241,7
2024,2022400255,2025-02-08,LIN vs. DEL,Delaware Blue Coats,DEL,133,True,0.542,0.429,0.864,42,24,16,Long Island Nets,LIN,127,False,0.548,0.517,0.786,30,27,16,260,6
2024,2022400258,2025-02-08,WES @ CLC,Westchester Knicks,WES,120,True,0.506,0.368,0.75,49,29,14,Cleveland Charge,CLC,107,False,0.418,0.333,0.9,46,28,18,227,13
2024,0022400743,2025-02-08,ORL vs. SAS,San Antonio Spurs,SAS,111,False,0.532,0.433,0.8,34,27,14,Orlando Magic,ORL,112,True,0.511,0.333,0.6,45,19,14,223,1
2024,0022400751,2025-02-08,LAC vs. UTA,Utah Jazz,UTA,110,False,0.47,0.395,0.833,38,26,19,LA Clippers,LAC,130,True,0.58,0.423,0.81,37,36,14,240,20
2024,2022400260,2025-02-08,SXF vs. GBO,Greensboro Swarm,GBO,105,False,0.446,0.433,1.0,39,25,16,Sioux Falls Skyforce,SXF,115,True,0.506,0.419,0.727,42,24,10,220,10
2024,2022400264,2025-02-08,AUS @ SCW,Austin Spurs,AUS,137,True,0.5,0.421,0.8,43,22,7,Santa Cruz Warriors,SCW,92,False,0.404,0.182,0.667,52,19,24,229,45
2024,0022400741,2025-02-08,DAL vs. HOU,Houston Rockets,HOU,105,False,0.4,0.286,0.773,48,21,8,Dallas Mavericks,DAL,116,True,0.47,0.522,0.765,43,22,5,221,11
2024,0022400746,2025-02-08,MEM vs. OKC,Oklahoma City Thunder,OKC,125,True,0.429,0.429,0.81,55,29,8,Memphis Grizzlies,MEM,112,False,0.444,0.429,0.718,40,21,13,237,13
2024,2022400263,2025-02-08,SBL @ SDC,South Bay Lakers,SBL,113,False,0.467,0.348,0.7,22,26,10,San Diego Clippers,SDC,125,True,0.553,0.321,0.929,52,26,16,238,12
2024,0022400744,2025-02-08,WAS vs. ATL,Atlanta Hawks,ATL,125,True,0.485,0.409,0.765,41,36,11,Washington Wizards,WAS,111,False,0.441,0.25,0.952,53,26,17,236,14
2024,2022400262,2025-02-08,MXC @ TEX,Mexico City Capitanes,MXC,109,True,0.434,0.303,0.9,41,18,16,Texas Legends,TEX,101,False,0.488,0.429,0.583,39,19,18,210,8
2024,0022400747,2025-02-08,POR @ MIN,Portland Trail Blazers,POR,98,False,0.402,0.2,0.773,45,18,17,Minnesota Timberwolves,MIN,114,True,0.524,0.357,0.643,43,23,14,212,16
2024,2022400257,2025-02-08,RCR vs. RGV,Rio Grande Valley Vipers,RGV,125,True,0.465,0.432,0.692,56,29,10,Rip City Remix,RCR,98,False,0.427,0.28,0.571,43,23,16,223,27
2024,2022400254,2025-02-08,WIS @ CPS,Wisconsin Herd,WIS,101,False,0.4,0.308,0.929,50,22,17,College Park Skyhawks,CPS,107,True,0.43,0.34,0.636,48,26,12,208,6
2024,0022400752,2025-02-09,DET vs. CHA,Charlotte Hornets,CHA,102,False,0.436,0.469,0.826,37,25,14,Detroit Pistons,DET,112,True,0.489,0.297,0.813,46,31,11,214,10
2024,0022400753,2025-02-09,TOR @ HOU,Toronto Raptors,TOR,87,False,0.367,0.19,0.765,48,19,10,Houston Rockets,HOU,94,True,0.36,0.263,0.786,58,17,15,181,7
2024,2022400265,2025-02-09,OSC vs. GRG,Grand Rapids Gold,GRG,115,False,0.447,0.362,0.444,54,25,14,Osceola Magic,OSC,119,True,0.489,0.278,0.667,46,22,11,234,4
2024,0022400754,2025-02-09,MIL vs. PHI,Philadelphia 76ers,PHI,127,False,0.528,0.4,0.789,42,28,14,Milwaukee Bucks,MIL,135,True,0.438,0.436,0.95,53,29,12,262,8
2024,2022400273,2025-02-10,SXF @ RCR,Sioux Falls Skyforce,SXF,119,False,0.472,0.364,0.778,43,24,18,Rip City Remix,RCR,139,True,0.544,0.54,0.733,44,36,18,258,20
2024,2022400269,2025-02-10,MCC @ WES,Motor City Cruise,MCC,115,True,0.468,0.421,0.636,49,30,21,Westchester Knicks,WES,111,False,0.411,0.349,1.0,43,21,19,226,4
2024,2022400266,2025-02-10,OKL @ CCG,Oklahoma City Blue,OKL,119,True,0.494,0.406,0.773,48,21,19,Capital City Go-Go,CCG,114,False,0.394,0.293,0.773,47,26,13,233,5
2024,0022400761,2025-02-10,OKC vs. NOP,New Orleans Pelicans,NOP,101,False,0.439,0.37,0.679,42,19,22,Oklahoma City Thunder,OKC,137,True,0.516,0.491,0.75,45,29,10,238,36
2024,2022400268,2025-02-10,GRG @ OSC,Grand Rapids Gold,GRG,127,True,0.494,0.39,0.773,43,25,13,Osceola Magic,OSC,121,False,0.464,0.415,0.737,41,25,14,248,6
2024,0022400768,2025-02-10,UTA @ LAL,Utah Jazz,UTA,113,False,0.464,0.3,0.852,39,29,19,Los Angeles Lakers,LAL,132,True,0.543,0.357,0.944,44,28,11,245,19
2024,2022400272,2025-02-10,SDC @ VAL,San Diego Clippers,SDC,107,False,0.366,0.244,0.882,51,24,12,Valley Suns,VAL,119,True,0.5,0.373,0.75,46,30,17,226,12
2024,0022400760,2025-02-10,GSW @ MIL,Golden State Warriors,GSW,125,True,0.441,0.289,0.789,48,27,9,Milwaukee Bucks,MIL,111,False,0.5,0.303,0.735,37,18,20,236,14
2024,2022400267,2025-02-10,IMA @ CPS,Indiana Mad Ants,IMA,113,False,0.506,0.448,0.7,41,26,17,College Park Skyhawks,CPS,121,True,0.463,0.354,1.0,50,20,15,234,8
2024,2022400270,2025-02-10,MHU vs. MNE,Maine Celtics,MNE,127,True,0.473,0.4,0.684,47,32,10,Memphis Hustle,MHU,115,False,0.442,0.34,0.833,46,30,17,242,12
2024,0022400756,2025-02-10,ATL @ ORL,Atlanta Hawks,ATL,112,True,0.494,0.375,0.857,39,29,16,Orlando Magic,ORL,106,False,0.474,0.4,0.833,36,22,17,218,6
2024,2022400271,2025-02-10,RGV vs. MXC,Mexico City Capitanes,MXC,110,False,0.489,0.325,0.75,38,31,16,Rio Grande Valley Vipers,RGV,115,True,0.482,0.325,0.75,47,26,17,225,5
2024,0022400758,2025-02-10,CHA @ BKN,Charlotte Hornets,CHA,89,False,0.41,0.194,0.679,40,18,17,Brooklyn Nets,BKN,97,True,0.398,0.238,0.929,47,24,16,186,8
2024,0022400759,2025-02-10,MIA vs. BOS,Boston Celtics,BOS,103,True,0.459,0.321,1.0,52,24,6,Miami Heat,MIA,85,False,0.337,0.244,0.923,51,21,4,188,18
2024,0022400763,2025-02-10,DEN vs. POR,Portland Trail Blazers,POR,117,False,0.455,0.405,0.846,33,25,16,Denver Nuggets,DEN,146,True,0.659,0.32,0.9,38,44,8,263,29
2024,0022400757,2025-02-10,WAS vs. SAS,San Antonio Spurs,SAS,131,True,0.511,0.447,0.828,43,28,11,Washington Wizards,WAS,121,False,0.484,0.298,0.895,42,26,14,252,10
2024,0022400755,2025-02-10,CLE vs. MIN,Minnesota Timberwolves,MIN,107,False,0.4,0.308,0.767,41,17,16,Cleveland Cavaliers,CLE,128,True,0.511,0.395,0.75,49,27,16,235,21
2024,0022400762,2025-02-10,SAC @ DAL,Sacramento Kings,SAC,129,True,0.552,0.346,0.737,50,28,20,Dallas Mavericks,DAL,128,False,0.516,0.405,0.625,33,31,11,257,1
2024,2022400274,2025-02-11,LIN vs. WCB,Windy City Bulls,WCB,85,False,0.379,0.176,0.636,45,18,18,Long Island Nets,LIN,111,True,0.435,0.56,0.9,48,31,15,196,26
2024,0022400764,2025-02-11,TOR @ PHI,Toronto Raptors,TOR,106,True,0.463,0.333,0.826,49,23,17,Philadelphia 76ers,PHI,103,False,0.407,0.237,0.833,46,22,14,209,3
2024,0022400765,2025-02-11,NYK @ IND,New York Knicks,NYK,128,True,0.538,0.37,0.87,48,37,14,Indiana Pacers,IND,115,False,0.483,0.29,0.769,36,32,10,243,13
2024,0022400766,2025-02-11,CHI vs. DET,Detroit Pistons,DET,132,True,0.531,0.439,0.923,55,30,14,Chicago Bulls,CHI,92,False,0.35,0.213,0.632,44,22,14,224,40
2024,2022400275,2025-02-11,GBO @ IWA,Greensboro Swarm,GBO,114,True,0.513,0.462,0.875,35,24,11,Iowa Wolves,IWA,104,False,0.411,0.13,0.765,49,17,14,218,10
2024,0022400767,2025-02-11,PHX vs. MEM,Memphis Grizzlies,MEM,119,True,0.43,0.308,0.778,60,22,13,Phoenix Suns,PHX,112,False,0.446,0.273,0.818,42,35,11,231,7
2024,0022400778,2025-02-12,MIA @ OKC,Miami Heat,MIA,101,False,0.456,0.324,0.72,45,24,16,Oklahoma City Thunder,OKC,115,True,0.489,0.385,0.7,41,22,13,216,14
2024,2022400276,2025-02-12,DEL @ MCC,Delaware Blue Coats,DEL,109,False,0.457,0.487,0.818,31,19,13,Motor City Cruise,MCC,118,True,0.5,0.378,0.667,56,31,19,227,9
2024,0022400773,2025-02-12,NYK vs. ATL,Atlanta Hawks,ATL,148,False,0.5,0.368,0.686,47,43,12,New York Knicks,NYK,149,True,0.574,0.423,0.811,39,28,17,297,1
2024,0022400779,2025-02-12,PHX @ HOU,Phoenix Suns,PHX,111,False,0.517,0.385,0.818,43,25,17,Houston Rockets,HOU,119,True,0.474,0.31,0.583,47,32,11,230,8
2024,0022400771,2025-02-12,WAS vs. IND,Indiana Pacers,IND,134,True,0.467,0.457,0.9,42,38,7,Washington Wizards,WAS,130,False,0.485,0.511,0.813,46,29,16,264,4
2024,0022400780,2025-02-12,POR @ DEN,Portland Trail Blazers,POR,121,False,0.457,0.368,0.724,45,27,11,Denver Nuggets,DEN,132,True,0.51,0.395,0.792,49,26,12,253,11
2024,0022400772,2025-02-12,BKN vs. PHI,Philadelphia 76ers,PHI,96,False,0.432,0.242,0.818,38,25,14,Brooklyn Nets,BKN,100,True,0.471,0.267,0.8,50,23,16,196,4
2024,2022400278,2025-02-12,CCG vs. GRG,Grand Rapids Gold,GRG,106,False,0.454,0.179,0.6,47,20,14,Capital City Go-Go,CCG,116,True,0.518,0.378,0.692,42,28,18,222,10
2024,2022400277,2025-02-12,CLC @ RAP,Cleveland Charge,CLC,96,False,0.442,0.308,0.769,39,22,22,Raptors 905,RAP,102,True,0.393,0.35,0.688,49,24,12,198,6
2024,2022400279,2025-02-12,MXC @ MHU,Mexico City Capitanes,MXC,112,False,0.476,0.409,0.643,30,29,17,Memphis Hustle,MHU,129,True,0.49,0.27,0.75,58,32,13,241,17
2024,0022400775,2025-02-12,CHI vs. DET,Detroit Pistons,DET,128,True,0.511,0.4,0.8,47,30,16,Chicago Bulls,CHI,110,False,0.43,0.22,0.9,37,23,16,238,18
2024,0022400776,2025-02-12,MIN vs. MIL,Milwaukee Bucks,MIL,103,True,0.443,0.4,0.813,48,24,12,Minnesota Timberwolves,MIN,101,False,0.379,0.227,0.867,59,27,13,204,2
2024,2022400283,2025-02-12,SBL vs. AUS,Austin Spurs,AUS,109,True,0.489,0.263,0.583,49,25,15,South Bay Lakers,SBL,102,False,0.392,0.258,0.692,47,24,9,211,7
2024,0022400777,2025-02-12,SAC @ NOP,Sacramento Kings,SAC,119,True,0.471,0.356,0.724,48,28,11,New Orleans Pelicans,NOP,111,False,0.468,0.25,0.833,40,28,8,230,8
2024,0022400774,2025-02-12,CLE @ TOR,Cleveland Cavaliers,CLE,131,True,0.485,0.34,0.85,53,34,13,Toronto Raptors,TOR,108,False,0.462,0.345,0.667,39,26,15,239,23
2024,0022400781,2025-02-12,UTA vs. LAL,Los Angeles Lakers,LAL,119,False,0.446,0.4,0.567,45,31,14,Utah Jazz,UTA,131,True,0.523,0.366,0.788,48,30,12,250,12
2024,0022400769,2025-02-12,BOS vs. SAS,San Antonio Spurs,SAS,103,False,0.438,0.231,0.833,38,30,8,Boston Celtics,BOS,116,True,0.462,0.327,0.667,56,25,15,219,13
2024,2022400280,2025-02-12,SLC vs. SXF,Sioux Falls Skyforce,SXF,104,False,0.458,0.375,0.583,41,32,18,Salt Lake City Stars,SLC,123,True,0.447,0.366,0.667,55,27,13,227,19
2024,2022400281,2025-02-12,CPS vs. IMA,Indiana Mad Ants,IMA,119,True,0.462,0.333,0.737,47,24,15,College Park Skyhawks,CPS,113,False,0.462,0.316,0.833,47,26,19,232,6
2024,2022400282,2025-02-12,BHM vs. WES,Westchester Knicks,WES,119,False,0.443,0.423,1.0,50,29,15,Birmingham Squadron,BHM,126,True,0.505,0.512,0.714,45,36,9,245,7
2024,0022400783,2025-02-12,MEM @ LAC,Memphis Grizzlies,MEM,114,False,0.494,0.5,0.533,40,24,21,LA Clippers,LAC,128,True,0.505,0.371,0.955,46,29,15,242,14
2024,0022400770,2025-02-12,ORL vs. CHA,Charlotte Hornets,CHA,86,False,0.395,0.308,0.933,43,21,12,Orlando Magic,ORL,102,True,0.411,0.326,0.737,52,22,8,188,16
2024,0022400782,2025-02-12,GSW @ DAL,Golden State Warriors,GSW,107,False,0.427,0.286,0.833,50,29,15,Dallas Mavericks,DAL,111,True,0.483,0.417,0.8,39,20,14,218,4
2024,0022401004,2025-02-13,UTA vs. LAC,LA Clippers,LAC,120,True,0.415,0.368,0.778,43,22,10,Utah Jazz,UTA,116,False,0.487,0.4,0.846,47,23,26,236,4
2024,2022400290,2025-02-13,SLC vs. SXF,Sioux Falls Skyforce,SXF,118,False,0.516,0.4,0.75,47,36,19,Salt Lake City Stars,SLC,120,True,0.446,0.32,0.857,44,28,13,238,2
2024,2022400293,2025-02-13,SBL vs. AUS,Austin Spurs,AUS,108,True,0.446,0.378,0.909,47,19,12,South Bay Lakers,SBL,88,False,0.384,0.242,0.727,46,20,16,196,20
2024,2022400284,2025-02-13,OKL @ CPS,Oklahoma City Blue,OKL,115,False,0.449,0.4,0.667,44,27,12,College Park Skyhawks,CPS,118,True,0.476,0.414,0.909,44,21,16,233,3
2024,0022400787,2025-02-13,OKC @ MIN,Oklahoma City Thunder,OKC,101,False,0.42,0.241,0.833,49,25,9,Minnesota Timberwolves,MIN,116,True,0.424,0.261,0.909,54,28,8,217,15
2024,2022400291,2025-02-13,VAL vs. RGV,Rio Grande Valley Vipers,RGV,123,False,0.489,0.341,0.846,43,27,21,Valley Suns,VAL,137,True,0.49,0.25,0.905,46,27,15,260,14
2024,2022400287,2025-02-13,CLC @ RAP,Cleveland Charge,CLC,130,True,0.465,0.333,0.857,55,31,13,Raptors 905,RAP,116,False,0.434,0.226,0.765,45,26,11,246,14
2024,2022400289,2025-02-13,BHM vs. IMA,Indiana Mad Ants,IMA,127,True,0.597,0.448,0.75,39,29,16,Birmingham Squadron,BHM,105,False,0.451,0.286,0.833,34,29,18,232,22
2024,2022400285,2025-02-13,MNE vs. LIN,Long Island Nets,LIN,106,False,0.479,0.25,0.385,42,19,9,Maine Celtics,MNE,107,True,0.423,0.349,0.3,61,27,15,213,1
2024,0022400784,2025-02-13,HOU vs. GSW,Golden State Warriors,GSW,105,True,0.393,0.268,0.889,42,26,10,Houston Rockets,HOU,98,False,0.409,0.333,0.556,52,24,20,203,7
2024,2022400288,2025-02-13,IWA vs. RCR,Rip City Remix,RCR,121,True,0.425,0.364,0.8,59,31,13,Iowa Wolves,IWA,116,False,0.484,0.357,0.6,54,26,13,237,5
2024,2022400292,2025-02-13,SCW vs. STO,Stockton Kings,STO,144,False,0.5,0.421,0.917,39,24,7,Santa Cruz Warriors,SCW,152,True,0.545,0.422,0.818,45,27,8,296,8
2024,2022400286,2025-02-13,WCB @ MCC,Windy City Bulls,WCB,86,False,0.361,0.138,0.632,36,20,18,Motor City Cruise,MCC,110,True,0.446,0.281,0.5,67,21,21,196,24
2024,0022400785,2025-02-13,NOP vs. SAC,Sacramento Kings,SAC,133,False,0.438,0.362,0.857,58,38,14,New Orleans Pelicans,NOP,140,True,0.5,0.42,0.794,45,32,10,273,7
2024,0022400786,2025-02-13,DAL vs. MIA,Miami Heat,MIA,113,False,0.473,0.278,0.654,42,23,13,Dallas Mavericks,DAL,118,True,0.511,0.361,0.813,40,28,13,231,5
2024,0022400524,2025-02-19,CHA @ LAL,Charlotte Hornets,CHA,100,True,0.363,0.34,0.941,47,20,17,Los Angeles Lakers,LAL,97,False,0.411,0.294,0.667,50,29,18,197,3
2024,0022400791,2025-02-20,CLE @ BKN,Cleveland Cavaliers,CLE,110,True,0.426,0.282,0.704,52,19,16,Brooklyn Nets,BKN,97,False,0.4,0.263,0.579,45,25,15,207,13
2024,0022400792,2025-02-20,CHI @ NYK,Chicago Bulls,CHI,111,False,0.398,0.396,0.833,53,24,15,New York Knicks,NYK,113,True,0.43,0.304,0.7,54,28,11,224,2
2024,2022400294,2025-02-20,MNE @ IMA,Maine Celtics,MNE,104,True,0.481,0.308,0.857,50,17,19,Indiana Mad Ants,IMA,97,False,0.386,0.424,0.647,41,20,17,201,7
2024,0022400788,2025-02-20,MEM @ IND,Memphis Grizzlies,MEM,113,False,0.414,0.308,0.864,46,28,13,Indiana Pacers,IND,127,True,0.505,0.378,0.818,46,29,10,240,14
2024,2022400300,2025-02-20,SBL vs. RCR,Rip City Remix,RCR,123,True,0.483,0.396,0.813,41,26,18,South Bay Lakers,SBL,112,False,0.383,0.327,0.667,53,26,19,235,11
2024,2022400298,2025-02-20,IWA @ SXF,Iowa Wolves,IWA,104,False,0.494,0.167,0.769,44,25,14,Sioux Falls Skyforce,SXF,108,True,0.482,0.194,0.706,42,20,12,212,4
2024,0022400796,2025-02-20,LAL @ POR,Los Angeles Lakers,LAL,110,True,0.476,0.281,0.92,48,20,22,Portland Trail Blazers,POR,102,False,0.442,0.324,0.667,33,27,17,212,8
2024,0022400795,2025-02-20,PHX @ SAS,Phoenix Suns,PHX,109,False,0.469,0.364,0.85,39,28,18,San Antonio Spurs,SAS,120,True,0.473,0.366,0.773,44,30,9,229,11
2024,2022400295,2025-02-20,MCC vs. BHM,Birmingham Squadron,BHM,83,False,0.333,0.308,0.545,52,13,11,Motor City Cruise,MCC,109,True,0.407,0.35,0.813,57,21,13,192,26
2024,2022400297,2025-02-20,CCG @ WIS,Capital City Go-Go,CCG,113,True,0.425,0.394,0.8,50,21,15,Wisconsin Herd,WIS,106,False,0.438,0.344,0.667,47,26,16,219,7
2024,2022400299,2025-02-20,RGV @ MHU,Rio Grande Valley Vipers,RGV,134,True,0.575,0.462,1.0,46,30,30,Memphis Hustle,MHU,110,False,0.387,0.273,0.944,38,26,23,244,24
2024,0022400793,2025-02-20,LAC @ MIL,LA Clippers,LAC,110,False,0.466,0.4,0.842,43,28,11,Milwaukee Bucks,MIL,116,True,0.475,0.395,0.852,41,22,17,226,6
2024,0022400789,2025-02-20,BOS @ PHI,Boston Celtics,BOS,124,True,0.483,0.444,0.933,49,33,10,Philadelphia 76ers,PHI,104,False,0.43,0.205,0.941,44,23,10,228,20
2024,2022400296,2025-02-20,DEL @ WES,Delaware Blue Coats,DEL,111,False,0.469,0.2,0.714,42,29,9,Westchester Knicks,WES,123,True,0.464,0.44,0.75,56,34,13,234,12
2024,0022400794,2025-02-20,DEN vs. CHA,Charlotte Hornets,CHA,115,False,0.434,0.405,0.824,45,28,10,Denver Nuggets,DEN,129,True,0.5,0.442,0.75,55,29,13,244,14
2024,0022400790,2025-02-20,ORL @ ATL,Orlando Magic,ORL,114,True,0.482,0.24,0.684,53,15,7,Atlanta Hawks,ATL,108,False,0.39,0.314,0.679,51,20,9,222,6
2024,0022400797,2025-02-21,CLE vs. NYK,New York Knicks,NYK,105,False,0.472,0.357,0.611,32,25,16,Cleveland Cavaliers,CLE,142,True,0.609,0.514,0.733,47,38,15,247,37
2024,0022400805,2025-02-21,GSW @ SAC,Golden State Warriors,GSW,132,True,0.538,0.465,1.0,35,40,12,Sacramento Kings,SAC,108,False,0.506,0.344,0.944,39,26,21,240,24
2024,2022400302,2025-02-21,OSC @ LIN,Osceola Magic,OSC,114,False,0.456,0.324,0.867,48,18,22,Long Island Nets,LIN,137,True,0.51,0.449,0.692,45,39,11,251,23
2024,0022400800,2025-02-21,TOR vs. MIA,Miami Heat,MIA,120,True,0.511,0.361,0.833,44,20,12,Toronto Raptors,TOR,111,False,0.418,0.395,0.783,46,25,13,231,9
2024,0022400799,2025-02-21,MIL @ WAS,Milwaukee Bucks,MIL,104,True,0.476,0.281,0.654,44,24,16,Washington Wizards,WAS,101,False,0.402,0.308,0.704,42,25,14,205,3
2024,0022400802,2025-02-21,DET @ SAS,Detroit Pistons,DET,125,True,0.5,0.343,0.864,53,31,16,San Antonio Spurs,SAS,110,False,0.512,0.345,0.636,32,27,15,235,15
2024,2022400303,2025-02-21,WES vs. RAP,Raptors 905,RAP,106,False,0.452,0.344,0.75,32,28,14,Westchester Knicks,WES,109,True,0.443,0.333,0.789,48,23,23,215,3
2024,2022400305,2025-02-21,OKL @ SCW,Oklahoma City Blue,OKL,103,False,0.38,0.304,0.733,52,26,15,Santa Cruz Warriors,SCW,113,True,0.443,0.302,0.778,50,26,9,216,10
2024,0022400798,2025-02-21,ORL vs. MEM,Memphis Grizzlies,MEM,105,True,0.413,0.212,0.759,53,22,14,Orlando Magic,ORL,104,False,0.409,0.29,0.697,50,23,12,209,1
2024,0022400803,2025-02-21,NOP @ DAL,New Orleans Pelicans,NOP,103,False,0.413,0.296,0.76,53,25,14,Dallas Mavericks,DAL,111,True,0.43,0.364,0.778,47,28,13,214,8
2024,2022400301,2025-02-21,MXC @ GBO,Mexico City Capitanes,MXC,85,False,0.337,0.357,0.733,34,18,13,Greensboro Swarm,GBO,129,True,0.526,0.444,0.7,63,30,12,214,44
2024,2022400304,2025-02-21,SLC @ SDC,Salt Lake City Stars,SLC,136,True,0.55,0.412,0.636,63,21,25,San Diego Clippers,SDC,127,False,0.51,0.366,0.667,23,31,10,263,9
2024,0022400804,2025-02-21,OKC @ UTA,Oklahoma City Thunder,OKC,130,True,0.474,0.442,0.95,51,38,12,Utah Jazz,UTA,107,False,0.456,0.366,0.556,43,27,19,237,23
2024,0022400801,2025-02-21,HOU vs. MIN,Minnesota Timberwolves,MIN,115,False,0.446,0.289,0.846,35,22,9,Houston Rockets,HOU,121,True,0.5,0.5,0.75,48,18,20,236,6
2024,0022400809,2025-02-22,UTA vs. HOU,Houston Rockets,HOU,115,False,0.44,0.395,0.556,41,33,7,Utah Jazz,UTA,124,True,0.5,0.325,0.481,58,28,8,239,9
2024,2022400310,2025-02-22,MHU vs. RGV,Rio Grande Valley Vipers,RGV,120,False,0.488,0.32,0.611,34,24,20,Memphis Hustle,MHU,136,True,0.545,0.436,0.824,37,34,17,256,16
2024,2022400308,2025-02-22,DEL @ GRG,Delaware Blue Coats,DEL,119,True,0.427,0.413,0.714,52,28,10,Grand Rapids Gold,GRG,99,False,0.375,0.308,0.667,54,18,14,218,20
2024,2022400312,2025-02-22,VAL @ SBL,Valley Suns,VAL,98,False,0.387,0.205,0.714,46,19,11,South Bay Lakers,SBL,118,True,0.488,0.361,0.824,52,28,11,216,20
2024,0022400806,2025-02-22,CHI vs. PHX,Phoenix Suns,PHX,121,True,0.483,0.333,0.893,49,29,11,Chicago Bulls,CHI,117,False,0.418,0.34,1.0,45,29,9,238,4
2024,2022400309,2025-02-22,MXC @ GBO,Mexico City Capitanes,MXC,71,False,0.377,0.296,0.462,40,14,21,Greensboro Swarm,GBO,89,True,0.422,0.2,0.579,49,15,14,160,18
2024,2022400306,2025-02-22,BHM @ CLC,Birmingham Squadron,BHM,104,True,0.42,0.391,0.643,43,25,13,Cleveland Charge,CLC,100,False,0.393,0.293,0.556,50,20,12,204,4
2024,2022400307,2025-02-22,CCG @ WCB,Capital City Go-Go,CCG,128,True,0.56,0.545,0.769,39,30,14,Windy City Bulls,WCB,107,False,0.415,0.333,0.556,56,27,17,235,21
2024,2022400314,2025-02-22,OKL @ SCW,Oklahoma City Blue,OKL,134,True,0.556,0.387,0.714,44,34,10,Santa Cruz Warriors,SCW,125,False,0.484,0.386,0.706,42,22,15,259,9
2024,0022400810,2025-02-22,CHA @ POR,Charlotte Hornets,CHA,88,False,0.347,0.156,0.714,37,19,15,Portland Trail Blazers,POR,141,True,0.586,0.465,0.704,57,37,18,229,53
2024,2022400311,2025-02-22,WIS vs. MCC,Motor City Cruise,MCC,127,True,0.545,0.515,0.895,47,25,21,Wisconsin Herd,WIS,91,False,0.361,0.258,0.75,32,15,14,218,36
2024,0022400807,2025-02-22,BKN @ PHI,Brooklyn Nets,BKN,105,True,0.506,0.25,0.842,39,27,16,Philadelphia 76ers,PHI,103,False,0.424,0.256,0.875,43,21,13,208,2
2024,0022400808,2025-02-22,DEN vs. LAL,Los Angeles Lakers,LAL,123,True,0.5,0.39,0.84,39,27,8,Denver Nuggets,DEN,100,False,0.4,0.39,0.762,45,28,20,223,23
2024,2022400313,2025-02-22,RCR @ TEX,Rip City Remix,RCR,120,True,0.478,0.306,0.667,46,25,11,Texas Legends,TEX,96,False,0.404,0.267,1.0,47,23,22,216,24
2024,2022400320,2025-02-23,RCR @ TEX,Rip City Remix,RCR,87,False,0.427,0.229,0.25,52,29,21,Texas Legends,TEX,98,True,0.433,0.382,0.5,45,22,14,185,11
2024,2022400316,2025-02-23,LIN vs. OSC,Osceola Magic,OSC,119,False,0.446,0.257,0.889,50,23,12,Long Island Nets,LIN,121,True,0.447,0.386,0.706,44,26,13,240,2
2024,2022400317,2025-02-23,CCG @ WCB,Capital City Go-Go,CCG,104,False,0.464,0.367,0.636,30,29,13,Windy City Bulls,WCB,121,True,0.532,0.407,0.944,45,28,19,225,17
2024,2022400318,2025-02-23,IWA vs. SDC,San Diego Clippers,SDC,117,True,0.5,0.293,0.8,41,27,17,Iowa Wolves,IWA,108,False,0.463,0.343,0.765,46,22,22,225,9
2024,2022400319,2025-02-23,MHU vs. MNE,Maine Celtics,MNE,107,False,0.44,0.167,0.706,54,20,20,Memphis Hustle,MHU,115,True,0.432,0.391,0.765,42,28,15,222,8
2024,0022400812,2025-02-23,DAL @ GSW,Dallas Mavericks,DAL,102,False,0.463,0.406,0.684,41,24,18,Golden State Warriors,GSW,126,True,0.48,0.3,0.87,54,30,10,228,24
2024,0022400814,2025-02-23,ATL vs. DET,Detroit Pistons,DET,148,True,0.591,0.5,0.72,37,39,17,Atlanta Hawks,ATL,143,False,0.5,0.467,0.722,40,30,13,291,5
2024,0022400816,2025-02-23,TOR vs. PHX,Phoenix Suns,PHX,109,False,0.506,0.25,0.727,37,22,11,Toronto Raptors,TOR,127,True,0.489,0.571,0.7,49,30,14,236,18
2024,0022400813,2025-02-23,IND vs. LAC,LA Clippers,LAC,111,False,0.447,0.25,0.758,32,23,10,Indiana Pacers,IND,129,True,0.548,0.333,0.926,46,31,12,240,18
2024,2022400315,2025-02-23,BHM @ CLC,Birmingham Squadron,BHM,106,True,0.444,0.325,0.583,44,20,12,Cleveland Charge,CLC,95,False,0.44,0.351,0.667,43,26,21,201,11
2024,0022400817,2025-02-23,MIA @ MIL,Miami Heat,MIA,113,False,0.466,0.29,0.846,46,25,9,Milwaukee Bucks,MIL,120,True,0.512,0.359,0.818,40,25,9,233,7
2024,0022400818,2025-02-23,NOP vs. SAS,San Antonio Spurs,SAS,96,False,0.33,0.294,0.68,46,29,10,New Orleans Pelicans,NOP,114,True,0.447,0.333,0.731,69,27,16,210,18
2024,0022400820,2025-02-23,OKC @ MIN,Oklahoma City Thunder,OKC,130,True,0.558,0.543,0.75,37,32,13,Minnesota Timberwolves,MIN,123,False,0.438,0.4,0.964,44,23,13,253,7
2024,0022400819,2025-02-23,CLE vs. MEM,Memphis Grizzlies,MEM,123,False,0.457,0.385,0.774,37,28,13,Cleveland Cavaliers,CLE,129,True,0.465,0.277,0.686,57,25,14,252,6
2024,0022400815,2025-02-23,ORL vs. WAS,Washington Wizards,WAS,90,False,0.41,0.263,0.727,36,22,20,Orlando Magic,ORL,110,True,0.444,0.344,0.864,47,25,13,200,20
2024,0022400811,2025-02-23,NYK @ BOS,New York Knicks,NYK,105,False,0.435,0.389,1.0,40,21,11,Boston Celtics,BOS,118,True,0.495,0.386,1.0,49,27,10,223,13
2024,0022400821,2025-02-24,LAC @ DET,LA Clippers,LAC,97,False,0.402,0.268,0.632,48,24,17,Detroit Pistons,DET,106,True,0.456,0.31,0.694,46,22,15,203,9
2024,0022400828,2025-02-24,SAC vs. CHA,Charlotte Hornets,CHA,88,False,0.353,0.25,0.75,37,24,19,Sacramento Kings,SAC,130,True,0.54,0.526,0.889,49,30,18,218,42
2024,0022400825,2025-02-24,MIA @ ATL,Miami Heat,MIA,86,False,0.321,0.175,0.926,45,15,17,Atlanta Hawks,ATL,98,True,0.455,0.257,0.75,50,29,16,184,12
2024,0022400826,2025-02-24,OKC vs. MIN,Minnesota Timberwolves,MIN,131,True,0.454,0.281,0.872,54,29,13,Oklahoma City Thunder,OKC,128,False,0.425,0.306,0.793,53,27,11,259,3
2024,2022400321,2025-02-24,GBO @ IMA,Greensboro Swarm,GBO,93,False,0.394,0.3,0.667,38,19,9,Indiana Mad Ants,IMA,121,True,0.549,0.29,0.7,55,35,16,214,28
2024,0022400827,2025-02-24,UTA vs. POR,Portland Trail Blazers,POR,114,True,0.418,0.318,0.75,51,26,13,Utah Jazz,UTA,112,False,0.398,0.409,0.842,45,24,15,226,2
2024,2022400324,2025-02-24,SLC vs. CPS,College Park Skyhawks,CPS,96,False,0.411,0.125,0.75,46,20,15,Salt Lake City Stars,SLC,119,True,0.441,0.439,0.786,53,28,15,215,23
2024,2022400322,2025-02-24,GRG vs. DEL,Delaware Blue Coats,DEL,117,False,0.448,0.333,0.846,41,26,5,Grand Rapids Gold,GRG,121,True,0.463,0.366,0.917,53,32,14,238,4
2024,0022400824,2025-02-24,WAS vs. BKN,Brooklyn Nets,BKN,99,False,0.393,0.389,0.792,39,25,15,Washington Wizards,WAS,107,True,0.5,0.419,0.96,37,26,24,206,8
2024,0022400823,2025-02-24,CHI @ PHI,Chicago Bulls,CHI,142,True,0.506,0.45,0.944,44,32,13,Philadelphia 76ers,PHI,110,False,0.389,0.25,0.897,47,19,16,252,32
2024,0022400822,2025-02-24,DEN @ IND,Denver Nuggets,DEN,125,True,0.564,0.381,0.786,46,39,19,Indiana Pacers,IND,116,False,0.471,0.326,0.815,32,29,17,241,9
2024,2022400323,2025-02-24,IWA vs. SDC,San Diego Clippers,SDC,123,True,0.5,0.243,0.842,41,29,10,Iowa Wolves,IWA,116,False,0.516,0.387,0.6,43,28,18,239,7
2024,2022400325,2025-02-25,CLC @ GRG,Cleveland Charge,CLC,117,True,0.516,0.41,0.571,36,23,11,Grand Rapids Gold,GRG,103,False,0.438,0.378,0.833,50,27,18,220,14
2024,0022400831,2025-02-25,MIL @ HOU,Milwaukee Bucks,MIL,97,False,0.4,0.324,0.739,37,19,13,Houston Rockets,HOU,100,True,0.407,0.343,0.778,53,18,15,197,3
2024,0022400835,2025-02-25,LAL vs. DAL,Dallas Mavericks,DAL,99,False,0.357,0.386,0.923,45,23,12,Los Angeles Lakers,LAL,107,True,0.448,0.275,0.75,57,24,14,206,8
2024,0022400830,2025-02-25,CLE @ ORL,Cleveland Cavaliers,CLE,122,True,0.563,0.594,0.813,47,25,11,Orlando Magic,ORL,82,False,0.367,0.179,0.786,35,21,10,204,40
2024,0022400832,2025-02-25,PHX @ MEM,Phoenix Suns,PHX,148,False,0.535,0.568,0.808,46,39,16,Memphis Grizzlies,MEM,151,True,0.525,0.417,0.9,38,36,12,299,3
2024,2022400328,2025-02-25,WIS vs. WCB,Windy City Bulls,WCB,106,True,0.47,0.346,0.867,44,26,16,Wisconsin Herd,WIS,104,False,0.478,0.4,0.5,39,25,13,210,2
2024,2022400330,2025-02-25,MXC vs. AUS,Austin Spurs,AUS,115,True,0.494,0.541,0.667,58,23,19,Mexico City Capitanes,MXC,88,False,0.388,0.333,0.421,31,17,10,203,27
2024,0022400829,2025-02-25,BOS @ TOR,Boston Celtics,BOS,111,True,0.473,0.294,1.0,39,24,14,Toronto Raptors,TOR,101,False,0.506,0.152,0.75,40,27,16,212,10
2024,2022400327,2025-02-25,LIN @ WES,Long Island Nets,LIN,119,True,0.476,0.344,0.857,52,27,16,Westchester Knicks,WES,117,False,0.441,0.255,0.833,54,30,15,236,2
2024,0022400834,2025-02-25,CHA @ GSW,Charlotte Hornets,CHA,92,False,0.371,0.275,0.833,50,18,24,Golden State Warriors,GSW,128,True,0.49,0.357,0.833,51,40,11,220,36
2024,0022400833,2025-02-25,NOP vs. SAS,San Antonio Spurs,SAS,103,False,0.409,0.295,0.778,45,29,20,New Orleans Pelicans,NOP,109,True,0.436,0.226,0.8,54,25,19,212,6
2024,2022400011,2025-02-25,VAL vs. RCR,Rip City Remix,RCR,109,False,0.43,0.262,0.611,47,24,19,Valley Suns,VAL,135,True,0.529,0.412,0.727,45,31,14,244,26
2024,2022400326,2025-02-25,MNE @ MCC,Maine Celtics,MNE,107,True,0.531,0.273,0.875,43,19,27,Motor City Cruise,MCC,104,False,0.452,0.4,0.5,36,26,19,211,3
2024,2022400329,2025-02-25,TEX @ SXF,Texas Legends,TEX,107,False,0.469,0.364,0.786,41,23,22,Sioux Falls Skyforce,SXF,114,True,0.449,0.382,0.824,47,25,19,221,7
2024,2022400332,2025-02-26,GBO @ CCG,Greensboro Swarm,GBO,108,True,0.444,0.154,0.84,51,21,12,Capital City Go-Go,CCG,101,False,0.419,0.316,0.538,45,23,13,209,7
2024,0022400839,2025-02-26,WAS vs. POR,Portland Trail Blazers,POR,129,True,0.446,0.324,0.771,46,27,15,Washington Wizards,WAS,121,False,0.518,0.333,0.697,41,25,19,250,8
2024,0022400840,2025-02-26,BKN vs. OKC,Oklahoma City Thunder,OKC,129,True,0.533,0.3,0.828,45,27,11,Brooklyn Nets,BKN,121,False,0.409,0.377,0.88,46,31,14,250,8
2024,0022400837,2025-02-26,IND vs. TOR,Toronto Raptors,TOR,91,False,0.425,0.222,0.688,40,23,18,Indiana Pacers,IND,111,True,0.531,0.405,0.625,41,28,19,202,20
2024,2022400331,2025-02-26,RAP @ OKL,Raptors 905,RAP,119,False,0.4,0.297,0.688,55,31,14,Oklahoma City Blue,OKL,123,True,0.426,0.35,0.783,57,23,20,242,4
2024,0022400836,2025-02-26,DET vs. BOS,Boston Celtics,BOS,97,False,0.413,0.429,0.667,32,21,17,Detroit Pistons,DET,117,True,0.528,0.394,0.588,51,29,12,214,20
2024,0022400838,2025-02-26,PHI @ NYK,Philadelphia 76ers,PHI,105,False,0.443,0.324,0.8,35,21,13,New York Knicks,NYK,110,True,0.519,0.368,0.793,43,22,16,215,5
2024,2022400333,2025-02-26,MHU @ STO,Memphis Hustle,MHU,108,False,0.41,0.364,0.5,44,31,11,Stockton Kings,STO,120,True,0.476,0.282,0.85,59,22,21,228,12
2024,0022400844,2025-02-26,HOU vs. SAS,San Antonio Spurs,SAS,106,False,0.42,0.179,0.714,41,28,8,Houston Rockets,HOU,118,True,0.471,0.289,0.786,60,22,14,224,12
2024,0022400842,2025-02-26,CHI vs. LAC,LA Clippers,LAC,122,True,0.518,0.514,0.882,44,33,15,Chicago Bulls,CHI,117,False,0.489,0.452,0.545,41,35,16,239,5
2024,2022400334,2025-02-26,RGV @ DEL,Rio Grande Valley Vipers,RGV,121,False,0.475,0.275,0.75,43,31,16,Delaware Blue Coats,DEL,124,True,0.518,0.395,0.706,48,27,18,245,3
2024,0022400843,2025-02-26,SAC @ UTA,Sacramento Kings,SAC,118,True,0.529,0.417,0.917,47,28,12,Utah Jazz,UTA,101,False,0.452,0.364,0.529,34,32,9,219,17
2024,2022400335,2025-02-26,SLC vs. CPS,College Park Skyhawks,CPS,117,False,0.459,0.468,0.75,37,26,13,Salt Lake City Stars,SLC,130,True,0.495,0.39,0.786,49,27,10,247,13
2024,0022400841,2025-02-26,ATL @ MIA,Atlanta Hawks,ATL,109,False,0.506,0.375,0.789,33,29,15,Miami Heat,MIA,131,True,0.592,0.548,0.818,35,39,14,240,22
2024,0022400845,2025-02-27,ORL vs. GSW,Golden State Warriors,GSW,121,True,0.456,0.422,0.882,38,26,12,Orlando Magic,ORL,115,False,0.506,0.393,0.778,46,23,18,236,6
2024,0022400848,2025-02-27,NOP @ PHX,New Orleans Pelicans,NOP,124,True,0.481,0.362,0.583,50,25,6,Phoenix Suns,PHX,116,False,0.468,0.377,0.8,52,29,10,240,8
2024,0022400846,2025-02-27,MIL vs. DEN,Denver Nuggets,DEN,112,False,0.448,0.265,0.818,55,28,13,Milwaukee Bucks,MIL,121,True,0.467,0.412,0.821,48,25,11,233,9
2024,2022400337,2025-02-27,TEX @ SXF,Texas Legends,TEX,107,False,0.473,0.375,0.833,28,31,7,Sioux Falls Skyforce,SXF,125,True,0.528,0.423,0.75,55,25,12,232,18
2024,2022400336,2025-02-27,LIN @ AUS,Long Island Nets,LIN,121,False,0.529,0.483,0.615,32,26,12,Austin Spurs,AUS,124,True,0.548,0.326,0.455,40,23,12,245,3
2024,2022400338,2025-02-27,WCB vs. BHM,Birmingham Squadron,BHM,100,False,0.427,0.357,0.813,44,25,20,Windy City Bulls,WCB,102,True,0.416,0.324,0.667,52,29,15,202,2
2024,2022400339,2025-02-27,IMA @ SDC,Indiana Mad Ants,IMA,100,False,0.42,0.429,0.714,41,26,11,San Diego Clippers,SDC,110,True,0.437,0.258,0.842,56,16,10,210,10
2024,0022400847,2025-02-27,CHA @ DAL,Charlotte Hornets,CHA,96,False,0.408,0.259,0.692,56,25,15,Dallas Mavericks,DAL,103,True,0.412,0.306,0.75,48,23,7,199,7
2024,0022400849,2025-02-27,LAL vs. MIN,Minnesota Timberwolves,MIN,102,False,0.417,0.293,0.769,41,25,10,Los Angeles Lakers,LAL,111,True,0.415,0.268,0.696,52,21,12,213,9
2024,2022400344,2025-02-28,RAP @ WIS,Raptors 905,RAP,104,False,0.506,0.267,0.615,36,26,11,Wisconsin Herd,WIS,118,True,0.518,0.484,0.75,41,33,13,222,14
2024,0022400859,2025-02-28,LAC @ LAL,LA Clippers,LAC,102,False,0.448,0.243,0.714,44,25,17,Los Angeles Lakers,LAL,106,True,0.488,0.333,0.773,39,19,15,208,4
2024,0022400852,2025-02-28,BOS vs. CLE,Cleveland Cavaliers,CLE,123,True,0.479,0.436,0.842,44,23,7,Boston Celtics,BOS,116,False,0.483,0.436,0.765,40,20,11,239,7
2024,0022400851,2025-02-28,ATL vs. OKC,Oklahoma City Thunder,OKC,135,True,0.505,0.46,0.833,43,37,11,Atlanta Hawks,ATL,119,False,0.489,0.417,0.783,46,27,19,254,16
2024,2022400340,2025-02-28,RGV @ CPS,Rio Grande Valley Vipers,RGV,100,True,0.413,0.25,0.667,57,20,18,College Park Skyhawks,CPS,87,False,0.36,0.214,0.846,46,20,17,187,13
2024,0022400857,2025-02-28,PHX vs. NOP,New Orleans Pelicans,NOP,108,False,0.506,0.393,0.6,35,28,14,Phoenix Suns,PHX,125,True,0.595,0.525,0.769,35,35,15,233,17
2024,2022400341,2025-02-28,CLC @ GRG,Cleveland Charge,CLC,115,False,0.452,0.359,0.833,49,21,13,Grand Rapids Gold,GRG,123,True,0.485,0.381,0.583,51,29,11,238,8
2024,0022400858,2025-02-28,UTA vs. MIN,Minnesota Timberwolves,MIN,116,False,0.436,0.385,0.571,40,35,7,Utah Jazz,UTA,117,True,0.511,0.4,0.643,60,35,20,233,1
2024,0022400855,2025-02-28,CHI vs. TOR,Toronto Raptors,TOR,115,False,0.417,0.351,0.8,51,30,14,Chicago Bulls,CHI,125,True,0.446,0.265,0.88,45,32,11,240,10
2024,0022400850,2025-02-28,DET vs. DEN,Denver Nuggets,DEN,134,True,0.56,0.548,0.742,50,28,19,Detroit Pistons,DET,119,False,0.455,0.324,0.739,42,32,10,253,15
2024,0022400856,2025-02-28,MEM vs. NYK,New York Knicks,NYK,114,True,0.463,0.342,0.813,35,29,8,Memphis Grizzlies,MEM,113,False,0.468,0.129,0.955,58,26,18,227,1
2024,2022400347,2025-02-28,SCW vs. MHU,Memphis Hustle,MHU,115,True,0.446,0.293,0.571,60,28,9,Santa Cruz Warriors,SCW,109,False,0.424,0.425,0.643,50,29,15,224,6
2024,2022400346,2025-02-28,VAL vs. RCR,Rip City Remix,RCR,110,False,0.477,0.314,0.533,53,21,15,Valley Suns,VAL,114,True,0.455,0.375,0.474,42,25,13,224,4
2024,2022400345,2025-02-28,SLC vs. SBL,South Bay Lakers,SBL,114,False,0.43,0.346,0.6,48,29,14,Salt Lake City Stars,SLC,123,True,0.494,0.342,0.739,45,32,10,237,9
2024,0022400853,2025-02-28,BKN vs. POR,Portland Trail Blazers,POR,121,True,0.577,0.417,0.593,36,31,20,Brooklyn Nets,BKN,102,False,0.414,0.241,0.852,45,20,21,223,19
2024,2022400342,2025-02-28,GBO vs. WES,Westchester Knicks,WES,103,False,0.407,0.333,0.636,35,21,13,Greensboro Swarm,GBO,132,True,0.522,0.5,0.929,56,31,13,235,29
2024,0022400854,2025-02-28,MIA vs. IND,Indiana Pacers,IND,120,False,0.534,0.538,0.625,30,35,10,Miami Heat,MIA,125,True,0.571,0.531,0.923,39,34,14,245,5
2024,2022400343,2025-02-28,IWA vs. OSC,Osceola Magic,OSC,125,True,0.485,0.359,0.889,69,29,20,Iowa Wolves,IWA,101,False,0.376,0.26,0.538,40,21,12,226,24
2024,2022400353,2025-03-01,IMA @ SDC,Indiana Mad Ants,IMA,103,False,0.446,0.259,0.793,42,12,25,San Diego Clippers,SDC,118,True,0.43,0.333,0.813,43,25,13,221,15
2024,0022400864,2025-03-01,PHI vs. GSW,Golden State Warriors,GSW,119,False,0.46,0.286,0.789,49,33,15,Philadelphia 76ers,PHI,126,True,0.529,0.576,0.607,40,27,14,245,7
2024,2022400349,2025-03-01,AUS vs. OKL,Oklahoma City Blue,OKL,98,False,0.434,0.303,0.75,42,22,14,Austin Spurs,AUS,116,True,0.446,0.298,1.0,45,25,7,214,18
2024,2022400350,2025-03-01,WIS vs. RAP,Raptors 905,RAP,102,False,0.476,0.381,0.647,43,28,13,Wisconsin Herd,WIS,104,True,0.437,0.345,0.833,41,20,8,206,2
2024,2022400351,2025-03-01,SXF @ STO,Sioux Falls Skyforce,SXF,98,False,0.38,0.2,0.833,44,20,13,Stockton Kings,STO,117,True,0.537,0.368,0.6,49,32,18,215,19
2024,2022400348,2025-03-01,GBO vs. WES,Westchester Knicks,WES,97,False,0.368,0.295,0.889,55,20,21,Greensboro Swarm,GBO,114,True,0.443,0.3,0.842,46,22,14,211,17
2024,0022400861,2025-03-01,BKN @ DET,Brooklyn Nets,BKN,94,False,0.305,0.154,0.857,38,19,12,Detroit Pistons,DET,115,True,0.542,0.429,0.862,47,31,23,209,21
2024,0022400860,2025-03-01,CHA vs. WAS,Washington Wizards,WAS,113,True,0.455,0.34,0.941,48,33,15,Charlotte Hornets,CHA,100,False,0.441,0.333,0.667,44,28,17,213,13
2024,2022400352,2025-03-01,TEX vs. LIN,Long Island Nets,LIN,110,True,0.364,0.224,0.75,61,25,10,Texas Legends,TEX,103,False,0.465,0.313,0.778,43,25,17,213,7
2024,0022400862,2025-03-01,HOU vs. SAC,Sacramento Kings,SAC,113,True,0.506,0.321,0.762,46,21,13,Houston Rockets,HOU,103,False,0.43,0.371,0.696,43,18,15,216,10
2024,2022400354,2025-03-01,SCW vs. MHU,Memphis Hustle,MHU,125,True,0.5,0.405,0.733,47,29,16,Santa Cruz Warriors,SCW,117,False,0.458,0.375,0.8,42,29,19,242,8
2024,0022400863,2025-03-01,MEM vs. SAS,San Antonio Spurs,SAS,130,True,0.521,0.389,0.727,42,33,11,Memphis Grizzlies,MEM,128,False,0.526,0.289,0.85,41,31,12,258,2
2024,0022400865,2025-03-01,MIL @ DAL,Milwaukee Bucks,MIL,132,True,0.506,0.333,0.886,52,33,13,Dallas Mavericks,DAL,117,False,0.473,0.275,0.8,33,25,11,249,15
2024,2022400359,2025-03-02,MXC @ RCR,Mexico City Capitanes,MXC,110,False,0.449,0.313,0.684,37,22,10,Rip City Remix,RCR,133,True,0.478,0.381,0.9,57,30,17,243,23
2024,2022400360,2025-03-02,SBL @ SDC,South Bay Lakers,SBL,120,True,0.5,0.364,0.833,48,31,13,San Diego Clippers,SDC,105,False,0.415,0.289,0.9,42,22,12,225,15
2024,0022400869,2025-03-02,MIA vs. NYK,New York Knicks,NYK,116,True,0.484,0.318,0.667,46,27,10,Miami Heat,MIA,112,False,0.536,0.314,0.688,34,29,12,228,4
2024,2022400356,2025-03-02,OSC vs. WCB,Windy City Bulls,WCB,101,False,0.415,0.231,0.9,36,27,13,Osceola Magic,OSC,132,True,0.543,0.44,0.778,59,28,12,233,31
2024,0022400873,2025-03-02,PHX vs. MIN,Minnesota Timberwolves,MIN,116,True,0.424,0.404,0.81,35,28,8,Phoenix Suns,PHX,98,False,0.438,0.31,0.789,57,24,20,214,18
2024,0022400867,2025-03-02,POR @ CLE,Portland Trail Blazers,POR,129,False,0.438,0.35,0.886,46,25,19,Cleveland Cavaliers,CLE,133,True,0.433,0.413,0.857,47,27,13,262,4
2024,0022400866,2025-03-02,DEN @ BOS,Denver Nuggets,DEN,103,False,0.477,0.343,0.692,38,27,11,Boston Celtics,BOS,110,True,0.474,0.412,0.815,45,26,14,213,7
2024,2022400355,2025-03-02,CPS vs. RGV,Rio Grande Valley Vipers,RGV,126,True,0.5,0.39,0.563,47,32,11,College Park Skyhawks,CPS,108,False,0.396,0.289,0.714,50,23,11,234,18
2024,0022400874,2025-03-02,LAC @ LAL,LA Clippers,LAC,102,False,0.432,0.308,0.824,40,24,12,Los Angeles Lakers,LAL,108,True,0.494,0.429,0.7,41,21,16,210,6
2024,0022400871,2025-03-02,OKC @ SAS,Oklahoma City Thunder,OKC,146,True,0.545,0.432,0.85,45,34,7,San Antonio Spurs,SAS,132,False,0.56,0.419,0.75,35,36,12,278,14
2024,0022400868,2025-03-02,IND vs. CHI,Chicago Bulls,CHI,112,False,0.5,0.303,0.778,42,24,12,Indiana Pacers,IND,127,True,0.552,0.432,0.667,36,34,10,239,15
2024,2022400357,2025-03-02,DEL @ BHM,Delaware Blue Coats,DEL,91,False,0.326,0.25,0.75,52,19,18,Birmingham Squadron,BHM,111,True,0.432,0.304,0.727,56,32,17,202,20
2024,0022400872,2025-03-02,UTA vs. NOP,New Orleans Pelicans,NOP,128,True,0.52,0.341,0.538,48,35,11,Utah Jazz,UTA,121,False,0.479,0.364,0.765,41,35,11,249,7
2024,2022400358,2025-03-02,LIN @ TEX,Long Island Nets,LIN,118,False,0.447,0.345,0.857,34,23,18,Texas Legends,TEX,122,True,0.58,0.2,0.75,38,25,20,240,4
2024,0022400870,2025-03-02,ORL vs. TOR,Toronto Raptors,TOR,104,True,0.463,0.318,0.767,40,22,14,Orlando Magic,ORL,102,False,0.448,0.333,0.833,35,17,14,206,2
2024,0022400877,2025-03-03,WAS @ MIA,Washington Wizards,WAS,90,False,0.369,0.286,0.818,43,22,13,Miami Heat,MIA,106,True,0.476,0.351,0.833,48,31,11,196,16
2024,2022400362,2025-03-03,IWA @ SLC,Iowa Wolves,IWA,127,False,0.462,0.441,0.882,38,22,13,Salt Lake City Stars,SLC,130,True,0.474,0.36,0.789,52,30,17,257,3
2024,2022400363,2025-03-03,OSC vs. WCB,Windy City Bulls,WCB,123,False,0.5,0.297,0.643,46,28,12,Osceola Magic,OSC,125,True,0.537,0.474,0.667,38,24,19,248,2
2024,0022400878,2025-03-03,ATL @ MEM,Atlanta Hawks,ATL,132,True,0.573,0.464,0.529,32,35,12,Memphis Grizzlies,MEM,130,False,0.505,0.394,0.92,43,36,19,262,2
2024,0022400879,2025-03-03,HOU @ OKC,Houston Rockets,HOU,128,False,0.485,0.457,0.824,49,20,16,Oklahoma City Thunder,OKC,137,True,0.495,0.459,0.889,49,31,13,265,9
2024,0022400875,2025-03-03,CHA vs. GSW,Golden State Warriors,GSW,119,True,0.421,0.36,0.875,54,33,8,Charlotte Hornets,CHA,101,False,0.395,0.275,0.667,47,20,17,220,18
2024,0022400880,2025-03-03,SAC @ DAL,Sacramento Kings,SAC,122,True,0.522,0.471,1.0,37,34,7,Dallas Mavericks,DAL,98,False,0.455,0.269,0.875,37,28,13,220,24
2024,2022400361,2025-03-03,IMA vs. RAP,Raptors 905,RAP,112,False,0.392,0.302,0.789,42,22,18,Indiana Mad Ants,IMA,122,True,0.538,0.333,0.733,55,36,22,234,10
2024,0022400881,2025-03-03,UTA vs. DET,Detroit Pistons,DET,134,True,0.554,0.268,0.75,39,32,13,Utah Jazz,UTA,106,False,0.427,0.303,0.813,41,19,27,240,28
2024,0022400876,2025-03-03,PHI vs. POR,Portland Trail Blazers,POR,119,True,0.485,0.314,0.632,61,26,10,Philadelphia 76ers,PHI,102,False,0.432,0.314,0.692,43,27,8,221,17
2024,2022400364,2025-03-04,MNE @ GRG,Maine Celtics,MNE,122,True,0.522,0.314,0.786,46,18,12,Grand Rapids Gold,GRG,111,False,0.366,0.25,0.947,53,24,14,233,11
2024,0022400888,2025-03-04,BKN @ SAS,Brooklyn Nets,BKN,113,False,0.453,0.34,0.857,40,29,13,San Antonio Spurs,SAS,127,True,0.547,0.462,0.5,46,37,13,240,14
2024,2022400368,2025-03-04,IMA vs. LIN,Long Island Nets,LIN,114,True,0.468,0.455,0.75,47,25,13,Indiana Mad Ants,IMA,109,False,0.453,0.324,0.875,45,18,13,223,5
2024,2022400369,2025-03-04,SBL @ MHU,South Bay Lakers,SBL,118,True,0.427,0.432,1.0,51,32,17,Memphis Hustle,MHU,108,False,0.404,0.267,0.818,48,26,10,226,10
2024,0022400883,2025-03-04,ORL vs. TOR,Toronto Raptors,TOR,114,True,0.475,0.4,0.743,48,28,20,Orlando Magic,ORL,113,False,0.482,0.417,0.783,35,28,14,227,1
2024,2022400365,2025-03-04,CCG vs. GBO,Greensboro Swarm,GBO,111,True,0.462,0.447,0.842,47,20,14,Capital City Go-Go,CCG,102,False,0.448,0.241,0.714,42,25,10,213,9
2024,2022400370,2025-03-04,RGV vs. SXF,Sioux Falls Skyforce,SXF,119,False,0.539,0.361,0.6,38,25,20,Rio Grande Valley Vipers,RGV,124,True,0.528,0.421,0.733,42,33,19,243,5
2024,0022400885,2025-03-04,NYK vs. GSW,Golden State Warriors,GSW,114,True,0.489,0.351,0.789,44,30,11,New York Knicks,NYK,102,False,0.446,0.242,0.8,42,26,13,216,12
2024,2022400371,2025-03-04,VAL @ STO,Valley Suns,VAL,127,False,0.484,0.289,0.778,40,28,14,Stockton Kings,STO,136,True,0.565,0.575,0.846,41,29,17,263,9
2024,0022400890,2025-03-04,NOP @ LAL,New Orleans Pelicans,NOP,115,False,0.495,0.265,0.667,35,29,9,Los Angeles Lakers,LAL,136,True,0.533,0.365,0.778,51,32,14,251,21
2024,0022400882,2025-03-04,HOU @ IND,Houston Rockets,HOU,102,False,0.408,0.3,0.5,58,22,14,Indiana Pacers,IND,115,True,0.512,0.405,1.0,35,34,11,217,13
2024,0022400889,2025-03-04,LAC @ PHX,LA Clippers,LAC,117,False,0.518,0.267,0.852,37,29,6,Phoenix Suns,PHX,119,True,0.513,0.412,0.852,37,31,11,236,2
2024,2022400366,2025-03-04,WES @ AUS,Westchester Knicks,WES,111,True,0.422,0.314,0.769,51,18,16,Austin Spurs,AUS,103,False,0.426,0.283,0.667,44,20,14,214,8
2024,0022400886,2025-03-04,CLE @ CHI,Cleveland Cavaliers,CLE,139,True,0.469,0.354,0.909,53,27,8,Chicago Bulls,CHI,117,False,0.443,0.25,0.706,50,32,7,256,22
2024,0022400887,2025-03-04,PHI @ MIN,Philadelphia 76ers,PHI,112,False,0.488,0.281,0.704,36,22,13,Minnesota Timberwolves,MIN,126,True,0.568,0.45,0.941,37,29,17,238,14
2024,2022400367,2025-03-04,DEL @ BHM,Delaware Blue Coats,DEL,111,False,0.506,0.41,0.6,39,29,13,Birmingham Squadron,BHM,112,True,0.488,0.429,0.667,45,31,17,223,1
2024,0022400884,2025-03-04,MIL @ ATL,Milwaukee Bucks,MIL,127,True,0.51,0.297,0.783,51,27,14,Atlanta Hawks,ATL,121,False,0.455,0.39,0.765,47,33,11,248,6
2024,0022400892,2025-03-05,CHA vs. MIN,Minnesota Timberwolves,MIN,125,True,0.489,0.429,0.727,43,27,5,Charlotte Hornets,CHA,110,False,0.442,0.286,0.778,57,26,13,235,15
2024,0022400893,2025-03-05,CLE vs. MIA,Miami Heat,MIA,107,False,0.434,0.361,0.88,42,29,13,Cleveland Cavaliers,CLE,112,True,0.471,0.35,0.727,47,26,13,219,5
2024,0022400894,2025-03-05,UTA @ WAS,Utah Jazz,UTA,122,False,0.465,0.35,0.7,58,21,14,Washington Wizards,WAS,125,True,0.442,0.362,0.828,45,32,9,247,3
2024,2022400375,2025-03-05,WIS @ SCW,Wisconsin Herd,WIS,116,True,0.483,0.4,0.75,50,22,20,Santa Cruz Warriors,SCW,98,False,0.379,0.295,0.611,44,24,19,214,18
2024,2022400373,2025-03-05,SLC @ OKL,Salt Lake City Stars,SLC,102,False,0.374,0.326,0.813,43,27,14,Oklahoma City Blue,OKL,117,True,0.473,0.343,0.786,55,24,12,219,15
2024,0022400895,2025-03-05,MEM vs. OKC,Oklahoma City Thunder,OKC,120,True,0.506,0.417,0.895,39,27,11,Memphis Grizzlies,MEM,103,False,0.407,0.265,0.909,49,21,15,223,17
2024,2022400372,2025-03-05,CLC vs. OSC,Osceola Magic,OSC,149,True,0.49,0.535,0.769,40,28,15,Cleveland Charge,CLC,144,False,0.52,0.39,0.867,54,33,26,293,5
2024,2022400374,2025-03-05,MXC @ RCR,Mexico City Capitanes,MXC,110,False,0.419,0.25,0.733,49,21,15,Rip City Remix,RCR,124,True,0.495,0.268,0.923,48,32,12,234,14
2024,0022400898,2025-03-05,LAC vs. DET,Detroit Pistons,DET,115,False,0.523,0.314,0.737,34,27,12,LA Clippers,LAC,123,True,0.55,0.542,0.846,33,18,9,238,8
2024,0022400896,2025-03-05,DEN vs. SAC,Sacramento Kings,SAC,110,False,0.458,0.407,0.786,45,22,12,Denver Nuggets,DEN,116,True,0.46,0.343,0.8,46,28,13,226,6
2024,0022400897,2025-03-05,DAL @ MIL,Dallas Mavericks,DAL,107,False,0.459,0.333,0.4,30,30,10,Milwaukee Bucks,MIL,137,True,0.584,0.457,0.895,55,29,17,244,30
2024,0022400891,2025-03-05,POR @ BOS,Portland Trail Blazers,POR,118,False,0.5,0.4,0.706,39,19,8,Boston Celtics,BOS,128,True,0.464,0.426,0.882,52,24,9,246,10
2024,2022400376,2025-03-06,MCC @ SDC,Motor City Cruise,MCC,118,True,0.517,0.375,0.8,45,25,21,San Diego Clippers,SDC,114,False,0.438,0.324,1.0,34,20,14,232,4
2024,2022400379,2025-03-06,BHM vs. GRG,Grand Rapids Gold,GRG,136,True,0.573,0.641,0.643,42,32,12,Birmingham Squadron,BHM,115,False,0.505,0.483,0.625,38,25,13,251,21
2024,0022400901,2025-03-06,GSW @ BKN,Golden State Warriors,GSW,121,True,0.488,0.375,0.906,45,31,16,Brooklyn Nets,BKN,119,False,0.506,0.455,0.889,32,30,11,240,2
2024,2022400377,2025-03-06,RAP vs. CPS,College Park Skyhawks,CPS,120,True,0.518,0.41,0.769,43,33,25,Raptors 905,RAP,117,False,0.474,0.289,0.769,41,29,18,237,3
2024,2022400380,2025-03-06,SBL @ MHU,South Bay Lakers,SBL,128,True,0.593,0.45,0.833,41,31,14,Memphis Hustle,MHU,124,False,0.449,0.455,0.75,39,27,8,252,4
2024,0022400902,2025-03-06,HOU @ NOP,Houston Rockets,HOU,109,True,0.568,0.31,0.444,41,33,19,New Orleans Pelicans,NOP,97,False,0.373,0.333,0.788,41,17,15,206,12
2024,0022400903,2025-03-06,LAL vs. NYK,New York Knicks,NYK,109,False,0.394,0.233,0.781,46,20,13,Los Angeles Lakers,LAL,113,True,0.427,0.333,0.821,49,25,16,222,4
2024,2022400378,2025-03-06,WES @ AUS,Westchester Knicks,WES,107,False,0.408,0.205,0.714,57,21,16,Austin Spurs,AUS,121,True,0.462,0.366,0.625,55,24,9,228,14
2024,2022400381,2025-03-06,TEX @ RGV,Texas Legends,TEX,118,False,0.512,0.286,0.773,32,26,13,Rio Grande Valley Vipers,RGV,140,True,0.551,0.463,0.875,43,35,18,258,22
2024,0022400900,2025-03-06,PHI @ BOS,Philadelphia 76ers,PHI,105,False,0.421,0.385,0.833,45,29,15,Boston Celtics,BOS,123,True,0.505,0.396,0.923,46,32,10,228,18
2024,0022400944,2025-03-06,CHI @ ORL,Chicago Bulls,CHI,125,True,0.5,0.375,0.8,48,25,18,Orlando Magic,ORL,123,False,0.46,0.273,0.85,33,26,12,248,2
2024,2022400382,2025-03-06,CCG @ VAL,Capital City Go-Go,CCG,106,False,0.404,0.41,0.714,42,28,14,Valley Suns,VAL,114,True,0.5,0.417,0.909,45,30,17,220,8
2024,0022400899,2025-03-06,ATL vs. IND,Indiana Pacers,IND,118,False,0.484,0.359,0.941,42,27,11,Atlanta Hawks,ATL,124,True,0.532,0.333,0.778,43,32,8,242,6
2024,2022400384,2025-03-07,CLC vs. MNE,Maine Celtics,MNE,114,True,0.484,0.341,0.438,52,28,19,Cleveland Charge,CLC,110,False,0.4,0.25,0.643,57,27,17,224,4
2024,0022400909,2025-03-07,DEN vs. PHX,Phoenix Suns,PHX,141,False,0.56,0.421,0.793,39,36,11,Denver Nuggets,DEN,149,True,0.588,0.525,0.778,38,45,9,290,8
2024,2022400389,2025-03-07,SCW vs. WIS,Wisconsin Herd,WIS,112,True,0.444,0.432,0.846,45,20,21,Santa Cruz Warriors,SCW,110,False,0.447,0.375,0.769,45,29,21,222,2
2024,0022400906,2025-03-07,DAL vs. MEM,Memphis Grizzlies,MEM,122,True,0.472,0.381,0.875,59,28,11,Dallas Mavericks,DAL,111,False,0.385,0.366,0.917,45,24,12,233,11
2024,0022400910,2025-03-07,SAC vs. SAS,San Antonio Spurs,SAS,109,False,0.46,0.381,0.565,36,27,7,Sacramento Kings,SAC,127,True,0.51,0.447,0.632,51,31,8,236,18
2024,0022400911,2025-03-07,LAC vs. NYK,New York Knicks,NYK,95,False,0.385,0.265,0.889,53,25,15,LA Clippers,LAC,105,True,0.42,0.395,0.842,47,23,12,200,10
2024,0022400907,2025-03-07,MIA vs. MIN,Minnesota Timberwolves,MIN,106,True,0.494,0.4,0.571,43,28,13,Miami Heat,MIA,104,False,0.461,0.412,0.727,41,29,9,210,2
2024,0022400908,2025-03-07,OKC vs. POR,Portland Trail Blazers,POR,89,False,0.347,0.186,0.833,53,15,17,Oklahoma City Thunder,OKC,107,True,0.464,0.368,0.882,43,25,11,196,18
2024,2022400385,2025-03-07,DEL vs. GBO,Greensboro Swarm,GBO,118,True,0.577,0.4,0.75,42,21,16,Delaware Blue Coats,DEL,107,False,0.42,0.31,0.706,39,12,12,225,11
2024,2022400387,2025-03-07,SXF @ AUS,Sioux Falls Skyforce,SXF,108,True,0.419,0.361,0.889,47,20,13,Austin Spurs,AUS,101,False,0.477,0.423,0.545,42,21,15,209,7
2024,2022400386,2025-03-07,RAP vs. CPS,College Park Skyhawks,CPS,134,True,0.543,0.37,0.821,43,20,20,Raptors 905,RAP,127,False,0.518,0.405,0.778,31,35,16,261,7
2024,2022400388,2025-03-07,VAL vs. CCG,Capital City Go-Go,CCG,113,True,0.462,0.306,0.611,50,24,11,Valley Suns,VAL,112,False,0.471,0.405,0.588,49,28,15,225,1
2024,0022400905,2025-03-07,TOR vs. UTA,Utah Jazz,UTA,109,False,0.464,0.258,0.59,56,21,24,Toronto Raptors,TOR,118,True,0.385,0.304,0.857,48,27,8,227,9
2024,0022400904,2025-03-07,CLE @ CHA,Cleveland Cavaliers,CLE,118,True,0.421,0.324,0.843,45,16,13,Charlotte Hornets,CHA,117,False,0.478,0.351,0.762,43,29,12,235,1
2024,2022400383,2025-03-07,OKL vs. SLC,Salt Lake City Stars,SLC,131,False,0.441,0.395,0.944,45,26,12,Oklahoma City Blue,OKL,133,True,0.578,0.538,0.714,38,31,18,264,2
2024,2022400392,2025-03-08,RGV vs. TEX,Texas Legends,TEX,104,False,0.398,0.304,0.917,50,21,24,Rio Grande Valley Vipers,RGV,115,True,0.469,0.395,0.625,52,22,18,219,11
2024,0022400918,2025-03-08,LAL @ BOS,Los Angeles Lakers,LAL,101,False,0.448,0.35,0.643,45,18,12,Boston Celtics,BOS,111,True,0.476,0.342,0.72,43,24,9,212,10
2024,2022400391,2025-03-08,GRG @ BHM,Grand Rapids Gold,GRG,107,False,0.415,0.286,0.667,46,23,18,Birmingham Squadron,BHM,128,True,0.518,0.654,0.813,45,30,16,235,21
2024,0022400919,2025-03-08,DET @ GSW,Detroit Pistons,DET,110,False,0.459,0.217,0.75,44,17,20,Golden State Warriors,GSW,115,True,0.417,0.293,0.805,46,26,17,225,5
2024,0022400912,2025-03-08,CHA vs. BKN,Brooklyn Nets,BKN,102,False,0.463,0.28,0.8,37,20,11,Charlotte Hornets,CHA,105,True,0.408,0.324,0.875,50,25,10,207,3
2024,2022400394,2025-03-08,STO vs. SDC,San Diego Clippers,SDC,105,False,0.4,0.31,0.923,40,21,11,Stockton Kings,STO,123,True,0.511,0.39,1.0,45,29,7,228,18
2024,0022400913,2025-03-08,NOP @ HOU,New Orleans Pelicans,NOP,117,False,0.485,0.353,0.563,44,29,13,Houston Rockets,HOU,146,True,0.556,0.425,0.905,48,32,10,263,29
2024,0022400915,2025-03-08,TOR vs. WAS,Washington Wizards,WAS,118,True,0.44,0.342,0.739,50,29,15,Toronto Raptors,TOR,117,False,0.421,0.385,0.9,49,24,15,235,1
2024,2022400390,2025-03-08,CLC vs. MNE,Maine Celtics,MNE,123,False,0.448,0.372,0.684,50,22,15,Cleveland Charge,CLC,127,True,0.505,0.361,0.647,48,26,12,250,4
2024,0022400914,2025-03-08,IND @ ATL,Indiana Pacers,IND,118,False,0.436,0.303,0.867,41,29,15,Atlanta Hawks,ATL,120,True,0.464,0.294,0.952,48,23,16,238,2
2024,0022400916,2025-03-08,MIA vs. CHI,Chicago Bulls,CHI,114,True,0.455,0.262,0.885,51,27,10,Miami Heat,MIA,109,False,0.423,0.302,0.737,44,25,9,223,5
2024,2022400393,2025-03-08,SBL vs. MCC,Motor City Cruise,MCC,103,False,0.466,0.233,0.636,41,22,19,South Bay Lakers,SBL,121,True,0.524,0.475,1.0,37,30,16,224,18
2024,0022400917,2025-03-08,MIL vs. ORL,Orlando Magic,ORL,111,True,0.512,0.375,0.789,34,19,10,Milwaukee Bucks,MIL,109,False,0.547,0.478,0.696,38,17,12,220,2
2024,0022400926,2025-03-09,DET @ POR,Detroit Pistons,DET,119,True,0.494,0.321,0.75,54,22,13,Portland Trail Blazers,POR,112,False,0.387,0.3,0.781,41,17,12,231,7
2024,0022400924,2025-03-09,PHI vs. UTA,Utah Jazz,UTA,122,False,0.419,0.391,0.839,44,25,17,Philadelphia 76ers,PHI,126,True,0.448,0.34,0.96,50,27,17,248,4
2024,0022400920,2025-03-09,DEN @ OKC,Denver Nuggets,DEN,103,False,0.412,0.3,0.55,48,22,7,Oklahoma City Thunder,OKC,127,True,0.489,0.342,0.88,56,25,5,230,24
2024,2022400399,2025-03-09,MXC @ SCW,Mexico City Capitanes,MXC,107,False,0.451,0.259,0.917,43,22,18,Santa Cruz Warriors,SCW,118,True,0.536,0.433,0.688,41,29,20,225,11
2024,0022400927,2025-03-09,LAC vs. SAC,Sacramento Kings,SAC,110,False,0.46,0.265,0.84,48,27,8,LA Clippers,LAC,111,True,0.531,0.323,0.6,38,23,9,221,1
2024,2022400400,2025-03-09,STO vs. SDC,San Diego Clippers,SDC,126,True,0.471,0.35,0.533,58,33,8,Stockton Kings,STO,113,False,0.448,0.25,0.882,46,25,11,239,13
2024,2022400396,2025-03-09,RAP vs. CCG,Capital City Go-Go,CCG,114,True,0.511,0.276,0.75,58,33,17,Raptors 905,RAP,94,False,0.344,0.302,0.643,46,22,15,208,20
2024,0022400923,2025-03-09,MEM @ NOP,Memphis Grizzlies,MEM,107,True,0.414,0.265,0.632,57,24,12,New Orleans Pelicans,NOP,104,False,0.412,0.382,0.778,39,24,14,211,3
2024,0022400922,2025-03-09,MIL vs. CLE,Cleveland Cavaliers,CLE,112,True,0.443,0.404,0.789,44,25,15,Milwaukee Bucks,MIL,100,False,0.429,0.29,0.722,50,17,18,212,12
2024,2022400397,2025-03-09,MHU vs. SLC,Salt Lake City Stars,SLC,129,True,0.465,0.426,0.833,45,26,9,Memphis Hustle,MHU,121,False,0.521,0.321,0.538,53,28,12,250,8
2024,0022400925,2025-03-09,MIN vs. SAS,San Antonio Spurs,SAS,124,False,0.553,0.367,0.792,36,26,12,Minnesota Timberwolves,MIN,141,True,0.558,0.5,0.933,42,38,12,265,17
2024,0022400921,2025-03-09,DAL vs. PHX,Phoenix Suns,PHX,125,True,0.583,0.357,0.944,46,33,11,Dallas Mavericks,DAL,116,False,0.489,0.405,0.813,32,29,6,241,9
2024,2022400398,2025-03-09,OSC vs. GBO,Greensboro Swarm,GBO,110,False,0.43,0.286,0.846,44,24,16,Osceola Magic,OSC,124,True,0.495,0.395,0.571,50,28,17,234,14
2024,2022400401,2025-03-09,WES @ BHM,Westchester Knicks,WES,104,True,0.475,0.3,0.688,42,25,17,Birmingham Squadron,BHM,100,False,0.405,0.349,0.889,32,20,14,204,4
2024,2022400402,2025-03-09,RCR vs. WIS,Wisconsin Herd,WIS,116,True,0.523,0.405,0.778,43,30,14,Rip City Remix,RCR,112,False,0.435,0.425,0.667,45,25,14,228,4
2024,2022400395,2025-03-09,IMA @ DEL,Indiana Mad Ants,IMA,106,False,0.451,0.389,0.923,38,19,16,Delaware Blue Coats,DEL,108,True,0.463,0.381,0.833,41,23,17,214,2
2024,0022400936,2025-03-10,OKC vs. DEN,Denver Nuggets,DEN,140,True,0.605,0.563,0.9,43,32,12,Oklahoma City Thunder,OKC,127,False,0.47,0.404,0.875,37,29,10,267,13
2024,0022400935,2025-03-10,PHX @ MEM,Phoenix Suns,PHX,118,False,0.456,0.526,0.727,46,31,16,Memphis Grizzlies,MEM,120,True,0.465,0.37,0.852,39,26,13,238,2
2024,0022400934,2025-03-10,HOU vs. ORL,Orlando Magic,ORL,84,False,0.326,0.25,0.833,42,15,8,Houston Rockets,HOU,97,True,0.393,0.372,0.611,63,20,19,181,13
2024,0022400930,2025-03-10,LAL @ BKN,Los Angeles Lakers,LAL,108,False,0.435,0.475,0.789,43,31,15,Brooklyn Nets,BKN,111,True,0.411,0.4,0.633,47,22,7,219,3
2024,0022400938,2025-03-10,GSW vs. POR,Portland Trail Blazers,POR,120,False,0.484,0.429,0.824,43,31,19,Golden State Warriors,GSW,130,True,0.529,0.512,0.905,40,35,17,250,10
2024,0022400929,2025-03-10,UTA @ BOS,Utah Jazz,UTA,108,False,0.453,0.342,0.75,48,29,12,Boston Celtics,BOS,114,True,0.43,0.34,0.889,47,28,9,222,6
2024,0022400937,2025-03-10,SAS vs. DAL,Dallas Mavericks,DAL,133,True,0.534,0.316,0.9,40,25,10,San Antonio Spurs,SAS,129,False,0.521,0.415,0.583,38,29,9,262,4
2024,0022400933,2025-03-10,CHI vs. IND,Indiana Pacers,IND,103,False,0.396,0.25,0.684,39,30,9,Chicago Bulls,CHI,121,True,0.5,0.364,0.786,56,30,18,224,18
2024,2022400403,2025-03-10,IWA @ OKL,Iowa Wolves,IWA,93,False,0.381,0.324,0.6,39,22,19,Oklahoma City Blue,OKL,123,True,0.469,0.409,0.9,60,30,21,216,30
2024,0022400928,2025-03-10,ATL vs. PHI,Philadelphia 76ers,PHI,123,False,0.505,0.381,0.75,31,29,10,Atlanta Hawks,ATL,132,True,0.541,0.405,0.786,48,34,15,255,9
2024,0022400932,2025-03-10,TOR vs. WAS,Washington Wizards,WAS,104,False,0.362,0.291,0.8,54,25,8,Toronto Raptors,TOR,119,True,0.394,0.327,0.586,73,26,8,223,15
2024,0022400931,2025-03-10,MIA vs. CHA,Charlotte Hornets,CHA,105,True,0.419,0.25,0.957,36,26,10,Miami Heat,MIA,102,False,0.459,0.323,0.7,46,24,16,207,3
2024,0022400939,2025-03-10,SAC vs. NYK,New York Knicks,NYK,133,True,0.536,0.55,0.808,40,34,15,Sacramento Kings,SAC,104,False,0.419,0.294,0.846,37,18,16,237,29
2024,2022400404,2025-03-10,MCC @ SBL,Motor City Cruise,MCC,110,True,0.511,0.29,0.4,44,28,17,South Bay Lakers,SBL,97,False,0.421,0.4,0.733,37,24,23,207,13
2024,2022400406,2025-03-11,CPS @ DEL,College Park Skyhawks,CPS,124,True,0.495,0.35,0.786,50,37,11,Delaware Blue Coats,DEL,120,False,0.476,0.425,0.571,49,27,10,244,4
2024,0022400940,2025-03-11,BKN @ CLE,Brooklyn Nets,BKN,104,False,0.464,0.364,0.714,38,31,12,Cleveland Cavaliers,CLE,109,True,0.438,0.238,0.84,48,23,14,213,5
2024,2022400408,2025-03-11,SXF vs. SDC,San Diego Clippers,SDC,118,False,0.468,0.409,0.7,42,29,18,Sioux Falls Skyforce,SXF,121,True,0.527,0.387,0.692,43,31,15,239,3
2024,2022400405,2025-03-11,WES vs. LIN,Long Island Nets,LIN,93,False,0.383,0.263,0.6,42,23,15,Westchester Knicks,WES,110,True,0.512,0.324,0.615,59,31,22,203,17
2024,0022400942,2025-03-11,IND vs. MIL,Milwaukee Bucks,MIL,114,False,0.512,0.389,0.737,44,32,15,Indiana Pacers,IND,115,True,0.506,0.333,0.778,38,30,9,229,1
2024,2022400409,2025-03-11,MHU vs. SLC,Salt Lake City Stars,SLC,121,True,0.447,0.444,0.833,43,28,10,Memphis Hustle,MHU,119,False,0.484,0.463,0.875,45,34,13,240,2
2024,2022400407,2025-03-11,OSC vs. GBO,Greensboro Swarm,GBO,104,False,0.42,0.207,0.684,52,25,13,Osceola Magic,OSC,118,True,0.488,0.359,0.7,42,33,9,222,14
2024,0022400943,2025-03-11,NOP vs. LAC,LA Clippers,LAC,120,False,0.5,0.333,0.778,34,34,11,New Orleans Pelicans,NOP,127,True,0.553,0.548,0.889,46,34,19,247,7
2024,0022400941,2025-03-11,WAS @ DET,Washington Wizards,WAS,103,False,0.402,0.333,0.8,47,20,13,Detroit Pistons,DET,123,True,0.462,0.421,0.733,61,29,12,226,20
2024,2022400411,2025-03-11,VAL vs. RGV,Rio Grande Valley Vipers,RGV,118,False,0.474,0.361,0.7,47,30,15,Valley Suns,VAL,123,True,0.482,0.442,0.85,33,25,14,241,5
2024,2022400410,2025-03-11,MXC vs. AUS,Austin Spurs,AUS,109,True,0.475,0.342,0.7,56,18,17,Mexico City Capitanes,MXC,96,False,0.407,0.342,0.75,34,22,10,205,13
2024,0022400950,2025-03-12,MEM vs. UTA,Utah Jazz,UTA,115,False,0.467,0.353,0.679,60,24,23,Memphis Grizzlies,MEM,122,True,0.457,0.455,0.762,39,30,9,237,7
2024,2022400414,2025-03-12,OSC vs. SCW,Santa Cruz Warriors,SCW,145,True,0.589,0.514,0.647,51,34,14,Osceola Magic,OSC,111,False,0.394,0.261,0.824,45,18,15,256,34
2024,2022400416,2025-03-12,OKL vs. IWA,Iowa Wolves,IWA,102,False,0.429,0.282,0.571,39,27,16,Oklahoma City Blue,OKL,130,True,0.505,0.422,0.714,54,31,20,232,28
2024,2022400413,2025-03-12,CLC vs. RCR,Rip City Remix,RCR,113,False,0.473,0.167,0.56,41,17,14,Cleveland Charge,CLC,120,True,0.466,0.27,0.773,53,24,23,233,7
2024,0022400952,2025-03-12,DEN vs. MIN,Minnesota Timberwolves,MIN,115,True,0.478,0.425,0.75,48,31,15,Denver Nuggets,DEN,95,False,0.404,0.233,0.727,42,20,10,210,20
2024,0022400947,2025-03-12,PHI @ TOR,Philadelphia 76ers,PHI,105,False,0.427,0.2,0.727,40,19,9,Toronto Raptors,TOR,118,True,0.44,0.4,0.778,59,33,20,223,13
2024,0022400951,2025-03-12,DAL @ SAS,Dallas Mavericks,DAL,116,False,0.556,0.406,0.765,31,30,17,San Antonio Spurs,SAS,126,True,0.532,0.314,0.938,47,32,16,242,10
2024,0022400949,2025-03-12,PHX @ HOU,Phoenix Suns,PHX,104,False,0.534,0.357,0.8,37,22,16,Houston Rockets,HOU,111,True,0.455,0.316,0.76,38,25,9,215,7
2024,0022400953,2025-03-12,POR vs. NYK,New York Knicks,NYK,114,True,0.468,0.387,0.7,38,27,15,Portland Trail Blazers,POR,113,False,0.444,0.405,0.64,52,20,23,227,1
2024,0022400945,2025-03-12,CHA @ ATL,Charlotte Hornets,CHA,110,False,0.455,0.4,0.889,47,29,21,Atlanta Hawks,ATL,123,True,0.42,0.389,0.897,43,26,13,233,13
2024,0022400948,2025-03-12,MIA vs. LAC,LA Clippers,LAC,119,True,0.592,0.481,0.667,45,24,16,Miami Heat,MIA,104,False,0.476,0.378,0.714,29,27,10,223,15
2024,2022400412,2025-03-12,CCG @ MCC,Capital City Go-Go,CCG,118,True,0.61,0.364,0.7,36,34,11,Motor City Cruise,MCC,103,False,0.441,0.267,0.533,47,19,13,221,15
2024,0022400946,2025-03-12,OKC @ BOS,Oklahoma City Thunder,OKC,118,True,0.488,0.351,0.714,44,19,12,Boston Celtics,BOS,112,False,0.436,0.317,0.833,41,25,13,230,6
2024,2022400417,2025-03-12,WCB vs. MNE,Maine Celtics,MNE,129,True,0.462,0.351,1.0,61,19,15,Windy City Bulls,WCB,100,False,0.396,0.179,0.5,48,22,15,229,29
2024,2022400415,2025-03-12,STO @ BHM,Stockton Kings,STO,114,False,0.467,0.39,0.7,49,30,13,Birmingham Squadron,BHM,119,True,0.479,0.425,0.667,46,27,5,233,5
2024,0022400956,2025-03-13,BKN @ CHI,Brooklyn Nets,BKN,110,False,0.448,0.324,0.722,50,32,9,Chicago Bulls,CHI,116,True,0.456,0.297,0.885,47,24,8,226,6
2024,2022400420,2025-03-13,MHU @ LIN,Memphis Hustle,MHU,118,False,0.549,0.333,0.765,42,28,21,Long Island Nets,LIN,132,True,0.49,0.417,0.667,38,35,13,250,14
2024,0022401141,2025-03-13,NOP vs. ORL,Orlando Magic,ORL,113,True,0.518,0.394,0.778,39,25,8,New Orleans Pelicans,NOP,93,False,0.443,0.28,0.762,40,23,13,206,20
2024,2022400422,2025-03-13,SBL vs. RGV,Rio Grande Valley Vipers,RGV,100,False,0.429,0.227,0.5,48,31,13,South Bay Lakers,SBL,107,True,0.577,0.412,0.5,39,30,19,207,7
2024,0022400957,2025-03-13,GSW vs. SAC,Sacramento Kings,SAC,104,False,0.468,0.378,0.727,30,25,14,Golden State Warriors,GSW,130,True,0.577,0.564,0.75,43,35,14,234,26
2024,0022400955,2025-03-13,MIL vs. LAL,Los Angeles Lakers,LAL,106,False,0.437,0.375,0.833,38,18,13,Milwaukee Bucks,MIL,126,True,0.477,0.425,0.818,48,30,11,232,20
2024,2022400419,2025-03-13,AUS @ GBO,Austin Spurs,AUS,108,False,0.426,0.317,0.5,50,17,11,Greensboro Swarm,GBO,115,True,0.483,0.481,0.786,46,23,13,223,7
2024,0022400954,2025-03-13,WAS @ DET,Washington Wizards,WAS,129,True,0.478,0.444,0.852,47,30,15,Detroit Pistons,DET,125,False,0.459,0.333,0.86,41,23,12,254,4
2024,2022400418,2025-03-13,CPS @ DEL,College Park Skyhawks,CPS,122,False,0.46,0.343,0.714,47,25,12,Delaware Blue Coats,DEL,126,True,0.523,0.429,0.722,46,33,15,248,4
2024,2022400421,2025-03-13,WCB vs. IMA,Indiana Mad Ants,IMA,114,True,0.468,0.371,0.9,45,26,17,Windy City Bulls,WCB,97,False,0.345,0.389,0.929,44,25,18,211,17
2024,2022400428,2025-03-14,WIS vs. CLC,Cleveland Charge,CLC,108,True,0.432,0.4,0.8,56,24,17,Wisconsin Herd,WIS,106,False,0.446,0.311,0.667,38,29,5,214,2
2024,0022400963,2025-03-14,MIN vs. ORL,Orlando Magic,ORL,111,False,0.449,0.429,0.864,31,18,11,Minnesota Timberwolves,MIN,118,True,0.525,0.424,0.714,45,26,15,229,7
2024,0022400965,2025-03-14,LAL @ DEN,Los Angeles Lakers,LAL,126,False,0.467,0.375,0.813,47,32,8,Denver Nuggets,DEN,131,True,0.518,0.419,0.789,39,30,12,257,5
2024,0022400967,2025-03-14,PHX vs. SAC,Sacramento Kings,SAC,106,False,0.494,0.25,0.9,40,25,19,Phoenix Suns,PHX,122,True,0.519,0.558,0.842,34,33,11,228,16
2024,2022400425,2025-03-14,CCG @ MCC,Capital City Go-Go,CCG,109,False,0.506,0.407,0.846,34,24,20,Motor City Cruise,MCC,118,True,0.563,0.323,0.462,44,29,21,227,9
2024,0022400959,2025-03-14,PHI vs. IND,Indiana Pacers,IND,112,True,0.494,0.286,0.778,45,31,10,Philadelphia 76ers,PHI,100,False,0.451,0.289,0.682,43,13,14,212,12
2024,0022400960,2025-03-14,LAC @ ATL,LA Clippers,LAC,121,True,0.547,0.444,0.75,40,27,13,Atlanta Hawks,ATL,98,False,0.42,0.273,0.882,44,25,18,219,23
2024,0022400958,2025-03-14,BOS @ MIA,Boston Celtics,BOS,103,True,0.434,0.38,0.923,41,18,14,Miami Heat,MIA,91,False,0.453,0.382,0.588,38,18,17,194,12
2024,0022400966,2025-03-14,TOR @ UTA,Toronto Raptors,TOR,126,True,0.484,0.375,0.743,51,28,15,Utah Jazz,UTA,118,False,0.438,0.421,0.774,35,23,16,244,8
2024,2022400424,2025-03-14,MHU @ LIN,Memphis Hustle,MHU,116,False,0.5,0.333,0.75,45,20,20,Long Island Nets,LIN,130,True,0.557,0.4,0.727,36,33,9,246,14
2024,2022400423,2025-03-14,MNE @ GBO,Maine Celtics,MNE,115,True,0.461,0.385,0.8,55,21,16,Greensboro Swarm,GBO,104,False,0.392,0.355,0.9,44,18,12,219,11
2024,2022400427,2025-03-14,BHM vs. SCW,Santa Cruz Warriors,SCW,113,True,0.549,0.379,0.583,47,33,17,Birmingham Squadron,BHM,100,False,0.476,0.326,0.8,37,29,18,213,13
2024,0022400961,2025-03-14,DAL @ HOU,Dallas Mavericks,DAL,96,False,0.415,0.364,0.833,34,14,7,Houston Rockets,HOU,133,True,0.514,0.484,0.833,67,27,10,229,37
2024,0022400964,2025-03-14,CHA @ SAS,Charlotte Hornets,CHA,145,True,0.6,0.565,0.895,34,42,18,San Antonio Spurs,SAS,134,False,0.505,0.457,0.773,36,27,13,279,11
2024,2022400429,2025-03-14,TEX vs. SLC,Salt Lake City Stars,SLC,138,True,0.471,0.421,0.778,42,32,11,Texas Legends,TEX,130,False,0.557,0.406,0.917,44,29,26,268,8
2024,0022400962,2025-03-14,CLE @ MEM,Cleveland Cavaliers,CLE,133,True,0.5,0.373,0.788,43,32,15,Memphis Grizzlies,MEM,124,False,0.495,0.306,0.81,45,25,14,257,9
2024,2022400430,2025-03-14,MXC @ SDC,Mexico City Capitanes,MXC,110,True,0.521,0.462,1.0,35,22,20,San Diego Clippers,SDC,104,False,0.488,0.281,0.75,35,22,14,214,6
2024,2022400426,2025-03-14,STO @ OSC,Stockton Kings,STO,119,False,0.473,0.318,0.909,40,31,11,Osceola Magic,OSC,137,True,0.539,0.486,0.8,46,25,12,256,18
2024,2022400433,2025-03-15,RCR @ GRG,Rip City Remix,RCR,100,False,0.452,0.314,0.667,40,23,21,Grand Rapids Gold,GRG,117,True,0.466,0.396,0.9,44,23,16,217,17
2024,0022400973,2025-03-15,NOP @ SAS,New Orleans Pelicans,NOP,115,False,0.5,0.343,1.0,52,34,15,San Antonio Spurs,SAS,119,True,0.464,0.41,0.758,37,26,10,234,4
2024,0022400969,2025-03-15,OKC @ DET,Oklahoma City Thunder,OKC,113,True,0.483,0.294,0.773,44,17,17,Detroit Pistons,DET,107,False,0.477,0.424,0.692,39,29,17,220,6
2024,0022400971,2025-03-15,MIA @ MEM,Miami Heat,MIA,91,False,0.398,0.243,0.8,37,24,14,Memphis Grizzlies,MEM,125,True,0.554,0.387,0.917,51,31,10,216,34
2024,0022400974,2025-03-15,NYK @ GSW,New York Knicks,NYK,94,False,0.43,0.375,0.846,49,20,13,Golden State Warriors,GSW,97,True,0.398,0.317,0.818,45,25,9,191,3
2024,2022400431,2025-03-15,RAP vs. WCB,Windy City Bulls,WCB,128,True,0.49,0.313,0.684,48,27,21,Raptors 905,RAP,126,False,0.456,0.219,0.778,36,26,14,254,2
2024,0022400968,2025-03-15,BKN vs. BOS,Boston Celtics,BOS,115,True,0.524,0.342,0.737,38,29,7,Brooklyn Nets,BKN,113,False,0.467,0.435,0.692,45,34,9,228,2
2024,0022400972,2025-03-15,IND @ MIL,Indiana Pacers,IND,119,False,0.479,0.395,0.769,32,29,11,Milwaukee Bucks,MIL,126,True,0.544,0.405,0.962,45,28,15,245,7
2024,0022400970,2025-03-15,CHI @ HOU,Chicago Bulls,CHI,114,False,0.462,0.368,0.875,36,24,10,Houston Rockets,HOU,117,True,0.449,0.318,0.577,54,24,11,231,3
2024,2022400432,2025-03-15,SBL vs. RGV,Rio Grande Valley Vipers,RGV,108,False,0.437,0.238,0.7,47,18,11,South Bay Lakers,SBL,109,True,0.44,0.32,0.846,43,25,17,217,1
2024,0022400975,2025-03-15,DEN vs. WAS,Washington Wizards,WAS,126,True,0.484,0.422,0.882,44,34,17,Denver Nuggets,DEN,123,False,0.505,0.353,0.882,42,40,17,249,3
2024,2022400434,2025-03-15,TEX vs. SLC,Salt Lake City Stars,SLC,121,True,0.481,0.359,0.429,60,30,11,Texas Legends,TEX,101,False,0.412,0.243,0.778,43,28,16,222,20
2024,2022400440,2025-03-16,AUS vs. VAL,Valley Suns,VAL,113,True,0.487,0.467,0.833,36,20,17,Austin Spurs,AUS,111,False,0.471,0.37,0.818,38,18,17,224,2
2024,0022400977,2025-03-16,LAL vs. PHX,Phoenix Suns,PHX,96,False,0.393,0.22,0.81,51,25,14,Los Angeles Lakers,LAL,107,True,0.432,0.359,0.719,40,22,8,203,11
2024,2022400438,2025-03-16,STO @ OSC,Stockton Kings,STO,115,False,0.426,0.388,0.875,42,28,14,Osceola Magic,OSC,135,True,0.614,0.4,0.636,42,28,13,250,20
2024,2022400436,2025-03-16,CCG vs. CPS,College Park Skyhawks,CPS,89,False,0.333,0.125,0.778,53,17,13,Capital City Go-Go,CCG,112,True,0.5,0.395,0.8,51,31,15,201,23
2024,0022400981,2025-03-16,UTA @ MIN,Utah Jazz,UTA,102,False,0.433,0.316,0.8,44,23,22,Minnesota Timberwolves,MIN,128,True,0.495,0.326,0.692,49,30,9,230,26
2024,2022400442,2025-03-16,IWA @ SXF,Iowa Wolves,IWA,101,False,0.392,0.194,0.818,49,29,15,Sioux Falls Skyforce,SXF,121,True,0.535,0.389,0.727,45,35,12,222,20
2024,2022400439,2025-03-16,MNE @ GBO,Maine Celtics,MNE,115,True,0.494,0.333,0.667,48,20,17,Greensboro Swarm,GBO,110,False,0.452,0.424,0.8,38,27,13,225,5
2024,2022400437,2025-03-16,GRG vs. RCR,Rip City Remix,RCR,103,False,0.488,0.313,0.7,45,24,23,Grand Rapids Gold,GRG,110,True,0.495,0.324,0.667,36,22,13,213,7
2024,2022400441,2025-03-16,SCW @ BHM,Santa Cruz Warriors,SCW,107,True,0.488,0.333,0.688,47,27,18,Birmingham Squadron,BHM,98,False,0.427,0.333,0.833,39,27,18,205,9
2024,2022400443,2025-03-16,SDC vs. MXC,Mexico City Capitanes,MXC,113,True,0.514,0.4,0.875,47,19,23,San Diego Clippers,SDC,106,False,0.437,0.289,0.833,30,22,11,219,7
2024,0022400976,2025-03-16,DAL vs. PHI,Philadelphia 76ers,PHI,130,True,0.522,0.389,0.833,39,21,11,Dallas Mavericks,DAL,125,False,0.529,0.294,0.767,45,26,15,255,5
2024,0022400979,2025-03-16,CLE vs. ORL,Orlando Magic,ORL,108,True,0.42,0.419,0.794,47,21,15,Cleveland Cavaliers,CLE,103,False,0.417,0.25,0.65,48,21,13,211,5
2024,0022400538,2025-03-16,CHA @ LAC,Charlotte Hornets,CHA,88,False,0.394,0.182,0.889,44,27,11,LA Clippers,LAC,123,True,0.484,0.5,0.87,58,30,10,211,35
2024,0022400982,2025-03-16,MIL vs. OKC,Oklahoma City Thunder,OKC,121,True,0.517,0.345,0.76,50,30,9,Milwaukee Bucks,MIL,105,False,0.398,0.382,0.788,34,21,9,226,16
2024,2022400435,2025-03-16,MCC vs. CLC,Cleveland Charge,CLC,121,False,0.494,0.302,0.75,37,25,18,Motor City Cruise,MCC,135,True,0.52,0.417,0.688,53,33,16,256,14
2024,0022400980,2025-03-16,TOR @ POR,Toronto Raptors,TOR,102,False,0.404,0.323,0.8,47,29,18,Portland Trail Blazers,POR,105,True,0.409,0.36,0.833,51,21,20,207,3
2024,0022400978,2025-03-16,ATL @ BKN,Atlanta Hawks,ATL,114,False,0.467,0.297,0.792,38,27,14,Brooklyn Nets,BKN,122,True,0.478,0.486,0.826,40,33,15,236,8
2024,0022400986,2025-03-17,IND @ MIN,Indiana Pacers,IND,132,True,0.495,0.459,0.826,48,28,20,Minnesota Timberwolves,MIN,130,False,0.454,0.31,0.806,44,25,14,262,2
2024,0022400987,2025-03-17,NOP vs. DET,Detroit Pistons,DET,127,True,0.548,0.371,0.759,50,33,13,New Orleans Pelicans,NOP,81,False,0.326,0.156,0.667,39,18,16,208,46
2024,2022400444,2025-03-17,RAP vs. WCB,Windy City Bulls,WCB,114,False,0.43,0.407,0.833,42,22,19,Raptors 905,RAP,115,True,0.386,0.265,0.914,42,19,21,229,1
2024,0022400991,2025-03-17,TOR @ PHX,Toronto Raptors,TOR,89,False,0.356,0.286,0.739,40,20,11,Phoenix Suns,PHX,129,True,0.511,0.513,1.0,54,34,10,218,40
2024,0022400992,2025-03-17,MEM @ SAC,Memphis Grizzlies,MEM,122,False,0.489,0.433,1.0,48,24,17,Sacramento Kings,SAC,132,True,0.523,0.488,0.667,38,35,12,254,10
2024,0022400995,2025-03-17,WAS @ POR,Washington Wizards,WAS,97,False,0.413,0.3,0.75,49,27,16,Portland Trail Blazers,POR,112,True,0.424,0.326,0.684,50,25,8,209,15
2024,0022400537,2025-03-17,SAS @ LAL,San Antonio Spurs,SAS,109,False,0.466,0.395,0.857,44,30,17,Los Angeles Lakers,LAL,125,True,0.489,0.396,0.75,42,34,9,234,16
2024,0022400984,2025-03-17,NYK vs. MIA,Miami Heat,MIA,95,False,0.476,0.261,0.917,39,23,20,New York Knicks,NYK,116,True,0.495,0.471,1.0,41,30,13,211,21
2024,0022400989,2025-03-17,UTA vs. CHI,Chicago Bulls,CHI,111,True,0.433,0.311,0.813,49,29,9,Utah Jazz,UTA,97,False,0.407,0.214,0.818,48,20,17,208,14
2024,0022400985,2025-03-17,PHI @ HOU,Philadelphia 76ers,PHI,137,False,0.505,0.49,0.68,35,21,16,Houston Rockets,HOU,144,True,0.477,0.415,0.833,58,35,15,281,7
2024,0022400990,2025-03-17,GSW vs. DEN,Denver Nuggets,DEN,114,True,0.467,0.359,0.778,53,32,20,Golden State Warriors,GSW,105,False,0.488,0.242,0.556,38,24,20,219,9
2024,2022400445,2025-03-18,DEL @ CCG,Delaware Blue Coats,DEL,123,True,0.5,0.447,0.8,39,26,12,Capital City Go-Go,CCG,120,False,0.5,0.5,0.857,35,30,19,243,3
2024,2022400448,2025-03-18,SCW @ TEX,Santa Cruz Warriors,SCW,127,True,0.477,0.286,0.667,51,35,12,Texas Legends,TEX,116,False,0.482,0.462,0.818,44,27,21,243,11
2024,0022400994,2025-03-18,BKN @ BOS,Brooklyn Nets,BKN,96,False,0.409,0.289,0.647,39,21,8,Boston Celtics,BOS,104,True,0.443,0.333,0.818,48,24,13,200,8
2024,2022400447,2025-03-18,WIS vs. LIN,Long Island Nets,LIN,101,True,0.385,0.294,0.813,49,22,8,Wisconsin Herd,WIS,97,False,0.418,0.269,0.8,56,19,11,198,4
2024,0022401012,2025-03-18,MIL @ GSW,Milwaukee Bucks,MIL,93,False,0.392,0.316,0.704,34,19,9,Golden State Warriors,GSW,104,True,0.416,0.386,0.885,52,25,18,197,11
2024,0022400997,2025-03-18,CLE @ LAC,Cleveland Cavaliers,CLE,119,False,0.489,0.341,0.654,29,29,8,LA Clippers,LAC,132,True,0.548,0.457,0.857,49,28,12,251,13
2024,2022400449,2025-03-18,SDC vs. RGV,Rio Grande Valley Vipers,RGV,121,True,0.579,0.406,0.722,47,32,18,San Diego Clippers,SDC,108,False,0.458,0.378,0.769,25,21,10,229,13
2024,0022400993,2025-03-18,ATL @ CHA,Atlanta Hawks,ATL,134,True,0.538,0.489,0.8,46,27,10,Charlotte Hornets,CHA,102,False,0.452,0.333,0.762,39,25,17,236,32
2024,2022400446,2025-03-18,RCR @ OKL,Rip City Remix,RCR,118,False,0.433,0.462,0.6,50,28,15,Oklahoma City Blue,OKL,124,True,0.524,0.472,0.684,46,22,19,242,6
2024,0022401007,2025-03-19,CHI @ PHX,Chicago Bulls,CHI,121,False,0.544,0.395,0.667,40,29,13,Phoenix Suns,PHX,127,True,0.49,0.375,0.9,46,34,11,248,6
2024,0022401003,2025-03-19,NYK @ SAS,New York Knicks,NYK,105,False,0.424,0.297,0.762,44,28,10,San Antonio Spurs,SAS,120,True,0.5,0.457,0.7,52,28,13,225,15
2024,0022401009,2025-03-19,SAC vs. CLE,Cleveland Cavaliers,CLE,119,False,0.548,0.382,0.778,37,24,12,Sacramento Kings,SAC,123,True,0.505,0.457,0.938,41,28,11,242,4
2024,2022400457,2025-03-19,SXF vs. SBL,South Bay Lakers,SBL,119,True,0.446,0.341,0.75,55,24,15,Sioux Falls Skyforce,SXF,110,False,0.463,0.364,0.75,39,19,14,229,9
2024,2022400456,2025-03-19,MCC @ GBO,Motor City Cruise,MCC,94,False,0.386,0.25,0.909,45,16,18,Greensboro Swarm,GBO,109,True,0.513,0.417,0.846,43,21,18,203,15
2024,2022400452,2025-03-19,STO @ OKL,Stockton Kings,STO,121,True,0.5,0.4,0.8,49,36,15,Oklahoma City Blue,OKL,101,False,0.452,0.389,0.462,36,24,14,222,20
2024,2022400454,2025-03-19,CPS vs. WES,Westchester Knicks,WES,138,True,0.43,0.442,0.696,57,27,13,College Park Skyhawks,CPS,123,False,0.457,0.265,0.667,49,30,10,261,15
2024,0022401001,2025-03-19,NOP @ MIN,New Orleans Pelicans,NOP,119,True,0.528,0.448,0.545,46,28,13,Minnesota Timberwolves,MIN,115,False,0.455,0.41,0.806,40,21,14,234,4
2024,0022401008,2025-03-19,POR vs. MEM,Memphis Grizzlies,MEM,99,False,0.402,0.267,0.81,40,23,10,Portland Trail Blazers,POR,115,True,0.417,0.391,0.81,65,25,17,214,16
2024,0022400627,2025-03-19,WAS @ UTA,Washington Wizards,WAS,112,False,0.462,0.267,0.778,37,30,13,Utah Jazz,UTA,128,True,0.562,0.405,0.611,42,30,16,240,16
2024,0022400998,2025-03-19,DAL @ IND,Dallas Mavericks,DAL,131,False,0.545,0.407,0.75,41,23,12,Indiana Pacers,IND,135,True,0.549,0.457,0.784,38,29,11,266,4
2024,0022401000,2025-03-19,DET @ MIA,Detroit Pistons,DET,116,True,0.505,0.391,0.833,47,25,12,Miami Heat,MIA,113,False,0.489,0.313,0.833,37,24,13,229,3
2024,2022400451,2025-03-19,CCG vs. IMA,Indiana Mad Ants,IMA,107,True,0.435,0.237,0.875,50,26,15,Capital City Go-Go,CCG,98,False,0.474,0.4,0.667,38,26,21,205,9
2024,2022400455,2025-03-19,GRG vs. RAP,Raptors 905,RAP,115,False,0.476,0.378,1.0,32,24,17,Grand Rapids Gold,GRG,123,True,0.5,0.486,0.826,36,26,19,238,8
2024,2022400453,2025-03-19,VAL vs. MHU,Memphis Hustle,MHU,112,True,0.458,0.421,0.571,48,27,11,Valley Suns,VAL,111,False,0.418,0.317,0.667,50,27,9,223,1
2024,0022401006,2025-03-19,LAL vs. DEN,Denver Nuggets,DEN,108,False,0.471,0.333,0.619,45,25,18,Los Angeles Lakers,LAL,120,True,0.506,0.421,0.714,38,25,13,228,12
2024,0022401002,2025-03-19,PHI @ OKC,Philadelphia 76ers,PHI,100,False,0.368,0.316,0.75,41,24,12,Oklahoma City Thunder,OKC,133,True,0.522,0.462,0.75,55,36,12,233,33
2024,0022400999,2025-03-19,HOU @ ORL,Houston Rockets,HOU,116,True,0.469,0.314,0.906,46,18,15,Orlando Magic,ORL,108,False,0.446,0.257,0.85,41,23,12,224,8
2024,2022400450,2025-03-19,MXC @ SLC,Mexico City Capitanes,MXC,95,False,0.414,0.195,0.5,42,24,13,Salt Lake City Stars,SLC,125,True,0.563,0.474,0.643,44,37,18,220,30
2024,0022401005,2025-03-20,TOR @ GSW,Toronto Raptors,TOR,114,False,0.564,0.423,0.789,44,32,23,Golden State Warriors,GSW,117,True,0.422,0.404,0.786,38,30,14,231,3
2024,2022400461,2025-03-20,IWA @ AUS,Iowa Wolves,IWA,115,False,0.49,0.345,0.6,42,27,19,Austin Spurs,AUS,136,True,0.563,0.421,0.583,48,27,16,251,21
2024,0022401010,2025-03-20,CHA vs. NYK,New York Knicks,NYK,98,False,0.4,0.256,0.8,38,26,7,Charlotte Hornets,CHA,115,True,0.489,0.469,0.824,52,25,11,213,17
2024,2022400459,2025-03-20,MNE vs. OSC,Osceola Magic,OSC,140,True,0.576,0.462,0.769,40,34,11,Maine Celtics,MNE,133,False,0.533,0.359,0.75,43,24,14,273,7
2024,0022400996,2025-03-20,LAL vs. MIL,Milwaukee Bucks,MIL,118,True,0.476,0.314,0.794,41,24,9,Los Angeles Lakers,LAL,89,False,0.415,0.344,0.625,50,26,19,207,29
2024,2022400460,2025-03-20,LIN @ WIS,Long Island Nets,LIN,101,False,0.444,0.355,0.692,46,21,15,Wisconsin Herd,WIS,113,True,0.471,0.379,0.733,44,29,9,214,12
2024,2022400463,2025-03-20,SDC vs. RGV,Rio Grande Valley Vipers,RGV,109,True,0.466,0.22,0.833,50,28,16,San Diego Clippers,SDC,95,False,0.438,0.29,0.5,36,16,16,204,14
2024,2022400458,2025-03-20,DEL vs. IMA,Indiana Mad Ants,IMA,103,False,0.461,0.35,0.833,41,24,12,Delaware Blue Coats,DEL,113,True,0.512,0.4,0.727,41,23,18,216,10
2024,2022400462,2025-03-20,SCW @ TEX,Santa Cruz Warriors,SCW,131,True,0.51,0.531,0.778,43,33,13,Texas Legends,TEX,116,False,0.529,0.36,0.727,43,28,23,247,15
2024,0022401013,2025-03-20,CHI @ SAC,Chicago Bulls,CHI,128,True,0.523,0.429,0.885,40,32,12,Sacramento Kings,SAC,116,False,0.477,0.385,0.826,36,27,11,244,12
2024,0022401011,2025-03-20,IND vs. BKN,Brooklyn Nets,BKN,99,False,0.356,0.28,0.722,47,20,16,Indiana Pacers,IND,105,True,0.432,0.258,0.871,57,18,22,204,6
2024,2022400464,2025-03-21,STO @ OKL,Stockton Kings,STO,105,True,0.391,0.368,0.789,45,22,14,Oklahoma City Blue,OKL,104,False,0.382,0.31,0.824,54,16,12,209,1
2024,2022400465,2025-03-21,CPS vs. WES,Westchester Knicks,WES,130,True,0.466,0.278,0.654,65,30,9,College Park Skyhawks,CPS,125,False,0.402,0.407,0.667,54,23,12,255,5
2024,0022401017,2025-03-21,OKC vs. CHA,Charlotte Hornets,CHA,106,False,0.463,0.463,1.0,29,29,16,Oklahoma City Thunder,OKC,141,True,0.574,0.538,0.706,43,29,7,247,35
2024,2022400466,2025-03-21,MCC vs. RAP,Raptors 905,RAP,121,False,0.483,0.355,0.765,31,23,15,Motor City Cruise,MCC,137,True,0.588,0.581,0.619,50,31,19,258,16
2024,0022401014,2025-03-21,WAS vs. ORL,Orlando Magic,ORL,120,True,0.479,0.405,0.846,55,25,12,Washington Wizards,WAS,105,False,0.425,0.436,0.737,41,23,14,225,15
2024,0022401023,2025-03-21,LAC vs. MEM,Memphis Grizzlies,MEM,108,False,0.421,0.388,0.692,40,28,10,LA Clippers,LAC,128,True,0.577,0.5,0.808,43,29,13,236,20
2024,2022400467,2025-03-21,SBL @ SXF,South Bay Lakers,SBL,113,False,0.427,0.395,0.889,41,24,21,Sioux Falls Skyforce,SXF,117,True,0.506,0.344,0.833,41,27,16,230,4
2024,0022401019,2025-03-21,DAL vs. DET,Detroit Pistons,DET,117,False,0.469,0.355,0.737,41,24,14,Dallas Mavericks,DAL,123,True,0.525,0.353,0.75,44,25,20,240,6
2024,0022401022,2025-03-21,POR vs. DEN,Denver Nuggets,DEN,109,False,0.5,0.346,0.857,31,24,20,Portland Trail Blazers,POR,128,True,0.54,0.4,0.8,38,30,17,237,19
2024,2022400468,2025-03-21,WCB vs. MXC,Mexico City Capitanes,MXC,114,True,0.518,0.364,0.9,48,28,10,Windy City Bulls,WCB,101,False,0.407,0.225,0.75,47,31,7,215,13
2024,0022401018,2025-03-21,SAS vs. PHI,Philadelphia 76ers,PHI,120,False,0.568,0.378,0.7,32,30,16,San Antonio Spurs,SAS,128,True,0.528,0.487,0.833,34,36,14,248,8
2024,0022401021,2025-03-21,PHX vs. CLE,Cleveland Cavaliers,CLE,112,False,0.447,0.378,0.786,44,24,11,Phoenix Suns,PHX,123,True,0.522,0.452,1.0,46,33,13,235,11
2024,2022400469,2025-03-21,MHU @ VAL,Memphis Hustle,MHU,125,False,0.505,0.355,0.917,44,28,19,Valley Suns,VAL,139,True,0.6,0.395,0.667,37,31,16,264,14
2024,0022401020,2025-03-21,BOS @ UTA,Boston Celtics,BOS,121,True,0.464,0.333,0.875,48,27,10,Utah Jazz,UTA,99,False,0.452,0.4,0.75,38,24,17,220,22
2024,0022401015,2025-03-21,HOU @ MIA,Houston Rockets,HOU,102,True,0.464,0.5,0.476,46,14,15,Miami Heat,MIA,98,False,0.521,0.417,0.857,34,25,20,200,4
2024,0022401016,2025-03-21,MIN vs. NOP,New Orleans Pelicans,NOP,93,False,0.5,0.355,0.636,33,20,25,Minnesota Timberwolves,MIN,134,True,0.539,0.432,0.95,36,40,13,227,41
2024,0022401028,2025-03-22,CHI @ LAL,Chicago Bulls,CHI,146,True,0.583,0.463,0.75,42,41,10,Los Angeles Lakers,LAL,115,False,0.482,0.415,0.727,35,23,21,261,31
2024,2022400474,2025-03-22,SLC @ AUS,Salt Lake City Stars,SLC,113,True,0.4,0.323,0.667,51,23,8,Austin Spurs,AUS,107,False,0.449,0.229,0.75,50,17,13,220,6
2024,0022401025,2025-03-22,GSW @ ATL,Golden State Warriors,GSW,115,False,0.464,0.421,0.808,38,28,9,Atlanta Hawks,ATL,124,True,0.57,0.417,0.611,46,37,14,239,9
2024,0022401026,2025-03-22,WAS @ NYK,Washington Wizards,WAS,103,False,0.443,0.306,0.737,41,21,20,New York Knicks,NYK,122,True,0.484,0.371,0.778,49,29,14,225,19
2024,2022400476,2025-03-22,IMA @ WCB,Indiana Mad Ants,IMA,103,True,0.493,0.36,0.786,48,24,19,Windy City Bulls,WCB,100,False,0.404,0.229,0.5,47,19,7,203,3
2024,2022400473,2025-03-22,LIN @ MCC,Long Island Nets,LIN,152,True,0.538,0.447,0.68,35,34,11,Motor City Cruise,MCC,145,False,0.547,0.208,0.8,62,32,18,297,7
2024,0022401027,2025-03-22,SAC vs. MIL,Milwaukee Bucks,MIL,114,True,0.524,0.419,0.65,42,22,9,Sacramento Kings,SAC,108,False,0.451,0.237,0.773,44,21,8,222,6
2024,2022400472,2025-03-22,SDC @ RCR,San Diego Clippers,SDC,110,False,0.5,0.395,0.4,40,33,23,Rip City Remix,RCR,117,True,0.523,0.32,0.625,42,24,18,227,7
2024,2022400475,2025-03-22,RGV vs. IWA,Iowa Wolves,IWA,115,False,0.516,0.2,0.462,42,31,16,Rio Grande Valley Vipers,RGV,133,True,0.48,0.407,0.875,47,34,19,248,18
2024,2022400471,2025-03-22,CLC vs. OSC,Osceola Magic,OSC,91,False,0.312,0.152,0.5,58,19,17,Cleveland Charge,CLC,97,True,0.415,0.194,0.6,55,17,25,188,6
2024,2022400470,2025-03-22,GRG vs. WIS,Wisconsin Herd,WIS,92,True,0.458,0.194,0.636,42,18,14,Grand Rapids Gold,GRG,87,False,0.45,0.25,0.556,41,16,14,179,5
2024,0022401024,2025-03-22,IND vs. BKN,Brooklyn Nets,BKN,103,False,0.433,0.349,0.588,48,20,14,Indiana Pacers,IND,108,True,0.476,0.314,0.81,44,32,13,211,5
2024,2022400477,2025-03-22,BHM @ TEX,Birmingham Squadron,BHM,113,True,0.453,0.413,0.714,48,29,9,Texas Legends,TEX,79,False,0.39,0.2,0.533,41,19,15,192,34
2024,2022400481,2025-03-23,CPS @ CLC,College Park Skyhawks,CPS,120,True,0.469,0.326,0.727,61,27,12,Cleveland Charge,CLC,95,False,0.404,0.167,0.5,44,25,11,215,25
2024,0022401031,2025-03-23,PHI @ ATL,Philadelphia 76ers,PHI,119,False,0.44,0.324,0.757,37,24,13,Atlanta Hawks,ATL,132,True,0.552,0.459,0.864,39,35,16,251,13
2024,0022401029,2025-03-23,DET vs. NOP,New Orleans Pelicans,NOP,130,False,0.576,0.5,0.75,37,35,17,Detroit Pistons,DET,136,True,0.547,0.481,0.725,32,26,6,266,6
2024,2022400483,2025-03-23,MXC vs. VAL,Valley Suns,VAL,114,True,0.408,0.28,0.667,49,20,9,Mexico City Capitanes,MXC,112,False,0.488,0.371,0.769,56,14,18,226,2
2024,0022401032,2025-03-23,MIA vs. CHA,Charlotte Hornets,CHA,105,False,0.471,0.333,0.923,40,24,19,Miami Heat,MIA,122,True,0.573,0.414,0.8,32,27,10,227,17
2024,0022401030,2025-03-23,UTA vs. CLE,Cleveland Cavaliers,CLE,120,True,0.458,0.229,0.677,51,28,6,Utah Jazz,UTA,91,False,0.36,0.32,0.611,52,25,18,211,29
2024,0022401036,2025-03-23,LAC vs. OKC,Oklahoma City Thunder,OKC,103,True,0.402,0.343,0.85,42,28,9,LA Clippers,LAC,101,False,0.427,0.308,0.821,48,20,14,204,2
2024,2022400482,2025-03-23,AUS vs. SLC,Salt Lake City Stars,SLC,108,False,0.488,0.414,0.5,45,23,12,Austin Spurs,AUS,110,True,0.433,0.378,0.692,51,18,10,218,2
2024,0022401033,2025-03-23,SAS @ TOR,San Antonio Spurs,SAS,123,True,0.477,0.326,0.844,46,27,14,Toronto Raptors,TOR,89,False,0.38,0.256,0.692,46,27,21,212,34
2024,2022400480,2025-03-23,MHU @ OKL,Memphis Hustle,MHU,123,False,0.484,0.426,0.769,46,24,17,Oklahoma City Blue,OKL,126,True,0.431,0.265,0.765,60,21,13,249,3
2024,0022401035,2025-03-23,HOU vs. DEN,Denver Nuggets,DEN,116,True,0.506,0.476,0.692,43,28,9,Houston Rockets,HOU,111,False,0.438,0.324,0.647,45,25,6,227,5
2024,2022400479,2025-03-23,RAP vs. CCG,Capital City Go-Go,CCG,122,True,0.522,0.55,0.5,54,36,19,Raptors 905,RAP,101,False,0.405,0.333,0.824,34,19,16,223,21
2024,0022401034,2025-03-23,POR vs. BOS,Boston Celtics,BOS,129,True,0.545,0.46,0.714,38,31,9,Portland Trail Blazers,POR,116,False,0.489,0.404,0.688,38,24,12,245,13
2024,2022400478,2025-03-23,DEL @ MNE,Delaware Blue Coats,DEL,99,False,0.402,0.262,0.727,45,25,16,Maine Celtics,MNE,117,True,0.495,0.318,0.5,55,26,12,216,18
2024,0022401044,2025-03-24,BOS @ SAC,Boston Celtics,BOS,113,True,0.456,0.38,0.6,45,28,10,Sacramento Kings,SAC,95,False,0.453,0.333,0.818,45,23,14,208,18
2024,0022401040,2025-03-24,BKN vs. DAL,Dallas Mavericks,DAL,120,True,0.563,0.323,0.75,41,34,10,Brooklyn Nets,BKN,101,False,0.513,0.333,0.714,37,30,18,221,19
2024,2022400484,2025-03-24,IMA vs. WCB,Windy City Bulls,WCB,116,True,0.532,0.409,0.706,46,20,21,Indiana Mad Ants,IMA,113,False,0.394,0.351,0.737,44,23,13,229,3
2024,0022401043,2025-03-24,PHX vs. MIL,Milwaukee Bucks,MIL,106,False,0.446,0.308,0.69,36,24,7,Phoenix Suns,PHX,108,True,0.476,0.389,0.889,52,25,16,214,2
2024,0022401041,2025-03-24,NOP vs. PHI,Philadelphia 76ers,PHI,99,False,0.391,0.333,0.895,37,19,11,New Orleans Pelicans,NOP,112,True,0.494,0.429,0.846,51,36,16,211,13
2024,2022400488,2025-03-24,RCR vs. SXF,Sioux Falls Skyforce,SXF,124,True,0.512,0.387,0.824,55,33,22,Rip City Remix,RCR,113,False,0.4,0.325,0.667,43,19,12,237,11
2024,0022401042,2025-03-24,CHI @ DEN,Chicago Bulls,CHI,129,True,0.495,0.436,0.846,43,31,10,Denver Nuggets,DEN,119,False,0.474,0.306,0.667,52,34,12,248,10
2024,2022400487,2025-03-24,TEX @ IWA,Texas Legends,TEX,113,False,0.438,0.333,0.933,45,23,16,Iowa Wolves,IWA,123,True,0.431,0.375,0.824,58,24,13,236,10
2024,0022401038,2025-03-24,ORL vs. LAL,Los Angeles Lakers,LAL,106,False,0.463,0.313,0.786,39,19,10,Orlando Magic,ORL,118,True,0.494,0.375,0.826,43,25,8,224,12
2024,2022400486,2025-03-24,MCC @ OSC,Motor City Cruise,MCC,119,True,0.506,0.269,0.714,51,26,19,Osceola Magic,OSC,115,False,0.427,0.302,0.714,47,20,15,234,4
2024,0022401039,2025-03-24,TOR @ WAS,Toronto Raptors,TOR,112,True,0.406,0.278,0.741,60,28,12,Washington Wizards,WAS,104,False,0.402,0.297,0.676,48,24,17,216,8
2024,2022400485,2025-03-24,WIS @ GRG,Wisconsin Herd,WIS,140,True,0.629,0.575,0.6,36,34,5,Grand Rapids Gold,GRG,107,False,0.47,0.361,0.9,37,14,10,247,33
2024,0022401037,2025-03-24,MIN @ IND,Minnesota Timberwolves,MIN,103,False,0.484,0.257,0.6,45,26,17,Indiana Pacers,IND,119,True,0.489,0.371,1.0,46,30,11,222,16
2024,2022400489,2025-03-24,SCW @ SBL,Santa Cruz Warriors,SCW,118,False,0.484,0.294,0.667,44,31,18,South Bay Lakers,SBL,122,True,0.442,0.207,0.789,52,24,16,240,4
2024,2022400492,2025-03-25,BHM @ RGV,Birmingham Squadron,BHM,114,False,0.464,0.408,0.5,45,29,12,Rio Grande Valley Vipers,RGV,119,True,0.478,0.303,0.682,49,21,15,233,5
2024,0022401049,2025-03-25,HOU vs. ATL,Atlanta Hawks,ATL,114,False,0.417,0.306,0.867,42,32,14,Houston Rockets,HOU,121,True,0.452,0.282,0.897,51,17,13,235,7
2024,2022400490,2025-03-25,TEX @ IWA,Texas Legends,TEX,108,False,0.483,0.28,0.714,35,32,19,Iowa Wolves,IWA,136,True,0.576,0.486,0.571,47,35,20,244,28
2024,0022401048,2025-03-25,NYK vs. DAL,Dallas Mavericks,DAL,113,False,0.538,0.316,0.84,33,19,16,New York Knicks,NYK,128,True,0.596,0.385,0.667,36,40,14,241,15
2024,2022400494,2025-03-25,SCW @ SBL,Santa Cruz Warriors,SCW,130,False,0.545,0.488,0.778,37,35,14,South Bay Lakers,SBL,134,True,0.527,0.477,0.833,45,37,14,264,4
2024,2022400493,2025-03-25,VAL @ MXC,Valley Suns,VAL,100,False,0.384,0.234,0.818,55,32,9,Mexico City Capitanes,MXC,105,True,0.395,0.361,0.667,55,22,10,205,5
2024,0022401050,2025-03-25,MEM @ UTA,Memphis Grizzlies,MEM,140,True,0.531,0.444,0.889,52,38,8,Utah Jazz,UTA,103,False,0.436,0.405,0.818,28,24,13,243,37
2024,2022400491,2025-03-25,AUS @ MHU,Austin Spurs,AUS,130,True,0.505,0.452,1.0,62,28,17,Memphis Hustle,MHU,93,False,0.42,0.206,0.733,30,16,15,223,37
2024,0022401052,2025-03-25,SAC vs. OKC,Oklahoma City Thunder,OKC,121,True,0.524,0.594,0.8,52,30,15,Sacramento Kings,SAC,105,False,0.407,0.489,0.667,36,32,11,226,16
2024,0022401047,2025-03-25,GSW @ MIA,Golden State Warriors,GSW,86,False,0.398,0.237,0.688,38,20,12,Miami Heat,MIA,112,True,0.558,0.68,0.75,42,26,15,198,26
2024,0022401046,2025-03-25,SAS @ DET,San Antonio Spurs,SAS,96,False,0.363,0.318,0.8,41,21,10,Detroit Pistons,DET,122,True,0.564,0.484,0.76,44,33,10,218,26
2024,0022401045,2025-03-25,ORL @ CHA,Orlando Magic,ORL,111,True,0.456,0.31,0.842,50,22,8,Charlotte Hornets,CHA,104,False,0.42,0.412,0.762,38,26,11,215,7
2024,0022401051,2025-03-25,POR vs. CLE,Cleveland Cavaliers,CLE,122,True,0.545,0.444,0.824,41,28,11,Portland Trail Blazers,POR,111,False,0.4,0.327,0.636,45,28,9,233,11
2024,0022401056,2025-03-26,LAC @ NYK,LA Clippers,LAC,126,True,0.511,0.533,0.833,45,27,5,New York Knicks,NYK,113,False,0.5,0.382,0.727,38,35,9,239,13
2024,2022400499,2025-03-26,RCR @ OKL,Rip City Remix,RCR,119,True,0.456,0.375,0.87,54,22,19,Oklahoma City Blue,OKL,114,False,0.43,0.386,0.636,42,25,11,233,5
2024,2022400498,2025-03-26,WES vs. MNE,Maine Celtics,MNE,113,False,0.385,0.37,0.9,57,21,14,Westchester Knicks,WES,122,True,0.414,0.468,0.667,53,26,18,235,9
2024,2022400495,2025-03-26,RAP vs. LIN,Long Island Nets,LIN,127,True,0.517,0.421,0.737,36,31,16,Raptors 905,RAP,122,False,0.485,0.379,0.75,48,37,19,249,5
2024,0022401054,2025-03-26,BKN vs. TOR,Toronto Raptors,TOR,116,True,0.422,0.303,0.87,63,34,11,Brooklyn Nets,BKN,86,False,0.356,0.195,0.842,43,16,19,202,30
2024,0022401057,2025-03-26,DEN vs. MIL,Milwaukee Bucks,MIL,117,False,0.517,0.432,0.692,39,30,11,Denver Nuggets,DEN,127,True,0.544,0.432,0.591,46,36,9,244,10
2024,0022401053,2025-03-26,PHI vs. WAS,Washington Wizards,WAS,119,True,0.505,0.409,0.417,49,30,10,Philadelphia 76ers,PHI,114,False,0.429,0.304,0.8,47,22,4,233,5
2024,0022401055,2025-03-26,IND vs. LAL,Los Angeles Lakers,LAL,120,True,0.519,0.447,0.875,43,26,14,Indiana Pacers,IND,119,False,0.506,0.417,0.842,36,31,9,239,1
2024,2022400497,2025-03-26,MCC @ OSC,Motor City Cruise,MCC,105,False,0.435,0.375,0.462,46,28,12,Osceola Magic,OSC,109,True,0.393,0.375,0.944,55,22,18,214,4
2024,0022401058,2025-03-26,BOS @ PHX,Boston Celtics,BOS,132,True,0.506,0.423,0.909,48,33,10,Phoenix Suns,PHX,102,False,0.414,0.317,0.81,38,22,13,234,30
2024,2022400500,2025-03-26,STO vs. SXF,Sioux Falls Skyforce,SXF,106,False,0.398,0.25,0.762,37,21,9,Stockton Kings,STO,122,True,0.566,0.31,0.706,52,28,15,228,16
2024,2022400496,2025-03-26,CCG @ CPS,Capital City Go-Go,CCG,114,True,0.532,0.474,0.875,43,30,19,College Park Skyhawks,CPS,101,False,0.386,0.381,0.714,38,21,16,215,13
2024,2022400504,2025-03-27,VAL vs. TEX,Texas Legends,TEX,107,False,0.462,0.207,0.75,38,20,14,Valley Suns,VAL,134,True,0.558,0.45,0.833,47,27,16,241,27
2024,0022401059,2025-03-27,CLE vs. SAS,San Antonio Spurs,SAS,116,False,0.406,0.326,0.762,50,27,10,Cleveland Cavaliers,CLE,124,True,0.465,0.354,0.833,56,33,13,240,8
2024,0022401060,2025-03-27,DAL @ ORL,Dallas Mavericks,DAL,101,True,0.474,0.5,0.727,40,21,14,Orlando Magic,ORL,92,False,0.425,0.167,0.792,44,14,16,193,9
2024,0022401064,2025-03-27,OKC vs. MEM,Memphis Grizzlies,MEM,104,False,0.418,0.381,0.957,36,28,18,Oklahoma City Thunder,OKC,125,True,0.489,0.419,0.857,45,28,12,229,21
2024,0022401065,2025-03-27,HOU @ UTA,Houston Rockets,HOU,121,True,0.461,0.324,0.789,51,26,9,Utah Jazz,UTA,110,False,0.544,0.478,0.765,33,29,16,231,11
2024,2022400503,2025-03-27,MXC @ SLC,Mexico City Capitanes,MXC,119,True,0.5,0.447,0.571,42,31,9,Salt Lake City Stars,SLC,117,False,0.408,0.375,0.733,58,28,13,236,2
2024,0022401066,2025-03-27,POR @ SAC,Portland Trail Blazers,POR,107,False,0.398,0.32,0.808,32,23,10,Sacramento Kings,SAC,128,True,0.649,0.37,0.815,46,24,20,235,21
2024,0022401061,2025-03-27,WAS vs. IND,Indiana Pacers,IND,162,True,0.641,0.574,0.895,50,48,12,Washington Wizards,WAS,109,False,0.447,0.367,0.846,31,19,15,271,53
2024,0022401063,2025-03-27,CHI vs. LAL,Los Angeles Lakers,LAL,117,False,0.495,0.293,0.833,40,30,11,Chicago Bulls,CHI,119,True,0.467,0.432,0.636,48,33,15,236,2
2024,2022400501,2025-03-27,GRG vs. IMA,Indiana Mad Ants,IMA,112,True,0.415,0.297,0.636,47,22,8,Grand Rapids Gold,GRG,110,False,0.463,0.452,0.643,46,26,14,222,2
2024,2022400502,2025-03-27,AUS @ MHU,Austin Spurs,AUS,102,False,0.412,0.316,0.667,42,14,14,Memphis Hustle,MHU,113,True,0.513,0.565,0.706,44,23,16,215,11
2024,0022401062,2025-03-27,MIA vs. ATL,Atlanta Hawks,ATL,112,False,0.518,0.439,0.727,36,27,15,Miami Heat,MIA,122,True,0.537,0.545,0.8,37,26,13,234,10
2024,0022401072,2025-03-28,NOP vs. GSW,Golden State Warriors,GSW,111,True,0.413,0.236,0.759,50,29,10,New Orleans Pelicans,NOP,95,False,0.407,0.304,0.786,46,24,15,206,16
2024,0022401070,2025-03-28,MIL vs. NYK,New York Knicks,NYK,116,True,0.484,0.364,0.875,44,28,8,Milwaukee Bucks,MIL,107,False,0.547,0.394,0.632,32,24,16,223,9
2024,2022400513,2025-03-28,SCW vs. RCR,Rip City Remix,RCR,105,False,0.424,0.2,0.667,36,25,16,Santa Cruz Warriors,SCW,150,True,0.533,0.435,0.909,62,37,15,255,45
2024,2022400510,2025-03-28,STO @ RGV,Stockton Kings,STO,102,False,0.459,0.308,0.875,38,24,15,Rio Grande Valley Vipers,RGV,113,True,0.469,0.318,0.538,47,30,12,215,11
2024,0022401069,2025-03-28,TOR vs. CHA,Charlotte Hornets,CHA,97,False,0.406,0.29,0.667,56,29,17,Toronto Raptors,TOR,108,True,0.442,0.318,0.667,45,28,6,205,11
2024,2022400507,2025-03-28,LIN vs. CLC,Cleveland Charge,CLC,121,True,0.467,0.233,0.76,55,25,18,Long Island Nets,LIN,114,False,0.449,0.306,0.571,52,25,17,235,7
2024,2022400508,2025-03-28,OSC vs. BHM,Birmingham Squadron,BHM,122,False,0.483,0.404,0.889,34,36,16,Osceola Magic,OSC,124,True,0.518,0.424,0.938,44,23,19,246,2
2024,0022401071,2025-03-28,PHX @ MIN,Phoenix Suns,PHX,109,False,0.519,0.486,0.692,34,28,16,Minnesota Timberwolves,MIN,124,True,0.528,0.487,0.846,43,31,11,233,15
2024,0022401068,2025-03-28,BKN vs. LAC,LA Clippers,LAC,132,True,0.55,0.514,0.893,48,29,12,Brooklyn Nets,BKN,100,False,0.371,0.298,0.769,43,27,14,232,32
2024,2022400509,2025-03-28,IWA vs. SBL,South Bay Lakers,SBL,127,True,0.538,0.364,0.813,44,33,14,Iowa Wolves,IWA,123,False,0.461,0.359,0.833,45,31,14,250,4
2024,0022401067,2025-03-28,DET vs. CLE,Cleveland Cavaliers,CLE,122,False,0.464,0.375,0.763,41,16,14,Detroit Pistons,DET,133,True,0.478,0.441,0.857,43,25,13,255,11
2024,2022400506,2025-03-28,CPS vs. GBO,Greensboro Swarm,GBO,112,True,0.452,0.303,0.85,55,21,11,College Park Skyhawks,CPS,101,False,0.402,0.357,0.692,39,29,9,213,11
2024,2022400512,2025-03-28,WIS vs. SDC,San Diego Clippers,SDC,95,False,0.463,0.273,0.429,40,20,14,Wisconsin Herd,WIS,107,True,0.488,0.265,0.9,47,25,12,202,12
2024,0022401073,2025-03-28,UTA @ DEN,Utah Jazz,UTA,93,False,0.355,0.175,0.833,42,21,17,Denver Nuggets,DEN,129,True,0.578,0.379,0.786,45,38,18,222,36
2024,2022400511,2025-03-28,OKL @ SXF,Oklahoma City Blue,OKL,107,False,0.422,0.286,0.909,47,20,15,Sioux Falls Skyforce,SXF,111,True,0.46,0.344,0.813,41,25,13,218,4
2024,2022400505,2025-03-28,CCG vs. WES,Westchester Knicks,WES,108,True,0.438,0.325,0.929,46,25,17,Capital City Go-Go,CCG,101,False,0.464,0.226,0.688,35,24,18,209,7
2024,2022400520,2025-03-29,MCC vs. WCB,Windy City Bulls,WCB,113,False,0.47,0.276,1.0,40,21,14,Motor City Cruise,MCC,120,True,0.449,0.286,0.857,54,16,17,233,7
2024,0022401076,2025-03-29,MIA @ PHI,Miami Heat,MIA,118,True,0.473,0.465,0.769,47,33,9,Philadelphia 76ers,PHI,95,False,0.5,0.406,0.429,37,28,18,213,23
2024,0022401074,2025-03-29,SAC @ ORL,Sacramento Kings,SAC,91,False,0.42,0.25,0.8,41,17,16,Orlando Magic,ORL,121,True,0.494,0.462,0.625,49,31,12,212,30
2024,2022400514,2025-03-29,MHU vs. MXC,Mexico City Capitanes,MXC,112,False,0.457,0.25,0.571,47,29,11,Memphis Hustle,MHU,119,True,0.483,0.405,0.706,52,24,16,231,7
2024,2022400522,2025-03-29,SBL @ IWA,South Bay Lakers,SBL,128,False,0.539,0.394,0.857,36,32,11,Iowa Wolves,IWA,139,True,0.546,0.474,0.692,45,24,11,267,11
2024,0022401079,2025-03-29,IND @ OKC,Indiana Pacers,IND,111,False,0.448,0.333,0.731,43,27,11,Oklahoma City Thunder,OKC,132,True,0.511,0.472,0.826,47,26,9,243,21
2024,2022400519,2025-03-29,LIN vs. CLC,Cleveland Charge,CLC,128,True,0.455,0.342,0.643,63,30,8,Long Island Nets,LIN,93,False,0.389,0.179,0.5,52,17,13,221,35
2024,0022401075,2025-03-29,BKN @ WAS,Brooklyn Nets,BKN,115,True,0.443,0.391,0.95,49,25,12,Washington Wizards,WAS,112,False,0.435,0.265,0.879,40,21,6,227,3
2024,0022401077,2025-03-29,CHI vs. DAL,Dallas Mavericks,DAL,120,True,0.465,0.3,0.81,41,28,6,Chicago Bulls,CHI,119,False,0.473,0.424,0.792,56,31,19,239,1
2024,2022400521,2025-03-29,OSC vs. BHM,Birmingham Squadron,BHM,119,False,0.506,0.471,1.0,23,29,8,Osceola Magic,OSC,124,True,0.536,0.457,0.688,54,26,16,243,5
2024,2022400525,2025-03-29,SDC @ WIS,San Diego Clippers,SDC,119,False,0.479,0.366,0.7,48,30,11,Wisconsin Herd,WIS,124,True,0.564,0.459,0.8,31,35,10,243,5
2024,2022400516,2025-03-29,CPS vs. GBO,Greensboro Swarm,GBO,112,False,0.518,0.5,0.667,38,34,10,College Park Skyhawks,CPS,119,True,0.433,0.425,0.85,46,24,9,231,7
2024,2022400517,2025-03-29,CCG vs. WES,Westchester Knicks,WES,108,True,0.432,0.293,0.609,51,19,11,Capital City Go-Go,CCG,97,False,0.398,0.324,0.692,40,23,13,205,11
2024,0022401080,2025-03-29,BOS @ SAS,Boston Celtics,BOS,121,True,0.479,0.333,0.778,54,32,9,San Antonio Spurs,SAS,111,False,0.437,0.35,0.778,35,25,4,232,10
2024,2022400527,2025-03-29,RCR @ SCW,Rip City Remix,RCR,103,False,0.42,0.326,0.818,44,19,19,Santa Cruz Warriors,SCW,119,True,0.425,0.34,0.727,60,31,17,222,16
2024,0022401078,2025-03-29,MEM vs. LAL,Los Angeles Lakers,LAL,134,True,0.506,0.442,0.926,42,30,13,Memphis Grizzlies,MEM,127,False,0.526,0.438,0.722,41,33,12,261,7
2024,2022400523,2025-03-29,RGV vs. STO,Stockton Kings,STO,111,True,0.488,0.3,0.688,40,17,11,Rio Grande Valley Vipers,RGV,107,False,0.466,0.293,1.0,39,23,17,218,4
2024,2022400524,2025-03-29,OKL @ SXF,Oklahoma City Blue,OKL,119,True,0.522,0.421,0.429,48,23,9,Sioux Falls Skyforce,SXF,112,False,0.394,0.381,0.75,50,24,10,231,7
2024,2022400515,2025-03-29,RAP @ DEL,Raptors 905,RAP,111,False,0.5,0.4,0.727,39,26,18,Delaware Blue Coats,DEL,122,True,0.6,0.438,0.467,37,26,16,233,11
2024,2022400526,2025-03-29,TEX vs. AUS,Austin Spurs,AUS,129,True,0.48,0.432,0.8,54,25,12,Texas Legends,TEX,107,False,0.465,0.281,0.786,43,22,15,236,22
2024,2022400518,2025-03-29,IMA @ GRG,Indiana Mad Ants,IMA,128,True,0.477,0.355,0.864,45,24,7,Grand Rapids Gold,GRG,118,False,0.473,0.333,0.818,40,20,7,246,10
2024,0022401083,2025-03-30,MIL vs. ATL,Atlanta Hawks,ATL,145,True,0.532,0.354,0.8,46,36,8,Milwaukee Bucks,MIL,124,False,0.476,0.343,0.791,36,21,14,269,21
2024,0022401086,2025-03-30,GSW @ SAS,Golden State Warriors,GSW,148,True,0.577,0.477,0.789,44,42,12,San Antonio Spurs,SAS,106,False,0.476,0.381,0.625,34,30,21,254,42
2024,0022401081,2025-03-30,LAC @ CLE,LA Clippers,LAC,122,False,0.484,0.39,0.727,44,25,12,Cleveland Cavaliers,CLE,127,True,0.505,0.333,0.783,45,33,10,249,5
2024,0022401088,2025-03-30,HOU @ PHX,Houston Rockets,HOU,148,True,0.571,0.581,0.72,45,37,9,Phoenix Suns,PHX,109,False,0.483,0.313,0.882,39,25,19,257,39
2024,0022401082,2025-03-30,POR @ NYK,Portland Trail Blazers,POR,93,False,0.437,0.25,0.571,39,19,14,New York Knicks,NYK,110,True,0.536,0.4,0.769,44,27,13,203,17
2024,0022401085,2025-03-30,CHA @ NOP,Charlotte Hornets,CHA,94,False,0.352,0.242,0.88,50,20,14,New Orleans Pelicans,NOP,98,True,0.413,0.29,0.765,57,24,17,192,4
2024,0022401084,2025-03-30,DET @ MIN,Detroit Pistons,DET,104,False,0.358,0.316,0.75,44,22,7,Minnesota Timberwolves,MIN,123,True,0.473,0.387,0.742,59,24,9,227,19
2024,0022401087,2025-03-30,TOR @ PHI,Toronto Raptors,TOR,127,True,0.476,0.447,0.667,46,32,10,Philadelphia 76ers,PHI,109,False,0.472,0.276,0.895,46,25,16,236,18
2024,0022401092,2025-03-31,WAS vs. MIA,Miami Heat,MIA,120,True,0.505,0.281,0.708,62,29,17,Washington Wizards,WAS,94,False,0.395,0.302,0.722,39,22,18,214,26
2024,0022401096,2025-03-31,LAL vs. HOU,Houston Rockets,HOU,98,False,0.416,0.313,0.824,51,26,15,Los Angeles Lakers,LAL,104,True,0.393,0.348,0.9,45,22,11,202,6
2024,0022401089,2025-03-31,UTA @ CHA,Utah Jazz,UTA,106,False,0.406,0.269,0.933,41,25,10,Charlotte Hornets,CHA,110,True,0.538,0.395,0.643,47,33,18,216,4
2024,0022401094,2025-03-31,OKC vs. CHI,Chicago Bulls,CHI,117,False,0.449,0.314,0.813,43,29,19,Oklahoma City Thunder,OKC,145,True,0.531,0.535,0.783,44,39,14,262,28
2024,0022401090,2025-03-31,SAC @ IND,Sacramento Kings,SAC,109,False,0.467,0.444,0.647,45,22,11,Indiana Pacers,IND,111,True,0.467,0.341,1.0,40,28,12,220,2
2024,0022401095,2025-03-31,DAL vs. BKN,Brooklyn Nets,BKN,113,True,0.433,0.392,0.75,40,32,8,Dallas Mavericks,DAL,109,False,0.477,0.333,0.586,49,29,8,222,4
2024,0022401091,2025-03-31,LAC @ ORL,LA Clippers,LAC,96,True,0.439,0.258,0.842,47,18,16,Orlando Magic,ORL,87,False,0.395,0.269,0.909,32,18,14,183,9
2024,0022401093,2025-03-31,BOS @ MEM,Boston Celtics,BOS,117,True,0.406,0.339,0.947,54,30,12,Memphis Grizzlies,MEM,103,False,0.446,0.25,0.625,45,21,10,220,14
2024,0022400988,2025-04-01,ORL @ SAS,Orlando Magic,ORL,116,True,0.478,0.383,1.0,41,28,10,San Antonio Spurs,SAS,105,False,0.494,0.406,0.706,38,24,17,221,11
2024,0022401099,2025-04-01,CHI vs. TOR,Toronto Raptors,TOR,118,False,0.454,0.444,0.909,35,35,12,Chicago Bulls,CHI,137,True,0.568,0.412,0.852,49,36,12,255,19
2024,0022401102,2025-04-01,DEN vs. MIN,Minnesota Timberwolves,MIN,140,True,0.468,0.38,0.68,52,35,14,Denver Nuggets,DEN,139,False,0.547,0.353,0.75,45,33,16,279,1
2024,0022401100,2025-04-01,MEM vs. GSW,Golden State Warriors,GSW,134,True,0.424,0.393,1.0,49,29,11,Memphis Grizzlies,MEM,125,False,0.478,0.409,0.864,43,22,16,259,9
2024,0022401098,2025-04-01,NYK vs. PHI,Philadelphia 76ers,PHI,91,False,0.42,0.194,0.773,42,23,19,New York Knicks,NYK,105,True,0.424,0.387,0.808,44,23,18,196,14
2024,0022401097,2025-04-01,ATL vs. POR,Portland Trail Blazers,POR,127,True,0.456,0.317,0.741,54,30,17,Atlanta Hawks,ATL,113,False,0.446,0.219,0.857,45,26,19,240,14
2024,0022401101,2025-04-01,MIL vs. PHX,Phoenix Suns,PHX,123,False,0.478,0.4,0.81,33,26,13,Milwaukee Bucks,MIL,133,True,0.689,0.586,0.933,29,32,18,256,10
2024,0022401104,2025-04-02,CHA @ IND,Charlotte Hornets,CHA,105,False,0.526,0.417,0.722,44,20,18,Indiana Pacers,IND,119,True,0.495,0.409,0.7,38,29,6,224,14
2024,0022401107,2025-04-02,HOU vs. UTA,Utah Jazz,UTA,105,False,0.426,0.25,0.652,39,25,9,Houston Rockets,HOU,143,True,0.538,0.422,0.632,63,30,10,248,38
2024,0022401110,2025-04-02,DEN vs. SAS,San Antonio Spurs,SAS,113,True,0.443,0.37,0.769,52,27,10,Denver Nuggets,DEN,106,False,0.396,0.295,0.68,58,24,12,219,7
2024,0022401103,2025-04-02,CLE vs. NYK,New York Knicks,NYK,105,False,0.444,0.306,0.824,39,24,14,Cleveland Cavaliers,CLE,124,True,0.532,0.324,0.857,44,23,13,229,19
2024,0022401109,2025-04-02,DAL vs. ATL,Atlanta Hawks,ATL,118,False,0.433,0.385,0.864,43,29,11,Dallas Mavericks,DAL,120,True,0.53,0.455,0.81,42,27,13,238,2
2024,0022401105,2025-04-02,WAS vs. SAC,Sacramento Kings,SAC,111,False,0.421,0.256,0.75,48,25,11,Washington Wizards,WAS,116,True,0.512,0.395,0.722,41,24,14,227,5
2024,0022401111,2025-04-02,NOP @ LAC,New Orleans Pelicans,NOP,98,False,0.506,0.182,0.727,39,29,15,LA Clippers,LAC,114,True,0.526,0.406,0.808,30,27,10,212,16
2024,0022401106,2025-04-02,BOS vs. MIA,Miami Heat,MIA,124,True,0.518,0.467,0.889,34,28,4,Boston Celtics,BOS,103,False,0.448,0.279,0.813,43,24,13,227,21
2024,0022401108,2025-04-02,OKC vs. DET,Detroit Pistons,DET,103,False,0.404,0.303,0.84,43,20,18,Oklahoma City Thunder,OKC,119,True,0.438,0.263,0.806,46,25,10,222,16
2024,0022401116,2025-04-03,TOR vs. POR,Portland Trail Blazers,POR,112,True,0.488,0.294,0.9,54,20,20,Toronto Raptors,TOR,103,False,0.458,0.353,0.6,35,29,17,215,9
2024,0022401112,2025-04-03,ORL @ WAS,Orlando Magic,ORL,109,True,0.463,0.367,0.88,47,27,8,Washington Wizards,WAS,97,False,0.447,0.4,0.818,38,16,13,206,12
2024,0022401115,2025-04-03,MIL @ PHI,Milwaukee Bucks,MIL,126,True,0.561,0.516,0.667,40,32,11,Philadelphia 76ers,PHI,113,False,0.483,0.308,0.789,40,30,13,239,13
2024,0022401117,2025-04-03,GSW @ LAL,Golden State Warriors,GSW,123,True,0.476,0.452,0.839,46,30,13,Los Angeles Lakers,LAL,116,False,0.453,0.383,0.87,39,23,8,239,7
2024,0022401113,2025-04-03,MIN @ BKN,Minnesota Timberwolves,MIN,105,True,0.5,0.31,0.667,45,27,17,Brooklyn Nets,BKN,90,False,0.427,0.306,0.75,34,30,10,195,15
2024,0022401114,2025-04-03,MIA vs. MEM,Memphis Grizzlies,MEM,110,True,0.471,0.421,0.824,49,24,18,Miami Heat,MIA,108,False,0.411,0.424,0.842,47,24,11,218,2
2024,0022401126,2025-04-04,LAL vs. NOP,New Orleans Pelicans,NOP,108,False,0.488,0.412,0.636,38,27,16,Los Angeles Lakers,LAL,124,True,0.519,0.39,0.929,36,26,12,232,16
2024,0022401121,2025-04-04,TOR vs. DET,Detroit Pistons,DET,117,True,0.461,0.353,0.852,47,27,13,Toronto Raptors,TOR,105,False,0.418,0.351,0.8,49,24,15,222,12
2024,0022401127,2025-04-04,LAC vs. DAL,Dallas Mavericks,DAL,91,False,0.455,0.2,0.654,39,19,17,LA Clippers,LAC,114,True,0.494,0.467,0.75,48,23,13,205,23
2024,0022401122,2025-04-04,CHI vs. POR,Portland Trail Blazers,POR,113,False,0.383,0.262,0.778,54,23,5,Chicago Bulls,CHI,118,True,0.471,0.37,0.839,61,25,17,231,5
2024,0022401120,2025-04-04,PHX @ BOS,Phoenix Suns,PHX,103,False,0.441,0.324,0.818,40,24,6,Boston Celtics,BOS,123,True,0.517,0.359,0.864,49,28,7,226,20
2024,0022401124,2025-04-04,CLE @ SAS,Cleveland Cavaliers,CLE,114,True,0.471,0.431,0.714,44,31,15,San Antonio Spurs,SAS,113,False,0.436,0.333,0.789,44,27,11,227,1
2024,0022401125,2025-04-04,DEN @ GSW,Denver Nuggets,DEN,104,False,0.541,0.387,0.923,38,28,25,Golden State Warriors,GSW,118,True,0.489,0.421,0.889,36,25,13,222,14
2024,0022401118,2025-04-04,SAC @ CHA,Sacramento Kings,SAC,125,True,0.495,0.444,0.826,44,26,6,Charlotte Hornets,CHA,102,False,0.398,0.229,0.824,45,17,12,227,23
2024,0022401123,2025-04-04,OKC @ HOU,Oklahoma City Thunder,OKC,111,False,0.483,0.371,0.8,33,24,15,Houston Rockets,HOU,125,True,0.489,0.448,0.846,48,24,13,236,14
2024,0022401119,2025-04-04,UTA @ IND,Utah Jazz,UTA,112,False,0.375,0.308,0.857,52,21,11,Indiana Pacers,IND,140,True,0.573,0.375,0.684,51,38,7,252,28
2024,0022401132,2025-04-05,DAL @ LAC,Dallas Mavericks,DAL,104,False,0.436,0.259,0.763,41,18,15,LA Clippers,LAC,135,True,0.563,0.393,0.8,45,31,6,239,31
2024,0022401131,2025-04-05,MIA vs. MIL,Milwaukee Bucks,MIL,121,True,0.517,0.333,0.793,47,29,9,Miami Heat,MIA,115,False,0.422,0.326,0.875,52,24,10,236,6
2024,0022401130,2025-04-05,PHI vs. MIN,Minnesota Timberwolves,MIN,114,True,0.506,0.324,0.724,47,22,15,Philadelphia 76ers,PHI,109,False,0.484,0.343,0.6,34,26,8,223,5
2024,0022401128,2025-04-05,ATL vs. NYK,New York Knicks,NYK,121,True,0.536,0.517,0.842,38,32,13,Atlanta Hawks,ATL,105,False,0.466,0.311,0.75,38,24,15,226,16
2024,0022401129,2025-04-05,DET vs. MEM,Memphis Grizzlies,MEM,109,True,0.415,0.281,0.759,64,19,14,Detroit Pistons,DET,103,False,0.385,0.262,0.783,44,24,6,212,6
2024,0022401143,2025-04-06,GSW vs. HOU,Houston Rockets,HOU,106,True,0.484,0.333,0.375,49,26,15,Golden State Warriors,GSW,96,False,0.416,0.372,0.545,46,28,20,202,10
2024,0022401136,2025-04-06,ATL vs. UTA,Utah Jazz,UTA,134,False,0.517,0.426,0.857,32,29,10,Atlanta Hawks,ATL,147,True,0.568,0.537,0.85,42,43,11,281,13
2024,0022401135,2025-04-06,LAL @ OKC,Los Angeles Lakers,LAL,126,True,0.548,0.55,0.706,43,25,15,Oklahoma City Thunder,OKC,99,False,0.433,0.324,0.75,34,20,7,225,27
2024,0022401140,2025-04-06,NYK vs. PHX,Phoenix Suns,PHX,98,False,0.424,0.118,0.842,35,20,12,New York Knicks,NYK,112,True,0.541,0.429,0.833,41,28,14,210,14
2024,0022401133,2025-04-06,CHA vs. CHI,Chicago Bulls,CHI,131,True,0.535,0.444,0.793,41,26,12,Charlotte Hornets,CHA,117,False,0.482,0.267,0.794,40,25,12,248,14
2024,0022401142,2025-04-06,IND @ DEN,Indiana Pacers,IND,125,True,0.479,0.341,0.857,41,34,6,Denver Nuggets,DEN,120,False,0.538,0.258,0.667,47,33,13,245,5
2024,0022401134,2025-04-06,TOR @ BKN,Toronto Raptors,TOR,120,True,0.5,0.333,0.636,47,30,18,Brooklyn Nets,BKN,109,False,0.476,0.286,0.778,46,25,23,229,11
2024,0022401137,2025-04-06,WAS @ BOS,Washington Wizards,WAS,90,False,0.407,0.267,0.8,32,21,10,Boston Celtics,BOS,124,True,0.49,0.462,0.667,62,33,13,214,34
2024,0022400617,2025-04-06,MIL @ NOP,Milwaukee Bucks,MIL,111,True,0.467,0.344,0.636,51,29,7,New Orleans Pelicans,NOP,107,False,0.453,0.364,0.643,48,31,11,218,4
2024,0022401138,2025-04-06,SAC @ CLE,Sacramento Kings,SAC,120,True,0.537,0.424,0.818,39,25,14,Cleveland Cavaliers,CLE,113,False,0.523,0.263,0.579,39,31,16,233,7
2024,0022401139,2025-04-06,SAS @ POR,San Antonio Spurs,SAS,109,False,0.432,0.324,0.762,45,26,18,Portland Trail Blazers,POR,120,True,0.472,0.366,0.778,44,25,15,229,11
2024,0022401144,2025-04-07,SAC @ DET,Sacramento Kings,SAC,127,True,0.516,0.407,0.815,50,20,10,Detroit Pistons,DET,117,False,0.472,0.333,0.714,37,30,9,244,10
2024,0022401145,2025-04-07,PHI @ MIA,Philadelphia 76ers,PHI,105,False,0.432,0.316,0.68,45,20,13,Miami Heat,MIA,117,True,0.506,0.444,0.733,47,26,13,222,12
2024,0022401155,2025-04-08,LAC vs. SAS,San Antonio Spurs,SAS,117,False,0.529,0.405,0.625,34,29,16,LA Clippers,LAC,122,True,0.516,0.467,0.75,50,30,15,239,5
2024,0022401147,2025-04-08,CHI @ CLE,Chicago Bulls,CHI,113,False,0.477,0.349,0.842,45,26,20,Cleveland Cavaliers,CLE,135,True,0.51,0.5,0.615,45,35,12,248,22
2024,0022401146,2025-04-08,CHA vs. MEM,Memphis Grizzlies,MEM,124,True,0.452,0.327,0.846,52,23,13,Charlotte Hornets,CHA,100,False,0.457,0.289,0.652,38,22,15,224,24
2024,0022401150,2025-04-08,BKN vs. NOP,New Orleans Pelicans,NOP,114,False,0.476,0.364,0.774,42,26,17,Brooklyn Nets,BKN,119,True,0.494,0.425,0.833,40,30,16,233,5
2024,0022401148,2025-04-08,IND vs. WAS,Washington Wizards,WAS,98,False,0.418,0.282,0.733,50,18,11,Indiana Pacers,IND,104,True,0.379,0.257,0.784,49,21,7,202,6
2024,0022401151,2025-04-08,BOS @ NYK,Boston Celtics,BOS,119,True,0.46,0.388,0.8,38,26,15,New York Knicks,NYK,117,False,0.475,0.289,0.625,52,28,11,236,2
2024,0022401153,2025-04-08,LAL @ OKC,Los Angeles Lakers,LAL,120,False,0.463,0.45,0.757,45,21,18,Oklahoma City Thunder,OKC,136,True,0.5,0.486,0.7,44,26,6,256,16
2024,0022401149,2025-04-08,ORL vs. ATL,Atlanta Hawks,ATL,112,False,0.455,0.341,0.818,41,25,18,Orlando Magic,ORL,119,True,0.5,0.412,0.677,43,23,13,231,7
2024,0022401152,2025-04-08,MIN @ MIL,Minnesota Timberwolves,MIN,103,False,0.461,0.325,0.889,42,25,13,Milwaukee Bucks,MIL,110,True,0.476,0.333,0.72,43,27,11,213,7
2024,0022401154,2025-04-08,GSW @ PHX,Golden State Warriors,GSW,133,True,0.484,0.375,0.824,57,31,15,Phoenix Suns,PHX,95,False,0.398,0.279,0.867,41,22,19,228,38
2024,0022401162,2025-04-09,POR @ UTA,Portland Trail Blazers,POR,126,False,0.462,0.244,0.679,43,27,16,Utah Jazz,UTA,133,True,0.51,0.417,0.818,56,27,24,259,7
2024,0022401156,2025-04-09,ORL vs. BOS,Boston Celtics,BOS,76,False,0.39,0.175,0.833,43,20,15,Orlando Magic,ORL,96,True,0.407,0.356,0.75,49,23,10,172,20
2024,0022401160,2025-04-09,MIA @ CHI,Miami Heat,MIA,111,False,0.478,0.364,0.647,39,28,13,Chicago Bulls,CHI,119,True,0.517,0.378,1.0,46,33,16,230,8
2024,0022401163,2025-04-09,GSW vs. SAS,San Antonio Spurs,SAS,114,True,0.481,0.391,0.857,43,23,13,Golden State Warriors,GSW,111,False,0.419,0.333,0.821,45,29,10,225,3
2024,0022401157,2025-04-09,WAS vs. PHI,Philadelphia 76ers,PHI,122,True,0.429,0.32,0.737,55,20,16,Washington Wizards,WAS,103,False,0.391,0.303,0.833,47,22,16,225,19
2024,0022401164,2025-04-09,OKC @ PHX,Oklahoma City Thunder,OKC,125,True,0.523,0.4,0.852,44,24,10,Phoenix Suns,PHX,112,False,0.483,0.357,0.684,38,31,13,237,13
2024,0022401158,2025-04-09,CHA @ TOR,Charlotte Hornets,CHA,96,False,0.439,0.314,0.813,41,23,19,Toronto Raptors,TOR,126,True,0.471,0.365,0.75,55,37,8,222,30
2024,0022401166,2025-04-09,HOU @ LAC,Houston Rockets,HOU,117,False,0.511,0.5,0.7,36,24,13,LA Clippers,LAC,134,True,0.533,0.514,1.0,43,33,11,251,17
2024,0022401159,2025-04-09,LAL @ DAL,Los Angeles Lakers,LAL,112,True,0.467,0.333,0.762,39,22,9,Dallas Mavericks,DAL,97,False,0.5,0.346,0.696,38,30,19,209,15
2024,0022401165,2025-04-09,DEN @ SAC,Denver Nuggets,DEN,124,True,0.5,0.382,0.806,45,30,7,Sacramento Kings,SAC,116,False,0.467,0.444,0.824,40,25,8,240,8
2024,0022401169,2025-04-10,ATL @ BKN,Atlanta Hawks,ATL,133,True,0.571,0.417,0.667,51,36,15,Brooklyn Nets,BKN,109,False,0.4,0.423,0.682,41,31,17,242,24
2024,0022401170,2025-04-10,MIN @ MEM,Minnesota Timberwolves,MIN,141,True,0.552,0.455,0.893,41,29,16,Memphis Grizzlies,MEM,125,False,0.517,0.5,0.714,33,26,15,266,16
2024,0022401167,2025-04-10,DET vs. NYK,New York Knicks,NYK,106,False,0.467,0.324,0.786,34,32,14,Detroit Pistons,DET,115,True,0.573,0.364,0.722,35,20,15,221,9
2024,0022401161,2025-04-10,NOP @ MIL,New Orleans Pelicans,NOP,111,False,0.427,0.319,0.737,53,28,16,Milwaukee Bucks,MIL,136,True,0.544,0.4,0.667,43,27,11,247,25
2024,0022401168,2025-04-10,IND vs. CLE,Cleveland Cavaliers,CLE,112,False,0.439,0.459,0.692,50,24,11,Indiana Pacers,IND,114,True,0.462,0.341,0.7,46,28,9,226,2
2024,0022401183,2025-04-11,POR vs. GSW,Golden State Warriors,GSW,103,True,0.398,0.318,0.821,45,26,14,Portland Trail Blazers,POR,86,False,0.376,0.2,0.727,52,21,22,189,17
2024,0022401172,2025-04-11,IND vs. ORL,Orlando Magic,ORL,129,True,0.576,0.406,0.857,35,32,19,Indiana Pacers,IND,115,False,0.449,0.414,0.657,44,24,17,244,14
2024,0022401180,2025-04-11,DEN vs. MEM,Memphis Grizzlies,MEM,109,False,0.451,0.326,0.684,41,26,12,Denver Nuggets,DEN,117,True,0.484,0.208,0.774,52,32,12,226,8
2024,0022401185,2025-04-11,HOU @ LAL,Houston Rockets,HOU,109,False,0.456,0.353,0.75,37,22,18,Los Angeles Lakers,LAL,140,True,0.609,0.514,0.6,42,28,12,249,31
2024,0022401178,2025-04-11,DAL vs. TOR,Toronto Raptors,TOR,102,False,0.4,0.282,0.611,43,22,10,Dallas Mavericks,DAL,124,True,0.551,0.441,0.647,56,34,17,226,22
2024,0022401176,2025-04-11,CHI vs. WAS,Washington Wizards,WAS,89,False,0.385,0.244,0.75,41,26,16,Chicago Bulls,CHI,119,True,0.462,0.317,0.909,54,32,12,208,30
2024,0022401184,2025-04-11,SAC vs. LAC,LA Clippers,LAC,101,True,0.513,0.333,0.778,37,19,12,Sacramento Kings,SAC,100,False,0.435,0.323,0.941,43,23,11,201,1
2024,0022401173,2025-04-11,ATL @ PHI,Atlanta Hawks,ATL,124,True,0.479,0.381,0.75,53,28,14,Philadelphia 76ers,PHI,110,False,0.443,0.343,0.8,45,29,14,234,14
2024,0022401174,2025-04-11,CHA @ BOS,Charlotte Hornets,CHA,94,False,0.387,0.375,0.7,48,25,17,Boston Celtics,BOS,130,True,0.516,0.451,0.75,52,35,10,224,36
2024,0022401181,2025-04-11,OKC @ UTA,Oklahoma City Thunder,OKC,145,True,0.56,0.453,0.692,47,41,10,Utah Jazz,UTA,111,False,0.379,0.27,0.8,57,23,16,256,34
2024,0022401177,2025-04-11,MIA @ NOP,Miami Heat,MIA,153,True,0.558,0.444,0.773,60,36,9,New Orleans Pelicans,NOP,104,False,0.4,0.378,0.7,42,27,13,257,49
2024,0022401171,2025-04-11,DET vs. MIL,Milwaukee Bucks,MIL,125,True,0.457,0.436,0.815,44,30,7,Detroit Pistons,DET,119,False,0.495,0.462,0.5,42,30,10,244,6
2024,0022401182,2025-04-11,PHX vs. SAS,San Antonio Spurs,SAS,98,False,0.433,0.382,0.7,40,28,14,Phoenix Suns,PHX,117,True,0.463,0.404,0.909,52,27,11,215,19
2024,0022401179,2025-04-11,MIN vs. BKN,Brooklyn Nets,BKN,91,False,0.367,0.293,0.765,41,24,9,Minnesota Timberwolves,MIN,117,True,0.545,0.355,0.759,48,27,12,208,26
2024,0022401175,2025-04-11,CLE @ NYK,Cleveland Cavaliers,CLE,108,True,0.494,0.355,0.7,49,23,15,New York Knicks,NYK,102,False,0.409,0.39,0.7,35,22,8,210,6
2024,0022401186,2025-04-13,ORL @ ATL,Orlando Magic,ORL,105,False,0.455,0.429,0.667,43,25,14,Atlanta Hawks,ATL,117,True,0.534,0.425,0.6,44,32,15,222,12
2024,0022401194,2025-04-13,DAL @ MEM,Dallas Mavericks,DAL,97,False,0.437,0.179,0.727,38,20,18,Memphis Grizzlies,MEM,132,True,0.5,0.375,0.867,53,31,11,229,35
2024,0022401189,2025-04-13,CLE vs. IND,Indiana Pacers,IND,126,True,0.403,0.238,0.909,61,27,13,Cleveland Cavaliers,CLE,118,False,0.383,0.3,0.545,65,21,21,244,8
2024,0022401198,2025-04-13,LAC @ GSW,LA Clippers,LAC,124,True,0.558,0.467,0.778,42,28,16,Golden State Warriors,GSW,119,False,0.544,0.455,0.783,25,31,15,243,5
2024,0022401200,2025-04-13,PHX @ SAC,Phoenix Suns,PHX,98,False,0.476,0.341,0.5,37,28,11,Sacramento Kings,SAC,109,True,0.523,0.412,1.0,43,31,11,207,11
2024,0022401192,2025-04-13,DET @ MIL,Detroit Pistons,DET,133,False,0.477,0.373,0.643,42,35,13,Milwaukee Bucks,MIL,140,True,0.581,0.523,0.773,38,30,20,273,7
2024,0022401199,2025-04-13,LAL @ POR,Los Angeles Lakers,LAL,81,False,0.388,0.321,0.714,42,21,20,Portland Trail Blazers,POR,109,True,0.438,0.357,0.476,56,27,14,190,28
2024,0022401190,2025-04-13,MIA vs. WAS,Washington Wizards,WAS,119,True,0.511,0.432,0.647,43,33,10,Miami Heat,MIA,118,False,0.5,0.313,0.833,46,28,8,237,1
2024,0022401193,2025-04-13,HOU vs. DEN,Denver Nuggets,DEN,126,True,0.511,0.345,0.839,47,28,9,Houston Rockets,HOU,111,False,0.45,0.353,0.643,45,32,10,237,15
2024,0022401187,2025-04-13,CHA @ BOS,Charlotte Hornets,CHA,86,False,0.376,0.282,0.611,51,23,17,Boston Celtics,BOS,93,True,0.389,0.311,0.692,49,22,13,179,7
2024,0022401196,2025-04-13,NOP vs. OKC,Oklahoma City Thunder,OKC,115,True,0.418,0.191,0.889,54,16,10,New Orleans Pelicans,NOP,100,False,0.385,0.184,0.767,47,22,12,215,15
2024,0022401188,2025-04-13,BKN vs. NYK,New York Knicks,NYK,113,True,0.43,0.381,0.885,40,27,11,Brooklyn Nets,BKN,105,False,0.514,0.343,0.68,42,21,18,218,8
2024,0022401197,2025-04-13,TOR @ SAS,Toronto Raptors,TOR,118,False,0.474,0.359,0.75,42,32,13,San Antonio Spurs,SAS,125,True,0.512,0.344,0.875,50,22,12,243,7
2024,0022401195,2025-04-13,UTA @ MIN,Utah Jazz,UTA,105,False,0.449,0.381,0.818,40,24,13,Minnesota Timberwolves,MIN,116,True,0.469,0.302,0.688,54,23,13,221,11
2024,0022401191,2025-04-13,CHI @ PHI,Chicago Bulls,CHI,122,True,0.456,0.325,0.75,59,29,12,Philadelphia 76ers,PHI,102,False,0.383,0.273,0.857,48,20,14,224,20
