season,game_id,date,matchup,home_team,home_abbr,home_score,home_win,home_fg_pct,home_fg3_pct,home_ft_pct,home_rebounds,home_assists,home_turnovers,away_team,away_abbr,away_score,away_win,away_fg_pct,away_fg3_pct,away_ft_pct,away_rebounds,away_assists,away_turnovers,total_points,point_differential
2023,0022300061,2023-10-24,LAL @ DEN,Denver Nuggets,DEN,119,True,0.527,0.412,0.75,42,29,11,Los Angeles Lakers,LAL,107,False,0.456,0.345,0.75,44,23,11,226,12
2023,0022300062,2023-10-24,GSW vs. PHX,Golden State Warriors,GSW,104,False,0.356,0.233,0.786,49,19,11,Phoenix Suns,PHX,108,True,0.442,0.333,0.765,60,23,19,212,4
2023,0022300063,2023-10-25,CHA vs. ATL,Charlotte Hornets,CHA,116,True,0.5,0.297,0.731,51,34,19,Atlanta Hawks,ATL,110,False,0.419,0.172,0.818,42,24,12,226,6
2023,0022300073,2023-10-25,DAL @ SAS,San Antonio Spurs,SAS,119,False,0.517,0.314,0.727,45,33,19,Dallas Mavericks,DAL,126,True,0.475,0.319,0.739,48,24,12,245,7
2023,0022300066,2023-10-25,ORL vs. HOU,Orlando Magic,ORL,116,True,0.483,0.265,0.885,57,19,14,Houston Rockets,HOU,86,False,0.405,0.353,0.625,31,19,18,202,30
2023,0022300067,2023-10-25,CLE @ BKN,Brooklyn Nets,BKN,113,False,0.5,0.333,0.769,50,30,17,Cleveland Cavaliers,CLE,114,True,0.468,0.395,0.9,38,25,10,227,1
2023,0022300071,2023-10-25,MEM vs. NOP,Memphis Grizzlies,MEM,104,False,0.418,0.279,0.8,37,23,13,New Orleans Pelicans,NOP,111,True,0.471,0.438,0.773,52,22,21,215,7
2023,0022300064,2023-10-25,IND vs. WAS,Indiana Pacers,IND,143,True,0.523,0.465,0.917,51,38,12,Washington Wizards,WAS,120,False,0.458,0.375,0.793,45,28,14,263,23
2023,0022300072,2023-10-25,UTA vs. SAC,Utah Jazz,UTA,114,False,0.451,0.321,0.742,54,22,14,Sacramento Kings,SAC,130,True,0.461,0.373,0.85,45,29,11,244,16
2023,0022300074,2023-10-25,POR @ LAC,LA Clippers,LAC,123,True,0.522,0.471,0.813,45,36,17,Portland Trail Blazers,POR,111,False,0.473,0.313,0.765,40,20,17,234,12
2023,0022300068,2023-10-25,MIA vs. DET,Miami Heat,MIA,103,True,0.402,0.364,0.808,48,22,7,Detroit Pistons,DET,102,False,0.446,0.344,0.6,56,28,16,205,1
2023,0022300069,2023-10-25,TOR vs. MIN,Toronto Raptors,TOR,97,True,0.4,0.4,0.688,47,27,14,Minnesota Timberwolves,MIN,94,False,0.34,0.258,0.818,62,20,14,191,3
2023,0022300070,2023-10-25,CHI vs. OKC,Chicago Bulls,CHI,104,False,0.415,0.286,0.778,42,26,12,Oklahoma City Thunder,OKC,124,True,0.549,0.487,0.833,43,30,15,228,20
2023,0022300065,2023-10-25,BOS @ NYK,New York Knicks,NYK,104,False,0.371,0.439,0.538,47,24,9,Boston Celtics,BOS,108,True,0.481,0.308,0.846,46,18,13,212,4
2023,0022300076,2023-10-26,PHX @ LAL,Los Angeles Lakers,LAL,100,True,0.429,0.172,0.793,42,24,16,Phoenix Suns,PHX,95,False,0.42,0.29,0.783,49,16,20,195,5
2023,0022300075,2023-10-26,PHI @ MIL,Milwaukee Bucks,MIL,118,True,0.506,0.367,0.694,43,20,14,Philadelphia 76ers,PHI,117,False,0.513,0.457,0.679,39,25,15,235,1
2023,0022300081,2023-10-27,CLE vs. OKC,Cleveland Cavaliers,CLE,105,False,0.413,0.267,0.739,48,20,13,Oklahoma City Thunder,OKC,108,True,0.46,0.5,0.789,47,22,18,213,3
2023,0022300083,2023-10-27,SAS vs. HOU,San Antonio Spurs,SAS,126,True,0.489,0.31,0.75,43,32,18,Houston Rockets,HOU,122,False,0.52,0.25,0.5,43,30,18,248,4
2023,0022300087,2023-10-27,SAC vs. GSW,Sacramento Kings,SAC,114,False,0.436,0.3,0.69,41,24,14,Golden State Warriors,GSW,122,True,0.552,0.438,0.857,39,32,19,236,8
2023,0022300085,2023-10-27,UTA vs. LAC,Utah Jazz,UTA,120,True,0.438,0.39,0.909,45,27,14,LA Clippers,LAC,118,False,0.532,0.4,0.786,36,17,14,238,2
2023,0022300078,2023-10-27,MEM vs. DEN,Memphis Grizzlies,MEM,104,False,0.435,0.303,0.833,48,22,20,Denver Nuggets,DEN,108,True,0.466,0.378,0.667,40,27,17,212,4
2023,0022300084,2023-10-27,BKN @ DAL,Dallas Mavericks,DAL,125,True,0.484,0.417,0.786,40,20,9,Brooklyn Nets,BKN,120,False,0.489,0.488,0.9,47,30,15,245,5
2023,0022300077,2023-10-27,DET @ CHA,Charlotte Hornets,CHA,99,False,0.375,0.25,0.765,41,20,18,Detroit Pistons,DET,111,True,0.455,0.333,0.84,53,28,23,210,12
2023,0022300080,2023-10-27,MIA @ BOS,Boston Celtics,BOS,119,True,0.474,0.41,0.684,55,20,15,Miami Heat,MIA,111,False,0.427,0.485,0.826,45,24,12,230,8
2023,0022300082,2023-10-27,CHI vs. TOR,Chicago Bulls,CHI,104,True,0.374,0.205,0.786,52,18,16,Toronto Raptors,TOR,103,False,0.464,0.25,0.64,53,25,21,207,1
2023,0022300079,2023-10-27,NYK @ ATL,Atlanta Hawks,ATL,120,False,0.483,0.375,0.8,44,28,14,New York Knicks,NYK,126,True,0.478,0.455,0.714,45,30,16,246,6
2023,0022300086,2023-10-27,POR vs. ORL,Portland Trail Blazers,POR,97,False,0.398,0.281,0.857,47,15,16,Orlando Magic,ORL,102,True,0.456,0.321,0.656,45,22,14,199,5
2023,0022300092,2023-10-28,PHI @ TOR,Toronto Raptors,TOR,107,False,0.437,0.531,0.737,41,28,13,Philadelphia 76ers,PHI,114,True,0.5,0.357,0.857,42,25,9,221,7
2023,0022300093,2023-10-28,MIN vs. MIA,Minnesota Timberwolves,MIN,106,True,0.512,0.353,0.75,47,30,14,Miami Heat,MIA,90,False,0.402,0.316,0.571,42,24,14,196,16
2023,0022300090,2023-10-28,NYK @ NOP,New Orleans Pelicans,NOP,96,True,0.46,0.273,0.438,43,20,13,New York Knicks,NYK,87,False,0.367,0.189,0.778,59,19,18,183,9
2023,0022300089,2023-10-28,WAS vs. MEM,Washington Wizards,WAS,113,True,0.43,0.348,0.773,45,24,11,Memphis Grizzlies,MEM,106,False,0.429,0.404,1.0,45,27,16,219,7
2023,0022300094,2023-10-28,PHX vs. UTA,Phoenix Suns,PHX,126,True,0.529,0.27,0.929,39,31,11,Utah Jazz,UTA,104,False,0.44,0.324,0.857,45,26,18,230,22
2023,0022300091,2023-10-28,CLE vs. IND,Cleveland Cavaliers,CLE,113,False,0.434,0.387,0.625,51,29,6,Indiana Pacers,IND,125,True,0.49,0.395,0.824,48,36,7,238,12
2023,0022300088,2023-10-28,CHI @ DET,Detroit Pistons,DET,118,True,0.523,0.429,0.8,53,29,15,Chicago Bulls,CHI,102,False,0.419,0.393,0.813,33,16,8,220,16
2023,0022300096,2023-10-29,GSW @ HOU,Houston Rockets,HOU,95,False,0.378,0.273,0.947,42,22,7,Golden State Warriors,GSW,106,True,0.432,0.4,0.783,49,27,14,201,11
2023,0022300095,2023-10-29,OKC vs. DEN,Oklahoma City Thunder,OKC,95,False,0.411,0.188,0.833,29,22,9,Denver Nuggets,DEN,128,True,0.602,0.407,0.846,48,34,13,223,33
2023,0022300098,2023-10-29,PHI vs. POR,Philadelphia 76ers,PHI,126,True,0.488,0.393,0.875,51,28,15,Portland Trail Blazers,POR,98,False,0.383,0.226,0.864,42,19,15,224,28
2023,0022300099,2023-10-29,SAS @ LAC,LA Clippers,LAC,123,True,0.516,0.381,0.619,48,23,16,San Antonio Spurs,SAS,83,False,0.375,0.333,0.75,37,21,25,206,40
2023,0022300097,2023-10-29,MIL vs. ATL,Milwaukee Bucks,MIL,110,False,0.453,0.364,0.8,39,22,23,Atlanta Hawks,ATL,127,True,0.505,0.405,0.818,46,32,17,237,17
2023,0022300100,2023-10-29,SAC vs. LAL,Sacramento Kings,SAC,132,True,0.471,0.354,0.708,47,30,10,Los Angeles Lakers,LAL,127,False,0.439,0.333,0.765,53,27,12,259,5
2023,0022300103,2023-10-30,BOS @ WAS,Washington Wizards,WAS,107,False,0.448,0.306,0.692,40,26,15,Boston Celtics,BOS,126,True,0.5,0.358,0.714,51,31,17,233,19
2023,0022300108,2023-10-30,GSW @ NOP,New Orleans Pelicans,NOP,102,False,0.409,0.256,0.615,39,23,11,Golden State Warriors,GSW,130,True,0.52,0.366,0.65,64,28,14,232,28
2023,0022300109,2023-10-30,OKC vs. DET,Oklahoma City Thunder,OKC,124,True,0.53,0.448,0.821,44,21,15,Detroit Pistons,DET,112,False,0.429,0.536,0.792,41,31,16,236,12
2023,0022300107,2023-10-30,MIL vs. MIA,Milwaukee Bucks,MIL,122,True,0.506,0.324,0.733,43,24,14,Miami Heat,MIA,114,False,0.477,0.382,0.95,40,27,14,236,8
2023,0022300101,2023-10-30,BKN @ CHA,Charlotte Hornets,CHA,121,False,0.49,0.258,0.95,39,33,9,Brooklyn Nets,BKN,133,True,0.563,0.364,0.719,46,25,13,254,12
2023,0022300106,2023-10-30,MEM vs. DAL,Memphis Grizzlies,MEM,110,False,0.457,0.378,0.6,44,22,12,Dallas Mavericks,DAL,125,True,0.5,0.489,0.75,48,24,15,235,15
2023,0022300110,2023-10-30,UTA @ DEN,Denver Nuggets,DEN,110,True,0.56,0.321,0.412,43,32,12,Utah Jazz,UTA,102,False,0.429,0.297,0.467,51,30,12,212,8
2023,0022300111,2023-10-30,ORL @ LAL,Los Angeles Lakers,LAL,106,True,0.532,0.296,0.778,40,28,16,Orlando Magic,ORL,103,False,0.4,0.4,0.722,44,28,11,209,3
2023,0022300105,2023-10-30,POR @ TOR,Toronto Raptors,TOR,91,False,0.404,0.138,0.733,47,19,11,Portland Trail Blazers,POR,99,True,0.447,0.314,0.8,51,20,14,190,8
2023,0022300104,2023-10-30,MIN @ ATL,Atlanta Hawks,ATL,127,True,0.558,0.467,0.944,36,28,9,Minnesota Timberwolves,MIN,113,False,0.489,0.485,0.6,38,24,10,240,14
2023,0022300102,2023-10-30,IND vs. CHI,Indiana Pacers,IND,105,False,0.409,0.261,0.84,47,26,17,Chicago Bulls,CHI,112,True,0.46,0.353,0.839,44,19,13,217,7
2023,0022300113,2023-10-31,PHX vs. SAS,Phoenix Suns,PHX,114,False,0.506,0.462,0.8,43,29,19,San Antonio Spurs,SAS,115,True,0.467,0.378,0.75,37,25,12,229,1
2023,0022300112,2023-10-31,NYK @ CLE,Cleveland Cavaliers,CLE,91,False,0.391,0.263,0.75,46,19,15,New York Knicks,NYK,109,True,0.442,0.382,0.8,48,18,14,200,18
2023,0022300114,2023-10-31,LAC vs. ORL,LA Clippers,LAC,118,True,0.494,0.452,0.696,44,29,16,Orlando Magic,ORL,102,False,0.469,0.233,0.576,40,23,16,220,16
2023,0022300116,2023-11-01,MIL @ TOR,Toronto Raptors,TOR,130,True,0.56,0.395,0.929,50,35,16,Milwaukee Bucks,MIL,111,False,0.461,0.382,0.737,29,19,12,241,19
2023,0022300120,2023-11-01,CLE @ NYK,New York Knicks,NYK,89,False,0.348,0.167,0.667,50,18,13,Cleveland Cavaliers,CLE,95,True,0.432,0.375,0.95,46,22,18,184,6
2023,0022300123,2023-11-01,DEN @ MIN,Minnesota Timberwolves,MIN,110,True,0.458,0.381,0.963,47,20,13,Denver Nuggets,DEN,89,False,0.396,0.182,0.7,43,23,15,199,21
2023,0022300121,2023-11-01,OKC vs. NOP,Oklahoma City Thunder,OKC,106,False,0.432,0.206,0.92,49,23,14,New Orleans Pelicans,NOP,110,True,0.392,0.31,0.586,58,23,10,216,4
2023,0022300118,2023-11-01,IND @ BOS,Boston Celtics,BOS,155,True,0.568,0.571,0.964,57,27,11,Indiana Pacers,IND,104,False,0.455,0.135,0.583,31,26,9,259,51
2023,0022300126,2023-11-01,SAC @ GSW,Golden State Warriors,GSW,102,True,0.481,0.355,0.867,36,32,17,Sacramento Kings,SAC,101,False,0.409,0.314,0.783,48,24,12,203,1
2023,0022300119,2023-11-01,BKN @ MIA,Miami Heat,MIA,105,False,0.429,0.342,0.778,46,22,16,Brooklyn Nets,BKN,109,True,0.451,0.444,0.731,47,27,18,214,4
2023,0022300124,2023-11-01,CHI @ DAL,Dallas Mavericks,DAL,114,True,0.457,0.417,0.714,45,23,13,Chicago Bulls,CHI,105,False,0.472,0.333,0.909,43,19,13,219,9
2023,0022300115,2023-11-01,DET vs. POR,Detroit Pistons,DET,101,False,0.444,0.379,0.909,38,24,18,Portland Trail Blazers,POR,110,True,0.469,0.35,0.818,44,23,17,211,9
2023,0022300125,2023-11-01,UTA vs. MEM,Utah Jazz,UTA,133,True,0.54,0.512,0.708,50,35,21,Memphis Grizzlies,MEM,109,False,0.365,0.259,0.781,42,25,15,242,24
2023,0022300122,2023-11-01,CHA @ HOU,Houston Rockets,HOU,128,True,0.524,0.568,0.826,38,35,17,Charlotte Hornets,CHA,119,False,0.5,0.407,0.72,44,21,16,247,9
2023,0022300127,2023-11-01,LAL vs. LAC,Los Angeles Lakers,LAL,130,True,0.511,0.344,0.75,51,28,14,LA Clippers,LAC,125,False,0.475,0.412,0.63,46,22,13,255,5
2023,0022300117,2023-11-01,WAS @ ATL,Atlanta Hawks,ATL,130,True,0.5,0.281,0.906,57,26,20,Washington Wizards,WAS,121,False,0.505,0.25,0.643,35,32,11,251,9
2023,0022300130,2023-11-02,ORL @ UTA,Utah Jazz,UTA,113,False,0.461,0.364,0.731,48,27,20,Orlando Magic,ORL,115,True,0.459,0.345,0.75,43,27,17,228,2
2023,0022300131,2023-11-02,PHX vs. SAS,Phoenix Suns,PHX,121,False,0.538,0.5,0.731,34,26,14,San Antonio Spurs,SAS,132,True,0.52,0.486,0.923,41,37,8,253,11
2023,0022300129,2023-11-02,NOP vs. DET,New Orleans Pelicans,NOP,125,True,0.488,0.438,0.943,36,27,12,Detroit Pistons,DET,116,False,0.436,0.342,0.808,48,30,16,241,9
2023,0022300128,2023-11-02,PHI vs. TOR,Philadelphia 76ers,PHI,114,True,0.457,0.36,0.84,46,21,14,Toronto Raptors,TOR,99,False,0.481,0.357,0.684,41,30,19,213,15
2023,0022300005,2023-11-03,OKC vs. GSW,Oklahoma City Thunder,OKC,139,False,0.602,0.517,0.8,32,26,19,Golden State Warriors,GSW,141,True,0.533,0.45,0.833,38,36,15,280,2
2023,0022300001,2023-11-03,CLE @ IND,Indiana Pacers,IND,121,True,0.523,0.484,0.667,40,28,18,Cleveland Cavaliers,CLE,116,False,0.524,0.286,0.8,35,27,13,237,5
2023,0022300002,2023-11-03,MIL vs. NYK,Milwaukee Bucks,MIL,110,True,0.427,0.513,0.714,41,24,14,New York Knicks,NYK,105,False,0.396,0.256,0.76,56,18,10,215,5
2023,0022300007,2023-11-03,POR vs. MEM,Portland Trail Blazers,POR,115,True,0.406,0.281,0.778,50,19,14,Memphis Grizzlies,MEM,113,False,0.49,0.286,0.692,48,29,17,228,2
2023,0022300004,2023-11-03,BKN @ CHI,Chicago Bulls,CHI,107,False,0.483,0.393,0.714,42,21,10,Brooklyn Nets,BKN,109,True,0.458,0.4,0.6,39,32,8,216,2
2023,0022300003,2023-11-03,MIA vs. WAS,Miami Heat,MIA,121,True,0.6,0.481,0.857,37,35,19,Washington Wizards,WAS,114,False,0.568,0.464,0.529,30,33,20,235,7
2023,0022300006,2023-11-03,DEN vs. DAL,Denver Nuggets,DEN,125,True,0.527,0.433,0.737,51,33,17,Dallas Mavericks,DAL,114,False,0.477,0.405,0.882,34,27,15,239,11
2023,0022300138,2023-11-04,MIN vs. UTA,Minnesota Timberwolves,MIN,123,True,0.556,0.375,0.774,43,25,10,Utah Jazz,UTA,95,False,0.385,0.279,0.765,39,20,18,218,28
2023,0022300132,2023-11-04,PHI vs. PHX,Philadelphia 76ers,PHI,112,True,0.478,0.367,0.833,51,24,17,Phoenix Suns,PHX,100,False,0.36,0.257,0.818,42,22,10,212,12
2023,0022300139,2023-11-04,DEN vs. CHI,Denver Nuggets,DEN,123,True,0.519,0.444,0.767,49,31,11,Chicago Bulls,CHI,101,False,0.453,0.269,0.696,37,28,11,224,22
2023,0022300135,2023-11-04,NOP vs. ATL,New Orleans Pelicans,NOP,105,False,0.476,0.258,0.81,35,24,9,Atlanta Hawks,ATL,123,True,0.484,0.341,0.792,52,28,11,228,18
2023,0022300136,2023-11-04,BKN vs. BOS,Brooklyn Nets,BKN,114,False,0.43,0.327,0.647,42,22,5,Boston Celtics,BOS,124,True,0.478,0.333,0.852,50,22,11,238,10
2023,0022300137,2023-11-04,HOU vs. SAC,Houston Rockets,HOU,107,True,0.46,0.361,0.7,53,28,11,Sacramento Kings,SAC,89,False,0.381,0.268,0.737,43,20,11,196,18
2023,0022300134,2023-11-04,LAL @ ORL,Orlando Magic,ORL,120,True,0.455,0.364,0.842,51,29,15,Los Angeles Lakers,LAL,101,False,0.44,0.267,0.905,40,17,17,221,19
2023,0022300133,2023-11-04,IND vs. CHA,Indiana Pacers,IND,124,False,0.484,0.489,0.75,36,31,14,Charlotte Hornets,CHA,125,True,0.534,0.4,1.0,41,23,13,249,1
2023,0022300144,2023-11-05,MEM @ POR,Portland Trail Blazers,POR,100,False,0.389,0.311,0.8,47,23,14,Memphis Grizzlies,MEM,112,True,0.506,0.406,0.692,49,27,16,212,12
2023,0022300141,2023-11-05,TOR @ SAS,San Antonio Spurs,SAS,116,False,0.5,0.313,0.769,46,30,17,Toronto Raptors,TOR,123,True,0.454,0.396,0.615,47,29,14,239,7
2023,0022300143,2023-11-05,DAL vs. CHA,Dallas Mavericks,DAL,124,True,0.473,0.333,0.75,47,31,10,Charlotte Hornets,CHA,118,False,0.495,0.267,0.571,43,30,8,242,6
2023,0022300140,2023-11-05,PHX @ DET,Detroit Pistons,DET,106,False,0.494,0.348,0.857,33,25,16,Phoenix Suns,PHX,120,True,0.5,0.381,0.897,43,29,18,226,14
2023,0022300142,2023-11-05,CLE vs. GSW,Cleveland Cavaliers,CLE,115,True,0.494,0.297,0.786,54,26,18,Golden State Warriors,GSW,104,False,0.362,0.39,0.667,44,26,13,219,11
2023,0022300150,2023-11-06,MIA vs. LAL,Miami Heat,MIA,108,True,0.466,0.324,0.875,44,30,17,Los Angeles Lakers,LAL,107,False,0.543,0.308,0.786,38,28,17,215,1
2023,0022300155,2023-11-06,OKC vs. ATL,Oklahoma City Thunder,OKC,126,True,0.479,0.4,0.957,49,27,13,Atlanta Hawks,ATL,117,False,0.373,0.333,0.844,59,27,15,243,9
2023,0022300156,2023-11-06,NOP @ DEN,Denver Nuggets,DEN,134,True,0.537,0.385,0.739,45,37,9,New Orleans Pelicans,NOP,116,False,0.5,0.433,0.867,38,24,13,250,18
2023,0022300152,2023-11-06,CHI vs. UTA,Chicago Bulls,CHI,130,True,0.516,0.529,0.842,36,26,8,Utah Jazz,UTA,113,False,0.477,0.372,0.882,52,32,22,243,17
2023,0022300145,2023-11-06,GSW @ DET,Detroit Pistons,DET,109,False,0.475,0.433,0.952,39,23,14,Golden State Warriors,GSW,120,True,0.474,0.293,0.762,44,26,11,229,11
2023,0022300153,2023-11-06,SAC @ HOU,Houston Rockets,HOU,122,True,0.573,0.484,0.778,39,28,10,Sacramento Kings,SAC,97,False,0.444,0.35,0.55,34,22,13,219,25
2023,0022300151,2023-11-06,LAC @ NYK,New York Knicks,NYK,111,True,0.466,0.387,0.944,48,28,19,LA Clippers,LAC,97,False,0.493,0.344,0.875,31,21,22,208,14
2023,0022300146,2023-11-06,SAS @ IND,Indiana Pacers,IND,152,True,0.579,0.526,0.957,49,38,14,San Antonio Spurs,SAS,111,False,0.426,0.308,0.767,36,26,11,263,41
2023,0022300154,2023-11-06,BOS @ MIN,Minnesota Timberwolves,MIN,114,True,0.518,0.351,0.52,45,26,23,Boston Celtics,BOS,109,False,0.391,0.282,0.765,45,20,16,223,5
2023,0022300148,2023-11-06,PHI vs. WAS,Philadelphia 76ers,PHI,146,True,0.56,0.387,0.889,45,37,15,Washington Wizards,WAS,128,False,0.51,0.412,0.8,38,31,19,274,18
2023,0022300149,2023-11-06,BKN vs. MIL,Brooklyn Nets,BKN,125,False,0.485,0.356,0.846,46,22,8,Milwaukee Bucks,MIL,129,True,0.479,0.333,0.875,48,26,10,254,4
2023,0022300147,2023-11-06,DAL @ ORL,Orlando Magic,ORL,102,False,0.471,0.296,0.778,38,27,20,Dallas Mavericks,DAL,117,True,0.5,0.375,0.714,31,21,14,219,15
2023,0022300166,2023-11-08,NOP @ MIN,Minnesota Timberwolves,MIN,122,True,0.549,0.405,0.708,48,30,16,New Orleans Pelicans,NOP,101,False,0.387,0.286,0.955,40,23,17,223,21
2023,0022300162,2023-11-08,PHX @ CHI,Chicago Bulls,CHI,115,False,0.438,0.424,0.739,39,30,14,Phoenix Suns,PHX,116,True,0.422,0.396,0.84,54,32,21,231,1
2023,0022300160,2023-11-08,LAC @ BKN,Brooklyn Nets,BKN,100,True,0.402,0.366,0.846,49,22,14,LA Clippers,LAC,93,False,0.396,0.222,1.0,51,22,15,193,7
2023,0022300161,2023-11-08,NYK vs. SAS,New York Knicks,NYK,126,True,0.46,0.452,0.682,47,28,3,San Antonio Spurs,SAS,105,False,0.489,0.265,0.615,46,31,13,231,21
2023,0022300170,2023-11-08,SAC vs. POR,Sacramento Kings,SAC,121,True,0.461,0.297,0.737,50,32,21,Portland Trail Blazers,POR,118,False,0.506,0.364,0.759,36,26,18,239,3
2023,0022300159,2023-11-08,BOS @ PHI,Philadelphia 76ers,PHI,106,True,0.442,0.265,0.867,56,20,12,Boston Celtics,BOS,103,False,0.396,0.319,0.842,43,28,12,209,3
2023,0022300168,2023-11-08,DAL vs. TOR,Dallas Mavericks,DAL,116,False,0.476,0.415,0.613,38,25,15,Toronto Raptors,TOR,127,True,0.495,0.306,0.667,50,27,11,243,11
2023,0022300165,2023-11-08,MIL vs. DET,Milwaukee Bucks,MIL,120,True,0.456,0.297,0.844,36,19,10,Detroit Pistons,DET,118,False,0.49,0.241,0.938,53,28,17,238,2
2023,0022300167,2023-11-08,CLE @ OKC,Oklahoma City Thunder,OKC,128,True,0.512,0.429,0.933,41,23,14,Cleveland Cavaliers,CLE,120,False,0.506,0.31,0.73,41,26,18,248,8
2023,0022300169,2023-11-08,DEN vs. GSW,Denver Nuggets,DEN,108,True,0.446,0.314,0.682,45,24,6,Golden State Warriors,GSW,105,False,0.43,0.314,0.769,49,21,9,213,3
2023,0022300164,2023-11-08,MIA @ MEM,Memphis Grizzlies,MEM,102,False,0.389,0.297,0.75,38,20,13,Miami Heat,MIA,108,True,0.455,0.393,0.844,44,22,19,210,6
2023,0022300163,2023-11-08,LAL @ HOU,Houston Rockets,HOU,128,True,0.548,0.424,0.632,57,26,11,Los Angeles Lakers,LAL,94,False,0.424,0.28,0.625,34,20,9,222,34
2023,0022300158,2023-11-08,UTA @ IND,Indiana Pacers,IND,134,True,0.515,0.317,0.85,46,26,11,Utah Jazz,UTA,118,False,0.469,0.407,0.944,47,26,21,252,16
2023,0022300157,2023-11-08,WAS @ CHA,Charlotte Hornets,CHA,116,False,0.519,0.32,0.743,47,17,20,Washington Wizards,WAS,132,True,0.485,0.419,0.8,40,26,10,248,16
2023,0022300171,2023-11-09,IND vs. MIL,Indiana Pacers,IND,126,True,0.478,0.417,0.9,40,27,11,Milwaukee Bucks,MIL,124,False,0.529,0.333,0.885,41,23,14,250,2
2023,0022300172,2023-11-09,ATL @ ORL,Orlando Magic,ORL,119,False,0.467,0.37,0.714,47,19,19,Atlanta Hawks,ATL,120,True,0.482,0.385,0.767,36,22,17,239,1
2023,0022300010,2023-11-10,BOS vs. BKN,Boston Celtics,BOS,121,True,0.436,0.365,0.714,52,29,7,Brooklyn Nets,BKN,107,False,0.447,0.405,0.889,46,26,10,228,14
2023,0022300015,2023-11-10,LAL @ PHX,Phoenix Suns,PHX,119,False,0.447,0.405,0.741,52,22,13,Los Angeles Lakers,LAL,122,True,0.5,0.444,0.765,43,27,11,241,3
2023,0022300011,2023-11-10,NOP @ HOU,Houston Rockets,HOU,104,True,0.409,0.286,0.786,42,20,9,New Orleans Pelicans,NOP,101,False,0.453,0.32,0.735,49,12,18,205,3
2023,0022300008,2023-11-10,DET vs. PHI,Detroit Pistons,DET,106,False,0.465,0.286,0.818,48,28,16,Philadelphia 76ers,PHI,114,True,0.422,0.321,0.854,46,23,8,220,8
2023,0022300013,2023-11-10,SAS vs. MIN,San Antonio Spurs,SAS,110,False,0.467,0.353,0.632,38,29,14,Minnesota Timberwolves,MIN,117,True,0.494,0.37,0.778,51,23,18,227,7
2023,0022300016,2023-11-10,SAC vs. OKC,Sacramento Kings,SAC,105,True,0.418,0.277,0.762,52,28,17,Oklahoma City Thunder,OKC,98,False,0.448,0.233,0.813,38,22,16,203,7
2023,0022300012,2023-11-10,UTA @ MEM,Memphis Grizzlies,MEM,121,False,0.455,0.396,0.769,37,23,11,Utah Jazz,UTA,127,True,0.539,0.486,0.931,38,28,19,248,6
2023,0022300009,2023-11-10,CHA @ WAS,Washington Wizards,WAS,117,False,0.489,0.368,0.85,36,28,15,Charlotte Hornets,CHA,124,True,0.455,0.214,0.643,67,31,9,241,7
2023,0022300014,2023-11-10,LAC @ DAL,Dallas Mavericks,DAL,144,True,0.52,0.452,0.885,41,30,8,LA Clippers,LAC,126,False,0.489,0.296,0.889,47,21,14,270,18
2023,0022300174,2023-11-11,BOS vs. TOR,Boston Celtics,BOS,117,True,0.547,0.341,0.615,46,30,12,Toronto Raptors,TOR,94,False,0.385,0.27,0.875,37,25,8,211,23
2023,0022300173,2023-11-11,ORL vs. MIL,Orlando Magic,ORL,112,True,0.429,0.385,0.857,43,24,13,Milwaukee Bucks,MIL,97,False,0.494,0.31,0.48,36,25,19,209,15
2023,0022300176,2023-11-11,GSW vs. CLE,Golden State Warriors,GSW,110,False,0.411,0.342,0.767,55,26,20,Cleveland Cavaliers,CLE,118,True,0.43,0.367,0.767,45,23,10,228,8
2023,0022300175,2023-11-11,MIA @ ATL,Atlanta Hawks,ATL,109,False,0.437,0.391,0.833,48,23,21,Miami Heat,MIA,117,True,0.488,0.316,0.92,39,23,15,226,8
2023,0022300179,2023-11-12,MEM @ LAC,LA Clippers,LAC,101,False,0.435,0.353,0.652,41,26,14,Memphis Grizzlies,MEM,105,True,0.42,0.317,0.75,41,25,16,206,4
2023,0022300185,2023-11-12,OKC @ PHX,Phoenix Suns,PHX,99,False,0.386,0.31,0.839,51,20,17,Oklahoma City Thunder,OKC,111,True,0.488,0.37,0.84,33,23,7,210,12
2023,0022300187,2023-11-12,LAL vs. POR,Los Angeles Lakers,LAL,116,True,0.488,0.211,0.811,41,27,9,Portland Trail Blazers,POR,110,False,0.5,0.351,0.778,38,29,15,226,6
2023,0022300182,2023-11-12,DEN @ HOU,Houston Rockets,HOU,107,True,0.425,0.313,0.793,45,20,9,Denver Nuggets,DEN,104,False,0.462,0.281,0.786,49,24,11,211,3
2023,0022300177,2023-11-12,CHA @ NYK,New York Knicks,NYK,129,True,0.54,0.417,0.667,40,25,9,Charlotte Hornets,CHA,107,False,0.468,0.343,0.636,36,21,12,236,22
2023,0022300178,2023-11-12,WAS @ BKN,Brooklyn Nets,BKN,102,True,0.378,0.245,0.8,66,22,18,Washington Wizards,WAS,94,False,0.375,0.244,0.72,42,20,12,196,8
2023,0022300186,2023-11-12,GSW vs. MIN,Golden State Warriors,GSW,110,False,0.385,0.279,0.857,51,24,14,Minnesota Timberwolves,MIN,116,True,0.524,0.333,0.7,47,27,14,226,6
2023,0022300184,2023-11-12,MIA @ SAS,San Antonio Spurs,SAS,113,False,0.462,0.432,0.833,50,35,17,Miami Heat,MIA,118,True,0.438,0.387,0.933,41,26,4,231,5
2023,0022300183,2023-11-12,DAL @ NOP,New Orleans Pelicans,NOP,124,False,0.511,0.472,0.591,54,31,18,Dallas Mavericks,DAL,136,True,0.49,0.377,0.762,42,29,6,260,12
2023,0022300181,2023-11-12,DET @ CHI,Chicago Bulls,CHI,119,True,0.484,0.367,0.8,40,22,6,Detroit Pistons,DET,108,False,0.432,0.344,0.808,49,26,16,227,11
2023,0022300180,2023-11-12,PHI vs. IND,Philadelphia 76ers,PHI,137,True,0.505,0.424,0.85,54,28,11,Indiana Pacers,IND,126,False,0.522,0.41,0.842,32,31,10,263,11
2023,0022300189,2023-11-13,WAS @ TOR,Toronto Raptors,TOR,111,True,0.5,0.2,0.68,48,28,16,Washington Wizards,WAS,107,False,0.512,0.462,0.75,38,32,22,218,4
2023,0022300190,2023-11-13,MIL vs. CHI,Milwaukee Bucks,MIL,118,True,0.472,0.319,0.704,53,23,15,Chicago Bulls,CHI,109,False,0.38,0.333,0.905,47,24,6,227,9
2023,0022300188,2023-11-13,NYK @ BOS,Boston Celtics,BOS,114,True,0.506,0.442,0.938,37,27,11,New York Knicks,NYK,98,False,0.418,0.429,0.708,37,17,8,212,16
2023,0022300191,2023-11-13,SAC vs. CLE,Sacramento Kings,SAC,132,True,0.59,0.476,0.636,37,32,10,Cleveland Cavaliers,CLE,120,False,0.495,0.457,0.824,39,24,11,252,12
2023,0022300021,2023-11-14,OKC vs. SAS,Oklahoma City Thunder,OKC,123,True,0.517,0.385,0.8,40,34,15,San Antonio Spurs,SAS,87,False,0.387,0.3,0.667,43,24,24,210,36
2023,0022300023,2023-11-14,UTA vs. POR,Utah Jazz,UTA,115,True,0.463,0.302,0.933,52,26,12,Portland Trail Blazers,POR,99,False,0.42,0.314,0.7,43,23,17,214,16
2023,0022300024,2023-11-14,LAC @ DEN,Denver Nuggets,DEN,111,True,0.534,0.348,0.781,36,26,14,LA Clippers,LAC,108,False,0.43,0.448,0.875,42,21,10,219,3
2023,0022300017,2023-11-14,MIA @ CHA,Charlotte Hornets,CHA,105,False,0.444,0.469,0.818,45,21,18,Miami Heat,MIA,111,True,0.482,0.258,0.821,42,26,7,216,6
2023,0022300020,2023-11-14,BKN vs. ORL,Brooklyn Nets,BKN,124,True,0.541,0.487,0.65,44,22,15,Orlando Magic,ORL,104,False,0.439,0.348,0.762,37,23,14,228,20
2023,0022300018,2023-11-14,ATL @ DET,Detroit Pistons,DET,120,False,0.522,0.345,0.696,42,36,17,Atlanta Hawks,ATL,126,True,0.517,0.364,0.923,41,28,14,246,6
2023,0022300019,2023-11-14,PHI vs. IND,Philadelphia 76ers,PHI,126,False,0.5,0.273,0.971,38,22,16,Indiana Pacers,IND,132,True,0.516,0.351,0.697,41,32,11,258,6
2023,0022300022,2023-11-14,NOP vs. DAL,New Orleans Pelicans,NOP,131,True,0.521,0.368,0.731,42,33,12,Dallas Mavericks,DAL,110,False,0.422,0.333,0.769,45,25,20,241,21
2023,0022300025,2023-11-14,MIN @ GSW,Golden State Warriors,GSW,101,False,0.42,0.333,0.875,46,28,19,Minnesota Timberwolves,MIN,104,True,0.444,0.412,0.857,42,24,19,205,3
2023,0022300026,2023-11-14,LAL vs. MEM,Los Angeles Lakers,LAL,134,True,0.58,0.629,0.75,54,30,18,Memphis Grizzlies,MEM,107,False,0.368,0.377,0.75,33,28,9,241,27
2023,0022300193,2023-11-15,NYK @ ATL,Atlanta Hawks,ATL,114,False,0.547,0.387,0.769,30,28,15,New York Knicks,NYK,116,True,0.479,0.471,0.909,42,29,16,230,2
2023,0022300198,2023-11-15,LAL vs. SAC,Los Angeles Lakers,LAL,110,False,0.506,0.379,0.789,43,25,23,Sacramento Kings,SAC,125,True,0.5,0.364,0.765,45,31,15,235,15
2023,0022300199,2023-11-15,CLE @ POR,Portland Trail Blazers,POR,95,False,0.374,0.342,0.875,30,24,12,Cleveland Cavaliers,CLE,109,True,0.56,0.3,0.762,47,23,17,204,14
2023,0022300197,2023-11-15,MIN @ PHX,Phoenix Suns,PHX,133,True,0.6,0.548,0.933,32,31,9,Minnesota Timberwolves,MIN,115,False,0.457,0.185,0.929,40,18,6,248,18
2023,0022300192,2023-11-15,DAL @ WAS,Washington Wizards,WAS,117,False,0.483,0.333,0.826,46,23,12,Dallas Mavericks,DAL,130,True,0.522,0.405,0.586,46,32,10,247,13
2023,0022300195,2023-11-15,TOR vs. MIL,Toronto Raptors,TOR,112,False,0.396,0.273,0.871,55,28,14,Milwaukee Bucks,MIL,128,True,0.518,0.513,0.952,41,25,13,240,16
2023,0022300194,2023-11-15,BOS @ PHI,Philadelphia 76ers,PHI,107,False,0.459,0.367,0.818,41,18,9,Boston Celtics,BOS,117,True,0.477,0.36,0.789,45,23,9,224,10
2023,0022300196,2023-11-15,ORL @ CHI,Chicago Bulls,CHI,94,False,0.398,0.273,0.864,53,16,19,Orlando Magic,ORL,96,True,0.39,0.286,0.8,46,20,13,190,2
2023,0022300201,2023-11-16,GSW vs. OKC,Golden State Warriors,GSW,109,False,0.408,0.341,0.789,49,27,16,Oklahoma City Thunder,OKC,128,True,0.506,0.594,0.913,42,31,12,237,19
2023,0022300200,2023-11-16,MIA vs. BKN,Miami Heat,MIA,122,True,0.519,0.429,0.958,32,26,9,Brooklyn Nets,BKN,115,False,0.471,0.389,0.778,40,29,14,237,7
2023,0022300028,2023-11-17,WAS vs. NYK,Washington Wizards,WAS,99,False,0.451,0.313,0.938,32,25,14,New York Knicks,NYK,120,True,0.495,0.421,0.7,48,26,10,219,21
2023,0022300030,2023-11-17,DET @ CLE,Cleveland Cavaliers,CLE,108,True,0.512,0.429,0.714,39,21,12,Detroit Pistons,DET,100,False,0.429,0.257,0.867,51,20,17,208,8
2023,0022300031,2023-11-17,TOR vs. BOS,Toronto Raptors,TOR,105,False,0.483,0.364,0.643,41,29,13,Boston Celtics,BOS,108,True,0.457,0.348,0.889,44,29,10,213,3
2023,0022300034,2023-11-17,DEN @ NOP,New Orleans Pelicans,NOP,115,True,0.523,0.522,0.524,39,33,9,Denver Nuggets,DEN,110,False,0.49,0.25,0.5,51,37,13,225,5
2023,0022300029,2023-11-17,PHI @ ATL,Atlanta Hawks,ATL,116,False,0.449,0.364,0.8,39,24,13,Philadelphia 76ers,PHI,126,True,0.489,0.433,0.964,43,32,15,242,10
2023,0022300027,2023-11-17,MIL @ CHA,Charlotte Hornets,CHA,99,False,0.407,0.231,0.864,43,18,12,Milwaukee Bucks,MIL,130,True,0.551,0.489,0.769,49,32,13,229,31
2023,0022300033,2023-11-17,ORL @ CHI,Chicago Bulls,CHI,97,False,0.443,0.345,0.773,34,19,16,Orlando Magic,ORL,103,True,0.481,0.324,0.696,46,24,17,200,6
2023,0022300037,2023-11-17,HOU @ LAC,LA Clippers,LAC,106,True,0.434,0.382,0.7,47,22,12,Houston Rockets,HOU,100,False,0.432,0.323,0.7,47,24,16,206,6
2023,0022300036,2023-11-17,LAL @ POR,Portland Trail Blazers,POR,95,False,0.404,0.27,0.722,48,17,18,Los Angeles Lakers,LAL,107,True,0.494,0.414,0.682,44,27,18,202,12
2023,0022300035,2023-11-17,UTA vs. PHX,Utah Jazz,UTA,128,False,0.506,0.444,0.839,39,27,8,Phoenix Suns,PHX,131,True,0.523,0.545,0.885,36,35,8,259,3
2023,0022300032,2023-11-17,SAC @ SAS,San Antonio Spurs,SAS,120,False,0.467,0.417,0.826,42,33,15,Sacramento Kings,SAC,129,True,0.541,0.429,0.792,42,31,13,249,9
2023,0022300207,2023-11-18,OKC @ GSW,Golden State Warriors,GSW,123,False,0.454,0.391,0.81,49,33,16,Oklahoma City Thunder,OKC,130,True,0.52,0.348,0.9,47,26,10,253,7
2023,0022300205,2023-11-18,DAL @ MIL,Milwaukee Bucks,MIL,132,True,0.521,0.378,0.85,41,29,6,Dallas Mavericks,DAL,125,False,0.495,0.34,0.7,49,27,12,257,7
2023,0022300204,2023-11-18,CHI vs. MIA,Chicago Bulls,CHI,102,True,0.444,0.356,0.737,44,24,12,Miami Heat,MIA,97,False,0.429,0.333,0.826,34,23,15,199,5
2023,0022300206,2023-11-18,SAS vs. MEM,San Antonio Spurs,SAS,108,False,0.434,0.375,0.808,40,26,15,Memphis Grizzlies,MEM,120,True,0.465,0.333,0.806,45,23,12,228,12
2023,0022300202,2023-11-18,NYK @ CHA,Charlotte Hornets,CHA,108,False,0.488,0.486,0.846,36,29,13,New York Knicks,NYK,122,True,0.505,0.432,0.737,47,27,12,230,14
2023,0022300203,2023-11-18,MIN @ NOP,New Orleans Pelicans,NOP,120,False,0.512,0.414,0.87,40,27,17,Minnesota Timberwolves,MIN,121,True,0.538,0.419,0.815,33,29,14,241,1
2023,0022300212,2023-11-19,DAL vs. SAC,Dallas Mavericks,DAL,113,False,0.466,0.353,0.731,40,23,10,Sacramento Kings,SAC,129,True,0.533,0.425,0.762,48,34,12,242,16
2023,0022300211,2023-11-19,DET @ TOR,Toronto Raptors,TOR,142,True,0.539,0.389,0.621,47,44,7,Detroit Pistons,DET,113,False,0.47,0.346,0.743,41,25,17,255,29
2023,0022300209,2023-11-19,IND vs. ORL,Indiana Pacers,IND,116,False,0.442,0.258,0.774,40,24,16,Orlando Magic,ORL,128,True,0.494,0.35,0.833,42,21,15,244,12
2023,0022300216,2023-11-19,LAL vs. HOU,Los Angeles Lakers,LAL,105,True,0.47,0.207,0.724,42,26,17,Houston Rockets,HOU,104,False,0.488,0.378,0.8,34,35,18,209,1
2023,0022300214,2023-11-19,PHX @ UTA,Utah Jazz,UTA,137,False,0.417,0.326,0.813,59,27,18,Phoenix Suns,PHX,140,True,0.49,0.4,0.846,44,36,17,277,3
2023,0022300215,2023-11-19,POR vs. OKC,Portland Trail Blazers,POR,91,False,0.4,0.265,0.667,31,21,17,Oklahoma City Thunder,OKC,134,True,0.605,0.611,1.0,43,28,17,225,43
2023,0022300210,2023-11-19,CLE vs. DEN,Cleveland Cavaliers,CLE,121,True,0.549,0.407,0.769,47,30,13,Denver Nuggets,DEN,109,False,0.476,0.483,0.739,33,23,11,230,12
2023,0022300208,2023-11-19,PHI @ BKN,Brooklyn Nets,BKN,99,False,0.469,0.393,0.75,45,24,15,Philadelphia 76ers,PHI,121,True,0.468,0.457,0.944,44,32,4,220,22
2023,0022300213,2023-11-19,BOS @ MEM,Memphis Grizzlies,MEM,100,False,0.389,0.386,0.9,42,28,9,Boston Celtics,BOS,102,True,0.455,0.387,0.8,45,20,17,202,2
2023,0022300222,2023-11-20,SAC @ NOP,New Orleans Pelicans,NOP,129,True,0.543,0.429,0.81,55,38,10,Sacramento Kings,SAC,93,False,0.379,0.244,0.667,36,27,13,222,36
2023,0022300223,2023-11-20,LAC @ SAS,San Antonio Spurs,SAS,99,False,0.433,0.263,0.786,49,23,16,LA Clippers,LAC,124,True,0.474,0.333,0.88,51,30,7,223,25
2023,0022300218,2023-11-20,DEN @ DET,Detroit Pistons,DET,103,False,0.444,0.333,0.923,43,21,18,Denver Nuggets,DEN,107,True,0.46,0.393,0.762,43,30,14,210,4
2023,0022300224,2023-11-20,GSW vs. HOU,Golden State Warriors,GSW,121,True,0.468,0.488,0.848,43,26,8,Houston Rockets,HOU,116,False,0.463,0.317,0.789,48,28,8,237,5
2023,0022300221,2023-11-20,NYK @ MIN,Minnesota Timberwolves,MIN,117,True,0.513,0.324,0.75,44,30,13,New York Knicks,NYK,100,False,0.348,0.237,0.794,50,16,10,217,17
2023,0022300219,2023-11-20,WAS vs. MIL,Washington Wizards,WAS,129,False,0.556,0.345,0.818,26,29,4,Milwaukee Bucks,MIL,142,True,0.585,0.379,0.75,55,33,13,271,13
2023,0022300220,2023-11-20,CHI vs. MIA,Chicago Bulls,CHI,100,False,0.457,0.297,0.938,36,21,11,Miami Heat,MIA,118,True,0.5,0.486,0.85,43,31,8,218,18
2023,0022300217,2023-11-20,CHA vs. BOS,Charlotte Hornets,CHA,121,True,0.442,0.333,0.941,57,29,13,Boston Celtics,BOS,118,False,0.433,0.32,0.643,48,19,13,239,3
2023,0022300042,2023-11-21,LAL vs. UTA,Los Angeles Lakers,LAL,131,True,0.57,0.379,0.815,52,35,13,Utah Jazz,UTA,99,False,0.388,0.25,0.75,42,25,14,230,32
2023,0022300038,2023-11-21,TOR @ ORL,Orlando Magic,ORL,126,True,0.5,0.387,0.7,40,31,12,Toronto Raptors,TOR,107,False,0.507,0.5,0.773,38,29,23,233,19
2023,0022300041,2023-11-21,PHX vs. POR,Phoenix Suns,PHX,120,True,0.566,0.412,0.964,38,26,13,Portland Trail Blazers,POR,107,False,0.437,0.452,0.85,30,20,13,227,13
2023,0022300039,2023-11-21,ATL vs. IND,Atlanta Hawks,ATL,152,False,0.6,0.484,0.821,39,28,15,Indiana Pacers,IND,157,True,0.606,0.489,0.75,29,35,13,309,5
2023,0022300040,2023-11-21,PHI vs. CLE,Philadelphia 76ers,PHI,119,False,0.417,0.314,0.824,44,19,14,Cleveland Cavaliers,CLE,122,True,0.489,0.36,0.84,56,33,15,241,3
2023,0022300237,2023-11-22,POR vs. UTA,Portland Trail Blazers,POR,121,True,0.511,0.436,0.667,37,31,13,Utah Jazz,UTA,105,False,0.468,0.323,0.808,44,25,21,226,16
2023,0022300230,2023-11-22,IND vs. TOR,Indiana Pacers,IND,131,False,0.549,0.462,0.813,31,33,14,Toronto Raptors,TOR,132,True,0.533,0.407,0.833,46,26,17,263,1
2023,0022300231,2023-11-22,HOU vs. MEM,Houston Rockets,HOU,111,True,0.435,0.326,0.85,49,22,6,Memphis Grizzlies,MEM,91,False,0.329,0.219,0.857,46,17,9,202,20
2023,0022300234,2023-11-22,CHI @ OKC,Oklahoma City Thunder,OKC,116,True,0.493,0.379,0.816,45,24,12,Chicago Bulls,CHI,102,False,0.386,0.386,1.0,38,22,10,218,14
2023,0022300227,2023-11-22,BKN @ ATL,Atlanta Hawks,ATL,147,True,0.44,0.367,0.931,58,24,14,Brooklyn Nets,BKN,145,False,0.487,0.429,0.833,59,28,16,292,2
2023,0022300238,2023-11-22,DAL @ LAL,Los Angeles Lakers,LAL,101,False,0.464,0.379,0.632,51,26,11,Dallas Mavericks,DAL,104,True,0.396,0.32,0.75,48,21,4,205,3
2023,0022300229,2023-11-22,MIA @ CLE,Cleveland Cavaliers,CLE,96,False,0.468,0.467,0.714,34,25,19,Miami Heat,MIA,129,True,0.523,0.571,0.81,41,30,10,225,33
2023,0022300226,2023-11-22,DEN @ ORL,Orlando Magic,ORL,124,True,0.543,0.345,0.867,41,27,12,Denver Nuggets,DEN,119,False,0.473,0.429,0.762,42,29,10,243,5
2023,0022300235,2023-11-22,LAC @ SAS,San Antonio Spurs,SAS,102,False,0.385,0.289,0.913,44,26,13,LA Clippers,LAC,109,True,0.459,0.321,0.759,50,29,16,211,7
2023,0022300233,2023-11-22,SAC @ NOP,New Orleans Pelicans,NOP,117,True,0.471,0.233,0.757,48,23,10,Sacramento Kings,SAC,112,False,0.447,0.341,0.829,38,22,15,229,5
2023,0022300232,2023-11-22,PHI @ MIN,Minnesota Timberwolves,MIN,112,True,0.483,0.385,0.667,48,28,12,Philadelphia 76ers,PHI,99,False,0.391,0.219,0.8,48,21,14,211,13
2023,0022300236,2023-11-22,GSW @ PHX,Phoenix Suns,PHX,123,True,0.447,0.393,0.846,43,22,15,Golden State Warriors,GSW,115,False,0.478,0.313,0.655,43,29,15,238,8
2023,0022300228,2023-11-22,MIL @ BOS,Boston Celtics,BOS,119,True,0.524,0.405,0.824,43,27,15,Milwaukee Bucks,MIL,116,False,0.446,0.382,0.765,47,23,9,235,3
2023,0022300225,2023-11-22,WAS @ CHA,Charlotte Hornets,CHA,117,True,0.473,0.432,0.714,49,27,12,Washington Wizards,WAS,114,False,0.454,0.344,0.833,47,26,10,231,3
2023,0022300052,2023-11-24,NOP @ LAC,LA Clippers,LAC,106,False,0.457,0.297,0.647,39,27,11,New Orleans Pelicans,NOP,116,True,0.489,0.417,0.741,50,26,15,222,10
2023,0022300043,2023-11-24,BOS @ ORL,Orlando Magic,ORL,113,True,0.506,0.393,0.727,48,23,18,Boston Celtics,BOS,96,False,0.408,0.241,0.73,31,17,14,209,17
2023,0022300047,2023-11-24,IND vs. DET,Indiana Pacers,IND,136,True,0.48,0.421,0.917,40,24,8,Detroit Pistons,DET,113,False,0.478,0.389,0.833,43,22,14,249,23
2023,0022300049,2023-11-24,WAS @ MIL,Milwaukee Bucks,MIL,131,True,0.522,0.29,0.788,50,28,9,Washington Wizards,WAS,128,False,0.48,0.405,0.81,46,29,8,259,3
2023,0022300045,2023-11-24,MIA @ NYK,New York Knicks,NYK,100,True,0.481,0.345,0.667,46,21,18,Miami Heat,MIA,98,False,0.391,0.27,0.952,41,20,11,198,2
2023,0022300044,2023-11-24,MEM vs. PHX,Memphis Grizzlies,MEM,89,False,0.463,0.273,0.6,35,22,13,Phoenix Suns,PHX,110,True,0.513,0.355,0.75,41,22,12,199,21
2023,0022300046,2023-11-24,TOR vs. CHI,Toronto Raptors,TOR,121,True,0.53,0.333,0.741,40,32,14,Chicago Bulls,CHI,108,False,0.512,0.444,0.632,37,20,12,229,13
2023,0022300051,2023-11-24,GSW vs. SAS,Golden State Warriors,GSW,118,True,0.494,0.452,0.792,41,35,24,San Antonio Spurs,SAS,112,False,0.45,0.255,0.833,46,28,19,230,6
2023,0022300050,2023-11-24,SAC @ MIN,Minnesota Timberwolves,MIN,111,False,0.439,0.364,0.931,44,25,18,Sacramento Kings,SAC,124,True,0.49,0.486,0.818,46,25,13,235,13
2023,0022300048,2023-11-24,DEN @ HOU,Houston Rockets,HOU,105,True,0.488,0.414,0.867,49,25,14,Denver Nuggets,DEN,86,False,0.34,0.233,0.714,46,17,15,191,19
2023,0022300243,2023-11-25,NOP @ UTA,Utah Jazz,UTA,105,True,0.437,0.349,0.824,52,23,23,New Orleans Pelicans,NOP,100,False,0.419,0.306,0.611,42,31,13,205,5
2023,0022300244,2023-11-25,LAC vs. DAL,LA Clippers,LAC,107,True,0.432,0.276,0.742,57,25,12,Dallas Mavericks,DAL,88,False,0.374,0.237,0.786,37,17,9,195,19
2023,0022300240,2023-11-25,MIA @ BKN,Brooklyn Nets,BKN,112,True,0.5,0.389,0.87,42,27,11,Miami Heat,MIA,97,False,0.437,0.324,0.769,44,24,17,209,15
2023,0022300242,2023-11-25,LAL @ CLE,Cleveland Cavaliers,CLE,115,False,0.473,0.321,0.87,37,30,14,Los Angeles Lakers,LAL,121,True,0.522,0.333,0.857,44,34,18,236,6
2023,0022300241,2023-11-25,ATL @ WAS,Washington Wizards,WAS,108,False,0.489,0.263,1.0,41,33,20,Atlanta Hawks,ATL,136,True,0.51,0.486,0.7,49,29,9,244,28
2023,0022300239,2023-11-25,PHI @ OKC,Oklahoma City Thunder,OKC,123,False,0.439,0.372,0.808,38,29,4,Philadelphia 76ers,PHI,127,True,0.458,0.341,0.822,49,30,12,250,4
2023,0022300245,2023-11-26,POR @ MIL,Milwaukee Bucks,MIL,108,True,0.393,0.333,0.75,52,19,17,Portland Trail Blazers,POR,102,False,0.407,0.406,0.75,40,21,17,210,6
2023,0022300249,2023-11-26,MIN @ MEM,Memphis Grizzlies,MEM,97,False,0.386,0.27,0.704,35,24,13,Minnesota Timberwolves,MIN,119,True,0.531,0.441,0.783,42,30,14,216,22
2023,0022300251,2023-11-26,CLE vs. TOR,Cleveland Cavaliers,CLE,105,True,0.464,0.323,0.833,49,29,14,Toronto Raptors,TOR,102,False,0.416,0.25,0.69,50,17,12,207,3
2023,0022300247,2023-11-26,PHX @ NYK,New York Knicks,NYK,113,False,0.453,0.414,0.719,38,18,6,Phoenix Suns,PHX,116,True,0.462,0.421,0.762,47,27,11,229,3
2023,0022300250,2023-11-26,BKN vs. CHI,Brooklyn Nets,BKN,118,True,0.494,0.472,0.733,39,29,9,Chicago Bulls,CHI,109,False,0.482,0.375,0.773,40,21,11,227,9
2023,0022300246,2023-11-26,ATL @ BOS,Boston Celtics,BOS,113,True,0.442,0.277,0.8,58,24,12,Atlanta Hawks,ATL,103,False,0.409,0.358,0.632,43,15,15,216,10
2023,0022300252,2023-11-26,SAS @ DEN,Denver Nuggets,DEN,132,True,0.562,0.429,0.8,45,38,19,San Antonio Spurs,SAS,120,False,0.452,0.378,0.846,35,34,15,252,12
2023,0022300248,2023-11-26,CHA @ ORL,Orlando Magic,ORL,130,True,0.54,0.37,0.788,44,33,14,Charlotte Hornets,CHA,117,False,0.53,0.433,0.64,36,27,18,247,13
2023,0022300256,2023-11-27,NOP @ UTA,Utah Jazz,UTA,114,True,0.42,0.354,0.821,43,31,10,New Orleans Pelicans,NOP,112,False,0.5,0.318,0.68,48,27,8,226,2
2023,0022300253,2023-11-27,WAS @ DET,Detroit Pistons,DET,107,False,0.422,0.211,0.684,49,29,16,Washington Wizards,WAS,126,True,0.506,0.345,0.929,46,29,15,233,19
2023,0022300255,2023-11-27,LAL @ PHI,Philadelphia 76ers,PHI,138,True,0.505,0.478,0.846,48,33,5,Los Angeles Lakers,LAL,94,False,0.47,0.25,0.692,32,23,17,232,44
2023,0022300254,2023-11-27,POR @ IND,Indiana Pacers,IND,110,False,0.477,0.242,0.75,42,26,20,Portland Trail Blazers,POR,114,True,0.471,0.5,0.806,38,20,16,224,4
2023,0022300257,2023-11-27,LAC vs. DEN,LA Clippers,LAC,104,False,0.412,0.3,0.824,49,18,13,Denver Nuggets,DEN,113,True,0.478,0.455,0.536,52,28,11,217,9
2023,0022300060,2023-11-28,GSW @ SAC,Sacramento Kings,SAC,124,True,0.451,0.341,0.643,46,25,10,Golden State Warriors,GSW,123,False,0.482,0.415,0.867,52,25,18,247,1
2023,0022300057,2023-11-28,NYK vs. CHA,New York Knicks,NYK,115,True,0.466,0.395,0.9,54,21,16,Charlotte Hornets,CHA,91,False,0.416,0.419,0.571,41,21,17,206,24
2023,0022300056,2023-11-28,MIL @ MIA,Miami Heat,MIA,124,False,0.511,0.467,0.667,35,32,6,Milwaukee Bucks,MIL,131,True,0.534,0.371,0.889,45,26,9,255,7
2023,0022300059,2023-11-28,DAL vs. HOU,Dallas Mavericks,DAL,121,True,0.472,0.353,0.862,38,25,7,Houston Rockets,HOU,115,False,0.494,0.276,0.793,40,33,12,236,6
2023,0022300058,2023-11-28,MIN vs. OKC,Minnesota Timberwolves,MIN,106,True,0.423,0.424,0.813,51,18,19,Oklahoma City Thunder,OKC,103,False,0.411,0.367,0.783,36,22,8,209,3
2023,0022300054,2023-11-28,BKN vs. TOR,Brooklyn Nets,BKN,115,True,0.449,0.342,0.846,59,26,15,Toronto Raptors,TOR,103,False,0.386,0.361,0.632,46,27,7,218,12
2023,0022300055,2023-11-28,ATL @ CLE,Cleveland Cavaliers,CLE,128,True,0.538,0.361,0.882,55,27,16,Atlanta Hawks,ATL,105,False,0.347,0.295,0.917,44,21,10,233,23
2023,0022300053,2023-11-28,CHI @ BOS,Boston Celtics,BOS,124,True,0.522,0.429,0.75,52,36,16,Chicago Bulls,CHI,97,False,0.433,0.321,0.556,37,25,8,221,27
2023,0022300264,2023-11-29,LAC @ SAC,Sacramento Kings,SAC,117,False,0.465,0.317,0.857,47,22,14,LA Clippers,LAC,131,True,0.538,0.5,0.773,37,28,4,248,14
2023,0022300258,2023-11-29,DET vs. LAL,Detroit Pistons,DET,107,False,0.412,0.417,0.857,39,28,14,Los Angeles Lakers,LAL,133,True,0.511,0.353,0.816,49,28,12,240,26
2023,0022300260,2023-11-29,TOR vs. PHX,Toronto Raptors,TOR,112,True,0.452,0.37,0.857,49,25,9,Phoenix Suns,PHX,105,False,0.404,0.269,0.957,47,25,9,217,7
2023,0022300263,2023-11-29,DEN vs. HOU,Denver Nuggets,DEN,134,True,0.505,0.442,0.731,41,37,3,Houston Rockets,HOU,124,False,0.547,0.39,0.737,35,27,8,258,10
2023,0022300261,2023-11-29,MEM vs. UTA,Memphis Grizzlies,MEM,105,True,0.494,0.333,0.75,51,26,15,Utah Jazz,UTA,91,False,0.378,0.41,0.583,39,26,17,196,14
2023,0022300262,2023-11-29,NOP vs. PHI,New Orleans Pelicans,NOP,124,True,0.538,0.333,0.882,40,33,20,Philadelphia 76ers,PHI,114,False,0.519,0.412,0.889,30,28,21,238,10
2023,0022300259,2023-11-29,ORL vs. WAS,Orlando Magic,ORL,139,True,0.607,0.63,0.833,44,34,18,Washington Wizards,WAS,120,False,0.471,0.379,0.771,29,28,10,259,19
2023,0022300268,2023-11-30,DET @ NYK,New York Knicks,NYK,118,True,0.466,0.39,0.714,41,25,11,Detroit Pistons,DET,112,False,0.531,0.429,0.647,42,22,20,230,6
2023,0022300269,2023-11-30,MIL @ CHI,Chicago Bulls,CHI,120,True,0.459,0.351,0.773,51,32,21,Milwaukee Bucks,MIL,113,False,0.449,0.333,0.692,43,28,20,233,7
2023,0022300267,2023-11-30,MIA vs. IND,Miami Heat,MIA,142,True,0.558,0.381,0.844,48,25,14,Indiana Pacers,IND,132,False,0.51,0.256,0.656,34,30,9,274,10
2023,0022300271,2023-11-30,LAL @ OKC,Oklahoma City Thunder,OKC,133,True,0.532,0.333,0.864,48,29,7,Los Angeles Lakers,LAL,110,False,0.444,0.333,0.844,41,24,13,243,23
2023,0022300270,2023-11-30,MIN vs. UTA,Minnesota Timberwolves,MIN,101,True,0.438,0.371,0.769,42,29,11,Utah Jazz,UTA,90,False,0.379,0.324,0.929,51,22,19,191,11
2023,0022300273,2023-11-30,GSW vs. LAC,Golden State Warriors,GSW,120,True,0.5,0.385,0.742,47,30,7,LA Clippers,LAC,114,False,0.442,0.375,0.75,43,26,6,234,6
2023,0022300265,2023-11-30,CLE vs. POR,Cleveland Cavaliers,CLE,95,False,0.427,0.219,1.0,35,25,17,Portland Trail Blazers,POR,103,True,0.506,0.4,1.0,40,29,22,198,8
2023,0022300272,2023-11-30,SAS vs. ATL,San Antonio Spurs,SAS,135,False,0.539,0.439,0.913,47,34,21,Atlanta Hawks,ATL,137,True,0.51,0.424,0.862,37,24,10,272,2
2023,0022300266,2023-11-30,CHA @ BKN,Brooklyn Nets,BKN,128,False,0.495,0.389,0.667,52,21,9,Charlotte Hornets,CHA,129,True,0.505,0.583,1.0,41,30,9,257,1
2023,0022300276,2023-12-01,TOR vs. NYK,Toronto Raptors,TOR,106,False,0.44,0.188,0.706,48,32,12,New York Knicks,NYK,119,True,0.5,0.444,0.813,43,30,12,225,13
2023,0022300277,2023-12-01,DAL vs. MEM,Dallas Mavericks,DAL,94,False,0.37,0.308,0.667,42,27,11,Memphis Grizzlies,MEM,108,True,0.489,0.324,0.818,52,27,14,202,14
2023,0022300279,2023-12-01,PHX vs. DEN,Phoenix Suns,PHX,111,False,0.464,0.333,0.923,43,22,12,Denver Nuggets,DEN,119,True,0.568,0.375,0.583,32,38,9,230,8
2023,0022300278,2023-12-01,NOP vs. SAS,New Orleans Pelicans,NOP,121,True,0.494,0.323,0.931,42,26,11,San Antonio Spurs,SAS,106,False,0.458,0.41,0.824,39,28,19,227,15
2023,0022300275,2023-12-01,BOS vs. PHI,Boston Celtics,BOS,125,True,0.506,0.485,0.861,46,25,20,Philadelphia 76ers,PHI,119,False,0.457,0.457,0.739,42,16,16,244,6
2023,0022300274,2023-12-01,WAS @ ORL,Orlando Magic,ORL,130,True,0.517,0.387,0.788,44,35,14,Washington Wizards,WAS,125,False,0.506,0.464,0.71,40,25,14,255,5
2023,0022300283,2023-12-02,CLE @ DET,Detroit Pistons,DET,101,False,0.47,0.267,0.652,49,24,16,Cleveland Cavaliers,CLE,110,True,0.494,0.333,0.667,43,25,11,211,9
2023,0022300280,2023-12-02,LAC vs. GSW,LA Clippers,LAC,113,True,0.489,0.333,0.857,40,31,11,Golden State Warriors,GSW,112,False,0.442,0.395,0.792,42,31,13,225,1
2023,0022300290,2023-12-02,DEN @ SAC,Sacramento Kings,SAC,123,True,0.485,0.471,0.733,47,33,11,Denver Nuggets,DEN,117,False,0.495,0.24,0.65,46,35,10,240,6
2023,0022300285,2023-12-02,CHI vs. NOP,Chicago Bulls,CHI,124,True,0.545,0.425,0.733,41,32,13,New Orleans Pelicans,NOP,118,False,0.5,0.32,0.8,39,20,12,242,6
2023,0022300282,2023-12-02,BKN vs. ORL,Brooklyn Nets,BKN,129,True,0.505,0.412,0.742,57,31,11,Orlando Magic,ORL,101,False,0.398,0.31,0.815,37,24,11,230,28
2023,0022300291,2023-12-02,LAL vs. HOU,Los Angeles Lakers,LAL,107,True,0.449,0.296,0.704,48,24,9,Houston Rockets,HOU,97,False,0.404,0.355,0.778,54,24,16,204,10
2023,0022300286,2023-12-02,ATL @ MIL,Milwaukee Bucks,MIL,132,True,0.596,0.424,0.8,44,33,15,Atlanta Hawks,ATL,121,False,0.446,0.395,0.762,40,23,11,253,11
2023,0022300289,2023-12-02,UTA vs. POR,Utah Jazz,UTA,118,True,0.489,0.206,0.792,56,27,17,Portland Trail Blazers,POR,113,False,0.4,0.325,0.889,40,17,9,231,5
2023,0022300284,2023-12-02,IND @ MIA,Miami Heat,MIA,129,False,0.539,0.48,0.875,28,27,10,Indiana Pacers,IND,144,True,0.659,0.5,0.8,32,35,9,273,15
2023,0022300281,2023-12-02,MIN @ CHA,Charlotte Hornets,CHA,117,False,0.484,0.48,0.895,36,29,8,Minnesota Timberwolves,MIN,123,True,0.512,0.355,0.867,41,26,11,240,6
2023,0022300287,2023-12-02,OKC @ DAL,Dallas Mavericks,DAL,120,False,0.448,0.365,0.657,47,26,15,Oklahoma City Thunder,OKC,126,True,0.44,0.455,0.818,50,24,12,246,6
2023,0022300288,2023-12-02,PHX vs. MEM,Phoenix Suns,PHX,116,True,0.434,0.346,0.814,44,24,16,Memphis Grizzlies,MEM,109,False,0.453,0.29,0.917,40,14,15,225,7
2023,0022301204,2023-12-04,SAC vs. NOP,Sacramento Kings,SAC,117,False,0.447,0.341,0.818,38,29,13,New Orleans Pelicans,NOP,127,True,0.54,0.452,0.826,42,29,12,244,10
2023,0022301202,2023-12-04,IND vs. BOS,Indiana Pacers,IND,122,True,0.457,0.475,0.81,41,28,6,Boston Celtics,BOS,112,False,0.474,0.293,0.667,56,27,17,234,10
2023,0022301203,2023-12-05,PHX @ LAL,Los Angeles Lakers,LAL,106,True,0.373,0.3,0.84,45,24,9,Phoenix Suns,PHX,103,False,0.493,0.48,0.81,44,25,20,209,3
2023,0022301201,2023-12-05,MIL vs. NYK,Milwaukee Bucks,MIL,146,True,0.604,0.605,0.684,37,32,12,New York Knicks,NYK,122,False,0.494,0.304,0.879,36,27,16,268,24
2023,0022301206,2023-12-06,DET vs. MEM,Detroit Pistons,DET,102,False,0.451,0.314,1.0,42,30,16,Memphis Grizzlies,MEM,116,True,0.516,0.423,0.786,46,26,14,218,14
2023,0022301208,2023-12-06,PHI @ WAS,Washington Wizards,WAS,126,False,0.565,0.4,1.0,32,39,11,Philadelphia 76ers,PHI,131,True,0.511,0.296,0.853,43,29,11,257,5
2023,0022301214,2023-12-06,GSW vs. POR,Golden State Warriors,GSW,110,True,0.419,0.294,0.848,50,20,17,Portland Trail Blazers,POR,106,False,0.411,0.348,0.75,40,22,10,216,4
2023,0022301207,2023-12-06,MIA @ TOR,Toronto Raptors,TOR,103,False,0.43,0.378,0.882,46,29,14,Miami Heat,MIA,112,True,0.461,0.368,0.842,44,33,7,215,9
2023,0022301215,2023-12-06,DEN @ LAC,LA Clippers,LAC,111,True,0.46,0.444,0.76,51,21,11,Denver Nuggets,DEN,102,False,0.418,0.387,0.889,46,29,11,213,9
2023,0022301213,2023-12-06,UTA @ DAL,Dallas Mavericks,DAL,147,True,0.554,0.449,0.684,47,37,7,Utah Jazz,UTA,97,False,0.402,0.364,0.833,43,22,19,244,50
2023,0022301209,2023-12-06,ATL vs. BKN,Atlanta Hawks,ATL,113,False,0.447,0.343,0.944,49,25,12,Brooklyn Nets,BKN,114,True,0.457,0.407,0.708,45,24,12,227,1
2023,0022301210,2023-12-06,MIN vs. SAS,Minnesota Timberwolves,MIN,102,True,0.414,0.3,0.857,55,20,14,San Antonio Spurs,SAS,94,False,0.376,0.222,0.667,49,23,11,196,8
2023,0022301211,2023-12-06,CHI vs. CHA,Chicago Bulls,CHI,111,True,0.422,0.48,0.793,57,23,16,Charlotte Hornets,CHA,100,False,0.433,0.27,1.0,42,25,16,211,11
2023,0022301205,2023-12-06,CLE vs. ORL,Cleveland Cavaliers,CLE,121,True,0.535,0.412,0.75,45,29,15,Orlando Magic,ORL,111,False,0.488,0.087,0.73,36,22,11,232,10
2023,0022301212,2023-12-06,OKC @ HOU,Houston Rockets,HOU,110,True,0.482,0.455,0.682,53,28,19,Oklahoma City Thunder,OKC,101,False,0.425,0.276,0.792,30,22,8,211,9
2023,0022301229,2023-12-07,IND @ MIL,Milwaukee Bucks,MIL,119,False,0.448,0.364,0.75,46,19,12,Indiana Pacers,IND,128,True,0.49,0.212,0.84,51,30,9,247,9
2023,0022301230,2023-12-07,LAL vs. NOP,Los Angeles Lakers,LAL,133,True,0.547,0.486,0.759,59,31,14,New Orleans Pelicans,NOP,89,False,0.358,0.226,0.7,42,22,12,222,44
2023,0022301216,2023-12-08,TOR @ CHA,Charlotte Hornets,CHA,119,True,0.557,0.52,0.9,31,30,15,Toronto Raptors,TOR,116,False,0.505,0.188,0.762,42,32,14,235,3
2023,0022301228,2023-12-08,PHX vs. SAC,Phoenix Suns,PHX,106,False,0.482,0.344,0.652,40,26,11,Sacramento Kings,SAC,114,True,0.457,0.359,0.8,50,25,12,220,8
2023,0022301226,2023-12-08,DAL @ POR,Portland Trail Blazers,POR,112,False,0.371,0.34,0.889,48,20,15,Dallas Mavericks,DAL,125,True,0.516,0.308,0.864,42,26,15,237,13
2023,0022301224,2023-12-08,DEN vs. HOU,Denver Nuggets,DEN,106,False,0.422,0.357,0.741,47,22,10,Houston Rockets,HOU,114,True,0.427,0.333,0.738,47,21,9,220,8
2023,0022301225,2023-12-08,UTA vs. LAC,Utah Jazz,UTA,103,False,0.452,0.29,0.75,40,23,13,LA Clippers,LAC,117,True,0.489,0.441,0.762,40,23,12,220,14
2023,0022301219,2023-12-08,WAS @ BKN,Brooklyn Nets,BKN,124,True,0.481,0.303,0.778,55,27,10,Washington Wizards,WAS,97,False,0.418,0.182,0.714,41,19,16,221,27
2023,0022301220,2023-12-08,CLE @ MIA,Miami Heat,MIA,99,False,0.43,0.357,0.667,37,23,18,Cleveland Cavaliers,CLE,111,True,0.46,0.368,0.654,51,21,13,210,12
2023,0022301218,2023-12-08,PHI vs. ATL,Philadelphia 76ers,PHI,125,True,0.483,0.367,0.811,48,24,10,Atlanta Hawks,ATL,114,False,0.394,0.333,0.905,55,20,13,239,11
2023,0022301217,2023-12-08,ORL vs. DET,Orlando Magic,ORL,123,True,0.551,0.385,0.789,45,26,9,Detroit Pistons,DET,91,False,0.42,0.2,0.708,38,17,15,214,32
2023,0022301227,2023-12-08,NYK @ BOS,Boston Celtics,BOS,133,True,0.527,0.404,0.857,34,24,7,New York Knicks,NYK,123,False,0.5,0.405,0.741,44,28,13,256,10
2023,0022301223,2023-12-08,CHI @ SAS,San Antonio Spurs,SAS,112,False,0.47,0.405,0.85,44,35,12,Chicago Bulls,CHI,121,True,0.461,0.464,0.583,56,27,7,233,9
2023,0022301221,2023-12-08,MEM vs. MIN,Memphis Grizzlies,MEM,103,False,0.43,0.429,0.737,28,24,9,Minnesota Timberwolves,MIN,127,True,0.5,0.395,0.923,54,30,13,230,24
2023,0022301222,2023-12-08,OKC vs. GSW,Oklahoma City Thunder,OKC,138,True,0.52,0.172,0.861,39,15,9,Golden State Warriors,GSW,136,False,0.471,0.396,0.826,60,29,28,274,2
2023,0022300301,2023-12-11,MIN @ NOP,New Orleans Pelicans,NOP,121,True,0.488,0.37,0.775,47,27,13,Minnesota Timberwolves,MIN,107,False,0.44,0.361,0.737,47,26,11,228,14
2023,0022300297,2023-12-11,NYK vs. TOR,New York Knicks,NYK,136,True,0.605,0.586,0.652,42,36,15,Toronto Raptors,TOR,130,False,0.49,0.359,0.733,38,32,10,266,6
2023,0022300293,2023-12-11,DET vs. IND,Detroit Pistons,DET,123,False,0.556,0.345,0.767,30,26,14,Indiana Pacers,IND,131,True,0.565,0.419,0.737,43,33,18,254,8
2023,0022300303,2023-12-11,SAC vs. BKN,Sacramento Kings,SAC,131,True,0.511,0.556,0.714,43,38,13,Brooklyn Nets,BKN,118,False,0.477,0.483,0.952,41,24,13,249,13
2023,0022300300,2023-12-11,MIL vs. CHI,Milwaukee Bucks,MIL,133,True,0.512,0.405,0.811,48,34,11,Chicago Bulls,CHI,129,False,0.412,0.441,0.8,51,25,6,262,4
2023,0022300295,2023-12-11,PHI vs. WAS,Philadelphia 76ers,PHI,146,True,0.547,0.435,0.88,47,37,13,Washington Wizards,WAS,101,False,0.424,0.29,0.645,44,21,22,247,45
2023,0022300304,2023-12-11,LAC vs. POR,LA Clippers,LAC,132,True,0.551,0.382,0.955,35,33,9,Portland Trail Blazers,POR,127,False,0.478,0.475,0.846,36,25,12,259,5
2023,0022300294,2023-12-11,CLE @ ORL,Orlando Magic,ORL,104,True,0.464,0.269,0.76,43,22,12,Cleveland Cavaliers,CLE,94,False,0.353,0.225,0.758,48,15,14,198,10
2023,0022300296,2023-12-11,DEN @ ATL,Atlanta Hawks,ATL,122,False,0.458,0.386,0.944,35,25,10,Denver Nuggets,DEN,129,True,0.534,0.414,0.793,49,29,16,251,7
2023,0022300292,2023-12-11,MIA @ CHA,Charlotte Hornets,CHA,114,False,0.476,0.415,0.773,31,31,10,Miami Heat,MIA,116,True,0.481,0.429,0.794,43,31,10,230,2
2023,0022300302,2023-12-11,OKC vs. UTA,Oklahoma City Thunder,OKC,134,True,0.521,0.474,0.941,39,35,12,Utah Jazz,UTA,120,False,0.478,0.316,0.952,41,32,15,254,14
2023,0022300298,2023-12-11,SAS @ HOU,Houston Rockets,HOU,93,True,0.344,0.308,0.85,60,20,16,San Antonio Spurs,SAS,82,False,0.356,0.122,0.682,51,20,17,175,11
2023,0022300299,2023-12-11,MEM vs. DAL,Memphis Grizzlies,MEM,113,False,0.461,0.409,0.813,38,26,17,Dallas Mavericks,DAL,120,True,0.5,0.425,0.895,43,27,17,233,7
2023,0022300305,2023-12-12,CLE @ BOS,Boston Celtics,BOS,120,True,0.452,0.409,1.0,45,23,13,Cleveland Cavaliers,CLE,113,False,0.478,0.422,0.667,35,27,12,233,7
2023,0022300306,2023-12-12,DAL vs. LAL,Dallas Mavericks,DAL,127,True,0.494,0.488,0.857,36,28,10,Los Angeles Lakers,LAL,125,False,0.538,0.517,0.667,40,34,15,252,2
2023,0022300308,2023-12-12,GSW @ PHX,Phoenix Suns,PHX,119,True,0.452,0.359,0.853,41,27,14,Golden State Warriors,GSW,116,False,0.446,0.348,0.667,51,26,15,235,3
2023,0022300307,2023-12-12,DEN @ CHI,Chicago Bulls,CHI,106,False,0.419,0.325,0.913,41,26,12,Denver Nuggets,DEN,114,True,0.47,0.467,0.688,46,28,10,220,8
2023,0022300309,2023-12-12,LAC vs. SAC,LA Clippers,LAC,119,True,0.524,0.379,0.952,49,21,15,Sacramento Kings,SAC,99,False,0.419,0.27,0.708,38,27,14,218,20
2023,0022300317,2023-12-13,BKN @ PHX,Phoenix Suns,PHX,112,False,0.476,0.321,0.852,49,28,12,Brooklyn Nets,BKN,116,True,0.461,0.366,0.792,36,24,7,228,4
2023,0022300314,2023-12-13,MEM @ HOU,Houston Rockets,HOU,117,True,0.453,0.375,0.73,58,23,19,Memphis Grizzlies,MEM,104,False,0.427,0.263,0.706,39,25,11,221,13
2023,0022300315,2023-12-13,IND @ MIL,Milwaukee Bucks,MIL,140,True,0.539,0.259,0.771,43,27,15,Indiana Pacers,IND,126,False,0.45,0.306,0.781,45,30,18,266,14
2023,0022300316,2023-12-13,SAS vs. LAL,San Antonio Spurs,SAS,119,False,0.469,0.432,0.722,46,28,17,Los Angeles Lakers,LAL,122,True,0.538,0.4,0.588,46,31,16,241,3
2023,0022300318,2023-12-13,UTA vs. NYK,Utah Jazz,UTA,117,True,0.439,0.381,0.714,53,31,15,New York Knicks,NYK,113,False,0.436,0.231,0.688,46,21,8,230,4
2023,0022300310,2023-12-13,PHI @ DET,Detroit Pistons,DET,111,False,0.443,0.303,0.767,35,24,9,Philadelphia 76ers,PHI,129,True,0.517,0.367,0.824,53,28,10,240,18
2023,0022300312,2023-12-13,MIA vs. CHA,Miami Heat,MIA,115,True,0.477,0.5,0.947,47,29,22,Charlotte Hornets,CHA,104,False,0.532,0.387,0.909,31,27,21,219,11
2023,0022300313,2023-12-13,TOR vs. ATL,Toronto Raptors,TOR,135,True,0.575,0.529,0.708,47,39,14,Atlanta Hawks,ATL,128,False,0.48,0.439,0.737,42,32,7,263,7
2023,0022300311,2023-12-13,NOP @ WAS,Washington Wizards,WAS,122,False,0.512,0.432,0.792,33,28,15,New Orleans Pelicans,NOP,142,True,0.521,0.471,0.867,46,30,9,264,20
2023,0022300325,2023-12-14,GSW @ LAC,LA Clippers,LAC,121,True,0.506,0.406,0.867,40,27,13,Golden State Warriors,GSW,113,False,0.435,0.356,0.895,43,22,11,234,8
2023,0022300321,2023-12-14,DAL vs. MIN,Dallas Mavericks,DAL,101,False,0.47,0.219,0.889,34,21,15,Minnesota Timberwolves,MIN,119,True,0.5,0.452,0.68,45,30,15,220,18
2023,0022300323,2023-12-14,POR vs. UTA,Portland Trail Blazers,POR,114,False,0.417,0.356,0.667,49,30,11,Utah Jazz,UTA,122,True,0.533,0.333,0.929,45,27,11,236,8
2023,0022300322,2023-12-14,DEN vs. BKN,Denver Nuggets,DEN,124,True,0.475,0.333,0.857,48,31,8,Brooklyn Nets,BKN,101,False,0.411,0.267,0.75,53,28,16,225,23
2023,0022300324,2023-12-14,SAC vs. OKC,Sacramento Kings,SAC,128,True,0.495,0.4,0.762,47,32,17,Oklahoma City Thunder,OKC,123,False,0.431,0.306,0.889,44,26,13,251,5
2023,0022300319,2023-12-14,BOS vs. CLE,Boston Celtics,BOS,116,True,0.506,0.361,0.85,44,22,13,Cleveland Cavaliers,CLE,107,False,0.482,0.333,0.941,39,21,16,223,9
2023,0022300320,2023-12-14,MIA vs. CHI,Miami Heat,MIA,116,False,0.463,0.441,0.771,42,26,10,Chicago Bulls,CHI,124,True,0.484,0.389,0.667,43,32,5,240,8
2023,0022300332,2023-12-15,HOU @ MEM,Memphis Grizzlies,MEM,96,False,0.402,0.275,0.733,48,19,17,Houston Rockets,HOU,103,True,0.364,0.379,0.875,51,18,11,199,7
2023,0022300327,2023-12-15,PHI vs. DET,Philadelphia 76ers,PHI,124,True,0.418,0.378,0.903,54,24,11,Detroit Pistons,DET,92,False,0.432,0.19,0.783,42,19,21,216,32
2023,0022300330,2023-12-15,ATL @ TOR,Toronto Raptors,TOR,104,False,0.519,0.323,0.56,32,30,14,Atlanta Hawks,ATL,125,True,0.515,0.39,0.833,55,34,12,229,21
2023,0022300331,2023-12-15,SAS vs. LAL,San Antonio Spurs,SAS,129,True,0.495,0.429,0.895,45,35,8,Los Angeles Lakers,LAL,115,False,0.483,0.306,0.643,43,32,6,244,14
2023,0022300329,2023-12-15,BOS vs. ORL,Boston Celtics,BOS,128,True,0.522,0.429,0.7,34,31,10,Orlando Magic,ORL,111,False,0.483,0.4,0.722,45,25,21,239,17
2023,0022300333,2023-12-15,PHX vs. NYK,Phoenix Suns,PHX,122,False,0.522,0.393,0.81,33,30,11,New York Knicks,NYK,139,True,0.598,0.586,0.857,38,28,11,261,17
2023,0022300328,2023-12-15,WAS vs. IND,Washington Wizards,WAS,137,True,0.565,0.481,0.769,47,36,17,Indiana Pacers,IND,123,False,0.449,0.375,0.75,41,35,15,260,14
2023,0022300326,2023-12-15,CHA vs. NOP,Charlotte Hornets,CHA,107,False,0.446,0.29,0.762,39,18,8,New Orleans Pelicans,NOP,112,True,0.475,0.333,0.844,49,24,15,219,5
2023,0022300339,2023-12-16,GSW vs. BKN,Golden State Warriors,GSW,124,True,0.484,0.531,0.95,42,29,14,Brooklyn Nets,BKN,120,False,0.484,0.395,0.867,42,31,16,244,4
2023,0022300341,2023-12-16,POR vs. DAL,Portland Trail Blazers,POR,120,False,0.5,0.219,0.864,44,17,11,Dallas Mavericks,DAL,131,True,0.495,0.34,0.905,47,27,12,251,11
2023,0022300336,2023-12-16,CLE vs. ATL,Cleveland Cavaliers,CLE,127,True,0.485,0.381,0.867,49,32,10,Atlanta Hawks,ATL,119,False,0.482,0.417,0.88,34,21,11,246,8
2023,0022300334,2023-12-16,MIL vs. DET,Milwaukee Bucks,MIL,146,True,0.568,0.452,0.844,49,24,14,Detroit Pistons,DET,114,False,0.448,0.214,0.846,36,25,8,260,32
2023,0022300337,2023-12-16,MIA vs. CHI,Miami Heat,MIA,118,True,0.518,0.371,0.76,31,26,10,Chicago Bulls,CHI,116,False,0.481,0.421,0.897,40,25,14,234,2
2023,0022300342,2023-12-16,UTA @ SAC,Sacramento Kings,SAC,125,True,0.541,0.489,0.733,45,36,14,Utah Jazz,UTA,104,False,0.442,0.324,0.762,37,28,12,229,21
2023,0022300338,2023-12-16,MIN vs. IND,Minnesota Timberwolves,MIN,127,True,0.558,0.6,0.813,36,33,15,Indiana Pacers,IND,109,False,0.5,0.286,0.813,40,25,13,236,18
2023,0022300335,2023-12-16,PHI @ CHA,Charlotte Hornets,CHA,82,False,0.363,0.2,0.818,36,15,11,Philadelphia 76ers,PHI,135,True,0.602,0.452,0.882,45,30,10,217,53
2023,0022300343,2023-12-16,NYK @ LAC,LA Clippers,LAC,144,True,0.568,0.485,0.824,42,36,8,New York Knicks,NYK,122,False,0.468,0.314,0.885,39,20,10,266,22
2023,0022300340,2023-12-16,DEN vs. OKC,Denver Nuggets,DEN,117,False,0.452,0.375,0.875,46,30,9,Oklahoma City Thunder,OKC,118,True,0.512,0.333,0.833,40,22,10,235,1
2023,0022300346,2023-12-17,HOU @ MIL,Milwaukee Bucks,MIL,128,True,0.5,0.361,0.781,46,25,15,Houston Rockets,HOU,119,False,0.529,0.407,0.857,31,26,9,247,9
2023,0022300344,2023-12-17,ORL @ BOS,Boston Celtics,BOS,114,True,0.474,0.472,0.875,55,18,14,Orlando Magic,ORL,97,False,0.382,0.306,0.75,43,18,8,211,17
2023,0022300347,2023-12-17,WAS @ PHX,Phoenix Suns,PHX,112,True,0.456,0.226,0.767,54,29,17,Washington Wizards,WAS,108,False,0.411,0.304,0.8,44,24,10,220,4
2023,0022300348,2023-12-17,POR vs. GSW,Portland Trail Blazers,POR,114,False,0.471,0.371,0.913,37,23,13,Golden State Warriors,GSW,118,True,0.529,0.342,0.684,43,31,14,232,4
2023,0022300345,2023-12-17,NOP @ SAS,San Antonio Spurs,SAS,110,False,0.426,0.357,0.714,39,29,13,New Orleans Pelicans,NOP,146,True,0.561,0.524,0.636,51,38,13,256,36
2023,0022300352,2023-12-18,ATL vs. DET,Atlanta Hawks,ATL,130,True,0.541,0.444,0.815,40,25,17,Detroit Pistons,DET,124,False,0.511,0.409,0.704,36,23,13,254,6
2023,0022300353,2023-12-18,MIN @ MIA,Miami Heat,MIA,108,False,0.471,0.367,0.833,40,27,15,Minnesota Timberwolves,MIN,112,True,0.494,0.379,0.895,45,27,13,220,4
2023,0022300356,2023-12-18,DAL @ DEN,Denver Nuggets,DEN,130,True,0.563,0.538,0.818,46,29,8,Dallas Mavericks,DAL,104,False,0.446,0.342,0.474,43,19,11,234,26
2023,0022300358,2023-12-18,SAC vs. WAS,Sacramento Kings,SAC,143,True,0.53,0.395,0.769,42,35,7,Washington Wizards,WAS,131,False,0.518,0.474,0.833,39,26,11,274,12
2023,0022300354,2023-12-18,TOR vs. CHA,Toronto Raptors,TOR,114,True,0.512,0.276,0.818,51,30,17,Charlotte Hornets,CHA,99,False,0.438,0.25,1.0,36,18,12,213,15
2023,0022300351,2023-12-18,CHI @ PHI,Philadelphia 76ers,PHI,104,False,0.432,0.344,0.895,44,23,12,Chicago Bulls,CHI,108,True,0.472,0.414,0.8,45,24,10,212,4
2023,0022300355,2023-12-18,MEM @ OKC,Oklahoma City Thunder,OKC,116,True,0.457,0.306,0.913,53,31,12,Memphis Grizzlies,MEM,97,False,0.353,0.352,0.857,45,25,22,213,19
2023,0022300357,2023-12-18,BKN @ UTA,Utah Jazz,UTA,125,True,0.495,0.412,0.875,51,30,14,Brooklyn Nets,BKN,108,False,0.433,0.41,0.7,36,25,13,233,17
2023,0022300350,2023-12-18,IND vs. LAC,Indiana Pacers,IND,127,False,0.516,0.364,0.81,34,38,11,LA Clippers,LAC,151,True,0.571,0.5,0.87,46,26,11,278,24
2023,0022300349,2023-12-18,HOU @ CLE,Cleveland Cavaliers,CLE,135,True,0.485,0.396,0.647,38,29,11,Houston Rockets,HOU,130,False,0.461,0.364,0.889,47,34,13,265,5
2023,0022300359,2023-12-18,LAL vs. NYK,Los Angeles Lakers,LAL,109,False,0.424,0.317,0.923,41,29,10,New York Knicks,NYK,114,True,0.477,0.333,0.87,52,21,15,223,5
2023,0022300362,2023-12-19,BOS @ GSW,Golden State Warriors,GSW,132,True,0.459,0.4,0.857,59,29,10,Boston Celtics,BOS,126,False,0.412,0.293,0.882,55,28,8,258,6
2023,0022300360,2023-12-19,NOP vs. MEM,New Orleans Pelicans,NOP,113,False,0.471,0.44,0.917,39,23,11,Memphis Grizzlies,MEM,115,True,0.5,0.323,0.793,42,19,17,228,2
2023,0022300363,2023-12-19,PHX @ POR,Portland Trail Blazers,POR,109,True,0.448,0.5,0.895,42,23,15,Phoenix Suns,PHX,104,False,0.447,0.217,0.714,47,23,13,213,5
2023,0022300361,2023-12-19,SAS @ MIL,Milwaukee Bucks,MIL,132,True,0.472,0.367,0.778,47,34,6,San Antonio Spurs,SAS,119,False,0.479,0.3,0.857,52,27,16,251,13
2023,0022300364,2023-12-20,CLE vs. UTA,Cleveland Cavaliers,CLE,124,True,0.469,0.451,0.688,44,34,11,Utah Jazz,UTA,116,False,0.513,0.433,0.821,38,24,16,240,8
2023,0022300371,2023-12-20,HOU vs. ATL,Houston Rockets,HOU,127,False,0.494,0.471,1.0,37,25,8,Atlanta Hawks,ATL,134,True,0.516,0.425,0.821,44,31,9,261,7
2023,0022300369,2023-12-20,DEN @ TOR,Toronto Raptors,TOR,104,False,0.478,0.333,0.692,41,26,11,Denver Nuggets,DEN,113,True,0.5,0.364,0.429,46,29,8,217,9
2023,0022300366,2023-12-20,MIA @ ORL,Orlando Magic,ORL,106,False,0.461,0.25,0.789,49,29,11,Miami Heat,MIA,115,True,0.482,0.517,0.833,39,25,11,221,9
2023,0022300373,2023-12-20,BOS @ SAC,Sacramento Kings,SAC,119,False,0.473,0.477,0.522,37,29,7,Boston Celtics,BOS,144,True,0.554,0.524,0.833,50,35,9,263,25
2023,0022300370,2023-12-20,CHI vs. LAL,Chicago Bulls,CHI,124,True,0.545,0.529,0.909,48,25,15,Los Angeles Lakers,LAL,108,False,0.447,0.324,0.8,40,27,13,232,16
2023,0022300367,2023-12-20,PHI vs. MIN,Philadelphia 76ers,PHI,127,True,0.536,0.364,0.906,36,20,12,Minnesota Timberwolves,MIN,113,False,0.512,0.36,0.833,39,22,18,240,14
2023,0022300368,2023-12-20,BKN vs. NYK,Brooklyn Nets,BKN,102,False,0.366,0.319,0.765,49,25,11,New York Knicks,NYK,121,True,0.463,0.394,0.8,54,24,11,223,19
2023,0022300365,2023-12-20,CHA @ IND,Indiana Pacers,IND,144,True,0.613,0.462,0.933,38,37,13,Charlotte Hornets,CHA,113,False,0.474,0.258,0.789,37,23,10,257,31
2023,0022300372,2023-12-20,LAC @ DAL,Dallas Mavericks,DAL,111,False,0.429,0.326,0.704,36,23,6,LA Clippers,LAC,120,True,0.558,0.355,0.92,44,27,12,231,9
2023,0022300377,2023-12-21,IND @ MEM,Memphis Grizzlies,MEM,116,True,0.512,0.457,0.667,41,27,18,Indiana Pacers,IND,103,False,0.422,0.346,0.818,39,28,16,219,13
2023,0022300376,2023-12-21,CHI vs. SAS,Chicago Bulls,CHI,114,True,0.544,0.25,0.818,36,24,11,San Antonio Spurs,SAS,95,False,0.457,0.333,0.688,41,24,19,209,19
2023,0022300374,2023-12-21,DET vs. UTA,Detroit Pistons,DET,111,False,0.5,0.29,0.842,41,24,20,Utah Jazz,UTA,119,True,0.457,0.367,0.917,44,26,12,230,8
2023,0022300380,2023-12-21,MIN vs. LAL,Minnesota Timberwolves,MIN,118,True,0.483,0.389,0.8,40,32,14,Los Angeles Lakers,LAL,111,False,0.494,0.417,0.792,38,21,17,229,7
2023,0022300379,2023-12-21,OKC vs. LAC,Oklahoma City Thunder,OKC,134,True,0.586,0.471,0.889,38,35,11,LA Clippers,LAC,115,False,0.473,0.395,0.833,40,23,15,249,19
2023,0022300375,2023-12-21,NOP @ CLE,Cleveland Cavaliers,CLE,104,False,0.471,0.386,0.625,35,34,11,New Orleans Pelicans,NOP,123,True,0.547,0.429,0.875,40,32,9,227,19
2023,0022300378,2023-12-21,ORL @ MIL,Milwaukee Bucks,MIL,118,True,0.422,0.297,0.886,51,26,13,Orlando Magic,ORL,114,False,0.455,0.242,0.696,45,26,7,232,4
2023,0022300381,2023-12-21,POR vs. WAS,Portland Trail Blazers,POR,117,False,0.453,0.467,0.739,51,24,15,Washington Wizards,WAS,118,True,0.5,0.4,0.688,37,26,11,235,1
2023,0022300383,2023-12-22,BKN vs. DEN,Brooklyn Nets,BKN,117,False,0.483,0.394,0.692,45,32,10,Denver Nuggets,DEN,122,True,0.517,0.423,0.84,41,29,6,239,5
2023,0022300384,2023-12-22,MIA vs. ATL,Miami Heat,MIA,122,True,0.465,0.436,0.833,48,21,17,Atlanta Hawks,ATL,113,False,0.438,0.352,0.714,43,29,13,235,9
2023,0022300382,2023-12-22,PHI vs. TOR,Philadelphia 76ers,PHI,121,True,0.53,0.452,0.905,38,34,13,Toronto Raptors,TOR,111,False,0.448,0.273,0.857,46,30,12,232,10
2023,0022300387,2023-12-22,PHX @ SAC,Sacramento Kings,SAC,120,True,0.53,0.316,0.769,37,32,12,Phoenix Suns,PHX,105,False,0.443,0.2,0.786,45,19,15,225,15
2023,0022300385,2023-12-22,HOU vs. DAL,Houston Rockets,HOU,122,True,0.484,0.289,0.826,63,21,16,Dallas Mavericks,DAL,96,False,0.347,0.175,0.731,47,18,11,218,26
2023,0022300386,2023-12-22,GSW vs. WAS,Golden State Warriors,GSW,129,True,0.485,0.4,0.85,57,33,12,Washington Wizards,WAS,118,False,0.454,0.314,0.792,39,25,9,247,11
2023,0022300392,2023-12-23,NOP vs. HOU,New Orleans Pelicans,NOP,104,False,0.463,0.258,0.69,46,21,16,Houston Rockets,HOU,106,True,0.427,0.31,0.771,44,21,11,210,2
2023,0022300389,2023-12-23,LAC vs. BOS,LA Clippers,LAC,108,False,0.461,0.324,1.0,34,25,10,Boston Celtics,BOS,145,True,0.521,0.472,0.786,51,33,9,253,37
2023,0022300394,2023-12-23,DET @ BKN,Brooklyn Nets,BKN,126,True,0.523,0.417,0.813,38,32,10,Detroit Pistons,DET,115,False,0.494,0.429,0.759,36,26,13,241,11
2023,0022300396,2023-12-23,CLE @ CHI,Chicago Bulls,CHI,95,False,0.438,0.229,0.895,37,23,12,Cleveland Cavaliers,CLE,109,True,0.443,0.267,0.731,48,28,12,204,14
2023,0022300390,2023-12-23,DEN @ CHA,Charlotte Hornets,CHA,95,False,0.386,0.286,0.826,47,23,17,Denver Nuggets,DEN,102,True,0.433,0.4,0.857,48,25,14,197,7
2023,0022300391,2023-12-23,ORL @ IND,Indiana Pacers,IND,110,False,0.524,0.441,0.692,33,27,15,Orlando Magic,ORL,117,True,0.534,0.333,0.805,39,22,13,227,7
2023,0022300398,2023-12-23,SAS @ DAL,Dallas Mavericks,DAL,144,True,0.52,0.511,0.81,52,26,12,San Antonio Spurs,SAS,119,False,0.449,0.311,0.708,42,32,10,263,25
2023,0022300399,2023-12-23,GSW vs. POR,Golden State Warriors,GSW,126,True,0.578,0.303,0.833,49,38,16,Portland Trail Blazers,POR,106,False,0.452,0.371,0.68,30,26,11,232,20
2023,0022300397,2023-12-23,OKC vs. LAL,Oklahoma City Thunder,OKC,120,False,0.484,0.317,0.789,42,24,9,Los Angeles Lakers,LAL,129,True,0.522,0.5,0.826,44,37,9,249,9
2023,0022300395,2023-12-23,UTA @ TOR,Toronto Raptors,TOR,119,False,0.479,0.406,0.842,39,35,11,Utah Jazz,UTA,126,True,0.527,0.447,0.929,41,35,11,245,7
2023,0022300388,2023-12-23,NYK vs. MIL,New York Knicks,NYK,111,False,0.441,0.31,0.952,41,17,11,Milwaukee Bucks,MIL,130,True,0.527,0.5,0.783,53,25,14,241,19
2023,0022300393,2023-12-23,ATL vs. MEM,Atlanta Hawks,ATL,119,False,0.469,0.302,0.8,41,28,10,Memphis Grizzlies,MEM,125,True,0.515,0.333,0.636,51,29,11,244,6
2023,0022300400,2023-12-23,SAC vs. MIN,Sacramento Kings,SAC,98,False,0.435,0.242,0.762,40,23,11,Minnesota Timberwolves,MIN,110,True,0.506,0.303,0.857,43,31,12,208,12
2023,0022300401,2023-12-25,MIL @ NYK,New York Knicks,NYK,129,True,0.543,0.308,0.808,41,27,11,Milwaukee Bucks,MIL,122,False,0.474,0.31,0.792,44,26,11,251,7
2023,0022300404,2023-12-25,PHI @ MIA,Miami Heat,MIA,119,True,0.476,0.375,0.771,56,27,14,Philadelphia 76ers,PHI,113,False,0.426,0.378,0.64,36,23,7,232,6
2023,0022300405,2023-12-25,PHX vs. DAL,Phoenix Suns,PHX,114,False,0.444,0.341,0.8,47,28,15,Dallas Mavericks,DAL,128,True,0.536,0.364,0.733,38,28,11,242,14
2023,0022300403,2023-12-25,BOS @ LAL,Los Angeles Lakers,LAL,115,False,0.478,0.406,0.762,43,24,12,Boston Celtics,BOS,126,True,0.505,0.31,0.75,44,31,8,241,11
2023,0022300402,2023-12-25,DEN vs. GSW,Denver Nuggets,DEN,120,True,0.488,0.412,0.813,43,25,14,Golden State Warriors,GSW,114,False,0.46,0.35,0.87,39,23,13,234,6
2023,0022300408,2023-12-26,ATL @ CHI,Chicago Bulls,CHI,118,True,0.457,0.28,0.871,48,23,8,Atlanta Hawks,ATL,113,False,0.461,0.289,0.857,40,24,15,231,5
2023,0022300413,2023-12-26,SAC @ POR,Portland Trail Blazers,POR,130,True,0.5,0.4,0.8,46,28,7,Sacramento Kings,SAC,113,False,0.484,0.238,0.813,40,25,10,243,17
2023,0022300412,2023-12-26,SAS vs. UTA,San Antonio Spurs,SAS,118,False,0.449,0.457,0.667,43,36,9,Utah Jazz,UTA,130,True,0.495,0.372,0.909,53,34,14,248,12
2023,0022300410,2023-12-26,NOP vs. MEM,New Orleans Pelicans,NOP,115,False,0.433,0.323,0.636,46,18,14,Memphis Grizzlies,MEM,116,True,0.433,0.239,0.844,50,24,17,231,1
2023,0022300414,2023-12-26,CHA @ LAC,LA Clippers,LAC,113,True,0.471,0.412,0.76,45,24,13,Charlotte Hornets,CHA,104,False,0.462,0.207,0.75,42,31,11,217,9
2023,0022300406,2023-12-26,BKN @ DET,Detroit Pistons,DET,112,False,0.444,0.36,0.719,52,20,13,Brooklyn Nets,BKN,118,True,0.5,0.409,0.628,42,22,9,230,6
2023,0022300411,2023-12-26,OKC vs. MIN,Oklahoma City Thunder,OKC,129,True,0.605,0.462,0.813,29,35,11,Minnesota Timberwolves,MIN,106,False,0.466,0.444,0.813,34,22,21,235,23
2023,0022300407,2023-12-26,WAS vs. ORL,Washington Wizards,WAS,119,False,0.494,0.381,0.81,47,27,20,Orlando Magic,ORL,127,True,0.527,0.462,0.68,40,30,16,246,8
2023,0022300409,2023-12-26,HOU vs. IND,Houston Rockets,HOU,117,False,0.485,0.208,0.818,44,19,10,Indiana Pacers,IND,123,True,0.524,0.442,0.857,45,28,20,240,6
2023,2022300008,2023-12-27,TEX @ MXC,Mexico City Capitanes,MXC,120,True,0.484,0.265,0.522,54,26,15,Texas Legends,TEX,114,False,0.494,0.359,0.8,46,25,23,234,6
2023,2022300007,2023-12-27,WES vs. RAP,Westchester Knicks,WES,105,False,0.415,0.275,0.818,51,20,22,Raptors 905,RAP,140,True,0.542,0.447,0.714,45,36,9,245,35
2023,0022300417,2023-12-27,BKN vs. MIL,Brooklyn Nets,BKN,122,False,0.446,0.219,0.862,47,29,9,Milwaukee Bucks,MIL,144,True,0.584,0.451,0.739,41,41,10,266,22
2023,2022300003,2023-12-27,MHU @ FWN,Fort Wayne Mad Ants,FWN,132,True,0.474,0.353,0.85,45,35,9,Memphis Hustle,MHU,123,False,0.494,0.324,0.737,42,27,15,255,9
2023,2022300002,2023-12-27,WIS @ LIN,Long Island Nets,LIN,82,False,0.344,0.243,0.556,36,22,10,Wisconsin Herd,WIS,114,True,0.506,0.429,0.818,58,32,14,196,32
2023,0022300415,2023-12-27,PHI @ ORL,Orlando Magic,ORL,92,False,0.392,0.273,0.875,43,17,16,Philadelphia 76ers,PHI,112,True,0.469,0.357,0.706,48,14,10,204,20
2023,0022300416,2023-12-27,WAS vs. TOR,Washington Wizards,WAS,102,False,0.467,0.242,0.667,34,25,16,Toronto Raptors,TOR,132,True,0.571,0.395,0.684,53,43,17,234,30
2023,2022300001,2023-12-27,MNE @ OKL,Oklahoma City Blue,OKL,111,False,0.449,0.351,0.786,45,30,17,Maine Celtics,MNE,117,True,0.422,0.326,0.909,55,27,13,228,6
2023,0022300418,2023-12-27,PHX @ HOU,Houston Rockets,HOU,113,False,0.417,0.415,0.727,33,20,9,Phoenix Suns,PHX,129,True,0.573,0.424,0.808,44,28,19,242,16
2023,2022300004,2023-12-27,DEL vs. CCG,Delaware Blue Coats,DEL,134,True,0.548,0.421,0.76,47,27,15,Capital City Go-Go,CCG,126,False,0.475,0.361,0.75,42,25,9,260,8
2023,2022300005,2023-12-27,CPS @ GBO,Greensboro Swarm,GBO,113,True,0.472,0.304,0.833,45,18,11,College Park Skyhawks,CPS,101,False,0.475,0.303,0.8,33,23,13,214,12
2023,0022300419,2023-12-27,NYK @ OKC,Oklahoma City Thunder,OKC,129,True,0.544,0.438,0.773,27,20,4,New York Knicks,NYK,120,False,0.5,0.412,0.8,40,24,18,249,9
2023,2022300006,2023-12-27,WCB @ MCC,Motor City Cruise,MCC,121,True,0.488,0.405,0.682,49,28,21,Windy City Bulls,WCB,116,False,0.439,0.219,0.789,44,24,11,237,5
2023,0022300420,2023-12-27,DAL vs. CLE,Dallas Mavericks,DAL,110,False,0.443,0.27,0.846,37,21,10,Cleveland Cavaliers,CLE,113,True,0.435,0.395,0.696,57,33,16,223,3
2023,0022300427,2023-12-28,POR vs. SAS,Portland Trail Blazers,POR,105,False,0.347,0.306,0.75,57,16,13,San Antonio Spurs,SAS,118,True,0.482,0.278,0.929,42,33,11,223,13
2023,0022300426,2023-12-28,GSW vs. MIA,Golden State Warriors,GSW,102,False,0.42,0.242,0.8,43,27,13,Miami Heat,MIA,114,True,0.484,0.323,0.727,44,26,7,216,12
2023,0022300428,2023-12-28,LAL vs. CHA,Los Angeles Lakers,LAL,133,True,0.536,0.5,1.0,42,41,11,Charlotte Hornets,CHA,112,False,0.471,0.455,0.607,43,29,19,245,21
2023,2022300013,2023-12-28,MXC vs. TEX,Mexico City Capitanes,MXC,111,False,0.446,0.344,0.714,53,23,14,Texas Legends,TEX,112,True,0.452,0.303,0.632,43,22,10,223,1
2023,0022300423,2023-12-28,MIN vs. DAL,Minnesota Timberwolves,MIN,118,True,0.514,0.515,0.735,38,23,22,Dallas Mavericks,DAL,110,False,0.444,0.424,0.842,39,29,16,228,8
2023,2022300015,2023-12-28,SCW vs. SXF,Santa Cruz Warriors,SCW,102,False,0.35,0.324,0.857,61,19,20,Sioux Falls Skyforce,SXF,105,True,0.438,0.31,0.611,50,21,18,207,3
2023,0022300424,2023-12-28,NOP vs. UTA,New Orleans Pelicans,NOP,112,True,0.549,0.37,0.8,35,27,14,Utah Jazz,UTA,105,False,0.424,0.308,0.84,42,27,18,217,7
2023,2022300011,2023-12-28,AUS vs. SBL,Austin Spurs,AUS,118,True,0.446,0.333,0.789,43,25,15,South Bay Lakers,SBL,117,False,0.433,0.308,0.741,55,19,22,235,1
2023,2022300012,2023-12-28,GLI @ RGV,Rio Grande Valley Vipers,RGV,115,True,0.523,0.25,0.545,52,28,21,G League Ignite,GLI,109,False,0.456,0.241,0.647,42,24,19,224,6
2023,2022300009,2023-12-28,CCG vs. RAP,Capital City Go-Go,CCG,143,True,0.568,0.442,0.9,48,36,18,Raptors 905,RAP,109,False,0.462,0.258,0.667,33,22,19,252,34
2023,0022300425,2023-12-28,MEM @ DEN,Denver Nuggets,DEN,142,True,0.573,0.488,0.857,53,43,11,Memphis Grizzlies,MEM,105,False,0.416,0.371,0.72,36,23,11,247,37
2023,2022300010,2023-12-28,WCB @ MCC,Motor City Cruise,MCC,114,True,0.5,0.432,0.818,36,28,12,Windy City Bulls,WCB,112,False,0.494,0.423,0.75,41,19,11,226,2
2023,2022300016,2023-12-28,STO vs. RCR,Stockton Kings,STO,113,True,0.524,0.387,0.588,37,24,15,Rip City Remix,RCR,106,False,0.489,0.243,0.8,41,24,18,219,7
2023,2022300014,2023-12-28,SLC vs. ONT,Salt Lake City Stars,SLC,111,False,0.453,0.462,0.889,33,28,13,Ontario Clippers,ONT,121,True,0.511,0.314,0.75,53,23,14,232,10
2023,0022300422,2023-12-28,IND @ CHI,Chicago Bulls,CHI,104,False,0.412,0.259,0.773,47,19,7,Indiana Pacers,IND,120,True,0.506,0.452,0.682,47,30,13,224,16
2023,0022300421,2023-12-28,DET @ BOS,Boston Celtics,BOS,128,True,0.485,0.282,0.84,43,25,12,Detroit Pistons,DET,122,False,0.475,0.326,0.632,57,27,18,250,6
2023,2022300019,2023-12-29,WES vs. GRG,Westchester Knicks,WES,115,False,0.404,0.319,0.8,51,27,13,Grand Rapids Gold,GRG,119,True,0.506,0.463,0.786,47,23,17,234,4
2023,0022300438,2023-12-29,LAC vs. MEM,LA Clippers,LAC,117,True,0.494,0.282,0.8,54,28,17,Memphis Grizzlies,MEM,106,False,0.437,0.325,0.85,33,29,12,223,11
2023,2022300017,2023-12-29,LIN @ CLC,Cleveland Charge,CLC,123,True,0.483,0.417,0.867,45,21,12,Long Island Nets,LIN,122,False,0.5,0.45,0.579,41,32,8,245,1
2023,2022300021,2023-12-29,OKL vs. MNE,Oklahoma City Blue,OKL,103,False,0.411,0.278,0.647,52,19,15,Maine Celtics,MNE,114,True,0.447,0.267,0.722,52,21,19,217,11
2023,0022300433,2023-12-29,MIL @ CLE,Cleveland Cavaliers,CLE,111,False,0.476,0.14,0.778,37,28,8,Milwaukee Bucks,MIL,119,True,0.513,0.414,0.893,43,26,17,230,8
2023,0022300434,2023-12-29,PHI @ HOU,Houston Rockets,HOU,127,False,0.538,0.467,0.714,42,30,16,Philadelphia 76ers,PHI,131,True,0.523,0.364,0.879,30,22,10,258,4
2023,0022300429,2023-12-29,ORL vs. NYK,Orlando Magic,ORL,117,True,0.449,0.212,0.75,49,24,15,New York Knicks,NYK,108,False,0.442,0.2,0.897,40,22,16,225,9
2023,0022300435,2023-12-29,DEN vs. OKC,Denver Nuggets,DEN,93,False,0.424,0.27,0.733,36,30,16,Oklahoma City Thunder,OKC,119,True,0.505,0.343,0.938,51,29,11,212,26
2023,0022300436,2023-12-29,PHX vs. CHA,Phoenix Suns,PHX,133,True,0.622,0.6,0.958,39,34,14,Charlotte Hornets,CHA,119,False,0.478,0.5,1.0,26,32,6,252,14
2023,2022300020,2023-12-29,IWA vs. CPS,Iowa Wolves,IWA,100,False,0.348,0.333,0.824,36,25,10,College Park Skyhawks,CPS,114,True,0.477,0.176,0.875,59,24,19,214,14
2023,2022300022,2023-12-29,RGV vs. GLI,Rio Grande Valley Vipers,RGV,112,True,0.462,0.3,0.579,47,25,14,G League Ignite,GLI,105,False,0.482,0.438,0.467,49,23,21,217,7
2023,2022300023,2023-12-29,SCW vs. SXF,Santa Cruz Warriors,SCW,112,False,0.457,0.293,0.8,48,32,11,Sioux Falls Skyforce,SXF,123,True,0.469,0.317,0.625,47,24,12,235,11
2023,0022300437,2023-12-29,SAS @ POR,Portland Trail Blazers,POR,134,True,0.505,0.593,0.815,43,28,14,San Antonio Spurs,SAS,128,False,0.511,0.424,0.72,42,31,14,262,6
2023,0022300432,2023-12-29,BOS vs. TOR,Boston Celtics,BOS,120,True,0.489,0.436,0.85,52,29,16,Toronto Raptors,TOR,118,False,0.463,0.386,0.65,38,29,4,238,2
2023,2022300018,2023-12-29,BHM @ FWN,Fort Wayne Mad Ants,FWN,122,True,0.473,0.359,0.824,47,32,16,Birmingham Squadron,BHM,119,False,0.406,0.375,0.867,46,23,15,241,3
2023,0022300431,2023-12-29,SAC @ ATL,Atlanta Hawks,ATL,110,False,0.394,0.349,0.84,51,29,15,Sacramento Kings,SAC,117,True,0.517,0.378,0.533,38,35,12,227,7
2023,0022300430,2023-12-29,WAS vs. BKN,Washington Wizards,WAS,110,True,0.505,0.395,0.429,43,28,6,Brooklyn Nets,BKN,104,False,0.429,0.321,0.63,54,24,10,214,6
2023,2022300029,2023-12-30,WES vs. OSC,Westchester Knicks,WES,130,False,0.423,0.3,0.737,47,20,12,Osceola Magic,OSC,138,True,0.51,0.444,0.75,57,31,22,268,8
2023,2022300031,2023-12-30,TEX vs. SBL,Texas Legends,TEX,121,True,0.489,0.395,1.0,50,40,13,South Bay Lakers,SBL,110,False,0.459,0.27,0.538,47,23,12,231,11
2023,0022300439,2023-12-30,UTA vs. MIA,Utah Jazz,UTA,117,True,0.462,0.268,0.714,43,29,10,Miami Heat,MIA,109,False,0.436,0.29,0.8,46,20,16,226,8
2023,0022300443,2023-12-30,MIN vs. LAL,Minnesota Timberwolves,MIN,108,True,0.5,0.353,0.833,45,24,19,Los Angeles Lakers,LAL,106,False,0.42,0.292,0.781,39,23,10,214,2
2023,2022300025,2023-12-30,WIS @ RAP,Raptors 905,RAP,94,False,0.421,0.19,0.6,45,21,12,Wisconsin Herd,WIS,104,True,0.5,0.345,0.7,47,22,15,198,10
2023,2022300024,2023-12-30,GBO vs. WCB,Greensboro Swarm,GBO,111,True,0.57,0.476,0.538,38,25,16,Windy City Bulls,WCB,110,False,0.476,0.476,0.824,36,21,13,221,1
2023,2022300030,2023-12-30,SLC @ STO,Stockton Kings,STO,104,True,0.467,0.333,0.625,42,27,19,Salt Lake City Stars,SLC,100,False,0.42,0.257,0.846,51,22,20,204,4
2023,2022300027,2023-12-30,RCR vs. DEL,Rip City Remix,RCR,126,True,0.434,0.353,0.778,61,31,18,Delaware Blue Coats,DEL,122,False,0.478,0.349,0.667,48,29,20,248,4
2023,0022300444,2023-12-30,DAL @ GSW,Golden State Warriors,GSW,122,False,0.456,0.396,0.692,47,32,10,Dallas Mavericks,DAL,132,True,0.557,0.4,0.818,43,25,9,254,10
2023,0022300440,2023-12-30,TOR @ DET,Detroit Pistons,DET,129,True,0.5,0.429,0.875,41,29,11,Toronto Raptors,TOR,127,False,0.505,0.5,0.821,33,26,7,256,2
2023,0022300442,2023-12-30,CHI vs. PHI,Chicago Bulls,CHI,105,True,0.506,0.28,0.6,53,21,16,Philadelphia 76ers,PHI,92,False,0.391,0.237,0.733,36,24,7,197,13
2023,2022300028,2023-12-30,CLC vs. LIN,Cleveland Charge,CLC,105,False,0.42,0.325,0.75,31,18,11,Long Island Nets,LIN,147,True,0.544,0.463,0.889,56,24,10,252,42
2023,0022300441,2023-12-30,IND vs. NYK,Indiana Pacers,IND,140,True,0.588,0.535,0.81,34,40,16,New York Knicks,NYK,126,False,0.474,0.459,0.704,42,24,13,266,14
2023,2022300026,2023-12-30,MCC @ CCG,Capital City Go-Go,CCG,124,True,0.469,0.324,0.875,51,22,13,Motor City Cruise,MCC,119,False,0.479,0.52,0.714,40,26,11,243,5
2023,2022300035,2023-12-31,GLI @ SXF,Sioux Falls Skyforce,SXF,126,True,0.545,0.393,0.833,58,21,18,G League Ignite,GLI,110,False,0.404,0.333,0.864,29,21,10,236,16
2023,0022300447,2023-12-31,OKC vs. BKN,Oklahoma City Thunder,OKC,124,True,0.542,0.545,0.8,46,31,13,Brooklyn Nets,BKN,108,False,0.38,0.261,0.645,47,26,6,232,16
2023,0022300446,2023-12-31,LAL @ NOP,New Orleans Pelicans,NOP,129,True,0.517,0.5,0.815,47,33,11,Los Angeles Lakers,LAL,109,False,0.476,0.313,0.84,35,26,13,238,20
2023,0022300450,2023-12-31,PHX vs. ORL,Phoenix Suns,PHX,112,True,0.5,0.296,0.842,35,21,6,Orlando Magic,ORL,107,False,0.467,0.324,0.917,45,22,15,219,5
2023,2022300036,2023-12-31,DEL @ RCR,Rip City Remix,RCR,117,False,0.443,0.293,0.65,49,22,12,Delaware Blue Coats,DEL,130,True,0.479,0.405,0.615,55,29,10,247,13
2023,0022300449,2023-12-31,MEM vs. SAC,Memphis Grizzlies,MEM,92,False,0.366,0.3,0.714,34,20,8,Sacramento Kings,SAC,123,True,0.511,0.485,0.765,59,28,12,215,31
2023,0022300445,2023-12-31,ATL @ WAS,Washington Wizards,WAS,126,False,0.469,0.321,0.81,42,35,9,Atlanta Hawks,ATL,130,True,0.495,0.375,0.649,58,27,12,256,4
2023,2022300034,2023-12-31,CPS @ IWA,Iowa Wolves,IWA,99,False,0.429,0.333,0.75,38,20,16,College Park Skyhawks,CPS,113,True,0.517,0.258,0.818,43,26,14,212,14
2023,2022300032,2023-12-31,FWN vs. BHM,Fort Wayne Mad Ants,FWN,132,True,0.516,0.433,0.929,43,35,14,Birmingham Squadron,BHM,127,False,0.478,0.422,0.923,42,30,19,259,5
2023,2022300033,2023-12-31,MNE vs. GRG,Maine Celtics,MNE,108,False,0.422,0.432,0.444,56,24,13,Grand Rapids Gold,GRG,112,True,0.477,0.477,0.556,44,32,12,220,4
2023,0022300448,2023-12-31,SAS vs. BOS,San Antonio Spurs,SAS,101,False,0.426,0.267,0.75,39,28,12,Boston Celtics,BOS,134,True,0.537,0.357,0.773,57,29,10,235,33
2023,2022300037,2024-01-01,IWA vs. MHU,Iowa Wolves,IWA,134,False,0.484,0.368,1.0,42,28,16,Memphis Hustle,MHU,138,True,0.543,0.475,0.733,44,40,15,272,4
2023,0022300451,2024-01-01,MIN @ NYK,New York Knicks,NYK,112,True,0.438,0.353,0.786,49,23,13,Minnesota Timberwolves,MIN,106,False,0.474,0.393,0.793,34,19,13,218,6
2023,0022300454,2024-01-01,MIL vs. IND,Milwaukee Bucks,MIL,113,False,0.441,0.25,0.808,46,27,11,Indiana Pacers,IND,122,True,0.443,0.143,0.816,52,23,7,235,9
2023,0022300452,2024-01-01,CLE @ TOR,Toronto Raptors,TOR,124,True,0.483,0.367,0.725,47,25,11,Cleveland Cavaliers,CLE,121,False,0.483,0.333,0.885,43,25,9,245,3
2023,0022300458,2024-01-01,MIA @ LAC,LA Clippers,LAC,121,True,0.588,0.483,0.929,37,25,15,Miami Heat,MIA,104,False,0.422,0.324,0.793,35,24,13,225,17
2023,0022300457,2024-01-01,UTA vs. DAL,Utah Jazz,UTA,127,True,0.51,0.273,0.944,53,37,12,Dallas Mavericks,DAL,90,False,0.398,0.275,0.5,41,28,16,217,37
2023,0022300456,2024-01-01,PHX vs. POR,Phoenix Suns,PHX,109,True,0.475,0.379,0.667,47,24,16,Portland Trail Blazers,POR,88,False,0.413,0.267,0.737,36,21,18,197,21
2023,0022300455,2024-01-01,DEN vs. CHA,Denver Nuggets,DEN,111,True,0.494,0.395,0.778,44,27,10,Charlotte Hornets,CHA,93,False,0.419,0.385,0.688,45,24,12,204,18
2023,0022300453,2024-01-01,DET @ HOU,Houston Rockets,HOU,136,True,0.56,0.429,0.792,39,34,9,Detroit Pistons,DET,113,False,0.482,0.448,0.741,37,27,17,249,23
2023,2022300043,2024-01-02,SXF vs. GLI,Sioux Falls Skyforce,SXF,126,True,0.518,0.405,0.765,41,24,22,G League Ignite,GLI,103,False,0.494,0.167,0.706,37,19,26,229,23
2023,0022300464,2024-01-02,SAC vs. CHA,Sacramento Kings,SAC,104,False,0.435,0.389,0.588,48,23,20,Charlotte Hornets,CHA,111,True,0.512,0.353,0.789,35,23,14,215,7
2023,2022300042,2024-01-02,MCC vs. GBO,Motor City Cruise,MCC,127,True,0.527,0.394,0.55,59,31,16,Greensboro Swarm,GBO,109,False,0.422,0.214,0.84,36,16,9,236,18
2023,0022300462,2024-01-02,OKC vs. BOS,Oklahoma City Thunder,OKC,127,True,0.527,0.45,0.765,38,34,10,Boston Celtics,BOS,123,False,0.457,0.375,0.828,47,33,14,250,4
2023,0022300463,2024-01-02,GSW vs. ORL,Golden State Warriors,GSW,121,True,0.538,0.371,0.649,36,23,12,Orlando Magic,ORL,115,False,0.446,0.389,0.826,41,19,17,236,6
2023,0022300461,2024-01-02,BKN @ NOP,New Orleans Pelicans,NOP,112,True,0.466,0.41,0.778,53,23,16,Brooklyn Nets,BKN,85,False,0.357,0.256,0.5,43,26,12,197,27
2023,0022300459,2024-01-02,PHI vs. CHI,Philadelphia 76ers,PHI,110,True,0.475,0.4,0.733,43,28,17,Chicago Bulls,CHI,97,False,0.385,0.189,0.696,51,17,18,207,13
2023,2022300041,2024-01-02,BHM @ GRG,Grand Rapids Gold,GRG,113,False,0.43,0.289,0.833,35,20,14,Birmingham Squadron,BHM,147,True,0.567,0.514,0.857,50,27,12,260,34
2023,2022300038,2024-01-02,OKL vs. SBL,Oklahoma City Blue,OKL,113,False,0.448,0.162,0.722,55,26,22,South Bay Lakers,SBL,114,True,0.484,0.333,0.5,48,27,19,227,1
2023,0022300460,2024-01-02,MEM vs. SAS,Memphis Grizzlies,MEM,106,True,0.463,0.316,0.8,46,24,15,San Antonio Spurs,SAS,98,False,0.424,0.323,0.696,40,21,14,204,8
2023,2022300044,2024-01-02,ONT vs. AUS,Ontario Clippers,ONT,108,False,0.494,0.286,0.778,48,20,18,Austin Spurs,AUS,114,True,0.421,0.296,0.81,43,21,6,222,6
2023,2022300039,2024-01-02,FWN vs. SCW,Fort Wayne Mad Ants,FWN,106,False,0.433,0.366,0.8,38,24,22,Santa Cruz Warriors,SCW,109,True,0.47,0.345,0.778,44,24,23,215,3
2023,2022300040,2024-01-02,CLC vs. SLC,Cleveland Charge,CLC,113,False,0.413,0.316,0.933,42,18,15,Salt Lake City Stars,SLC,126,True,0.548,0.29,0.563,50,27,9,239,13
2023,0022300476,2024-01-03,SAC vs. ORL,Sacramento Kings,SAC,138,True,0.486,0.375,0.677,58,36,17,Orlando Magic,ORL,135,False,0.489,0.568,0.815,39,33,20,273,3
2023,0022300471,2024-01-03,NOP @ MIN,Minnesota Timberwolves,MIN,106,False,0.451,0.323,0.815,28,26,11,New Orleans Pelicans,NOP,117,True,0.556,0.462,0.882,41,30,12,223,11
2023,0022300469,2024-01-03,HOU vs. BKN,Houston Rockets,HOU,112,True,0.487,0.487,0.704,48,27,16,Brooklyn Nets,BKN,101,False,0.387,0.295,0.615,50,25,8,213,11
2023,0022300468,2024-01-03,CHI @ NYK,New York Knicks,NYK,116,True,0.517,0.395,0.818,52,29,15,Chicago Bulls,CHI,100,False,0.416,0.406,0.813,39,24,11,216,16
2023,0022300473,2024-01-03,PHX vs. LAC,Phoenix Suns,PHX,122,False,0.532,0.429,0.885,32,23,16,LA Clippers,LAC,131,True,0.553,0.529,0.906,36,25,12,253,9
2023,0022300475,2024-01-03,MIA @ LAL,Los Angeles Lakers,LAL,96,False,0.422,0.133,0.917,50,29,21,Miami Heat,MIA,110,True,0.441,0.381,0.706,39,30,8,206,14
2023,0022300466,2024-01-03,MIL @ IND,Indiana Pacers,IND,142,True,0.556,0.4,0.824,44,34,10,Milwaukee Bucks,MIL,130,False,0.5,0.378,0.75,42,30,13,272,12
2023,2022300046,2024-01-03,LIN vs. WES,Long Island Nets,LIN,122,True,0.485,0.438,0.8,51,31,13,Westchester Knicks,WES,114,False,0.426,0.333,0.611,45,28,15,236,8
2023,0022300474,2024-01-03,DET @ UTA,Utah Jazz,UTA,154,True,0.515,0.5,0.914,43,28,12,Detroit Pistons,DET,148,False,0.533,0.463,0.773,48,33,17,302,6
2023,0022300472,2024-01-03,DAL vs. POR,Dallas Mavericks,DAL,126,True,0.5,0.433,0.707,43,25,11,Portland Trail Blazers,POR,97,False,0.391,0.325,0.727,46,23,22,223,29
2023,2022300045,2024-01-03,GRG vs. BHM,Grand Rapids Gold,GRG,137,True,0.598,0.465,0.875,42,32,11,Birmingham Squadron,BHM,115,False,0.44,0.415,0.923,32,24,12,252,22
2023,0022300467,2024-01-03,OKC @ ATL,Atlanta Hawks,ATL,141,True,0.505,0.359,0.939,49,30,11,Oklahoma City Thunder,OKC,138,False,0.549,0.5,0.769,37,30,13,279,3
2023,2022300048,2024-01-03,SBL @ OKL,Oklahoma City Blue,OKL,117,False,0.404,0.273,0.714,55,24,20,South Bay Lakers,SBL,120,True,0.473,0.265,0.577,50,28,19,237,3
2023,0022300465,2024-01-03,WAS @ CLE,Cleveland Cavaliers,CLE,140,True,0.535,0.476,0.75,62,37,8,Washington Wizards,WAS,101,False,0.416,0.343,0.455,36,22,8,241,39
2023,0022300470,2024-01-03,MEM vs. TOR,Memphis Grizzlies,MEM,111,False,0.426,0.357,0.842,43,25,10,Toronto Raptors,TOR,116,True,0.482,0.462,0.815,46,25,12,227,5
2023,2022300047,2024-01-03,MHU @ IWA,Iowa Wolves,IWA,132,False,0.533,0.432,0.769,40,32,13,Memphis Hustle,MHU,136,True,0.472,0.396,0.826,43,28,10,268,4
2023,0022300477,2024-01-04,MIL @ SAS,San Antonio Spurs,SAS,121,False,0.484,0.35,0.882,42,31,11,Milwaukee Bucks,MIL,125,True,0.533,0.353,0.789,42,27,14,246,4
2023,2022300051,2024-01-04,SLC vs. RCR,Salt Lake City Stars,SLC,122,False,0.544,0.367,0.476,40,30,13,Rip City Remix,RCR,126,True,0.511,0.413,0.688,42,33,18,248,4
2023,2022300052,2024-01-04,ONT vs. AUS,Ontario Clippers,ONT,103,False,0.404,0.238,0.737,53,21,15,Austin Spurs,AUS,106,True,0.418,0.462,0.667,54,23,15,209,3
2023,2022300049,2024-01-04,SCW @ FWN,Fort Wayne Mad Ants,FWN,137,True,0.52,0.371,0.737,45,35,19,Santa Cruz Warriors,SCW,130,False,0.455,0.317,0.8,54,19,21,267,7
2023,0022300478,2024-01-04,GSW vs. DEN,Golden State Warriors,GSW,127,False,0.544,0.417,0.875,33,35,8,Denver Nuggets,DEN,130,True,0.565,0.346,0.862,36,28,7,257,3
2023,2022300050,2024-01-04,CPS vs. RAP,College Park Skyhawks,CPS,109,True,0.465,0.385,0.611,49,25,15,Raptors 905,RAP,89,False,0.405,0.171,0.765,44,21,22,198,20
2023,0022300484,2024-01-05,CHI vs. CHA,Chicago Bulls,CHI,104,True,0.541,0.357,0.824,41,29,14,Charlotte Hornets,CHA,91,False,0.404,0.294,0.75,42,20,11,195,13
2023,0022300489,2024-01-05,MIA @ PHX,Phoenix Suns,PHX,113,True,0.506,0.4,0.647,44,30,9,Miami Heat,MIA,97,False,0.41,0.27,0.864,44,26,15,210,16
2023,0022300490,2024-01-05,DET @ GSW,Golden State Warriors,GSW,113,True,0.463,0.421,0.84,45,24,16,Detroit Pistons,DET,109,False,0.449,0.295,0.8,40,25,11,222,4
2023,0022300482,2024-01-05,CLE vs. WAS,Cleveland Cavaliers,CLE,114,True,0.532,0.485,0.696,52,31,23,Washington Wizards,WAS,90,False,0.417,0.3,0.733,31,19,16,204,24
2023,0022300486,2024-01-05,LAC @ NOP,New Orleans Pelicans,NOP,95,False,0.359,0.414,0.739,43,22,9,LA Clippers,LAC,111,True,0.488,0.417,0.8,50,28,14,206,16
2023,0022300483,2024-01-05,PHI vs. NYK,Philadelphia 76ers,PHI,92,False,0.407,0.261,0.741,38,22,14,New York Knicks,NYK,128,True,0.483,0.439,0.96,49,27,11,220,36
2023,0022300487,2024-01-05,DAL vs. POR,Dallas Mavericks,DAL,139,True,0.583,0.447,0.667,52,35,17,Portland Trail Blazers,POR,103,False,0.411,0.325,0.706,42,27,18,242,36
2023,2022300056,2024-01-05,SXF @ BHM,Birmingham Squadron,BHM,116,False,0.482,0.359,0.933,40,18,17,Sioux Falls Skyforce,SXF,121,True,0.473,0.29,0.905,46,20,16,237,5
2023,2022300058,2024-01-05,GBO @ WIS,Wisconsin Herd,WIS,124,True,0.623,0.538,0.8,30,28,19,Greensboro Swarm,GBO,111,False,0.532,0.296,0.75,30,25,17,235,13
2023,0022300485,2024-01-05,MIN @ HOU,Houston Rockets,HOU,95,False,0.4,0.375,0.733,38,18,15,Minnesota Timberwolves,MIN,122,True,0.523,0.424,0.8,52,31,14,217,27
2023,0022300491,2024-01-05,LAL vs. MEM,Los Angeles Lakers,LAL,113,False,0.494,0.357,0.704,35,26,13,Memphis Grizzlies,MEM,127,True,0.537,0.511,0.8,44,33,17,240,14
2023,0022300488,2024-01-05,DEN vs. ORL,Denver Nuggets,DEN,120,False,0.505,0.273,0.789,38,28,13,Orlando Magic,ORL,122,True,0.5,0.472,0.676,40,25,14,242,2
2023,0022300480,2024-01-05,ATL @ IND,Indiana Pacers,IND,150,True,0.638,0.487,0.846,39,50,14,Atlanta Hawks,ATL,116,False,0.43,0.238,0.867,39,21,14,266,34
2023,2022300057,2024-01-05,STO @ WCB,Windy City Bulls,WCB,104,False,0.424,0.4,0.765,44,24,15,Stockton Kings,STO,114,True,0.482,0.4,0.75,47,26,14,218,10
2023,0022300481,2024-01-05,BKN vs. OKC,Brooklyn Nets,BKN,124,True,0.451,0.359,0.848,51,25,15,Oklahoma City Thunder,OKC,115,False,0.536,0.29,0.667,36,29,13,239,9
2023,2022300053,2024-01-05,WES @ DEL,Delaware Blue Coats,DEL,128,True,0.433,0.325,0.789,47,30,9,Westchester Knicks,WES,121,False,0.442,0.306,0.571,68,41,22,249,7
2023,2022300055,2024-01-05,CCG @ MNE,Maine Celtics,MNE,113,False,0.471,0.381,0.769,42,20,19,Capital City Go-Go,CCG,119,True,0.494,0.29,0.864,36,22,12,232,6
2023,2022300059,2024-01-05,RGV vs. MHU,Rio Grande Valley Vipers,RGV,118,True,0.406,0.366,0.684,55,27,15,Memphis Hustle,MHU,113,False,0.402,0.318,0.875,53,22,18,231,5
2023,2022300054,2024-01-05,OSC @ GRG,Grand Rapids Gold,GRG,129,True,0.516,0.483,0.933,42,30,13,Osceola Magic,OSC,118,False,0.482,0.457,0.727,40,23,17,247,11
2023,2022300060,2024-01-05,GLI vs. OKL,G League Ignite,GLI,115,False,0.4,0.412,0.842,46,28,17,Oklahoma City Blue,OKL,125,True,0.461,0.219,0.846,49,18,10,240,10
2023,0022300479,2024-01-05,BOS vs. UTA,Boston Celtics,BOS,126,True,0.433,0.347,0.861,56,24,12,Utah Jazz,UTA,97,False,0.362,0.176,0.676,57,23,18,223,29
2023,0022300492,2024-01-05,TOR @ SAC,Sacramento Kings,SAC,135,True,0.52,0.553,0.667,42,35,14,Toronto Raptors,TOR,130,False,0.54,0.351,0.852,37,31,14,265,5
2023,0022300496,2024-01-06,MIL @ HOU,Houston Rockets,HOU,112,True,0.434,0.382,0.844,46,22,10,Milwaukee Bucks,MIL,108,False,0.461,0.265,0.69,41,20,11,220,4
2023,0022300494,2024-01-06,NYK @ WAS,Washington Wizards,WAS,105,False,0.471,0.351,0.6,45,33,20,New York Knicks,NYK,121,True,0.494,0.389,0.875,45,27,14,226,16
2023,0022300493,2024-01-06,IND vs. BOS,Indiana Pacers,IND,101,False,0.413,0.19,0.773,38,23,9,Boston Celtics,BOS,118,True,0.511,0.39,0.526,56,26,17,219,17
2023,2022300065,2024-01-06,STO @ WCB,Windy City Bulls,WCB,130,True,0.541,0.438,0.792,47,31,18,Stockton Kings,STO,114,False,0.494,0.432,0.75,29,27,14,244,16
2023,0022300495,2024-01-06,PHI vs. UTA,Philadelphia 76ers,PHI,109,False,0.404,0.184,0.783,34,30,6,Utah Jazz,UTA,120,True,0.575,0.267,0.833,48,30,23,229,11
2023,2022300061,2024-01-06,DEL vs. WES,Delaware Blue Coats,DEL,108,False,0.419,0.3,0.789,43,23,12,Westchester Knicks,WES,118,True,0.455,0.364,0.857,48,30,13,226,10
2023,2022300066,2024-01-06,WIS vs. GBO,Wisconsin Herd,WIS,97,True,0.436,0.36,0.846,53,21,15,Greensboro Swarm,GBO,84,False,0.352,0.333,0.692,39,22,8,181,13
2023,2022300064,2024-01-06,RCR @ MXC,Mexico City Capitanes,MXC,132,True,0.586,0.367,0.714,44,27,17,Rip City Remix,RCR,124,False,0.444,0.408,0.8,37,29,17,256,8
2023,2022300068,2024-01-06,MCC @ TEX,Texas Legends,TEX,107,True,0.477,0.35,0.538,54,24,14,Motor City Cruise,MCC,92,False,0.386,0.297,0.222,58,16,11,199,15
2023,2022300062,2024-01-06,CPS vs. RAP,College Park Skyhawks,CPS,105,True,0.446,0.378,0.667,46,25,20,Raptors 905,RAP,101,False,0.402,0.333,0.688,43,24,19,206,4
2023,2022300063,2024-01-06,CLC vs. SCW,Cleveland Charge,CLC,116,True,0.488,0.452,0.889,41,30,15,Santa Cruz Warriors,SCW,104,False,0.414,0.333,0.643,43,25,15,220,12
2023,2022300067,2024-01-06,RGV vs. MHU,Rio Grande Valley Vipers,RGV,131,True,0.495,0.341,0.667,52,37,17,Memphis Hustle,MHU,113,False,0.413,0.349,0.706,48,29,20,244,18
2023,0022300499,2024-01-07,ORL vs. ATL,Orlando Magic,ORL,117,True,0.439,0.415,0.636,57,25,11,Atlanta Hawks,ATL,110,False,0.462,0.3,0.586,50,21,12,227,7
2023,2022300073,2024-01-07,ONT vs. OKL,Ontario Clippers,ONT,119,True,0.473,0.417,0.75,45,21,16,Oklahoma City Blue,OKL,94,False,0.432,0.273,0.786,46,21,23,213,25
2023,0022300504,2024-01-07,TOR @ GSW,Golden State Warriors,GSW,118,False,0.45,0.304,0.933,43,30,10,Toronto Raptors,TOR,133,True,0.585,0.455,0.571,45,38,7,251,15
2023,0022300503,2024-01-07,MEM @ PHX,Phoenix Suns,PHX,115,False,0.451,0.286,0.682,50,29,12,Memphis Grizzlies,MEM,121,True,0.443,0.347,0.75,54,29,17,236,6
2023,2022300072,2024-01-07,GLI vs. AUS,G League Ignite,GLI,80,False,0.318,0.268,0.818,39,15,15,Austin Spurs,AUS,114,True,0.575,0.385,0.727,48,30,18,194,34
2023,2022300071,2024-01-07,MXC vs. RCR,Mexico City Capitanes,MXC,110,False,0.4,0.333,0.636,51,23,7,Rip City Remix,RCR,118,True,0.453,0.267,0.8,50,26,11,228,8
2023,0022300501,2024-01-07,DAL vs. MIN,Dallas Mavericks,DAL,115,True,0.453,0.375,0.7,44,20,11,Minnesota Timberwolves,MIN,108,False,0.436,0.317,0.619,51,22,13,223,7
2023,0022300497,2024-01-07,CLE vs. SAS,Cleveland Cavaliers,CLE,117,True,0.489,0.372,0.714,44,27,16,San Antonio Spurs,SAS,115,False,0.477,0.378,0.864,40,22,11,232,2
2023,2022300070,2024-01-07,SLC @ SXF,Sioux Falls Skyforce,SXF,138,True,0.533,0.457,0.824,43,28,17,Salt Lake City Stars,SLC,130,False,0.516,0.5,0.8,34,27,18,268,8
2023,0022300500,2024-01-07,SAC vs. NOP,Sacramento Kings,SAC,100,False,0.418,0.333,0.75,25,28,9,New Orleans Pelicans,NOP,133,True,0.61,0.543,0.875,51,35,16,233,33
2023,0022300502,2024-01-07,DEN vs. DET,Denver Nuggets,DEN,131,True,0.588,0.37,0.871,38,35,12,Detroit Pistons,DET,114,False,0.472,0.375,0.7,37,28,11,245,17
2023,2022300069,2024-01-07,OSC @ GRG,Grand Rapids Gold,GRG,116,True,0.423,0.409,0.769,47,27,14,Osceola Magic,OSC,111,False,0.448,0.303,0.813,44,24,16,227,5
2023,0022300498,2024-01-07,BKN vs. POR,Brooklyn Nets,BKN,127,False,0.505,0.378,0.84,44,29,15,Portland Trail Blazers,POR,134,True,0.474,0.526,0.8,38,21,9,261,7
2023,0022300505,2024-01-07,LAC @ LAL,Los Angeles Lakers,LAL,106,True,0.512,0.379,0.688,40,23,19,LA Clippers,LAC,103,False,0.396,0.378,0.895,40,21,14,209,3
2023,0022300506,2024-01-08,CHI @ CHA,Charlotte Hornets,CHA,112,False,0.426,0.405,0.882,44,26,12,Chicago Bulls,CHI,119,True,0.489,0.346,0.833,51,27,13,231,7
2023,2022300075,2024-01-08,WES vs. CCG,Westchester Knicks,WES,123,True,0.455,0.344,0.824,55,26,21,Capital City Go-Go,CCG,122,False,0.529,0.371,0.667,31,28,13,245,1
2023,0022300507,2024-01-08,BOS @ IND,Indiana Pacers,IND,133,True,0.527,0.475,0.818,39,29,13,Boston Celtics,BOS,131,False,0.522,0.486,0.69,42,26,15,264,2
2023,0022300510,2024-01-08,MIL vs. UTA,Milwaukee Bucks,MIL,116,False,0.447,0.472,0.789,38,31,9,Utah Jazz,UTA,132,True,0.522,0.455,0.818,47,33,10,248,16
2023,0022300509,2024-01-08,MIA vs. HOU,Miami Heat,MIA,120,True,0.5,0.417,0.719,45,30,11,Houston Rockets,HOU,113,False,0.42,0.341,0.893,42,20,12,233,7
2023,0022300511,2024-01-08,PHX @ LAC,LA Clippers,LAC,138,True,0.624,0.517,0.739,44,32,12,Phoenix Suns,PHX,111,False,0.494,0.333,0.862,25,17,14,249,27
2023,2022300077,2024-01-08,SBL vs. ONT,South Bay Lakers,SBL,120,True,0.457,0.24,0.867,47,20,18,Ontario Clippers,ONT,115,False,0.406,0.297,0.833,42,22,16,235,5
2023,2022300074,2024-01-08,MNE @ LIN,Long Island Nets,LIN,115,True,0.418,0.321,0.864,61,27,18,Maine Celtics,MNE,110,False,0.408,0.333,0.5,46,25,12,225,5
2023,2022300076,2024-01-08,WIS vs. STO,Wisconsin Herd,WIS,81,False,0.369,0.2,0.438,47,16,11,Stockton Kings,STO,107,True,0.434,0.436,0.9,45,22,6,188,26
2023,0022300508,2024-01-08,OKC @ WAS,Washington Wizards,WAS,128,False,0.494,0.469,0.862,38,32,14,Oklahoma City Thunder,OKC,136,True,0.591,0.5,0.75,40,37,14,264,8
2023,2022300078,2024-01-09,OSC @ MCC,Motor City Cruise,MCC,130,True,0.542,0.474,0.824,47,27,12,Osceola Magic,OSC,113,False,0.438,0.422,0.615,39,27,11,243,17
2023,2022300080,2024-01-09,SXF @ MHU,Memphis Hustle,MHU,105,False,0.4,0.289,0.875,52,29,13,Sioux Falls Skyforce,SXF,114,True,0.418,0.275,0.786,55,26,12,219,9
2023,0022300515,2024-01-09,DAL vs. MEM,Dallas Mavericks,DAL,103,False,0.439,0.333,0.815,33,20,12,Memphis Grizzlies,MEM,120,True,0.484,0.378,0.857,54,27,16,223,17
2023,0022300513,2024-01-09,MIN @ ORL,Orlando Magic,ORL,92,False,0.362,0.31,0.611,46,20,12,Minnesota Timberwolves,MIN,113,True,0.538,0.4,0.789,48,34,18,205,21
2023,2022300079,2024-01-09,RAP vs. TEX,Raptors 905,RAP,130,False,0.462,0.351,0.857,41,31,5,Texas Legends,TEX,149,True,0.582,0.41,0.867,49,37,12,279,19
2023,0022300512,2024-01-09,DET vs. SAC,Detroit Pistons,DET,110,False,0.471,0.378,0.762,40,27,21,Sacramento Kings,SAC,131,True,0.574,0.394,0.714,44,39,17,241,21
2023,0022300516,2024-01-09,LAL vs. TOR,Los Angeles Lakers,LAL,132,True,0.543,0.444,0.778,39,34,15,Toronto Raptors,TOR,131,False,0.564,0.486,0.615,37,34,12,263,1
2023,0022300514,2024-01-09,NYK vs. POR,New York Knicks,NYK,112,True,0.416,0.375,0.87,55,26,14,Portland Trail Blazers,POR,84,False,0.384,0.207,0.667,43,19,15,196,28
2023,2022300081,2024-01-09,RGV @ OKL,Oklahoma City Blue,OKL,108,False,0.398,0.333,0.63,54,23,24,Rio Grande Valley Vipers,RGV,110,True,0.396,0.25,0.619,59,22,22,218,2
2023,2022300082,2024-01-09,AUS @ GLI,G League Ignite,GLI,104,False,0.463,0.29,0.733,41,21,17,Austin Spurs,AUS,105,True,0.457,0.433,0.733,42,19,17,209,1
2023,2022300089,2024-01-10,OKL vs. RGV,Oklahoma City Blue,OKL,111,True,0.475,0.321,0.714,49,23,23,Rio Grande Valley Vipers,RGV,101,False,0.371,0.212,0.692,51,25,18,212,10
2023,2022300087,2024-01-10,MNE @ LIN,Long Island Nets,LIN,102,True,0.429,0.333,0.667,42,27,10,Maine Celtics,MNE,100,False,0.457,0.361,0.875,41,28,17,202,2
2023,2022300086,2024-01-10,GBO vs. CCG,Greensboro Swarm,GBO,87,False,0.372,0.214,0.769,45,13,14,Capital City Go-Go,CCG,105,True,0.451,0.293,0.778,56,32,16,192,18
2023,0022300518,2024-01-10,SAC @ CHA,Charlotte Hornets,CHA,98,False,0.402,0.421,0.75,36,17,8,Sacramento Kings,SAC,123,True,0.517,0.371,0.783,53,24,9,221,25
2023,0022300520,2024-01-10,IND vs. WAS,Indiana Pacers,IND,112,True,0.446,0.32,0.917,54,31,13,Washington Wizards,WAS,104,False,0.432,0.226,0.7,46,24,13,216,8
2023,2022300088,2024-01-10,RAP vs. TEX,Raptors 905,RAP,119,True,0.48,0.364,0.667,51,31,12,Texas Legends,TEX,112,False,0.512,0.469,0.643,35,30,14,231,7
2023,0022300522,2024-01-10,OKC @ MIA,Miami Heat,MIA,120,False,0.461,0.417,0.821,38,25,10,Oklahoma City Thunder,OKC,128,True,0.593,0.424,0.75,42,36,12,248,8
2023,2022300083,2024-01-10,CLC @ FWN,Fort Wayne Mad Ants,FWN,105,False,0.448,0.359,1.0,44,26,16,Cleveland Charge,CLC,113,True,0.526,0.25,0.923,35,28,9,218,8
2023,0022300521,2024-01-10,ATL vs. PHI,Atlanta Hawks,ATL,139,True,0.471,0.353,0.738,55,32,12,Philadelphia 76ers,PHI,132,False,0.451,0.353,0.848,51,26,11,271,7
2023,2022300084,2024-01-10,STO @ ONT,Ontario Clippers,ONT,114,False,0.556,0.464,0.929,37,33,16,Stockton Kings,STO,125,True,0.5,0.386,0.938,32,29,8,239,11
2023,2022300090,2024-01-10,GRG @ MXC,Mexico City Capitanes,MXC,120,True,0.585,0.5,0.692,44,33,10,Grand Rapids Gold,GRG,90,False,0.395,0.306,0.778,35,20,13,210,30
2023,0022300523,2024-01-10,HOU @ CHI,Chicago Bulls,CHI,124,True,0.442,0.404,0.84,46,31,14,Houston Rockets,HOU,119,False,0.475,0.244,0.6,50,29,14,243,5
2023,0022300525,2024-01-10,NOP @ GSW,Golden State Warriors,GSW,105,False,0.438,0.308,0.833,43,24,17,New Orleans Pelicans,NOP,141,True,0.574,0.475,0.737,47,37,11,246,36
2023,2022300091,2024-01-10,GLI vs. IWA,G League Ignite,GLI,103,False,0.437,0.227,0.7,41,28,14,Iowa Wolves,IWA,117,True,0.494,0.353,0.762,50,30,17,220,14
2023,0022300519,2024-01-10,DET vs. SAS,Detroit Pistons,DET,108,False,0.458,0.313,0.769,43,33,10,San Antonio Spurs,SAS,130,True,0.521,0.333,0.852,46,36,5,238,22
2023,0022300526,2024-01-10,TOR @ LAC,LA Clippers,LAC,126,True,0.527,0.441,1.0,36,34,7,Toronto Raptors,TOR,120,False,0.548,0.4,0.889,37,31,14,246,6
2023,2022300085,2024-01-10,CPS vs. DEL,College Park Skyhawks,CPS,114,False,0.436,0.208,0.75,47,23,12,Delaware Blue Coats,DEL,118,True,0.542,0.304,0.545,43,26,11,232,4
2023,0022300517,2024-01-10,MIN @ BOS,Boston Celtics,BOS,127,True,0.433,0.404,0.968,46,21,8,Minnesota Timberwolves,MIN,120,False,0.463,0.412,0.9,47,22,9,247,7
2023,0022300524,2024-01-10,UTA vs. DEN,Utah Jazz,UTA,124,True,0.554,0.394,0.826,40,34,16,Denver Nuggets,DEN,111,False,0.457,0.394,0.857,34,26,16,235,13
2023,0022300530,2024-01-11,NYK @ DAL,Dallas Mavericks,DAL,128,True,0.5,0.415,0.767,38,27,10,New York Knicks,NYK,124,False,0.494,0.333,0.786,45,27,14,252,4
2023,2022300094,2024-01-11,BHM @ MHU,Memphis Hustle,MHU,111,False,0.467,0.375,0.538,40,28,14,Birmingham Squadron,BHM,122,True,0.495,0.333,0.667,53,25,16,233,11
2023,0022300529,2024-01-11,OKC vs. POR,Oklahoma City Thunder,OKC,139,True,0.57,0.4,0.864,59,41,12,Portland Trail Blazers,POR,77,False,0.277,0.224,0.625,42,16,9,216,62
2023,0022300528,2024-01-11,BOS @ MIL,Milwaukee Bucks,MIL,135,True,0.565,0.429,0.813,54,34,9,Boston Celtics,BOS,102,False,0.374,0.257,0.833,31,22,6,237,33
2023,0022300531,2024-01-11,PHX @ LAL,Los Angeles Lakers,LAL,109,False,0.5,0.382,0.64,37,33,18,Phoenix Suns,PHX,127,True,0.495,0.359,0.913,46,23,12,236,18
2023,0022300527,2024-01-11,CLE vs. BKN,Cleveland Cavaliers,CLE,111,True,0.39,0.295,0.791,47,16,11,Brooklyn Nets,BKN,102,False,0.451,0.296,0.714,41,18,16,213,9
2023,2022300092,2024-01-11,OSC @ MCC,Motor City Cruise,MCC,103,False,0.432,0.444,0.6,39,21,14,Osceola Magic,OSC,112,True,0.484,0.189,0.583,52,26,11,215,9
2023,2022300093,2024-01-11,WCB @ WES,Westchester Knicks,WES,129,True,0.478,0.415,0.75,41,27,17,Windy City Bulls,WCB,126,False,0.49,0.323,0.765,53,28,17,255,3
2023,0022300539,2024-01-12,DEN vs. NOP,Denver Nuggets,DEN,125,True,0.556,0.424,0.733,48,30,15,New Orleans Pelicans,NOP,113,False,0.472,0.394,0.727,35,30,8,238,12
2023,2022300099,2024-01-12,STO vs. IWA,Stockton Kings,STO,110,True,0.5,0.476,0.7,45,32,14,Iowa Wolves,IWA,92,False,0.398,0.2,0.769,39,23,10,202,18
2023,2022300095,2024-01-12,GBO vs. CCG,Greensboro Swarm,GBO,115,True,0.512,0.348,0.813,43,27,13,Capital City Go-Go,CCG,111,False,0.459,0.364,0.8,36,25,14,226,4
2023,0022300541,2024-01-12,CHA @ SAS,San Antonio Spurs,SAS,135,True,0.517,0.474,0.794,45,31,14,Charlotte Hornets,CHA,99,False,0.36,0.294,0.893,44,22,19,234,36
2023,0022300534,2024-01-12,DET vs. HOU,Detroit Pistons,DET,110,False,0.5,0.343,0.625,46,32,14,Houston Rockets,HOU,112,True,0.456,0.267,0.88,41,21,9,222,2
2023,2022300097,2024-01-12,RGV vs. GRG,Rio Grande Valley Vipers,RGV,131,True,0.484,0.393,0.889,57,27,16,Grand Rapids Gold,GRG,95,False,0.352,0.239,0.8,48,23,22,226,36
2023,0022300535,2024-01-12,ORL @ MIA,Miami Heat,MIA,99,True,0.446,0.308,0.85,41,23,16,Orlando Magic,ORL,96,False,0.439,0.3,0.6,38,26,11,195,3
2023,2022300098,2024-01-12,WIS @ MXC,Mexico City Capitanes,MXC,102,True,0.488,0.25,0.647,44,16,14,Wisconsin Herd,WIS,100,False,0.435,0.481,0.7,43,23,12,202,2
2023,2022300096,2024-01-12,SXF vs. AUS,Sioux Falls Skyforce,SXF,131,True,0.562,0.404,0.636,44,38,12,Austin Spurs,AUS,107,False,0.439,0.212,0.667,50,19,13,238,24
2023,0022300540,2024-01-12,UTA vs. TOR,Utah Jazz,UTA,145,True,0.559,0.488,0.769,56,34,13,Toronto Raptors,TOR,113,False,0.432,0.5,0.703,31,25,13,258,32
2023,0022300536,2024-01-12,GSW @ CHI,Chicago Bulls,CHI,131,False,0.581,0.45,0.813,36,31,12,Golden State Warriors,GSW,140,True,0.521,0.426,0.733,44,39,3,271,9
2023,0022300532,2024-01-12,SAC @ PHI,Philadelphia 76ers,PHI,112,True,0.43,0.429,0.944,46,23,13,Sacramento Kings,SAC,93,False,0.337,0.211,0.808,54,20,16,205,19
2023,0022300537,2024-01-12,MEM vs. LAC,Memphis Grizzlies,MEM,119,False,0.432,0.409,0.704,46,30,9,LA Clippers,LAC,128,True,0.551,0.484,0.75,43,22,12,247,9
2023,0022300538,2024-01-12,POR @ MIN,Minnesota Timberwolves,MIN,116,True,0.55,0.355,0.708,45,35,15,Portland Trail Blazers,POR,93,False,0.39,0.357,0.676,38,18,19,209,23
2023,0022300533,2024-01-12,ATL vs. IND,Atlanta Hawks,ATL,108,False,0.449,0.367,0.739,28,25,14,Indiana Pacers,IND,126,True,0.671,0.611,0.75,45,41,25,234,18
2023,0022300542,2024-01-13,BOS vs. HOU,Boston Celtics,BOS,145,True,0.537,0.511,0.76,50,26,11,Houston Rockets,HOU,113,False,0.404,0.233,0.867,50,20,12,258,32
2023,0022300547,2024-01-13,DAL vs. NOP,Dallas Mavericks,DAL,108,False,0.451,0.366,0.95,34,23,12,New Orleans Pelicans,NOP,118,True,0.494,0.4,0.757,44,29,10,226,10
2023,2022300104,2024-01-13,WIS @ MXC,Mexico City Capitanes,MXC,100,True,0.475,0.192,0.813,40,19,11,Wisconsin Herd,WIS,98,False,0.421,0.3,0.75,40,22,12,198,2
2023,0022300546,2024-01-13,OKC vs. ORL,Oklahoma City Thunder,OKC,112,True,0.457,0.222,0.857,46,23,8,Orlando Magic,ORL,100,False,0.464,0.2,0.625,50,21,15,212,12
2023,2022300108,2024-01-13,LIN @ STO,Stockton Kings,STO,116,True,0.529,0.4,0.7,46,29,10,Long Island Nets,LIN,91,False,0.402,0.219,0.833,40,20,14,207,25
2023,2022300101,2024-01-13,CLC vs. TEX,Cleveland Charge,CLC,94,False,0.313,0.26,0.786,39,24,8,Texas Legends,TEX,120,True,0.547,0.463,0.786,50,25,16,214,26
2023,2022300109,2024-01-13,SBL @ SCW,Santa Cruz Warriors,SCW,105,False,0.444,0.239,0.75,57,26,27,South Bay Lakers,SBL,120,True,0.455,0.345,0.688,46,24,13,225,15
2023,2022300103,2024-01-13,MCC vs. CPS,Motor City Cruise,MCC,92,True,0.417,0.333,0.7,53,19,17,College Park Skyhawks,CPS,85,False,0.42,0.267,0.625,42,10,14,177,7
2023,2022300106,2024-01-13,SXF vs. AUS,Sioux Falls Skyforce,SXF,128,True,0.472,0.467,0.895,39,27,13,Austin Spurs,AUS,119,False,0.523,0.406,0.692,43,36,19,247,9
2023,0022300549,2024-01-13,LAL @ UTA,Utah Jazz,UTA,132,True,0.452,0.324,0.923,52,28,10,Los Angeles Lakers,LAL,125,False,0.5,0.448,0.833,40,30,12,257,7
2023,0022300548,2024-01-13,CHI @ SAS,San Antonio Spurs,SAS,116,False,0.411,0.391,0.87,47,26,8,Chicago Bulls,CHI,122,True,0.511,0.441,0.75,47,31,9,238,6
2023,0022300544,2024-01-13,NYK @ MEM,Memphis Grizzlies,MEM,94,False,0.414,0.237,0.867,35,27,12,New York Knicks,NYK,106,True,0.482,0.342,0.684,56,25,22,200,12
2023,2022300107,2024-01-13,WCB vs. DEL,Windy City Bulls,WCB,108,False,0.489,0.243,0.714,36,30,18,Delaware Blue Coats,DEL,120,True,0.471,0.441,0.81,43,23,22,228,12
2023,0022300545,2024-01-13,GSW @ MIL,Milwaukee Bucks,MIL,129,True,0.543,0.419,0.824,50,33,12,Golden State Warriors,GSW,118,False,0.48,0.417,0.643,41,23,7,247,11
2023,0022300543,2024-01-13,ATL vs. WAS,Atlanta Hawks,ATL,99,False,0.344,0.275,0.727,50,21,14,Washington Wizards,WAS,127,True,0.485,0.375,0.808,54,32,12,226,28
2023,2022300105,2024-01-13,BHM vs. RAP,Birmingham Squadron,BHM,98,False,0.344,0.357,0.733,53,18,22,Raptors 905,RAP,112,True,0.489,0.438,0.636,50,31,22,210,14
2023,2022300102,2024-01-13,GBO vs. OSC,Greensboro Swarm,GBO,97,False,0.392,0.156,0.667,47,25,12,Osceola Magic,OSC,108,True,0.494,0.333,0.688,52,26,24,205,11
2023,2022300100,2024-01-13,MNE vs. FWN,Maine Celtics,MNE,112,True,0.484,0.219,0.692,45,24,10,Fort Wayne Mad Ants,FWN,92,False,0.344,0.217,0.722,48,22,17,204,20
2023,2022300110,2024-01-14,MNE vs. FWN,Maine Celtics,MNE,129,True,0.512,0.419,0.75,43,28,13,Fort Wayne Mad Ants,FWN,122,False,0.536,0.423,0.636,36,27,13,251,7
2023,0022300553,2024-01-14,LAC @ MIN,Minnesota Timberwolves,MIN,109,True,0.567,0.5,0.645,41,25,17,LA Clippers,LAC,105,False,0.434,0.436,0.889,34,28,11,214,4
2023,2022300113,2024-01-14,SLC @ IWA,Iowa Wolves,IWA,111,False,0.435,0.361,0.933,44,21,16,Salt Lake City Stars,SLC,115,True,0.472,0.387,0.733,50,26,15,226,4
2023,0022300551,2024-01-14,CHA @ MIA,Miami Heat,MIA,104,True,0.494,0.44,0.813,44,27,14,Charlotte Hornets,CHA,87,False,0.347,0.244,0.733,50,17,13,191,17
2023,2022300114,2024-01-14,RCR vs. OKL,Rip City Remix,RCR,99,True,0.435,0.359,0.875,46,28,18,Oklahoma City Blue,OKL,95,False,0.394,0.289,0.556,51,24,16,194,4
2023,0022300554,2024-01-14,PHX @ POR,Portland Trail Blazers,POR,116,False,0.449,0.476,0.727,36,23,13,Phoenix Suns,PHX,127,True,0.605,0.464,0.815,41,27,12,243,11
2023,0022300550,2024-01-14,IND @ DEN,Denver Nuggets,DEN,117,True,0.648,0.5,0.652,40,31,21,Indiana Pacers,IND,109,False,0.467,0.276,0.682,37,28,13,226,8
2023,0022300552,2024-01-14,SAC @ MIL,Milwaukee Bucks,MIL,143,True,0.522,0.465,0.844,40,31,13,Sacramento Kings,SAC,142,False,0.524,0.415,0.75,47,34,9,285,1
2023,2022300111,2024-01-14,MHU vs. ONT,Memphis Hustle,MHU,119,False,0.453,0.333,0.81,33,24,10,Ontario Clippers,ONT,126,True,0.484,0.359,0.727,51,30,12,245,7
2023,2022300112,2024-01-14,GRG vs. CCG,Grand Rapids Gold,GRG,114,True,0.563,0.444,0.833,37,29,20,Capital City Go-Go,CCG,102,False,0.407,0.31,0.769,43,21,15,216,12
2023,0022300560,2024-01-15,GSW @ MEM,Memphis Grizzlies,MEM,116,True,0.372,0.37,0.8,42,24,11,Golden State Warriors,GSW,107,False,0.489,0.323,0.9,45,28,19,223,9
2023,0022300556,2024-01-15,NOP @ DAL,Dallas Mavericks,DAL,125,True,0.459,0.419,0.829,42,24,11,New Orleans Pelicans,NOP,120,False,0.506,0.304,0.756,37,21,9,245,5
2023,2022300116,2024-01-15,DEL @ WCB,Windy City Bulls,WCB,115,True,0.431,0.333,0.692,55,25,16,Delaware Blue Coats,DEL,113,False,0.471,0.323,0.765,43,34,15,228,2
2023,0022300561,2024-01-15,CLE vs. CHI,Cleveland Cavaliers,CLE,109,True,0.411,0.351,1.0,48,28,11,Chicago Bulls,CHI,91,False,0.422,0.281,0.75,43,21,18,200,18
2023,2022300121,2024-01-15,MCC vs. CPS,Motor City Cruise,MCC,101,False,0.439,0.351,0.563,48,27,19,College Park Skyhawks,CPS,114,True,0.489,0.321,0.769,41,29,12,215,13
2023,2022300115,2024-01-15,BHM vs. RAP,Birmingham Squadron,BHM,108,True,0.471,0.313,0.786,49,22,21,Raptors 905,RAP,105,False,0.494,0.357,0.5,41,20,16,213,3
2023,2022300122,2024-01-15,GLI vs. STO,G League Ignite,GLI,88,False,0.429,0.517,0.692,38,21,20,Stockton Kings,STO,107,True,0.488,0.333,0.909,41,22,12,195,19
2023,2022300125,2024-01-15,SCW vs. LIN,Santa Cruz Warriors,SCW,98,True,0.418,0.292,0.625,56,27,15,Long Island Nets,LIN,90,False,0.409,0.171,0.636,44,23,15,188,8
2023,0022300563,2024-01-15,BOS @ TOR,Toronto Raptors,TOR,96,False,0.4,0.125,0.762,52,25,7,Boston Celtics,BOS,105,True,0.402,0.41,0.92,53,20,12,201,9
2023,0022300562,2024-01-15,BKN vs. MIA,Brooklyn Nets,BKN,95,False,0.343,0.218,0.938,50,26,8,Miami Heat,MIA,96,True,0.379,0.258,0.88,54,22,12,191,1
2023,0022300564,2024-01-15,UTA vs. IND,Utah Jazz,UTA,132,True,0.556,0.44,0.886,46,29,14,Indiana Pacers,IND,105,False,0.4,0.29,0.8,43,27,13,237,27
2023,2022300120,2024-01-15,OSC @ GBO,Greensboro Swarm,GBO,115,False,0.432,0.296,0.87,45,18,14,Osceola Magic,OSC,119,True,0.512,0.405,0.692,46,35,20,234,4
2023,2022300119,2024-01-15,SLC @ IWA,Iowa Wolves,IWA,122,True,0.563,0.24,0.789,43,24,17,Salt Lake City Stars,SLC,111,False,0.458,0.205,0.9,37,28,13,233,11
2023,0022300559,2024-01-15,ATL vs. SAS,Atlanta Hawks,ATL,109,True,0.43,0.342,0.762,57,24,16,San Antonio Spurs,SAS,99,False,0.4,0.262,0.706,44,27,17,208,10
2023,2022300117,2024-01-15,GRG vs. SBL,Grand Rapids Gold,GRG,117,False,0.494,0.413,0.727,42,26,18,South Bay Lakers,SBL,122,True,0.5,0.267,0.9,40,23,12,239,5
2023,0022300555,2024-01-15,PHI vs. HOU,Philadelphia 76ers,PHI,124,True,0.482,0.484,0.853,41,25,10,Houston Rockets,HOU,115,False,0.5,0.296,0.594,46,21,13,239,9
2023,0022300557,2024-01-15,NYK vs. ORL,New York Knicks,NYK,94,False,0.398,0.325,0.682,41,20,9,Orlando Magic,ORL,98,True,0.447,0.276,0.667,46,26,7,192,4
2023,2022300126,2024-01-15,RCR vs. OKL,Rip City Remix,RCR,127,True,0.5,0.348,0.762,40,27,10,Oklahoma City Blue,OKL,119,False,0.46,0.432,0.765,48,20,13,246,8
2023,0022300565,2024-01-15,LAL vs. OKC,Los Angeles Lakers,LAL,112,True,0.524,0.333,0.889,44,30,17,Oklahoma City Thunder,OKC,105,False,0.417,0.306,0.909,40,23,11,217,7
2023,2022300118,2024-01-15,CLC @ WES,Westchester Knicks,WES,126,True,0.5,0.457,0.909,53,31,13,Cleveland Charge,CLC,111,False,0.422,0.39,0.909,37,24,10,237,15
2023,2022300124,2024-01-15,MXC @ AUS,Austin Spurs,AUS,116,False,0.488,0.455,0.72,26,21,12,Mexico City Capitanes,MXC,122,True,0.526,0.324,0.917,45,18,21,238,6
2023,0022300558,2024-01-15,DET @ WAS,Washington Wizards,WAS,117,False,0.463,0.463,0.909,33,30,8,Detroit Pistons,DET,129,True,0.556,0.387,0.739,52,30,15,246,12
2023,0022300567,2024-01-16,SAC @ PHX,Phoenix Suns,PHX,119,True,0.494,0.459,0.9,46,32,16,Sacramento Kings,SAC,117,False,0.5,0.45,0.583,31,34,14,236,2
2023,0022300566,2024-01-16,DEN @ PHI,Philadelphia 76ers,PHI,126,True,0.566,0.484,0.735,32,27,8,Denver Nuggets,DEN,121,False,0.506,0.414,0.76,46,23,10,247,5
2023,2022300128,2024-01-16,MHU vs. ONT,Memphis Hustle,MHU,106,True,0.422,0.297,0.789,47,27,11,Ontario Clippers,ONT,104,False,0.389,0.222,0.813,50,25,7,210,2
2023,0022300568,2024-01-16,OKC @ LAC,LA Clippers,LAC,128,True,0.54,0.465,0.609,39,30,9,Oklahoma City Thunder,OKC,117,False,0.506,0.471,0.85,35,30,12,245,11
2023,2022300127,2024-01-16,WES vs. CLC,Westchester Knicks,WES,117,False,0.488,0.37,0.714,44,26,13,Cleveland Charge,CLC,125,True,0.5,0.372,0.889,41,29,8,242,8
2023,0022300574,2024-01-17,TOR vs. MIA,Toronto Raptors,TOR,121,True,0.511,0.526,0.611,45,34,10,Miami Heat,MIA,97,False,0.456,0.214,0.75,37,24,14,218,24
2023,2022300132,2024-01-17,CCG vs. RAP,Capital City Go-Go,CCG,116,True,0.478,0.2,0.929,61,34,25,Raptors 905,RAP,101,False,0.4,0.194,0.643,44,17,18,217,15
2023,2022300131,2024-01-17,SLC vs. OKL,Salt Lake City Stars,SLC,108,True,0.439,0.367,0.692,49,19,21,Oklahoma City Blue,OKL,105,False,0.432,0.297,0.5,55,27,16,213,3
2023,0022300575,2024-01-17,CHA @ NOP,New Orleans Pelicans,NOP,132,True,0.5,0.532,0.826,50,32,12,Charlotte Hornets,CHA,112,False,0.433,0.422,0.833,41,29,13,244,20
2023,0022300573,2024-01-17,NYK vs. HOU,New York Knicks,NYK,109,True,0.448,0.351,0.818,51,24,12,Houston Rockets,HOU,94,False,0.417,0.267,0.842,38,23,10,203,15
2023,2022300129,2024-01-17,SBL @ MCC,Motor City Cruise,MCC,117,True,0.458,0.342,0.727,69,24,14,South Bay Lakers,SBL,92,False,0.374,0.375,0.429,38,20,7,209,25
2023,0022300569,2024-01-17,DET vs. MIN,Detroit Pistons,DET,117,False,0.517,0.387,0.684,40,30,12,Minnesota Timberwolves,MIN,124,True,0.505,0.5,0.714,42,32,9,241,7
2023,0022300571,2024-01-17,BOS vs. SAS,Boston Celtics,BOS,117,True,0.467,0.474,0.789,54,22,12,San Antonio Spurs,SAS,98,False,0.419,0.206,0.813,41,26,10,215,19
2023,0022300572,2024-01-17,CLE vs. MIL,Cleveland Cavaliers,CLE,135,True,0.591,0.429,0.684,55,36,10,Milwaukee Bucks,MIL,95,False,0.4,0.286,0.7,36,19,10,230,40
2023,0022300570,2024-01-17,ATL vs. ORL,Atlanta Hawks,ATL,106,True,0.513,0.32,0.909,41,21,23,Orlando Magic,ORL,104,False,0.443,0.286,0.727,40,18,13,210,2
2023,0022300578,2024-01-17,POR vs. BKN,Portland Trail Blazers,POR,105,True,0.488,0.333,0.857,41,21,9,Brooklyn Nets,BKN,103,False,0.479,0.395,0.667,33,28,10,208,2
2023,2022300130,2024-01-17,CPS @ WIS,Wisconsin Herd,WIS,92,False,0.374,0.367,0.778,49,22,17,College Park Skyhawks,CPS,116,True,0.477,0.357,0.65,46,22,10,208,24
2023,0022300577,2024-01-17,DAL @ LAL,Los Angeles Lakers,LAL,127,True,0.538,0.429,0.708,45,33,10,Dallas Mavericks,DAL,110,False,0.462,0.275,0.833,43,26,15,237,17
2023,2022300134,2024-01-17,GLI vs. MXC,G League Ignite,GLI,100,False,0.472,0.471,0.842,34,22,22,Mexico City Capitanes,MXC,106,True,0.484,0.111,0.75,45,21,16,206,6
2023,2022300135,2024-01-17,LIN @ STO,Stockton Kings,STO,101,False,0.478,0.265,0.429,42,23,15,Long Island Nets,LIN,105,True,0.5,0.364,0.75,36,29,11,206,4
2023,2022300133,2024-01-17,SXF @ TEX,Texas Legends,TEX,129,True,0.489,0.487,0.643,49,33,13,Sioux Falls Skyforce,SXF,117,False,0.429,0.357,0.769,53,23,16,246,12
2023,2022300138,2024-01-18,WIS vs. CPS,Wisconsin Herd,WIS,106,True,0.455,0.395,0.833,43,23,18,College Park Skyhawks,CPS,103,False,0.36,0.222,0.895,42,20,15,209,3
2023,0022300583,2024-01-18,IND @ SAC,Sacramento Kings,SAC,121,False,0.518,0.405,0.563,38,27,11,Indiana Pacers,IND,126,True,0.551,0.394,0.789,34,33,11,247,5
2023,2022300136,2024-01-18,SBL @ MCC,Motor City Cruise,MCC,109,False,0.429,0.417,0.692,40,23,15,South Bay Lakers,SBL,120,True,0.5,0.423,1.0,48,24,15,229,11
2023,0022300580,2024-01-18,TOR vs. CHI,Toronto Raptors,TOR,110,False,0.506,0.263,0.8,38,31,14,Chicago Bulls,CHI,116,True,0.527,0.25,0.824,42,30,10,226,6
2023,0022300581,2024-01-18,OKC @ UTA,Utah Jazz,UTA,129,False,0.483,0.406,0.833,38,33,14,Oklahoma City Thunder,OKC,134,True,0.558,0.438,0.857,38,36,15,263,5
2023,2022300137,2024-01-18,OSC vs. WES,Osceola Magic,OSC,153,True,0.561,0.452,0.9,54,41,14,Westchester Knicks,WES,130,False,0.454,0.34,0.75,41,29,9,283,23
2023,0022300579,2024-01-18,WAS @ NYK,New York Knicks,NYK,113,True,0.453,0.342,0.846,47,22,17,Washington Wizards,WAS,109,False,0.456,0.323,0.773,46,31,12,222,4
2023,0022300582,2024-01-18,MEM @ MIN,Minnesota Timberwolves,MIN,118,True,0.549,0.429,0.762,39,30,14,Memphis Grizzlies,MEM,103,False,0.459,0.412,0.647,34,22,14,221,15
2023,2022300139,2024-01-18,AUS vs. MHU,Austin Spurs,AUS,114,False,0.506,0.423,0.818,49,27,21,Memphis Hustle,MHU,115,True,0.467,0.375,0.625,41,30,14,229,1
2023,2022300140,2024-01-18,IWA @ BHM,Birmingham Squadron,BHM,134,True,0.485,0.487,0.571,53,28,13,Iowa Wolves,IWA,125,False,0.528,0.486,0.7,39,34,20,259,9
2023,2022300142,2024-01-19,WCB vs. LIN,Windy City Bulls,WCB,115,False,0.466,0.281,0.765,44,24,16,Long Island Nets,LIN,121,True,0.465,0.515,0.743,38,26,18,236,6
2023,2022300145,2024-01-19,MXC @ GLI,G League Ignite,GLI,126,False,0.598,0.448,0.692,30,31,9,Mexico City Capitanes,MXC,132,True,0.571,0.409,0.875,31,28,6,258,6
2023,2022300144,2024-01-19,SLC vs. OKL,Salt Lake City Stars,SLC,129,False,0.524,0.375,0.692,34,26,17,Oklahoma City Blue,OKL,139,True,0.56,0.528,0.778,36,36,12,268,10
2023,0022300586,2024-01-19,DEN @ BOS,Boston Celtics,BOS,100,False,0.427,0.318,0.714,38,21,2,Denver Nuggets,DEN,102,True,0.519,0.258,0.769,47,20,9,202,2
2023,0022300591,2024-01-19,LAL vs. BKN,Los Angeles Lakers,LAL,112,False,0.444,0.364,0.833,44,31,14,Brooklyn Nets,BKN,130,True,0.526,0.404,0.786,41,31,8,242,18
2023,0022300588,2024-01-19,NOP vs. PHX,New Orleans Pelicans,NOP,109,False,0.441,0.238,0.739,42,27,11,Phoenix Suns,PHX,123,True,0.495,0.366,0.762,48,32,8,232,14
2023,0022300587,2024-01-19,ATL @ MIA,Miami Heat,MIA,108,False,0.463,0.387,0.909,44,21,16,Atlanta Hawks,ATL,109,True,0.46,0.429,0.824,38,23,13,217,1
2023,0022300590,2024-01-19,POR vs. IND,Portland Trail Blazers,POR,118,True,0.5,0.333,0.857,47,18,9,Indiana Pacers,IND,115,False,0.429,0.426,0.68,37,34,13,233,3
2023,2022300146,2024-01-19,SCW vs. ONT,Santa Cruz Warriors,SCW,118,True,0.517,0.265,0.722,44,33,18,Ontario Clippers,ONT,117,False,0.495,0.267,0.733,46,27,19,235,1
2023,2022300141,2024-01-19,SXF @ MNE,Maine Celtics,MNE,112,False,0.398,0.333,0.833,41,22,12,Sioux Falls Skyforce,SXF,116,True,0.529,0.455,0.647,52,23,19,228,4
2023,2022300143,2024-01-19,RGV @ TEX,Texas Legends,TEX,119,False,0.461,0.297,0.882,41,25,19,Rio Grande Valley Vipers,RGV,126,True,0.467,0.4,0.9,52,30,18,245,7
2023,0022300585,2024-01-19,PHI @ ORL,Orlando Magic,ORL,109,False,0.474,0.435,0.926,36,24,16,Philadelphia 76ers,PHI,124,True,0.483,0.433,0.931,42,23,7,233,15
2023,0022300584,2024-01-19,CHA vs. SAS,Charlotte Hornets,CHA,124,True,0.56,0.552,0.875,40,25,17,San Antonio Spurs,SAS,120,False,0.56,0.469,0.647,34,36,13,244,4
2023,2022300155,2024-01-20,RGV @ TEX,Texas Legends,TEX,118,False,0.494,0.353,0.81,40,25,21,Rio Grande Valley Vipers,RGV,132,True,0.46,0.387,0.826,53,27,15,250,14
2023,0022300593,2024-01-20,CHA vs. PHI,Charlotte Hornets,CHA,89,False,0.412,0.243,0.714,47,23,16,Philadelphia 76ers,PHI,97,True,0.424,0.2,0.833,46,21,10,186,8
2023,2022300149,2024-01-20,MHU @ AUS,Austin Spurs,AUS,108,False,0.448,0.25,0.632,44,25,18,Memphis Hustle,MHU,117,True,0.472,0.342,0.765,47,22,16,225,9
2023,2022300148,2024-01-20,STO @ GLI,G League Ignite,GLI,74,False,0.333,0.111,0.786,40,15,15,Stockton Kings,STO,105,True,0.481,0.359,0.727,47,32,14,179,31
2023,0022300596,2024-01-20,TOR @ NYK,New York Knicks,NYK,126,True,0.545,0.359,0.8,61,27,21,Toronto Raptors,TOR,100,False,0.413,0.324,0.565,31,29,10,226,26
2023,2022300154,2024-01-20,SBL vs. GBO,South Bay Lakers,SBL,117,True,0.531,0.259,0.833,46,32,10,Greensboro Swarm,GBO,116,False,0.529,0.471,0.889,32,33,14,233,1
2023,2022300147,2024-01-20,RAP vs. DEL,Raptors 905,RAP,97,True,0.381,0.176,0.929,60,24,17,Delaware Blue Coats,DEL,91,False,0.347,0.217,0.8,55,22,17,188,6
2023,0022300594,2024-01-20,SAS @ WAS,Washington Wizards,WAS,127,False,0.476,0.31,0.87,46,28,11,San Antonio Spurs,SAS,131,True,0.531,0.387,0.739,49,38,17,258,4
2023,2022300153,2024-01-20,WIS vs. FWN,Wisconsin Herd,WIS,110,False,0.5,0.419,0.833,42,26,25,Fort Wayne Mad Ants,FWN,121,True,0.495,0.448,0.75,35,35,10,231,11
2023,0022300599,2024-01-20,OKC @ MIN,Minnesota Timberwolves,MIN,97,False,0.413,0.378,0.724,50,22,21,Oklahoma City Thunder,OKC,102,True,0.395,0.333,0.857,37,21,8,199,5
2023,2022300151,2024-01-20,CCG @ IWA,Iowa Wolves,IWA,102,False,0.408,0.342,0.667,51,26,16,Capital City Go-Go,CCG,106,True,0.424,0.3,0.65,54,24,14,208,4
2023,0022300595,2024-01-20,ATL vs. CLE,Atlanta Hawks,ATL,95,False,0.398,0.289,0.667,45,25,11,Cleveland Cavaliers,CLE,116,True,0.506,0.372,0.875,49,32,13,211,21
2023,0022300592,2024-01-20,MIL @ DET,Detroit Pistons,DET,135,False,0.468,0.568,0.813,40,30,8,Milwaukee Bucks,MIL,141,True,0.553,0.375,0.714,49,30,10,276,6
2023,2022300156,2024-01-20,ONT @ SCW,Santa Cruz Warriors,SCW,122,True,0.526,0.514,0.652,39,28,17,Ontario Clippers,ONT,116,False,0.489,0.325,0.727,42,21,13,238,6
2023,0022300597,2024-01-20,CHI vs. MEM,Chicago Bulls,CHI,125,True,0.516,0.424,0.81,52,32,11,Memphis Grizzlies,MEM,96,False,0.427,0.31,0.826,32,28,15,221,29
2023,0022300598,2024-01-20,HOU vs. UTA,Houston Rockets,HOU,127,True,0.427,0.333,0.636,56,27,7,Utah Jazz,UTA,126,False,0.457,0.302,0.773,59,28,17,253,1
2023,2022300152,2024-01-20,LIN @ WCB,Windy City Bulls,WCB,112,False,0.466,0.441,0.9,36,20,13,Long Island Nets,LIN,123,True,0.505,0.4,0.619,53,29,11,235,11
2023,2022300150,2024-01-20,BHM vs. CLC,Birmingham Squadron,BHM,126,True,0.5,0.351,0.867,54,25,12,Cleveland Charge,CLC,105,False,0.444,0.326,0.7,39,23,15,231,21
2023,2022300157,2024-01-21,SXF @ MNE,Maine Celtics,MNE,131,True,0.49,0.422,0.583,48,24,11,Sioux Falls Skyforce,SXF,125,False,0.505,0.44,0.813,45,27,14,256,6
2023,0022300602,2024-01-21,DEN @ WAS,Washington Wizards,WAS,104,False,0.429,0.296,0.818,40,31,13,Denver Nuggets,DEN,113,True,0.489,0.364,0.679,50,29,13,217,9
2023,0022300600,2024-01-21,BKN @ LAC,LA Clippers,LAC,125,True,0.506,0.5,0.848,45,26,10,Brooklyn Nets,BKN,114,False,0.489,0.359,0.75,36,29,12,239,11
2023,0022300601,2024-01-21,ORL vs. MIA,Orlando Magic,ORL,105,True,0.474,0.321,0.786,44,21,14,Miami Heat,MIA,87,False,0.375,0.324,0.833,36,22,14,192,18
2023,2022300158,2024-01-21,OKL vs. MXC,Oklahoma City Blue,OKL,128,True,0.562,0.5,0.615,41,31,11,Mexico City Capitanes,MXC,105,False,0.438,0.379,0.6,47,17,19,233,23
2023,0022300603,2024-01-21,HOU vs. BOS,Houston Rockets,HOU,107,False,0.436,0.286,0.682,49,26,15,Boston Celtics,BOS,116,True,0.439,0.362,0.722,55,31,16,223,9
2023,0022300604,2024-01-21,PHX vs. IND,Phoenix Suns,PHX,117,True,0.573,0.32,0.833,44,25,16,Indiana Pacers,IND,110,False,0.436,0.452,0.609,40,28,11,227,7
2023,0022300605,2024-01-21,POR @ LAL,Los Angeles Lakers,LAL,134,True,0.547,0.394,0.931,45,28,12,Portland Trail Blazers,POR,110,False,0.467,0.31,0.85,35,24,12,244,24
2023,2022300161,2024-01-22,SLC vs. AUS,Salt Lake City Stars,SLC,101,False,0.437,0.366,0.875,43,27,21,Austin Spurs,AUS,112,True,0.484,0.333,0.733,46,27,16,213,11
2023,0022300609,2024-01-22,TOR vs. MEM,Toronto Raptors,TOR,100,False,0.443,0.348,0.957,47,31,17,Memphis Grizzlies,MEM,108,True,0.463,0.382,0.583,47,30,15,208,8
2023,0022300607,2024-01-22,CLE @ ORL,Orlando Magic,ORL,99,False,0.459,0.379,0.667,34,25,15,Cleveland Cavaliers,CLE,126,True,0.563,0.526,0.727,39,29,9,225,27
2023,0022300606,2024-01-22,DET vs. MIL,Detroit Pistons,DET,113,False,0.449,0.333,0.793,42,25,10,Milwaukee Bucks,MIL,122,True,0.447,0.256,0.824,49,26,9,235,9
2023,0022300613,2024-01-22,ATL @ SAC,Sacramento Kings,SAC,122,True,0.462,0.316,0.889,51,22,8,Atlanta Hawks,ATL,107,False,0.387,0.35,0.778,50,19,12,229,15
2023,0022300608,2024-01-22,PHI vs. SAS,Philadelphia 76ers,PHI,133,True,0.495,0.25,0.8,48,28,4,San Antonio Spurs,SAS,123,False,0.462,0.317,0.889,43,29,8,256,10
2023,2022300163,2024-01-22,SBL vs. STO,South Bay Lakers,SBL,127,True,0.457,0.273,0.833,48,25,14,Stockton Kings,STO,120,False,0.456,0.324,0.692,54,33,20,247,7
2023,2022300159,2024-01-22,CLC @ OSC,Osceola Magic,OSC,106,False,0.389,0.294,0.786,54,22,14,Cleveland Charge,CLC,118,True,0.519,0.444,0.75,40,30,6,224,12
2023,0022300612,2024-01-22,CHI @ PHX,Phoenix Suns,PHX,115,True,0.518,0.412,0.765,39,32,7,Chicago Bulls,CHI,113,False,0.484,0.378,0.643,47,25,10,228,2
2023,0022300610,2024-01-22,CHA @ MIN,Minnesota Timberwolves,MIN,125,False,0.524,0.439,0.76,36,34,13,Charlotte Hornets,CHA,128,True,0.568,0.378,0.778,35,30,10,253,3
2023,2022300162,2024-01-22,GLI @ RCR,Rip City Remix,RCR,118,True,0.494,0.371,0.765,48,26,20,G League Ignite,GLI,95,False,0.41,0.208,0.7,42,19,23,213,23
2023,2022300160,2024-01-22,BHM @ WIS,Wisconsin Herd,WIS,107,False,0.477,0.216,0.6,45,25,14,Birmingham Squadron,BHM,125,True,0.5,0.436,0.733,48,26,12,232,18
2023,0022300611,2024-01-22,DAL vs. BOS,Dallas Mavericks,DAL,110,False,0.443,0.35,0.714,48,24,10,Boston Celtics,BOS,119,True,0.466,0.326,0.733,44,26,6,229,9
2023,2022300164,2024-01-23,FWN vs. CCG,Fort Wayne Mad Ants,FWN,122,True,0.522,0.286,0.643,55,26,17,Capital City Go-Go,CCG,110,False,0.456,0.387,0.667,32,25,15,232,12
2023,0022300614,2024-01-23,IND vs. DEN,Indiana Pacers,IND,109,False,0.494,0.238,0.857,38,24,10,Denver Nuggets,DEN,114,True,0.5,0.333,0.882,42,22,10,223,5
2023,2022300167,2024-01-23,SLC vs. SCW,Salt Lake City Stars,SLC,114,False,0.575,0.345,0.875,37,25,15,Santa Cruz Warriors,SCW,126,True,0.51,0.395,0.5,40,35,6,240,12
2023,2022300168,2024-01-23,GBO @ ONT,Ontario Clippers,ONT,100,False,0.464,0.364,0.6,31,27,12,Greensboro Swarm,GBO,111,True,0.528,0.4,0.889,46,17,19,211,11
2023,0022300615,2024-01-23,BKN vs. NYK,Brooklyn Nets,BKN,103,False,0.442,0.357,0.8,40,29,13,New York Knicks,NYK,108,True,0.465,0.345,0.947,42,21,13,211,5
2023,0022300618,2024-01-23,LAC vs. LAL,LA Clippers,LAC,127,True,0.591,0.519,0.75,36,33,14,Los Angeles Lakers,LAL,116,False,0.489,0.344,0.682,41,27,15,243,11
2023,2022300166,2024-01-23,RGV @ IWA,Iowa Wolves,IWA,120,False,0.5,0.25,0.773,49,27,22,Rio Grande Valley Vipers,RGV,124,True,0.5,0.417,0.647,42,31,18,244,4
2023,2022300165,2024-01-23,LIN vs. MCC,Long Island Nets,LIN,110,False,0.494,0.393,0.846,43,32,19,Motor City Cruise,MCC,111,True,0.411,0.343,1.0,42,20,11,221,1
2023,0022300616,2024-01-23,NOP vs. UTA,New Orleans Pelicans,NOP,153,True,0.577,0.5,0.667,57,41,9,Utah Jazz,UTA,124,False,0.467,0.333,0.813,38,27,8,277,29
2023,0022300617,2024-01-23,OKC vs. POR,Oklahoma City Thunder,OKC,111,True,0.483,0.304,0.643,43,23,12,Portland Trail Blazers,POR,109,False,0.43,0.462,0.81,46,27,19,220,2
2023,2022300176,2024-01-24,RCR vs. GLI,Rip City Remix,RCR,110,True,0.456,0.438,0.615,50,23,15,G League Ignite,GLI,102,False,0.386,0.355,0.696,44,20,16,212,8
2023,0022300626,2024-01-24,ATL @ GSW,Golden State Warriors,GSW,134,True,0.56,0.485,0.727,49,26,10,Atlanta Hawks,ATL,112,False,0.415,0.326,0.769,45,30,10,246,22
2023,2022300171,2024-01-24,CCG @ FWN,Fort Wayne Mad Ants,FWN,110,True,0.483,0.333,0.889,41,32,16,Capital City Go-Go,CCG,106,False,0.433,0.286,0.909,45,21,16,216,4
2023,2022300173,2024-01-24,OSC vs. CLC,Osceola Magic,OSC,120,True,0.54,0.444,0.667,50,32,17,Cleveland Charge,CLC,104,False,0.425,0.333,0.526,32,20,16,224,16
2023,2022300169,2024-01-24,RAP vs. GRG,Raptors 905,RAP,109,False,0.453,0.324,0.6,50,28,19,Grand Rapids Gold,GRG,115,True,0.446,0.281,0.952,49,29,19,224,6
2023,0022300619,2024-01-24,DET vs. CHA,Detroit Pistons,DET,113,True,0.5,0.395,0.6,44,26,11,Charlotte Hornets,CHA,106,False,0.437,0.395,0.789,48,27,11,219,7
2023,0022300625,2024-01-24,DAL vs. PHX,Dallas Mavericks,DAL,109,False,0.461,0.395,0.556,33,25,14,Phoenix Suns,PHX,132,True,0.6,0.412,0.727,49,30,15,241,23
2023,0022300622,2024-01-24,OKC @ SAS,San Antonio Spurs,SAS,114,False,0.5,0.281,0.76,38,30,18,Oklahoma City Thunder,OKC,140,True,0.563,0.45,0.875,47,36,15,254,26
2023,2022300172,2024-01-24,MNE vs. WCB,Maine Celtics,MNE,96,False,0.405,0.318,0.778,49,23,17,Windy City Bulls,WCB,101,True,0.382,0.258,0.792,50,17,6,197,5
2023,2022300170,2024-01-24,OKL vs. MXC,Oklahoma City Blue,OKL,114,True,0.5,0.324,0.786,43,28,14,Mexico City Capitanes,MXC,91,False,0.481,0.154,0.692,39,21,23,205,23
2023,0022300621,2024-01-24,MEM @ MIA,Miami Heat,MIA,96,False,0.402,0.324,0.76,44,21,17,Memphis Grizzlies,MEM,105,True,0.45,0.472,0.842,44,30,18,201,9
2023,2022300174,2024-01-24,CPS @ WES,Westchester Knicks,WES,119,False,0.427,0.273,0.789,46,28,10,College Park Skyhawks,CPS,125,True,0.444,0.459,1.0,44,27,15,244,6
2023,0022300624,2024-01-24,CLE @ MIL,Milwaukee Bucks,MIL,126,True,0.5,0.379,0.893,46,24,11,Cleveland Cavaliers,CLE,116,False,0.505,0.342,0.733,39,26,12,242,10
2023,0022300620,2024-01-24,WAS vs. MIN,Washington Wizards,WAS,107,False,0.481,0.417,0.793,49,31,21,Minnesota Timberwolves,MIN,118,True,0.42,0.281,0.862,48,26,7,225,11
2023,2022300175,2024-01-24,BHM @ WIS,Wisconsin Herd,WIS,120,True,0.5,0.395,0.667,61,30,18,Birmingham Squadron,BHM,107,False,0.415,0.364,0.7,32,21,7,227,13
2023,0022300623,2024-01-24,HOU vs. POR,Houston Rockets,HOU,131,False,0.532,0.333,0.864,37,29,8,Portland Trail Blazers,POR,137,True,0.51,0.429,0.917,48,31,12,268,6
2023,0022300627,2024-01-25,IND vs. PHI,Indiana Pacers,IND,134,True,0.57,0.429,0.762,55,35,21,Philadelphia 76ers,PHI,122,False,0.483,0.241,0.721,31,24,12,256,12
2023,0022300630,2024-01-25,MIA vs. BOS,Miami Heat,MIA,110,False,0.447,0.381,0.769,31,25,4,Boston Celtics,BOS,143,True,0.638,0.55,0.95,47,36,11,253,33
2023,0022300628,2024-01-25,UTA @ WAS,Washington Wizards,WAS,108,False,0.489,0.233,0.75,35,33,11,Utah Jazz,UTA,123,True,0.515,0.419,0.833,52,34,15,231,15
2023,2022300178,2024-01-25,LIN vs. MCC,Long Island Nets,LIN,117,True,0.478,0.351,0.769,42,28,11,Motor City Cruise,MCC,114,False,0.5,0.464,0.556,46,27,13,231,3
2023,2022300179,2024-01-25,CPS @ WES,Westchester Knicks,WES,100,False,0.361,0.324,0.75,52,20,10,College Park Skyhawks,CPS,102,True,0.488,0.367,0.583,35,23,7,202,2
2023,2022300180,2024-01-25,SCW @ AUS,Austin Spurs,AUS,123,False,0.489,0.357,0.85,45,19,19,Santa Cruz Warriors,SCW,125,True,0.524,0.425,0.688,38,29,20,248,2
2023,0022300633,2024-01-25,CHI @ LAL,Los Angeles Lakers,LAL,141,True,0.609,0.645,0.75,30,35,12,Chicago Bulls,CHI,132,False,0.534,0.324,0.897,39,27,16,273,9
2023,2022300177,2024-01-25,ONT vs. GBO,Ontario Clippers,ONT,110,True,0.472,0.378,0.75,45,34,7,Greensboro Swarm,GBO,101,False,0.419,0.25,0.769,51,16,10,211,9
2023,0022300629,2024-01-25,MIN @ BKN,Brooklyn Nets,BKN,94,False,0.455,0.303,0.875,32,22,13,Minnesota Timberwolves,MIN,96,True,0.493,0.476,0.75,38,24,14,190,2
2023,0022300631,2024-01-25,DEN @ NYK,New York Knicks,NYK,122,True,0.529,0.395,0.85,44,26,8,Denver Nuggets,DEN,84,False,0.405,0.192,0.846,40,20,19,206,38
2023,0022300632,2024-01-25,GSW vs. SAC,Golden State Warriors,GSW,133,False,0.558,0.514,0.783,33,30,13,Sacramento Kings,SAC,134,True,0.527,0.458,0.842,34,33,10,267,1
2023,0022300636,2024-01-26,IND vs. PHX,Indiana Pacers,IND,133,True,0.532,0.308,0.6,48,34,12,Phoenix Suns,PHX,131,False,0.573,0.433,0.889,38,24,20,264,2
2023,0022300637,2024-01-26,TOR vs. LAC,Toronto Raptors,TOR,107,False,0.458,0.188,0.591,45,26,11,LA Clippers,LAC,127,True,0.505,0.281,0.917,50,29,10,234,20
2023,2022300183,2024-01-26,RCR @ RGV,Rio Grande Valley Vipers,RGV,104,False,0.385,0.262,0.55,43,26,11,Rip City Remix,RCR,108,True,0.407,0.326,0.7,62,22,28,212,4
2023,2022300181,2024-01-26,DEL vs. WIS,Delaware Blue Coats,DEL,115,True,0.436,0.341,0.846,55,26,6,Wisconsin Herd,WIS,103,False,0.472,0.368,0.5,41,27,11,218,12
2023,0022300641,2024-01-26,POR @ SAS,San Antonio Spurs,SAS,116,True,0.457,0.294,0.846,59,30,17,Portland Trail Blazers,POR,100,False,0.422,0.27,0.737,37,23,13,216,16
2023,0022300638,2024-01-26,MEM vs. ORL,Memphis Grizzlies,MEM,107,True,0.467,0.366,0.615,43,30,13,Orlando Magic,ORL,106,False,0.469,0.265,0.724,40,21,11,213,1
2023,0022300640,2024-01-26,NOP vs. OKC,New Orleans Pelicans,NOP,83,False,0.39,0.25,0.714,41,24,20,Oklahoma City Thunder,OKC,107,True,0.477,0.303,0.929,45,22,11,190,24
2023,0022300635,2024-01-26,CHA vs. HOU,Charlotte Hornets,CHA,104,False,0.412,0.31,0.781,32,20,13,Houston Rockets,HOU,138,True,0.562,0.394,0.806,53,34,12,242,34
2023,0022300634,2024-01-26,DAL @ ATL,Atlanta Hawks,ATL,143,False,0.526,0.441,0.867,36,32,7,Dallas Mavericks,DAL,148,True,0.6,0.543,0.844,37,28,13,291,5
2023,2022300182,2024-01-26,CLC @ MNE,Maine Celtics,MNE,108,True,0.494,0.383,0.556,46,25,18,Cleveland Charge,CLC,88,False,0.44,0.276,0.571,37,22,11,196,20
2023,2022300184,2024-01-26,IWA @ TEX,Texas Legends,TEX,118,False,0.505,0.289,0.8,38,25,12,Iowa Wolves,IWA,122,True,0.516,0.387,0.8,48,29,14,240,4
2023,0022300639,2024-01-26,CLE @ MIL,Milwaukee Bucks,MIL,100,False,0.402,0.382,0.708,51,21,18,Cleveland Cavaliers,CLE,112,True,0.413,0.389,0.71,51,20,13,212,12
2023,2022300185,2024-01-26,SLC @ SBL,South Bay Lakers,SBL,112,False,0.483,0.429,0.533,46,28,14,Salt Lake City Stars,SLC,114,True,0.465,0.361,0.556,54,30,16,226,2
2023,0022300645,2024-01-27,HOU @ BKN,Brooklyn Nets,BKN,106,True,0.486,0.353,0.595,40,24,19,Houston Rockets,HOU,104,False,0.394,0.27,0.87,55,20,17,210,2
2023,2022300190,2024-01-27,CCG vs. OSC,Capital City Go-Go,CCG,107,False,0.421,0.276,0.733,37,25,8,Osceola Magic,OSC,123,True,0.563,0.5,0.5,45,30,20,230,16
2023,2022300193,2024-01-27,STO vs. OKL,Stockton Kings,STO,103,False,0.438,0.211,0.688,45,27,14,Oklahoma City Blue,OKL,111,True,0.538,0.4,0.692,46,26,21,214,8
2023,2022300195,2024-01-27,TEX vs. IWA,Texas Legends,TEX,126,True,0.471,0.409,0.783,50,21,12,Iowa Wolves,IWA,117,False,0.406,0.314,0.733,52,27,11,243,9
2023,0022300650,2024-01-27,GSW vs. LAL,Golden State Warriors,GSW,144,False,0.462,0.397,0.688,50,37,17,Los Angeles Lakers,LAL,145,True,0.485,0.333,0.884,55,33,19,289,1
2023,2022300194,2024-01-27,RGV vs. RCR,Rio Grande Valley Vipers,RGV,126,True,0.485,0.364,0.583,47,36,20,Rip City Remix,RCR,119,False,0.452,0.37,0.8,41,26,26,245,7
2023,2022300188,2024-01-27,FWN vs. WES,Fort Wayne Mad Ants,FWN,113,False,0.478,0.345,0.727,46,29,19,Westchester Knicks,WES,114,True,0.473,0.29,0.769,48,23,18,227,1
2023,2022300192,2024-01-27,SCW @ MHU,Memphis Hustle,MHU,124,False,0.458,0.4,0.923,55,29,15,Santa Cruz Warriors,SCW,126,True,0.465,0.391,0.6,46,30,7,250,2
2023,0022300643,2024-01-27,NYK vs. MIA,New York Knicks,NYK,125,True,0.517,0.515,0.692,46,25,7,Miami Heat,MIA,109,False,0.466,0.378,0.813,38,26,8,234,16
2023,2022300187,2024-01-27,DEL vs. WIS,Delaware Blue Coats,DEL,107,True,0.457,0.425,0.765,44,25,14,Wisconsin Herd,WIS,102,False,0.44,0.391,1.0,41,21,13,209,5
2023,0022300646,2024-01-27,LAC @ BOS,Boston Celtics,BOS,96,False,0.36,0.25,0.875,52,21,11,LA Clippers,LAC,115,True,0.441,0.25,0.833,58,28,7,211,19
2023,0022300648,2024-01-27,MIL vs. NOP,Milwaukee Bucks,MIL,141,True,0.56,0.444,0.76,45,30,9,New Orleans Pelicans,NOP,117,False,0.471,0.391,0.778,43,20,14,258,24
2023,2022300189,2024-01-27,CPS vs. ONT,College Park Skyhawks,CPS,109,True,0.461,0.314,0.789,49,23,20,Ontario Clippers,ONT,96,False,0.4,0.281,0.762,36,21,18,205,13
2023,2022300186,2024-01-27,RAP vs. GRG,Raptors 905,RAP,110,True,0.487,0.433,0.824,48,21,17,Grand Rapids Gold,GRG,107,False,0.404,0.289,0.706,45,28,9,217,3
2023,0022300642,2024-01-27,DET vs. WAS,Detroit Pistons,DET,104,False,0.435,0.281,0.778,45,22,17,Washington Wizards,WAS,118,True,0.45,0.324,0.81,50,26,9,222,14
2023,0022300647,2024-01-27,CHA vs. UTA,Charlotte Hornets,CHA,122,False,0.511,0.406,0.714,35,35,10,Utah Jazz,UTA,134,True,0.559,0.415,0.765,49,38,13,256,12
2023,0022300651,2024-01-27,DAL vs. SAC,Dallas Mavericks,DAL,115,False,0.439,0.348,0.722,43,35,10,Sacramento Kings,SAC,120,True,0.538,0.367,0.767,39,27,13,235,5
2023,0022300644,2024-01-27,PHI @ DEN,Denver Nuggets,DEN,111,True,0.451,0.351,0.632,44,25,7,Philadelphia 76ers,PHI,105,False,0.531,0.273,0.813,39,25,11,216,6
2023,0022300649,2024-01-27,MIN @ SAS,San Antonio Spurs,SAS,113,True,0.548,0.433,0.533,39,35,15,Minnesota Timberwolves,MIN,112,False,0.57,0.538,0.533,32,30,13,225,1
2023,2022300191,2024-01-27,MNE vs. CLC,Maine Celtics,MNE,103,False,0.475,0.372,0.875,44,31,18,Cleveland Charge,CLC,110,True,0.459,0.429,0.8,39,27,11,213,7
2023,0022300653,2024-01-28,TOR @ ATL,Atlanta Hawks,ATL,126,True,0.463,0.222,0.8,51,27,14,Toronto Raptors,TOR,125,False,0.461,0.484,0.875,46,29,14,251,1
2023,0022300655,2024-01-28,ORL vs. PHX,Orlando Magic,ORL,113,True,0.446,0.333,0.731,40,30,7,Phoenix Suns,PHX,98,False,0.562,0.286,0.571,39,19,22,211,15
2023,0022300652,2024-01-28,MEM @ IND,Indiana Pacers,IND,116,True,0.489,0.371,0.938,44,31,10,Memphis Grizzlies,MEM,110,False,0.463,0.367,0.742,45,20,13,226,6
2023,2022300196,2024-01-28,WCB @ BHM,Birmingham Squadron,BHM,130,True,0.568,0.512,0.786,23,33,14,Windy City Bulls,WCB,127,False,0.535,0.382,0.778,43,23,16,257,3
2023,0022300656,2024-01-28,CHI @ POR,Portland Trail Blazers,POR,96,False,0.405,0.182,0.897,48,22,13,Chicago Bulls,CHI,104,True,0.467,0.25,0.706,40,27,4,200,8
2023,0022300654,2024-01-28,DET vs. OKC,Detroit Pistons,DET,120,True,0.495,0.423,0.789,53,27,9,Oklahoma City Thunder,OKC,104,False,0.478,0.286,0.667,43,17,10,224,16
2023,2022300201,2024-01-29,GLI vs. OKL,G League Ignite,GLI,96,False,0.473,0.13,0.444,32,28,9,Oklahoma City Blue,OKL,116,True,0.566,0.387,0.556,56,30,19,212,20
2023,0022300660,2024-01-29,UTA @ BKN,Brooklyn Nets,BKN,147,True,0.514,0.467,0.947,50,41,8,Utah Jazz,UTA,114,False,0.453,0.333,0.794,44,23,17,261,33
2023,0022300664,2024-01-29,OKC vs. MIN,Oklahoma City Thunder,OKC,101,False,0.443,0.4,0.773,38,21,12,Minnesota Timberwolves,MIN,107,True,0.482,0.483,0.867,45,21,13,208,6
2023,2022300198,2024-01-29,CPS vs. ONT,College Park Skyhawks,CPS,118,False,0.449,0.486,0.8,39,21,8,Ontario Clippers,ONT,122,True,0.488,0.472,0.7,47,23,11,240,4
2023,0022300666,2024-01-29,ORL @ DAL,Dallas Mavericks,DAL,131,True,0.623,0.481,0.744,35,27,15,Orlando Magic,ORL,129,False,0.511,0.474,0.75,35,27,11,260,2
2023,2022300202,2024-01-29,IWA @ SBL,South Bay Lakers,SBL,124,True,0.489,0.31,0.824,48,28,25,Iowa Wolves,IWA,113,False,0.449,0.303,0.706,42,23,22,237,11
2023,0022300662,2024-01-29,HOU vs. LAL,Houston Rockets,HOU,135,True,0.531,0.333,0.76,56,36,15,Los Angeles Lakers,LAL,119,False,0.495,0.371,0.615,35,26,12,254,16
2023,2022300199,2024-01-29,WIS @ OSC,Osceola Magic,OSC,110,False,0.427,0.383,0.75,43,28,13,Wisconsin Herd,WIS,112,True,0.495,0.378,0.714,51,33,17,222,2
2023,0022300663,2024-01-29,SAC @ MEM,Memphis Grizzlies,MEM,94,False,0.375,0.361,0.75,37,22,14,Sacramento Kings,SAC,103,True,0.512,0.289,0.6,51,24,19,197,9
2023,0022300658,2024-01-29,CLE vs. LAC,Cleveland Cavaliers,CLE,118,True,0.488,0.325,0.808,46,28,13,LA Clippers,LAC,108,False,0.475,0.324,0.75,37,28,12,226,10
2023,0022300657,2024-01-29,CHA vs. NYK,Charlotte Hornets,CHA,92,False,0.457,0.344,0.5,41,23,13,New York Knicks,NYK,113,True,0.524,0.324,0.813,42,25,9,205,21
2023,2022300197,2024-01-29,FWN vs. WES,Fort Wayne Mad Ants,FWN,116,True,0.452,0.242,0.737,47,27,14,Westchester Knicks,WES,110,False,0.447,0.31,0.765,43,19,17,226,6
2023,0022300661,2024-01-29,MIA vs. PHX,Miami Heat,MIA,105,False,0.393,0.389,1.0,44,20,11,Phoenix Suns,PHX,118,True,0.489,0.35,0.706,47,30,7,223,13
2023,0022300665,2024-01-29,SAS vs. WAS,San Antonio Spurs,SAS,113,False,0.467,0.4,0.882,36,31,14,Washington Wizards,WAS,118,True,0.535,0.36,0.708,45,32,18,231,5
2023,2022300200,2024-01-29,MHU vs. SCW,Memphis Hustle,MHU,122,True,0.479,0.483,0.727,43,29,10,Santa Cruz Warriors,SCW,121,False,0.51,0.333,0.636,50,36,13,243,1
2023,0022300659,2024-01-29,NOP @ BOS,Boston Celtics,BOS,118,True,0.506,0.37,0.75,40,27,11,New Orleans Pelicans,NOP,112,False,0.505,0.286,0.769,40,21,12,230,6
2023,0022300667,2024-01-29,DEN vs. MIL,Denver Nuggets,DEN,113,True,0.484,0.222,0.875,47,29,8,Milwaukee Bucks,MIL,107,False,0.429,0.4,0.76,40,24,12,220,6
2023,0022300668,2024-01-29,POR vs. PHI,Portland Trail Blazers,POR,130,True,0.548,0.429,0.897,39,29,13,Philadelphia 76ers,PHI,104,False,0.446,0.172,0.893,34,17,14,234,26
2023,2022300205,2024-01-30,BHM vs. WCB,Birmingham Squadron,BHM,104,False,0.481,0.316,0.9,36,25,12,Windy City Bulls,WCB,117,True,0.495,0.306,0.75,46,23,6,221,13
2023,0022300672,2024-01-30,TOR @ CHI,Chicago Bulls,CHI,107,False,0.507,0.344,0.741,33,21,17,Toronto Raptors,TOR,118,True,0.518,0.483,0.9,38,34,19,225,11
2023,0022300673,2024-01-30,PHI @ GSW,Golden State Warriors,GSW,119,True,0.557,0.438,0.895,42,32,16,Philadelphia 76ers,PHI,107,False,0.459,0.433,0.762,39,11,16,226,12
2023,0022300670,2024-01-30,IND @ BOS,Boston Celtics,BOS,129,True,0.54,0.472,0.818,40,25,10,Indiana Pacers,IND,124,False,0.463,0.308,0.8,50,33,7,253,5
2023,0022300671,2024-01-30,NYK vs. UTA,New York Knicks,NYK,118,True,0.468,0.382,0.944,45,29,5,Utah Jazz,UTA,103,False,0.453,0.333,0.765,43,23,14,221,15
2023,0022300669,2024-01-30,LAL @ ATL,Atlanta Hawks,ATL,138,True,0.525,0.421,0.889,46,32,12,Los Angeles Lakers,LAL,122,False,0.533,0.364,0.56,37,28,14,260,16
2023,2022300206,2024-01-30,RCR @ SLC,Salt Lake City Stars,SLC,107,False,0.418,0.256,0.923,53,25,13,Rip City Remix,RCR,112,True,0.467,0.353,0.625,39,33,8,219,5
2023,2022300204,2024-01-30,SXF vs. RGV,Sioux Falls Skyforce,SXF,111,False,0.455,0.387,0.765,45,31,24,Rio Grande Valley Vipers,RGV,118,True,0.427,0.294,0.864,50,29,17,229,7
2023,2022300203,2024-01-30,RAP vs. MNE,Raptors 905,RAP,103,False,0.438,0.265,0.692,43,19,11,Maine Celtics,MNE,111,True,0.421,0.372,0.611,57,22,13,214,8
2023,0022300679,2024-01-31,HOU vs. NOP,Houston Rockets,HOU,99,False,0.402,0.295,0.941,29,19,5,New Orleans Pelicans,NOP,110,True,0.5,0.324,0.708,56,20,16,209,11
2023,0022300683,2024-01-31,POR vs. MIL,Portland Trail Blazers,POR,119,True,0.533,0.429,1.0,39,26,11,Milwaukee Bucks,MIL,116,False,0.489,0.289,0.722,39,27,13,235,3
2023,2022300207,2024-01-31,GRG @ FWN,Fort Wayne Mad Ants,FWN,119,True,0.517,0.324,0.917,50,24,13,Grand Rapids Gold,GRG,98,False,0.404,0.289,0.9,37,29,12,217,21
2023,0022300676,2024-01-31,LAC @ WAS,Washington Wizards,WAS,109,False,0.464,0.31,0.667,45,19,13,LA Clippers,LAC,125,True,0.47,0.4,0.864,52,25,8,234,16
2023,2022300212,2024-01-31,IWA @ GLI,G League Ignite,GLI,123,True,0.438,0.289,0.8,39,29,8,Iowa Wolves,IWA,118,False,0.489,0.333,0.833,55,23,20,241,5
2023,2022300210,2024-01-31,MNE @ RAP,Raptors 905,RAP,95,False,0.421,0.296,0.444,40,22,15,Maine Celtics,MNE,136,True,0.589,0.514,1.0,52,33,12,231,41
2023,0022300681,2024-01-31,SAS vs. ORL,San Antonio Spurs,SAS,98,False,0.45,0.29,0.708,41,24,17,Orlando Magic,ORL,108,True,0.477,0.35,0.826,45,29,15,206,10
2023,0022300674,2024-01-31,CHI @ CHA,Charlotte Hornets,CHA,110,False,0.444,0.348,0.824,40,25,9,Chicago Bulls,CHI,117,True,0.517,0.379,0.727,44,28,9,227,7
2023,2022300211,2024-01-31,TEX @ AUS,Austin Spurs,AUS,103,False,0.416,0.214,0.545,48,18,18,Texas Legends,TEX,121,True,0.506,0.514,0.8,44,21,18,224,18
2023,0022300680,2024-01-31,DAL @ MIN,Minnesota Timberwolves,MIN,121,True,0.563,0.433,0.6,45,31,10,Dallas Mavericks,DAL,87,False,0.408,0.207,0.731,31,18,16,208,34
2023,0022300677,2024-01-31,BKN vs. PHX,Brooklyn Nets,BKN,120,False,0.5,0.41,0.769,27,28,11,Phoenix Suns,PHX,136,True,0.62,0.5,0.75,42,35,15,256,16
2023,0022300678,2024-01-31,MIA vs. SAC,Miami Heat,MIA,115,True,0.5,0.464,0.783,49,38,8,Sacramento Kings,SAC,106,False,0.441,0.3,0.667,44,26,9,221,9
2023,2022300208,2024-01-31,CLC vs. GBO,Cleveland Charge,CLC,119,True,0.439,0.467,0.875,45,25,22,Greensboro Swarm,GBO,118,False,0.44,0.341,0.895,39,28,16,237,1
2023,0022300682,2024-01-31,OKC vs. DEN,Oklahoma City Thunder,OKC,105,True,0.425,0.423,0.8,53,24,11,Denver Nuggets,DEN,100,False,0.398,0.405,0.688,47,21,8,205,5
2023,2022300209,2024-01-31,DEL @ OSC,Osceola Magic,OSC,98,False,0.486,0.297,0.727,44,20,24,Delaware Blue Coats,DEL,108,True,0.444,0.486,0.75,33,25,13,206,10
2023,0022300675,2024-01-31,DET @ CLE,Cleveland Cavaliers,CLE,128,True,0.528,0.343,0.957,33,26,9,Detroit Pistons,DET,121,False,0.556,0.516,0.789,35,27,17,249,7
2023,0022300685,2024-02-01,NYK vs. IND,New York Knicks,NYK,109,True,0.398,0.211,0.76,60,15,10,Indiana Pacers,IND,105,False,0.452,0.394,0.615,44,21,13,214,4
2023,2022300213,2024-02-01,BHM @ CPS,College Park Skyhawks,CPS,125,True,0.479,0.444,0.667,47,29,16,Birmingham Squadron,BHM,115,False,0.494,0.412,0.609,36,31,13,240,10
2023,0022300684,2024-02-01,LAL @ BOS,Boston Celtics,BOS,105,False,0.423,0.333,1.0,54,30,15,Los Angeles Lakers,LAL,114,True,0.404,0.528,0.731,52,30,7,219,9
2023,2022300214,2024-02-01,FWN @ MCC,Motor City Cruise,MCC,91,False,0.348,0.229,0.929,51,15,20,Fort Wayne Mad Ants,FWN,100,True,0.402,0.258,1.0,56,20,16,191,9
2023,2022300217,2024-02-01,SXF vs. RGV,Sioux Falls Skyforce,SXF,108,True,0.395,0.297,0.818,48,20,21,Rio Grande Valley Vipers,RGV,99,False,0.463,0.231,0.846,39,27,21,207,9
2023,2022300216,2024-02-01,WES @ WIS,Wisconsin Herd,WIS,107,True,0.387,0.318,0.875,60,26,13,Westchester Knicks,WES,100,False,0.387,0.317,0.643,43,19,11,207,7
2023,0022300686,2024-02-01,UTA vs. PHI,Utah Jazz,UTA,124,False,0.517,0.333,0.88,43,36,9,Philadelphia 76ers,PHI,127,True,0.5,0.438,0.905,40,27,4,251,3
2023,0022300687,2024-02-01,MEM vs. CLE,Memphis Grizzlies,MEM,101,False,0.411,0.316,0.882,43,25,12,Cleveland Cavaliers,CLE,108,True,0.477,0.4,0.667,48,26,14,209,7
2023,2022300215,2024-02-01,OSC vs. ONT,Osceola Magic,OSC,108,False,0.5,0.371,0.846,39,25,19,Ontario Clippers,ONT,127,True,0.473,0.349,0.933,43,25,9,235,19
2023,0022300689,2024-02-02,MIA @ WAS,Washington Wizards,WAS,102,False,0.411,0.262,0.81,43,28,8,Miami Heat,MIA,110,True,0.432,0.226,0.771,59,24,12,212,8
2023,0022300690,2024-02-02,ATL vs. PHX,Atlanta Hawks,ATL,129,True,0.516,0.386,0.778,43,29,9,Phoenix Suns,PHX,120,False,0.534,0.378,0.857,38,31,16,249,9
2023,2022300223,2024-02-02,SCW vs. TEX,Santa Cruz Warriors,SCW,122,True,0.495,0.341,0.846,46,32,20,Texas Legends,TEX,119,False,0.454,0.351,0.824,51,20,18,241,3
2023,0022300696,2024-02-02,NOP @ SAS,San Antonio Spurs,SAS,113,False,0.479,0.256,0.611,55,35,18,New Orleans Pelicans,NOP,114,True,0.484,0.269,0.714,39,29,9,227,1
2023,2022300219,2024-02-02,GBO vs. WCB,Greensboro Swarm,GBO,94,False,0.403,0.367,0.706,38,19,11,Windy City Bulls,WCB,101,True,0.461,0.214,0.643,55,19,11,195,7
2023,0022300695,2024-02-02,CHA @ OKC,Oklahoma City Thunder,OKC,126,True,0.587,0.472,0.778,44,31,16,Charlotte Hornets,CHA,106,False,0.446,0.452,0.714,35,22,14,232,20
2023,2022300220,2024-02-02,MNE vs. GRG,Maine Celtics,MNE,90,True,0.38,0.277,0.706,41,20,12,Grand Rapids Gold,GRG,83,False,0.381,0.256,0.7,49,20,16,173,7
2023,0022300693,2024-02-02,GSW @ MEM,Memphis Grizzlies,MEM,101,False,0.402,0.304,0.708,37,30,13,Golden State Warriors,GSW,121,True,0.554,0.379,0.818,46,32,14,222,20
2023,0022300694,2024-02-02,ORL @ MIN,Minnesota Timberwolves,MIN,106,False,0.463,0.316,0.9,38,24,17,Orlando Magic,ORL,108,True,0.459,0.36,0.808,42,24,13,214,2
2023,2022300218,2024-02-02,CLC vs. DEL,Cleveland Charge,CLC,101,True,0.458,0.308,0.818,51,23,16,Delaware Blue Coats,DEL,95,False,0.381,0.286,0.636,47,20,10,196,6
2023,0022300691,2024-02-02,IND vs. SAC,Indiana Pacers,IND,122,False,0.541,0.345,0.833,39,23,22,Sacramento Kings,SAC,133,True,0.567,0.382,0.643,38,26,16,255,11
2023,0022300692,2024-02-02,TOR @ HOU,Houston Rockets,HOU,135,True,0.591,0.355,0.824,49,30,14,Toronto Raptors,TOR,106,False,0.44,0.333,0.75,37,17,14,241,29
2023,2022300222,2024-02-02,SBL @ RCR,Rip City Remix,RCR,102,False,0.419,0.341,0.833,43,22,22,South Bay Lakers,SBL,121,True,0.522,0.378,0.571,48,29,14,223,19
2023,2022300221,2024-02-02,STO @ AUS,Austin Spurs,AUS,127,True,0.602,0.464,0.615,38,28,11,Stockton Kings,STO,111,False,0.553,0.444,0.545,36,32,17,238,16
2023,0022300688,2024-02-02,LAC @ DET,Detroit Pistons,DET,125,False,0.506,0.425,0.75,38,28,16,LA Clippers,LAC,136,True,0.596,0.483,0.842,36,31,9,261,11
2023,0022300697,2024-02-02,POR @ DEN,Denver Nuggets,DEN,120,True,0.505,0.333,0.941,48,34,11,Portland Trail Blazers,POR,108,False,0.463,0.357,0.8,37,14,8,228,12
2023,2022300224,2024-02-03,RGV @ RAP,Raptors 905,RAP,105,False,0.455,0.359,0.722,38,21,21,Rio Grande Valley Vipers,RGV,108,True,0.461,0.371,0.6,43,28,14,213,3
2023,2022300227,2024-02-03,MCC @ BHM,Birmingham Squadron,BHM,116,False,0.494,0.35,0.722,34,27,9,Motor City Cruise,MCC,121,True,0.484,0.302,0.846,51,26,11,237,5
2023,2022300226,2024-02-03,AUS vs. STO,Austin Spurs,AUS,105,True,0.544,0.36,0.778,37,17,16,Stockton Kings,STO,103,False,0.464,0.259,0.75,36,21,12,208,2
2023,0022300701,2024-02-03,LAL @ NYK,New York Knicks,NYK,105,False,0.41,0.286,0.867,51,21,7,Los Angeles Lakers,LAL,113,True,0.488,0.387,0.852,38,28,5,218,8
2023,2022300230,2024-02-03,WIS vs. WES,Wisconsin Herd,WIS,128,True,0.495,0.381,0.667,62,37,22,Westchester Knicks,WES,120,False,0.425,0.282,0.714,38,19,7,248,8
2023,2022300229,2024-02-03,GLI @ MHU,Memphis Hustle,MHU,125,True,0.534,0.382,0.65,44,26,16,G League Ignite,GLI,105,False,0.47,0.259,0.733,38,23,19,230,20
2023,0022300698,2024-02-03,BKN @ PHI,Philadelphia 76ers,PHI,121,False,0.458,0.414,0.778,44,26,5,Brooklyn Nets,BKN,136,True,0.516,0.392,0.783,53,35,10,257,15
2023,2022300228,2024-02-03,IWA vs. SXF,Iowa Wolves,IWA,156,False,0.596,0.526,0.8,40,45,11,Sioux Falls Skyforce,SXF,157,True,0.615,0.487,0.857,33,36,8,313,1
2023,2022300225,2024-02-03,LIN @ CCG,Capital City Go-Go,CCG,119,True,0.523,0.368,0.727,44,26,15,Long Island Nets,LIN,106,False,0.396,0.25,0.762,48,21,16,225,13
2023,0022300703,2024-02-03,CLE @ SAS,San Antonio Spurs,SAS,101,False,0.367,0.3,0.81,54,23,11,Cleveland Cavaliers,CLE,117,True,0.474,0.295,0.923,51,31,9,218,16
2023,2022300231,2024-02-03,SCW vs. TEX,Santa Cruz Warriors,SCW,139,True,0.51,0.425,0.867,43,31,7,Texas Legends,TEX,126,False,0.529,0.405,0.929,34,20,14,265,13
2023,0022300699,2024-02-03,GSW @ ATL,Atlanta Hawks,ATL,141,True,0.482,0.326,0.773,57,27,8,Golden State Warriors,GSW,134,False,0.446,0.321,0.8,57,26,14,275,7
2023,0022300702,2024-02-03,MIL @ DAL,Dallas Mavericks,DAL,117,False,0.494,0.41,0.913,42,22,21,Milwaukee Bucks,MIL,129,True,0.568,0.4,0.68,36,34,11,246,12
2023,0022300700,2024-02-03,SAC @ CHI,Chicago Bulls,CHI,115,False,0.462,0.324,0.909,47,24,16,Sacramento Kings,SAC,123,True,0.5,0.385,0.828,40,33,16,238,8
2023,2022300237,2024-02-04,ONT @ SBL,South Bay Lakers,SBL,99,False,0.416,0.292,0.667,47,20,17,Ontario Clippers,ONT,113,True,0.406,0.313,0.889,53,27,15,212,14
2023,2022300235,2024-02-04,BHM vs. MCC,Birmingham Squadron,BHM,115,False,0.467,0.419,0.944,36,25,18,Motor City Cruise,MCC,133,True,0.52,0.422,0.636,45,29,10,248,18
2023,0022300704,2024-02-04,DET vs. ORL,Detroit Pistons,DET,99,False,0.45,0.258,0.864,36,22,15,Orlando Magic,ORL,111,True,0.536,0.417,0.733,37,22,10,210,12
2023,0022300707,2024-02-04,IND @ CHA,Charlotte Hornets,CHA,99,False,0.398,0.276,0.84,43,18,10,Indiana Pacers,IND,115,True,0.489,0.333,0.778,49,34,11,214,16
2023,0022300706,2024-02-04,BOS vs. MEM,Boston Celtics,BOS,131,True,0.485,0.373,0.889,57,30,10,Memphis Grizzlies,MEM,91,False,0.38,0.289,0.833,46,19,20,222,40
2023,2022300236,2024-02-04,SLC @ MXC,Mexico City Capitanes,MXC,96,False,0.412,0.303,0.917,41,24,14,Salt Lake City Stars,SLC,119,True,0.494,0.405,0.8,48,28,10,215,23
2023,2022300233,2024-02-04,OSC vs. MNE,Osceola Magic,OSC,112,True,0.5,0.4,0.625,53,29,12,Maine Celtics,MNE,89,False,0.316,0.136,0.765,50,19,9,201,23
2023,2022300234,2024-02-04,MHU vs. GLI,Memphis Hustle,MHU,107,True,0.545,0.464,0.667,37,25,14,G League Ignite,GLI,89,False,0.427,0.368,0.545,45,19,15,196,18
2023,0022300712,2024-02-04,POR @ DEN,Denver Nuggets,DEN,112,True,0.488,0.429,0.842,42,26,8,Portland Trail Blazers,POR,103,False,0.459,0.355,0.933,42,29,13,215,9
2023,0022300709,2024-02-04,HOU @ MIN,Minnesota Timberwolves,MIN,111,True,0.444,0.367,0.741,58,21,15,Houston Rockets,HOU,90,False,0.352,0.333,0.667,41,20,11,201,21
2023,2022300232,2024-02-04,CLC vs. DEL,Cleveland Charge,CLC,101,False,0.427,0.375,0.75,39,25,23,Delaware Blue Coats,DEL,135,True,0.556,0.444,0.692,46,42,14,236,34
2023,0022300708,2024-02-04,LAC @ MIA,Miami Heat,MIA,95,False,0.418,0.267,0.917,45,24,10,LA Clippers,LAC,103,True,0.442,0.41,0.864,48,23,15,198,8
2023,0022300711,2024-02-04,UTA vs. MIL,Utah Jazz,UTA,123,True,0.483,0.386,0.833,52,31,16,Milwaukee Bucks,MIL,108,False,0.464,0.366,0.6,32,27,11,231,15
2023,0022300705,2024-02-04,WAS vs. PHX,Washington Wizards,WAS,112,False,0.49,0.219,0.647,35,32,18,Phoenix Suns,PHX,140,True,0.614,0.44,0.808,42,33,17,252,28
2023,0022300710,2024-02-04,OKC vs. TOR,Oklahoma City Thunder,OKC,135,True,0.473,0.365,1.0,45,40,10,Toronto Raptors,TOR,127,False,0.475,0.4,0.81,48,38,11,262,8
2023,0022300717,2024-02-05,BKN vs. GSW,Brooklyn Nets,BKN,98,False,0.382,0.31,0.773,38,23,10,Golden State Warriors,GSW,109,True,0.462,0.182,0.826,60,24,13,207,11
2023,2022300239,2024-02-05,MXC vs. SLC,Mexico City Capitanes,MXC,97,True,0.384,0.24,0.783,50,20,12,Salt Lake City Stars,SLC,89,False,0.384,0.278,0.667,49,18,22,186,8
2023,2022300238,2024-02-05,LIN vs. RAP,Long Island Nets,LIN,118,True,0.406,0.3,0.692,56,24,11,Raptors 905,RAP,116,False,0.453,0.435,0.786,40,26,14,234,2
2023,0022300713,2024-02-05,CHA vs. LAL,Charlotte Hornets,CHA,118,False,0.49,0.406,0.786,34,26,9,Los Angeles Lakers,LAL,124,True,0.562,0.235,0.842,48,36,16,242,6
2023,0022300716,2024-02-05,ATL vs. LAC,Atlanta Hawks,ATL,144,False,0.537,0.513,0.815,39,35,11,LA Clippers,LAC,149,True,0.584,0.6,0.774,36,32,7,293,5
2023,0022300714,2024-02-05,SAC @ CLE,Cleveland Cavaliers,CLE,136,True,0.58,0.561,0.647,45,36,8,Sacramento Kings,SAC,110,False,0.462,0.386,0.583,40,28,12,246,26
2023,0022300718,2024-02-05,TOR @ NOP,New Orleans Pelicans,NOP,138,True,0.51,0.422,1.0,51,36,7,Toronto Raptors,TOR,100,False,0.476,0.323,0.667,38,27,18,238,38
2023,0022300715,2024-02-05,DAL @ PHI,Philadelphia 76ers,PHI,102,False,0.43,0.276,0.7,51,20,11,Dallas Mavericks,DAL,118,True,0.483,0.395,0.739,44,28,9,220,16
2023,2022300240,2024-02-06,IWA vs. SXF,Iowa Wolves,IWA,122,True,0.45,0.263,0.833,45,24,12,Sioux Falls Skyforce,SXF,115,False,0.489,0.243,0.769,52,25,19,237,7
2023,0022300722,2024-02-06,NYK vs. MEM,New York Knicks,NYK,123,True,0.558,0.407,0.8,37,28,10,Memphis Grizzlies,MEM,113,False,0.513,0.568,0.625,35,33,18,236,10
2023,0022300719,2024-02-06,IND vs. HOU,Indiana Pacers,IND,132,True,0.628,0.469,0.643,25,35,12,Houston Rockets,HOU,129,False,0.515,0.48,0.739,48,26,15,261,3
2023,0022300723,2024-02-06,CHI vs. MIN,Chicago Bulls,CHI,129,True,0.484,0.4,0.844,48,24,14,Minnesota Timberwolves,MIN,123,False,0.457,0.444,0.731,42,28,13,252,6
2023,0022300720,2024-02-06,BKN vs. DAL,Brooklyn Nets,BKN,107,False,0.451,0.364,0.867,43,33,10,Dallas Mavericks,DAL,119,True,0.505,0.442,0.615,45,25,10,226,12
2023,2022300241,2024-02-06,FWN vs. DEL,Fort Wayne Mad Ants,FWN,96,False,0.424,0.111,0.636,44,19,18,Delaware Blue Coats,DEL,141,True,0.52,0.556,0.8,55,32,12,237,45
2023,2022300244,2024-02-06,OKL vs. TEX,Oklahoma City Blue,OKL,145,True,0.567,0.424,0.706,72,31,13,Texas Legends,TEX,94,False,0.337,0.269,0.833,32,16,10,239,51
2023,0022300724,2024-02-06,UTA vs. OKC,Utah Jazz,UTA,124,True,0.517,0.4,0.9,48,29,17,Oklahoma City Thunder,OKC,117,False,0.478,0.514,0.667,32,26,11,241,7
2023,0022300725,2024-02-06,PHX vs. MIL,Phoenix Suns,PHX,114,True,0.506,0.286,0.667,49,17,13,Milwaukee Bucks,MIL,106,False,0.433,0.325,0.6,44,23,12,220,8
2023,2022300243,2024-02-06,RCR @ MCC,Motor City Cruise,MCC,120,False,0.517,0.382,0.733,41,27,12,Rip City Remix,RCR,127,True,0.528,0.463,0.611,44,30,11,247,7
2023,0022300721,2024-02-06,MIA vs. ORL,Miami Heat,MIA,121,True,0.54,0.361,0.778,45,31,13,Orlando Magic,ORL,95,False,0.438,0.286,0.714,39,25,18,216,26
2023,2022300242,2024-02-06,RGV @ CCG,Capital City Go-Go,CCG,135,True,0.58,0.467,0.818,47,27,28,Rio Grande Valley Vipers,RGV,117,False,0.471,0.367,0.727,34,23,26,252,18
2023,0022300727,2024-02-07,PHI vs. GSW,Philadelphia 76ers,PHI,104,False,0.418,0.25,1.0,40,21,14,Golden State Warriors,GSW,127,True,0.5,0.421,0.773,52,30,12,231,23
2023,2022300247,2024-02-07,GRG vs. CPS,Grand Rapids Gold,GRG,125,True,0.506,0.452,0.789,40,31,13,College Park Skyhawks,CPS,106,False,0.432,0.362,0.923,36,21,15,231,19
2023,0022300730,2024-02-07,SAS @ MIA,Miami Heat,MIA,116,True,0.494,0.316,0.783,45,29,10,San Antonio Spurs,SAS,104,False,0.456,0.324,0.588,46,30,14,220,12
2023,2022300245,2024-02-07,MHU vs. STO,Memphis Hustle,MHU,93,False,0.391,0.342,0.583,42,19,13,Stockton Kings,STO,115,True,0.494,0.41,0.538,55,24,14,208,22
2023,2022300246,2024-02-07,CLC @ FWN,Fort Wayne Mad Ants,FWN,109,True,0.482,0.29,0.909,59,25,21,Cleveland Charge,CLC,73,False,0.286,0.213,0.563,35,16,16,182,36
2023,2022300251,2024-02-07,GLI @ ONT,Ontario Clippers,ONT,110,True,0.461,0.341,0.571,35,24,9,G League Ignite,GLI,103,False,0.481,0.345,0.833,49,27,21,213,7
2023,2022300250,2024-02-07,SLC vs. SCW,Salt Lake City Stars,SLC,128,True,0.505,0.41,0.778,43,29,11,Santa Cruz Warriors,SCW,110,False,0.468,0.333,0.778,41,27,17,238,18
2023,2022300248,2024-02-07,AUS @ GBO,Greensboro Swarm,GBO,82,False,0.325,0.235,0.556,37,19,14,Austin Spurs,AUS,108,True,0.506,0.265,0.833,60,22,23,190,26
2023,0022300732,2024-02-07,SAC vs. DET,Sacramento Kings,SAC,120,False,0.474,0.341,0.682,33,31,4,Detroit Pistons,DET,133,True,0.56,0.548,1.0,48,32,11,253,13
2023,2022300249,2024-02-07,WIS @ LIN,Long Island Nets,LIN,118,False,0.461,0.324,0.714,37,22,14,Wisconsin Herd,WIS,133,True,0.505,0.389,0.917,58,32,19,251,15
2023,0022300731,2024-02-07,LAC vs. NOP,LA Clippers,LAC,106,False,0.462,0.375,0.846,37,23,19,New Orleans Pelicans,NOP,117,True,0.534,0.375,0.688,38,30,12,223,11
2023,0022300726,2024-02-07,TOR @ CHA,Charlotte Hornets,CHA,117,False,0.489,0.41,0.65,38,27,10,Toronto Raptors,TOR,123,True,0.531,0.515,0.833,41,30,9,240,6
2023,0022300729,2024-02-07,ATL @ BOS,Boston Celtics,BOS,125,True,0.527,0.347,0.909,45,33,14,Atlanta Hawks,ATL,117,False,0.422,0.317,0.9,49,24,9,242,8
2023,0022300728,2024-02-07,CLE @ WAS,Washington Wizards,WAS,106,False,0.447,0.4,0.667,47,27,15,Cleveland Cavaliers,CLE,114,True,0.489,0.343,0.727,46,25,14,220,8
2023,0022300734,2024-02-08,ORL vs. SAS,Orlando Magic,ORL,127,True,0.598,0.593,0.65,39,34,16,San Antonio Spurs,SAS,111,False,0.519,0.314,0.941,27,29,14,238,16
2023,0022300741,2024-02-08,POR vs. DET,Portland Trail Blazers,POR,122,False,0.461,0.367,0.879,38,29,15,Detroit Pistons,DET,128,True,0.484,0.593,0.71,45,26,16,250,6
2023,0022300733,2024-02-08,IND vs. GSW,Indiana Pacers,IND,109,False,0.481,0.387,0.704,30,31,14,Golden State Warriors,GSW,131,True,0.559,0.531,0.769,49,33,17,240,22
2023,0022300740,2024-02-08,DEN @ LAL,Los Angeles Lakers,LAL,106,False,0.461,0.32,0.727,39,27,7,Denver Nuggets,DEN,114,True,0.485,0.438,0.857,50,33,12,220,8
2023,0022300735,2024-02-08,BKN vs. CLE,Brooklyn Nets,BKN,95,False,0.398,0.4,0.786,34,22,12,Cleveland Cavaliers,CLE,118,True,0.538,0.405,1.0,48,26,15,213,23
2023,0022300736,2024-02-08,NYK vs. DAL,New York Knicks,NYK,108,False,0.447,0.378,0.909,46,27,14,Dallas Mavericks,DAL,122,True,0.524,0.429,0.783,40,30,8,230,14
2023,2022300257,2024-02-08,OKL @ ONT,Ontario Clippers,ONT,110,False,0.4,0.263,0.929,40,22,7,Oklahoma City Blue,OKL,118,True,0.494,0.567,0.786,44,27,15,228,8
2023,0022300737,2024-02-08,MEM vs. CHI,Memphis Grizzlies,MEM,110,False,0.462,0.391,0.615,34,26,9,Chicago Bulls,CHI,118,True,0.544,0.462,0.909,46,24,14,228,8
2023,2022300255,2024-02-08,MNE vs. MCC,Maine Celtics,MNE,112,False,0.495,0.389,0.714,40,19,13,Motor City Cruise,MCC,120,True,0.523,0.433,0.647,45,27,10,232,8
2023,2022300252,2024-02-08,CCG vs. RGV,Capital City Go-Go,CCG,133,True,0.534,0.303,0.895,48,29,23,Rio Grande Valley Vipers,RGV,110,False,0.422,0.206,0.833,40,15,25,243,23
2023,2022300256,2024-02-08,BHM @ WES,Westchester Knicks,WES,105,False,0.404,0.341,0.727,34,26,15,Birmingham Squadron,BHM,141,True,0.543,0.462,1.0,52,37,17,246,36
2023,0022300739,2024-02-08,PHX vs. UTA,Phoenix Suns,PHX,129,True,0.591,0.483,0.688,37,37,12,Utah Jazz,UTA,115,False,0.436,0.343,0.677,52,28,15,244,14
2023,2022300253,2024-02-08,WCB vs. OSC,Windy City Bulls,WCB,113,False,0.464,0.323,0.571,44,25,12,Osceola Magic,OSC,129,True,0.586,0.351,0.529,49,27,18,242,16
2023,0022300738,2024-02-08,MIN @ MIL,Milwaukee Bucks,MIL,105,False,0.494,0.424,0.688,35,35,13,Minnesota Timberwolves,MIN,129,True,0.552,0.512,0.75,43,34,8,234,24
2023,2022300254,2024-02-08,GRG vs. CPS,Grand Rapids Gold,GRG,107,True,0.475,0.4,0.8,45,29,13,College Park Skyhawks,CPS,97,False,0.44,0.414,0.778,41,23,13,204,10
2023,0022300747,2024-02-09,LAL vs. NOP,Los Angeles Lakers,LAL,139,True,0.557,0.452,0.844,32,32,7,New Orleans Pelicans,NOP,122,False,0.517,0.379,0.826,41,28,13,261,17
2023,0022300745,2024-02-09,CHA @ MIL,Milwaukee Bucks,MIL,120,True,0.436,0.346,0.833,53,26,5,Charlotte Hornets,CHA,84,False,0.342,0.241,0.793,48,17,13,204,36
2023,2022300266,2024-02-09,STO vs. FWN,Stockton Kings,STO,125,True,0.602,0.5,0.727,37,18,16,Fort Wayne Mad Ants,FWN,113,False,0.513,0.484,0.833,31,28,18,238,12
2023,2022300259,2024-02-09,AUS @ DEL,Delaware Blue Coats,DEL,125,True,0.484,0.351,0.632,34,24,6,Austin Spurs,AUS,123,False,0.541,0.406,0.722,50,27,22,248,2
2023,2022300260,2024-02-09,LIN @ GBO,Greensboro Swarm,GBO,103,True,0.45,0.432,0.643,47,22,17,Long Island Nets,LIN,96,False,0.493,0.444,0.538,39,24,18,199,7
2023,2022300264,2024-02-09,OSC @ WCB,Windy City Bulls,WCB,101,False,0.396,0.333,0.75,53,24,20,Osceola Magic,OSC,110,True,0.464,0.3,0.625,44,32,16,211,9
2023,0022300746,2024-02-09,SAC vs. DEN,Sacramento Kings,SAC,135,True,0.586,0.5,0.889,42,32,16,Denver Nuggets,DEN,106,False,0.463,0.345,0.714,35,26,20,241,29
2023,0022300744,2024-02-09,TOR vs. HOU,Toronto Raptors,TOR,107,True,0.421,0.303,0.895,41,24,11,Houston Rockets,HOU,104,False,0.447,0.395,0.813,48,22,21,211,3
2023,2022300258,2024-02-09,CLC vs. WIS,Cleveland Charge,CLC,79,False,0.38,0.317,0.5,43,21,14,Wisconsin Herd,WIS,98,True,0.432,0.4,0.6,50,21,14,177,19
2023,0022300743,2024-02-09,WAS @ BOS,Boston Celtics,BOS,133,True,0.522,0.324,0.929,49,25,13,Washington Wizards,WAS,129,False,0.474,0.426,0.905,39,32,12,262,4
2023,2022300261,2024-02-09,WES vs. BHM,Westchester Knicks,WES,139,True,0.505,0.415,0.875,55,30,11,Birmingham Squadron,BHM,128,False,0.48,0.308,0.867,36,29,4,267,11
2023,0022300742,2024-02-09,PHI vs. ATL,Philadelphia 76ers,PHI,121,False,0.429,0.333,0.759,49,24,9,Atlanta Hawks,ATL,127,True,0.519,0.444,0.818,40,31,13,248,6
2023,2022300263,2024-02-09,RCR @ SXF,Sioux Falls Skyforce,SXF,109,True,0.44,0.282,0.75,53,25,17,Rip City Remix,RCR,108,False,0.452,0.293,0.636,42,24,15,217,1
2023,2022300265,2024-02-09,IWA @ SCW,Santa Cruz Warriors,SCW,128,True,0.516,0.395,0.643,45,33,17,Iowa Wolves,IWA,122,False,0.455,0.356,0.8,47,30,18,250,6
2023,2022300262,2024-02-09,MHU vs. TEX,Memphis Hustle,MHU,128,False,0.484,0.342,0.824,44,29,12,Texas Legends,TEX,135,True,0.527,0.439,0.846,43,32,15,263,7
2023,0022300755,2024-02-10,IND @ NYK,New York Knicks,NYK,111,False,0.476,0.313,0.913,32,16,9,Indiana Pacers,IND,125,True,0.61,0.483,0.579,41,30,15,236,14
2023,0022300753,2024-02-10,PHI @ WAS,Washington Wizards,WAS,113,False,0.488,0.371,0.762,39,28,15,Philadelphia 76ers,PHI,119,True,0.48,0.296,0.652,48,28,11,232,6
2023,0022300756,2024-02-10,TOR vs. CLE,Toronto Raptors,TOR,95,False,0.402,0.29,0.696,40,22,11,Cleveland Cavaliers,CLE,119,True,0.522,0.341,0.692,47,36,10,214,24
2023,2022300269,2024-02-10,CCG @ CPS,College Park Skyhawks,CPS,87,False,0.436,0.214,0.7,43,17,27,Capital City Go-Go,CCG,106,True,0.393,0.282,0.889,46,22,21,193,19
2023,2022300274,2024-02-10,SCW vs. IWA,Santa Cruz Warriors,SCW,116,True,0.465,0.422,0.5,52,34,15,Iowa Wolves,IWA,114,False,0.425,0.194,0.8,50,28,12,230,2
2023,0022300748,2024-02-10,DAL vs. OKC,Dallas Mavericks,DAL,146,True,0.582,0.395,0.758,54,30,12,Oklahoma City Thunder,OKC,111,False,0.388,0.362,0.857,40,23,10,257,35
2023,0022300752,2024-02-10,CHI @ ORL,Orlando Magic,ORL,114,True,0.466,0.333,0.731,48,23,15,Chicago Bulls,CHI,108,False,0.434,0.324,0.714,43,21,8,222,6
2023,0022300754,2024-02-10,HOU @ ATL,Atlanta Hawks,ATL,122,True,0.455,0.341,0.757,41,25,11,Houston Rockets,HOU,113,False,0.44,0.302,0.632,58,22,17,235,9
2023,2022300271,2024-02-10,RCR @ SXF,Sioux Falls Skyforce,SXF,103,True,0.425,0.325,0.75,54,27,17,Rip City Remix,RCR,86,False,0.345,0.243,0.6,46,22,17,189,17
2023,0022300751,2024-02-10,CHA vs. MEM,Charlotte Hornets,CHA,115,True,0.573,0.516,0.714,43,30,19,Memphis Grizzlies,MEM,106,False,0.467,0.364,0.5,32,33,12,221,9
2023,2022300268,2024-02-10,DEL vs. AUS,Delaware Blue Coats,DEL,87,False,0.306,0.245,0.813,39,18,9,Austin Spurs,AUS,128,True,0.544,0.485,0.8,55,24,9,215,41
2023,2022300270,2024-02-10,LIN @ GBO,Greensboro Swarm,GBO,102,True,0.492,0.55,0.842,43,23,19,Long Island Nets,LIN,96,False,0.381,0.27,0.778,39,20,11,198,6
2023,0022300750,2024-02-10,BKN vs. SAS,Brooklyn Nets,BKN,123,True,0.563,0.5,0.727,41,31,11,San Antonio Spurs,SAS,103,False,0.396,0.324,0.952,41,20,14,226,20
2023,2022300273,2024-02-10,STO vs. OKL,Stockton Kings,STO,121,True,0.587,0.469,0.688,46,30,20,Oklahoma City Blue,OKL,107,False,0.412,0.378,0.706,36,21,13,228,14
2023,0022300757,2024-02-10,GSW vs. PHX,Golden State Warriors,GSW,113,True,0.446,0.415,0.545,52,33,13,Phoenix Suns,PHX,112,False,0.457,0.324,0.938,42,28,14,225,1
2023,0022300758,2024-02-10,POR vs. NOP,Portland Trail Blazers,POR,84,False,0.434,0.286,0.706,42,19,17,New Orleans Pelicans,NOP,93,True,0.474,0.37,0.688,36,27,12,177,9
2023,2022300267,2024-02-10,MCC @ MNE,Maine Celtics,MNE,106,True,0.427,0.351,0.9,43,25,10,Motor City Cruise,MCC,96,False,0.386,0.364,0.833,48,18,14,202,10
2023,0022300749,2024-02-10,DET @ LAC,LA Clippers,LAC,112,True,0.451,0.333,0.962,35,20,11,Detroit Pistons,DET,106,False,0.441,0.3,1.0,57,27,14,218,6
2023,2022300272,2024-02-10,SLC @ SBL,South Bay Lakers,SBL,103,False,0.425,0.269,0.889,43,26,22,Salt Lake City Stars,SLC,123,True,0.485,0.361,0.857,55,32,15,226,20
2023,2022300278,2024-02-11,ONT @ MXC,Mexico City Capitanes,MXC,95,False,0.421,0.208,1.0,40,19,20,Ontario Clippers,ONT,111,True,0.513,0.545,0.636,32,30,18,206,16
2023,0022300760,2024-02-11,SAC @ OKC,Oklahoma City Thunder,OKC,127,True,0.541,0.481,0.815,36,30,9,Sacramento Kings,SAC,113,False,0.489,0.381,0.692,40,32,18,240,14
2023,2022300275,2024-02-11,GRG vs. WIS,Grand Rapids Gold,GRG,86,False,0.391,0.343,0.571,41,22,12,Wisconsin Herd,WIS,105,True,0.489,0.257,0.25,57,27,9,191,19
2023,0022300759,2024-02-11,BOS @ MIA,Miami Heat,MIA,106,False,0.412,0.3,0.933,45,21,7,Boston Celtics,BOS,110,True,0.506,0.41,0.706,42,27,9,216,4
2023,2022300276,2024-02-11,TEX @ MHU,Memphis Hustle,MHU,137,True,0.564,0.444,0.9,45,34,11,Texas Legends,TEX,120,False,0.478,0.375,0.769,40,25,14,257,17
2023,2022300277,2024-02-11,WCB vs. RAP,Windy City Bulls,WCB,113,True,0.462,0.265,0.917,56,26,14,Raptors 905,RAP,99,False,0.398,0.271,0.706,33,18,14,212,14
2023,0022300766,2024-02-12,NOP @ MEM,Memphis Grizzlies,MEM,87,False,0.42,0.273,0.875,36,28,17,New Orleans Pelicans,NOP,96,True,0.41,0.371,0.792,49,21,17,183,9
2023,0022300765,2024-02-12,HOU vs. NYK,Houston Rockets,HOU,105,True,0.45,0.385,0.697,39,22,11,New York Knicks,NYK,103,False,0.457,0.333,0.583,51,19,16,208,2
2023,0022300770,2024-02-12,MIN @ LAC,LA Clippers,LAC,100,False,0.405,0.321,0.885,36,20,13,Minnesota Timberwolves,MIN,121,True,0.535,0.324,0.947,41,33,11,221,21
2023,0022300769,2024-02-12,UTA vs. GSW,Utah Jazz,UTA,107,False,0.446,0.344,0.875,44,23,17,Golden State Warriors,GSW,129,True,0.48,0.455,0.765,51,31,13,236,22
2023,0022300762,2024-02-12,PHI @ CLE,Cleveland Cavaliers,CLE,121,False,0.478,0.351,0.8,43,33,10,Philadelphia 76ers,PHI,123,True,0.545,0.423,0.842,42,25,10,244,2
2023,0022300764,2024-02-12,TOR vs. SAS,Toronto Raptors,TOR,99,False,0.398,0.258,0.813,47,25,19,San Antonio Spurs,SAS,122,True,0.529,0.367,0.826,46,37,17,221,23
2023,0022300767,2024-02-12,DEN @ MIL,Milwaukee Bucks,MIL,112,True,0.5,0.471,0.667,51,30,12,Denver Nuggets,DEN,95,False,0.383,0.275,0.706,48,24,13,207,17
2023,0022300761,2024-02-12,CHA vs. IND,Charlotte Hornets,CHA,111,True,0.537,0.294,0.813,46,27,16,Indiana Pacers,IND,102,False,0.506,0.267,0.625,32,31,11,213,9
2023,0022300768,2024-02-12,WAS @ DAL,Dallas Mavericks,DAL,112,True,0.448,0.25,0.654,56,27,16,Washington Wizards,WAS,104,False,0.415,0.219,0.6,52,27,15,216,8
2023,0022300763,2024-02-12,ATL vs. CHI,Atlanta Hawks,ATL,126,False,0.468,0.326,0.828,49,33,11,Chicago Bulls,CHI,136,True,0.554,0.464,0.724,43,29,6,262,10
2023,2022300279,2024-02-12,CCG vs. CPS,Capital City Go-Go,CCG,101,False,0.442,0.333,0.737,32,16,13,College Park Skyhawks,CPS,121,True,0.553,0.515,0.688,47,28,16,222,20
2023,2022300280,2024-02-12,GLI vs. FWN,G League Ignite,GLI,123,True,0.544,0.571,0.611,39,21,12,Fort Wayne Mad Ants,FWN,114,False,0.463,0.417,0.889,41,22,13,237,9
2023,0022300772,2024-02-13,OKC @ ORL,Orlando Magic,ORL,113,False,0.451,0.306,0.8,48,29,16,Oklahoma City Thunder,OKC,127,True,0.548,0.406,0.917,31,28,11,240,14
2023,0022300774,2024-02-13,SAC @ PHX,Phoenix Suns,PHX,130,True,0.518,0.419,0.806,39,29,12,Sacramento Kings,SAC,125,False,0.516,0.29,0.75,50,27,13,255,5
2023,0022300771,2024-02-13,BKN vs. BOS,Brooklyn Nets,BKN,110,False,0.494,0.455,0.654,37,28,12,Boston Celtics,BOS,118,True,0.518,0.405,0.739,39,31,13,228,8
2023,2022300288,2024-02-13,FWN @ GLI,G League Ignite,GLI,109,False,0.443,0.25,0.692,49,16,10,Fort Wayne Mad Ants,FWN,116,True,0.533,0.353,0.4,46,32,17,225,7
2023,0022300775,2024-02-13,POR vs. MIN,Portland Trail Blazers,POR,109,False,0.448,0.379,0.8,44,26,16,Minnesota Timberwolves,MIN,121,True,0.464,0.394,0.882,41,24,12,230,12
2023,2022300287,2024-02-13,RCR vs. IWA,Rip City Remix,RCR,111,False,0.466,0.292,0.556,50,26,21,Iowa Wolves,IWA,113,True,0.455,0.278,0.824,42,28,18,224,2
2023,2022300282,2024-02-13,GRG @ MCC,Motor City Cruise,MCC,127,True,0.44,0.522,0.846,47,33,11,Grand Rapids Gold,GRG,121,False,0.462,0.432,0.895,47,27,19,248,6
2023,0022300776,2024-02-13,LAL vs. DET,Los Angeles Lakers,LAL,125,True,0.512,0.4,0.833,47,32,15,Detroit Pistons,DET,111,False,0.417,0.286,0.765,50,30,10,236,14
2023,2022300283,2024-02-13,GBO @ RAP,Raptors 905,RAP,106,False,0.477,0.243,0.875,47,26,21,Greensboro Swarm,GBO,116,True,0.489,0.438,0.667,39,26,12,222,10
2023,2022300285,2024-02-13,ONT @ MXC,Mexico City Capitanes,MXC,115,True,0.444,0.452,0.682,50,20,10,Ontario Clippers,ONT,109,False,0.451,0.324,0.778,44,19,12,224,6
2023,0022300773,2024-02-13,MIL vs. MIA,Milwaukee Bucks,MIL,97,False,0.446,0.333,0.909,38,24,18,Miami Heat,MIA,123,True,0.517,0.475,0.778,47,34,14,220,26
2023,2022300281,2024-02-13,DEL @ LIN,Long Island Nets,LIN,114,False,0.381,0.278,0.826,52,20,19,Delaware Blue Coats,DEL,120,True,0.544,0.385,0.652,39,26,19,234,6
2023,2022300284,2024-02-13,OKL vs. SXF,Oklahoma City Blue,OKL,103,False,0.458,0.207,0.7,57,28,18,Sioux Falls Skyforce,SXF,122,True,0.395,0.404,0.875,60,24,9,225,19
2023,2022300286,2024-02-13,MHU @ SLC,Salt Lake City Stars,SLC,127,True,0.51,0.383,0.6,48,33,12,Memphis Hustle,MHU,116,False,0.494,0.379,0.833,35,26,10,243,11
2023,0022300787,2024-02-14,DET @ PHX,Phoenix Suns,PHX,116,True,0.455,0.323,0.818,54,28,23,Detroit Pistons,DET,100,False,0.384,0.27,0.636,48,26,19,216,16
2023,0022300777,2024-02-14,CHA vs. ATL,Charlotte Hornets,CHA,122,True,0.494,0.405,0.95,46,27,12,Atlanta Hawks,ATL,99,False,0.404,0.237,0.9,45,23,16,221,23
2023,2022300293,2024-02-14,STO @ SBL,South Bay Lakers,SBL,101,False,0.44,0.313,0.667,48,24,17,Stockton Kings,STO,106,True,0.468,0.182,0.727,53,29,16,207,5
2023,0022300780,2024-02-14,BOS vs. BKN,Boston Celtics,BOS,136,True,0.571,0.489,0.833,51,32,8,Brooklyn Nets,BKN,86,False,0.383,0.323,0.933,31,27,11,222,50
2023,0022300786,2024-02-14,DEN vs. SAC,Denver Nuggets,DEN,98,False,0.393,0.346,0.864,45,27,12,Sacramento Kings,SAC,102,True,0.438,0.273,0.789,48,21,14,200,4
2023,0022300781,2024-02-14,CLE vs. CHI,Cleveland Cavaliers,CLE,108,True,0.482,0.324,0.762,36,31,8,Chicago Bulls,CHI,105,False,0.458,0.424,0.882,44,18,14,213,3
2023,0022300785,2024-02-14,SAS @ DAL,Dallas Mavericks,DAL,116,True,0.533,0.367,0.7,55,28,15,San Antonio Spurs,SAS,93,False,0.36,0.25,0.733,44,29,11,209,23
2023,2022300291,2024-02-14,WES vs. CCG,Westchester Knicks,WES,99,False,0.36,0.275,0.684,48,21,12,Capital City Go-Go,CCG,115,True,0.473,0.259,0.824,51,31,9,214,16
2023,2022300289,2024-02-14,GRG vs. CLC,Grand Rapids Gold,GRG,94,False,0.393,0.395,0.727,40,20,20,Cleveland Charge,CLC,117,True,0.483,0.34,0.833,53,29,16,211,23
2023,0022300783,2024-02-14,MEM vs. HOU,Memphis Grizzlies,MEM,121,True,0.494,0.429,0.683,46,27,11,Houston Rockets,HOU,113,False,0.412,0.306,0.643,56,20,9,234,8
2023,0022300788,2024-02-14,UTA vs. LAL,Utah Jazz,UTA,122,False,0.485,0.311,0.769,44,29,13,Los Angeles Lakers,LAL,138,True,0.571,0.452,0.833,37,34,9,260,16
2023,0022300778,2024-02-14,ORL vs. NYK,Orlando Magic,ORL,118,True,0.632,0.462,0.909,34,25,12,New York Knicks,NYK,100,False,0.417,0.379,0.792,34,15,10,218,18
2023,2022300123,2024-02-14,SXF @ TEX,Texas Legends,TEX,136,True,0.551,0.417,0.714,41,22,14,Sioux Falls Skyforce,SXF,129,False,0.448,0.409,0.667,51,28,14,265,7
2023,2022300290,2024-02-14,WCB @ MNE,Maine Celtics,MNE,111,True,0.5,0.436,0.727,31,29,13,Windy City Bulls,WCB,102,False,0.5,0.345,0.833,41,24,20,213,9
2023,0022300779,2024-02-14,PHI vs. MIA,Philadelphia 76ers,PHI,104,False,0.477,0.286,0.75,39,29,14,Miami Heat,MIA,109,True,0.477,0.314,0.933,43,27,13,213,5
2023,2022300292,2024-02-14,RGV vs. AUS,Rio Grande Valley Vipers,RGV,104,False,0.363,0.295,0.75,41,28,15,Austin Spurs,AUS,122,True,0.554,0.361,0.667,55,33,25,226,18
2023,0022300789,2024-02-14,LAC @ GSW,Golden State Warriors,GSW,125,False,0.456,0.383,0.722,47,34,9,LA Clippers,LAC,130,True,0.5,0.342,0.784,48,28,12,255,5
2023,0022300782,2024-02-14,TOR vs. IND,Toronto Raptors,TOR,125,False,0.51,0.231,0.731,56,30,15,Indiana Pacers,IND,127,True,0.485,0.415,0.696,39,32,8,252,2
2023,0022300784,2024-02-14,WAS @ NOP,New Orleans Pelicans,NOP,133,True,0.562,0.313,0.793,39,36,10,Washington Wizards,WAS,126,False,0.478,0.467,0.85,42,35,19,259,7
2023,2022300294,2024-02-15,RAP vs. GBO,Raptors 905,RAP,102,True,0.408,0.242,0.643,57,21,15,Greensboro Swarm,GBO,100,False,0.34,0.222,0.947,57,20,16,202,2
2023,0022300791,2024-02-15,MIN @ POR,Portland Trail Blazers,POR,91,False,0.373,0.276,0.7,35,18,15,Minnesota Timberwolves,MIN,128,True,0.517,0.367,0.926,52,24,13,219,37
2023,2022300296,2024-02-15,MHU @ SLC,Salt Lake City Stars,SLC,119,False,0.402,0.238,0.857,50,23,16,Memphis Hustle,MHU,126,True,0.455,0.385,0.867,50,28,13,245,7
2023,2022300295,2024-02-15,CPS vs. BHM,College Park Skyhawks,CPS,111,True,0.43,0.347,0.923,49,29,15,Birmingham Squadron,BHM,93,False,0.42,0.182,0.667,39,20,17,204,18
2023,0022300576,2024-02-15,UTA vs. GSW,Utah Jazz,UTA,137,False,0.462,0.449,0.906,48,33,16,Golden State Warriors,GSW,140,True,0.533,0.476,0.786,41,42,13,277,3
2023,0022300790,2024-02-15,MIL @ MEM,Memphis Grizzlies,MEM,113,True,0.53,0.5,0.632,40,30,16,Milwaukee Bucks,MIL,110,False,0.467,0.25,0.75,44,24,13,223,3
2023,0022300798,2024-02-22,HOU @ NOP,New Orleans Pelicans,NOP,127,True,0.521,0.39,0.611,43,35,13,Houston Rockets,HOU,105,False,0.439,0.366,0.643,44,27,22,232,22
2023,2022300297,2024-02-22,DEL vs. GRG,Delaware Blue Coats,DEL,126,True,0.484,0.342,0.667,43,28,11,Grand Rapids Gold,GRG,115,False,0.494,0.474,0.667,45,28,22,241,11
2023,2022300303,2024-02-22,SBL vs. SXF,South Bay Lakers,SBL,113,True,0.467,0.389,0.444,47,27,9,Sioux Falls Skyforce,SXF,108,False,0.383,0.25,0.643,57,18,17,221,5
2023,2022300302,2024-02-22,MNE @ BHM,Birmingham Squadron,BHM,127,True,0.505,0.343,0.867,45,29,10,Maine Celtics,MNE,125,False,0.505,0.39,0.727,41,29,10,252,2
2023,0022300799,2024-02-22,OKC vs. LAC,Oklahoma City Thunder,OKC,129,True,0.556,0.486,0.706,44,24,12,LA Clippers,LAC,107,False,0.452,0.375,0.846,42,27,14,236,22
2023,0022300795,2024-02-22,TOR vs. BKN,Toronto Raptors,TOR,121,True,0.488,0.452,0.833,45,24,10,Brooklyn Nets,BKN,93,False,0.413,0.297,0.727,39,19,19,214,28
2023,0022300801,2024-02-22,UTA vs. CHA,Utah Jazz,UTA,107,False,0.43,0.231,0.889,54,26,19,Charlotte Hornets,CHA,115,True,0.435,0.476,0.682,42,28,9,222,8
2023,0022300803,2024-02-22,SAS @ SAC,Sacramento Kings,SAC,127,True,0.559,0.394,0.714,42,29,10,San Antonio Spurs,SAS,122,False,0.51,0.44,0.688,42,37,8,249,5
2023,0022300793,2024-02-22,IND vs. DET,Indiana Pacers,IND,129,True,0.532,0.433,0.842,42,36,13,Detroit Pistons,DET,115,False,0.528,0.4,0.5,41,27,15,244,14
2023,0022300802,2024-02-22,GSW vs. LAL,Golden State Warriors,GSW,128,True,0.467,0.39,0.857,48,32,9,Los Angeles Lakers,LAL,110,False,0.489,0.286,0.667,41,28,11,238,18
2023,0022300797,2024-02-22,CHI vs. BOS,Chicago Bulls,CHI,112,False,0.468,0.357,0.875,45,30,13,Boston Celtics,BOS,129,True,0.542,0.489,0.762,36,27,13,241,17
2023,0022300796,2024-02-22,DAL vs. PHX,Dallas Mavericks,DAL,123,True,0.478,0.432,0.857,39,24,10,Phoenix Suns,PHX,113,False,0.482,0.417,0.75,41,20,16,236,10
2023,2022300301,2024-02-22,WIS vs. RCR,Wisconsin Herd,WIS,104,False,0.452,0.406,0.727,48,26,15,Rip City Remix,RCR,116,True,0.455,0.358,0.5,46,27,10,220,12
2023,2022300300,2024-02-22,WCB @ WES,Westchester Knicks,WES,84,False,0.348,0.171,0.667,47,15,12,Windy City Bulls,WCB,98,True,0.455,0.292,0.5,50,29,13,182,14
2023,0022300794,2024-02-22,NYK @ PHI,Philadelphia 76ers,PHI,96,False,0.44,0.345,0.857,38,23,18,New York Knicks,NYK,110,True,0.481,0.441,0.704,45,24,15,206,14
2023,0022300792,2024-02-22,ORL @ CLE,Cleveland Cavaliers,CLE,109,False,0.557,0.455,0.808,33,31,17,Orlando Magic,ORL,116,True,0.512,0.56,0.889,33,26,13,225,7
2023,2022300298,2024-02-22,CPS @ FWN,Fort Wayne Mad Ants,FWN,131,True,0.576,0.409,0.85,40,36,13,College Park Skyhawks,CPS,124,False,0.483,0.439,0.833,32,30,12,255,7
2023,0022300800,2024-02-22,WAS @ DEN,Denver Nuggets,DEN,130,True,0.554,0.226,0.733,60,41,16,Washington Wizards,WAS,110,False,0.385,0.447,0.565,40,30,14,240,20
2023,2022300299,2024-02-22,LIN vs. MXC,Long Island Nets,LIN,122,True,0.519,0.548,0.64,47,29,23,Mexico City Capitanes,MXC,115,False,0.396,0.303,0.9,51,23,17,237,7
2023,0022300809,2024-02-23,OKC vs. WAS,Oklahoma City Thunder,OKC,147,True,0.598,0.5,0.81,56,30,15,Washington Wizards,WAS,106,False,0.394,0.237,0.714,43,20,14,253,41
2023,0022300811,2024-02-23,GSW vs. CHA,Golden State Warriors,GSW,97,True,0.427,0.31,0.8,53,28,21,Charlotte Hornets,CHA,84,False,0.364,0.282,0.818,43,21,18,181,13
2023,2022300305,2024-02-23,CCG @ CLC,Cleveland Charge,CLC,107,False,0.456,0.293,0.833,36,24,17,Capital City Go-Go,CCG,120,True,0.494,0.406,0.706,57,24,20,227,13
2023,0022300807,2024-02-23,MEM vs. LAC,Memphis Grizzlies,MEM,95,False,0.418,0.229,0.688,41,26,12,LA Clippers,LAC,101,True,0.44,0.375,0.882,51,20,20,196,6
2023,2022300307,2024-02-23,MCC @ GBO,Greensboro Swarm,GBO,115,True,0.5,0.469,0.667,49,25,14,Motor City Cruise,MCC,98,False,0.411,0.316,0.6,47,25,17,213,17
2023,0022300805,2024-02-23,PHI vs. CLE,Philadelphia 76ers,PHI,104,True,0.444,0.414,0.8,51,20,9,Cleveland Cavaliers,CLE,97,False,0.425,0.296,0.677,43,24,10,201,7
2023,0022300806,2024-02-23,HOU vs. PHX,Houston Rockets,HOU,114,True,0.398,0.333,0.735,54,25,14,Phoenix Suns,PHX,110,False,0.4,0.226,0.771,58,23,10,224,4
2023,2022300309,2024-02-23,IWA vs. RGV,Iowa Wolves,IWA,117,True,0.433,0.351,0.8,45,26,25,Rio Grande Valley Vipers,RGV,114,False,0.474,0.286,0.538,51,26,31,231,3
2023,2022300306,2024-02-23,DEL vs. GRG,Delaware Blue Coats,DEL,130,True,0.518,0.375,0.75,40,29,15,Grand Rapids Gold,GRG,112,False,0.477,0.241,0.8,45,24,17,242,18
2023,0022300808,2024-02-23,MIN vs. MIL,Minnesota Timberwolves,MIN,107,False,0.439,0.371,0.615,52,23,13,Milwaukee Bucks,MIL,112,True,0.471,0.351,0.68,47,24,10,219,5
2023,2022300313,2024-02-23,SCW vs. RAP,Santa Cruz Warriors,SCW,109,False,0.398,0.306,0.65,62,21,16,Raptors 905,RAP,114,True,0.43,0.387,0.48,57,26,12,223,5
2023,2022300310,2024-02-23,STO @ TEX,Texas Legends,TEX,135,True,0.49,0.417,0.889,45,27,9,Stockton Kings,STO,133,False,0.49,0.405,0.786,52,33,10,268,2
2023,2022300308,2024-02-23,BHM vs. MNE,Birmingham Squadron,BHM,99,True,0.437,0.333,0.563,43,22,11,Maine Celtics,MNE,98,False,0.424,0.265,0.647,51,23,17,197,1
2023,2022300304,2024-02-23,OKL vs. AUS,Oklahoma City Blue,OKL,120,True,0.417,0.4,0.769,51,29,15,Austin Spurs,AUS,101,False,0.415,0.342,0.667,41,24,19,221,19
2023,2022300312,2024-02-23,GLI vs. OSC,G League Ignite,GLI,113,False,0.462,0.407,0.75,41,28,15,Osceola Magic,OSC,124,True,0.5,0.297,0.846,49,27,19,237,11
2023,0022300810,2024-02-23,NOP vs. MIA,New Orleans Pelicans,NOP,95,False,0.375,0.219,0.769,54,20,11,Miami Heat,MIA,106,True,0.463,0.448,0.68,46,20,14,201,11
2023,2022300311,2024-02-23,SLC vs. ONT,Salt Lake City Stars,SLC,120,True,0.435,0.31,0.714,55,24,13,Ontario Clippers,ONT,117,False,0.438,0.289,0.692,54,19,14,237,3
2023,0022300813,2024-02-23,SAS @ LAL,Los Angeles Lakers,LAL,123,True,0.516,0.407,0.778,46,28,12,San Antonio Spurs,SAS,118,False,0.438,0.395,0.826,47,33,14,241,5
2023,0022300812,2024-02-23,DEN @ POR,Portland Trail Blazers,POR,112,False,0.455,0.32,0.667,45,25,10,Denver Nuggets,DEN,127,True,0.588,0.394,0.636,45,38,12,239,15
2023,0022300804,2024-02-23,ATL vs. TOR,Atlanta Hawks,ATL,121,False,0.434,0.308,0.708,54,27,9,Toronto Raptors,TOR,123,True,0.49,0.385,1.0,47,37,11,244,2
2023,2022300318,2024-02-24,RCR @ WIS,Wisconsin Herd,WIS,106,False,0.418,0.293,0.714,43,24,17,Rip City Remix,RCR,109,True,0.464,0.351,0.3,53,31,18,215,3
2023,2022300315,2024-02-24,CLC vs. CCG,Cleveland Charge,CLC,128,True,0.541,0.475,1.0,45,27,13,Capital City Go-Go,CCG,111,False,0.494,0.393,0.643,34,25,6,239,17
2023,0022300814,2024-02-24,ORL @ DET,Detroit Pistons,DET,109,False,0.506,0.452,0.692,36,29,12,Orlando Magic,ORL,112,True,0.494,0.5,0.667,46,25,10,221,3
2023,0022300816,2024-02-24,BOS @ NYK,New York Knicks,NYK,102,False,0.451,0.342,0.938,39,21,13,Boston Celtics,BOS,116,True,0.568,0.429,0.75,36,27,7,218,14
2023,2022300320,2024-02-24,SCW vs. RAP,Santa Cruz Warriors,SCW,112,False,0.404,0.327,1.0,50,28,14,Raptors 905,RAP,118,True,0.468,0.257,0.625,55,22,16,230,6
2023,2022300317,2024-02-24,FWN @ WCB,Windy City Bulls,WCB,106,True,0.475,0.276,0.929,43,24,15,Fort Wayne Mad Ants,FWN,97,False,0.386,0.267,0.538,44,18,15,203,9
2023,2022300319,2024-02-24,STO @ TEX,Texas Legends,TEX,100,False,0.42,0.333,0.692,40,22,14,Stockton Kings,STO,110,True,0.5,0.382,0.643,51,29,17,210,10
2023,2022300316,2024-02-24,CPS @ GBO,Greensboro Swarm,GBO,115,True,0.582,0.483,0.857,42,33,21,College Park Skyhawks,CPS,102,False,0.43,0.462,1.0,31,24,17,217,13
2023,0022300815,2024-02-24,BKN @ MIN,Minnesota Timberwolves,MIN,101,True,0.429,0.316,0.739,51,22,12,Brooklyn Nets,BKN,86,False,0.337,0.171,0.909,56,20,11,187,15
2023,2022300314,2024-02-24,MXC @ LIN,Long Island Nets,LIN,112,True,0.481,0.357,0.737,51,26,18,Mexico City Capitanes,MXC,93,False,0.355,0.241,0.917,45,17,14,205,19
2023,2022300323,2024-02-25,DEL vs. MCC,Delaware Blue Coats,DEL,119,True,0.438,0.306,0.81,46,23,16,Motor City Cruise,MCC,116,False,0.494,0.4,0.938,42,25,23,235,3
2023,0022300823,2024-02-25,NOP vs. CHI,New Orleans Pelicans,NOP,106,False,0.455,0.39,0.714,49,25,19,Chicago Bulls,CHI,114,True,0.432,0.325,0.905,49,29,9,220,8
2023,2022300325,2024-02-25,SXF @ ONT,Ontario Clippers,ONT,119,True,0.454,0.341,0.667,55,28,13,Sioux Falls Skyforce,SXF,106,False,0.451,0.237,0.692,46,23,14,225,13
2023,2022300322,2024-02-25,MHU vs. BHM,Memphis Hustle,MHU,112,False,0.488,0.438,0.909,35,23,17,Birmingham Squadron,BHM,124,True,0.494,0.5,0.867,43,30,16,236,12
2023,0022300825,2024-02-25,UTA vs. SAS,Utah Jazz,UTA,128,True,0.511,0.486,0.864,38,36,17,San Antonio Spurs,SAS,109,False,0.462,0.419,0.632,46,34,20,237,19
2023,0022300827,2024-02-25,LAC vs. SAC,LA Clippers,LAC,107,False,0.488,0.296,0.95,39,23,15,Sacramento Kings,SAC,123,True,0.495,0.405,0.818,41,29,10,230,16
2023,2022300321,2024-02-25,WES @ MNE,Maine Celtics,MNE,130,True,0.516,0.324,0.846,60,28,18,Westchester Knicks,WES,100,False,0.382,0.273,0.778,38,22,14,230,30
2023,2022300324,2024-02-25,GLI vs. SBL,G League Ignite,GLI,117,False,0.478,0.441,0.667,40,26,14,South Bay Lakers,SBL,124,True,0.518,0.452,0.846,40,26,18,241,7
2023,0022300826,2024-02-25,CHA @ POR,Portland Trail Blazers,POR,80,False,0.347,0.094,0.688,56,14,15,Charlotte Hornets,CHA,93,True,0.493,0.292,0.706,41,24,14,173,13
2023,0022300820,2024-02-25,CLE @ WAS,Washington Wizards,WAS,105,False,0.444,0.3,0.722,40,29,9,Cleveland Cavaliers,CLE,114,True,0.506,0.313,0.741,47,35,10,219,9
2023,0022300821,2024-02-25,ATL vs. ORL,Atlanta Hawks,ATL,109,True,0.456,0.414,0.882,44,31,9,Orlando Magic,ORL,92,False,0.417,0.368,0.444,51,23,18,201,17
2023,0022300817,2024-02-25,PHI vs. MIL,Philadelphia 76ers,PHI,98,False,0.371,0.348,0.909,41,24,10,Milwaukee Bucks,MIL,119,True,0.544,0.486,0.833,47,32,18,217,21
2023,0022300822,2024-02-25,OKC @ HOU,Houston Rockets,HOU,110,False,0.409,0.39,0.783,50,18,18,Oklahoma City Thunder,OKC,123,True,0.474,0.486,0.933,48,30,9,233,13
2023,0022300824,2024-02-25,GSW vs. DEN,Golden State Warriors,GSW,103,False,0.432,0.324,0.759,42,27,17,Denver Nuggets,DEN,119,True,0.489,0.344,0.846,45,29,10,222,16
2023,0022300818,2024-02-25,PHX vs. LAL,Phoenix Suns,PHX,123,True,0.473,0.425,0.947,51,32,12,Los Angeles Lakers,LAL,113,False,0.522,0.429,0.5,34,28,10,236,10
2023,0022300819,2024-02-25,IND vs. DAL,Indiana Pacers,IND,133,True,0.559,0.389,0.882,46,38,12,Dallas Mavericks,DAL,111,False,0.471,0.452,0.714,38,15,15,244,22
2023,0022300829,2024-02-26,IND vs. TOR,Indiana Pacers,IND,122,False,0.46,0.31,0.739,43,27,10,Toronto Raptors,TOR,130,True,0.552,0.429,0.706,45,35,11,252,8
2023,0022300828,2024-02-26,DET @ NYK,New York Knicks,NYK,113,True,0.446,0.385,0.762,44,31,14,Detroit Pistons,DET,111,False,0.481,0.467,0.808,42,25,17,224,2
2023,0022300830,2024-02-26,MEM vs. BKN,Memphis Grizzlies,MEM,86,False,0.387,0.269,0.808,40,16,14,Brooklyn Nets,BKN,111,True,0.489,0.357,0.571,46,32,8,197,25
2023,2022300328,2024-02-26,SLC vs. OSC,Salt Lake City Stars,SLC,111,False,0.423,0.289,0.5,64,29,17,Osceola Magic,OSC,113,True,0.457,0.233,0.714,47,28,13,224,2
2023,2022300327,2024-02-26,AUS @ OKL,Oklahoma City Blue,OKL,126,True,0.457,0.385,0.882,53,29,18,Austin Spurs,AUS,106,False,0.407,0.222,0.739,44,17,16,232,20
2023,2022300326,2024-02-26,MXC @ CCG,Capital City Go-Go,CCG,135,True,0.523,0.459,0.9,41,33,14,Mexico City Capitanes,MXC,113,False,0.447,0.345,0.882,42,20,19,248,22
2023,0022300831,2024-02-26,MIA @ SAC,Sacramento Kings,SAC,110,False,0.529,0.406,0.583,41,30,15,Miami Heat,MIA,121,True,0.517,0.367,0.8,39,27,11,231,11
2023,2022300329,2024-02-27,GRG @ FWN,Fort Wayne Mad Ants,FWN,122,True,0.427,0.37,0.75,57,26,13,Grand Rapids Gold,GRG,110,False,0.432,0.349,0.636,47,22,17,232,12
2023,0022300836,2024-02-27,BOS vs. PHI,Boston Celtics,BOS,117,True,0.527,0.227,0.919,56,21,14,Philadelphia 76ers,PHI,99,False,0.394,0.333,0.917,28,20,9,216,18
2023,2022300330,2024-02-27,GLI @ TEX,Texas Legends,TEX,132,True,0.544,0.385,0.909,35,32,11,G League Ignite,GLI,111,False,0.429,0.276,0.824,47,32,17,243,21
2023,2022300333,2024-02-27,SXF @ SBL,South Bay Lakers,SBL,120,False,0.417,0.353,0.588,40,28,11,Sioux Falls Skyforce,SXF,122,True,0.458,0.471,0.647,63,24,24,242,2
2023,0022300842,2024-02-27,MIA @ POR,Portland Trail Blazers,POR,96,False,0.407,0.323,0.842,40,24,17,Miami Heat,MIA,106,True,0.529,0.538,0.692,34,29,18,202,10
2023,2022300332,2024-02-27,RCR vs. RAP,Rip City Remix,RCR,125,False,0.49,0.383,0.667,43,29,15,Raptors 905,RAP,135,True,0.57,0.5,0.813,37,38,18,260,10
2023,0022300832,2024-02-27,CLE vs. DAL,Cleveland Cavaliers,CLE,121,True,0.53,0.5,0.722,47,35,16,Dallas Mavericks,DAL,119,False,0.527,0.424,0.6,36,23,5,240,2
2023,0022300834,2024-02-27,GSW @ WAS,Washington Wizards,WAS,112,False,0.495,0.343,0.8,41,34,20,Golden State Warriors,GSW,123,True,0.5,0.457,0.727,44,39,18,235,11
2023,0022300835,2024-02-27,ATL vs. UTA,Atlanta Hawks,ATL,124,True,0.495,0.375,0.87,55,27,17,Utah Jazz,UTA,97,False,0.372,0.289,0.842,43,24,17,221,27
2023,0022300839,2024-02-27,CHI vs. DET,Chicago Bulls,CHI,95,False,0.398,0.069,0.833,39,22,6,Detroit Pistons,DET,105,True,0.493,0.378,0.739,47,22,18,200,10
2023,0022300840,2024-02-27,MIL vs. CHA,Milwaukee Bucks,MIL,123,True,0.517,0.4,0.833,51,29,9,Charlotte Hornets,CHA,85,False,0.37,0.275,0.824,37,24,13,208,38
2023,0022300838,2024-02-27,MIN vs. SAS,Minnesota Timberwolves,MIN,114,True,0.462,0.419,0.882,46,28,14,San Antonio Spurs,SAS,105,False,0.476,0.39,0.733,41,28,22,219,9
2023,0022300837,2024-02-27,NOP @ NYK,New York Knicks,NYK,92,False,0.373,0.304,0.696,38,27,11,New Orleans Pelicans,NOP,115,True,0.506,0.529,0.826,44,23,14,207,23
2023,0022300841,2024-02-27,HOU @ OKC,Oklahoma City Thunder,OKC,112,True,0.473,0.37,0.778,55,19,13,Houston Rockets,HOU,95,False,0.389,0.231,0.667,46,22,15,207,17
2023,0022300833,2024-02-27,ORL vs. BKN,Orlando Magic,ORL,108,True,0.527,0.36,0.84,38,20,17,Brooklyn Nets,BKN,81,False,0.392,0.258,0.786,35,18,20,189,27
2023,2022300331,2024-02-27,OSC @ SLC,Salt Lake City Stars,SLC,113,False,0.483,0.417,0.583,44,33,20,Osceola Magic,OSC,131,True,0.531,0.4,0.75,48,28,15,244,18
2023,2022300337,2024-02-28,CPS vs. CLC,College Park Skyhawks,CPS,100,True,0.437,0.4,0.857,45,30,13,Cleveland Charge,CLC,82,False,0.4,0.294,0.636,45,16,24,182,18
2023,0022300847,2024-02-28,SAC @ DEN,Denver Nuggets,DEN,117,True,0.535,0.429,0.909,43,35,15,Sacramento Kings,SAC,96,False,0.4,0.343,0.615,43,28,14,213,21
2023,2022300336,2024-02-28,WIS @ CCG,Capital City Go-Go,CCG,120,True,0.558,0.5,0.824,40,17,17,Wisconsin Herd,WIS,115,False,0.517,0.484,0.545,32,26,14,235,5
2023,0022300843,2024-02-28,NOP @ IND,Indiana Pacers,IND,123,True,0.49,0.368,1.0,50,34,8,New Orleans Pelicans,NOP,114,False,0.467,0.379,0.826,40,26,10,237,9
2023,2022300338,2024-02-28,DEL @ GBO,Greensboro Swarm,GBO,131,False,0.526,0.448,0.813,49,31,16,Delaware Blue Coats,DEL,133,True,0.526,0.294,0.739,42,27,13,264,2
2023,2022300340,2024-02-28,MHU @ MXC,Mexico City Capitanes,MXC,132,True,0.553,0.488,0.9,48,28,17,Memphis Hustle,MHU,98,False,0.434,0.273,0.6,34,18,14,230,34
2023,0022300844,2024-02-28,TOR vs. DAL,Toronto Raptors,TOR,125,False,0.469,0.371,0.667,44,34,11,Dallas Mavericks,DAL,136,True,0.542,0.349,0.81,50,32,14,261,11
2023,0022300845,2024-02-28,MEM @ MIN,Minnesota Timberwolves,MIN,110,True,0.494,0.4,0.818,39,29,13,Memphis Grizzlies,MEM,101,False,0.387,0.297,0.9,50,23,14,211,9
2023,2022300334,2024-02-28,SCW @ OKL,Oklahoma City Blue,OKL,116,False,0.469,0.415,0.857,42,22,14,Santa Cruz Warriors,SCW,121,True,0.462,0.423,0.692,48,29,17,237,5
2023,2022300339,2024-02-28,TEX vs. GLI,Texas Legends,TEX,117,True,0.478,0.378,0.727,44,25,15,G League Ignite,GLI,102,False,0.484,0.241,0.3,44,31,13,219,15
2023,2022300335,2024-02-28,RGV @ STO,Stockton Kings,STO,91,False,0.367,0.205,0.625,60,21,28,Rio Grande Valley Vipers,RGV,119,True,0.5,0.229,0.615,48,37,14,210,28
2023,0022300848,2024-02-28,LAC vs. LAL,LA Clippers,LAC,112,False,0.506,0.27,0.75,36,29,12,Los Angeles Lakers,LAL,116,True,0.547,0.389,0.8,39,28,15,228,4
2023,0022300846,2024-02-28,CLE @ CHI,Chicago Bulls,CHI,132,True,0.4,0.351,0.816,74,29,16,Cleveland Cavaliers,CLE,123,False,0.433,0.407,0.579,39,37,12,255,9
2023,2022300345,2024-02-29,WCB vs. RAP,Windy City Bulls,WCB,124,True,0.495,0.421,0.875,43,34,10,Raptors 905,RAP,119,False,0.494,0.487,0.667,40,32,17,243,5
2023,0022300853,2024-02-29,SAS vs. OKC,San Antonio Spurs,SAS,132,True,0.527,0.487,0.85,45,39,11,Oklahoma City Thunder,OKC,118,False,0.494,0.29,0.955,37,20,10,250,14
2023,0022300854,2024-02-29,HOU @ PHX,Phoenix Suns,PHX,110,True,0.404,0.351,0.676,51,20,14,Houston Rockets,HOU,105,False,0.333,0.244,0.903,58,14,12,215,5
2023,2022300342,2024-02-29,ONT vs. SXF,Ontario Clippers,ONT,111,False,0.402,0.3,0.733,41,27,10,Sioux Falls Skyforce,SXF,119,True,0.542,0.419,0.667,49,28,17,230,8
2023,0022300850,2024-02-29,UTA @ ORL,Orlando Magic,ORL,115,True,0.545,0.333,0.677,45,27,15,Utah Jazz,UTA,107,False,0.425,0.432,0.821,37,25,13,222,8
2023,2022300341,2024-02-29,AUS vs. SBL,Austin Spurs,AUS,131,True,0.558,0.536,0.929,47,27,23,South Bay Lakers,SBL,126,False,0.517,0.4,0.882,29,19,16,257,5
2023,2022300347,2024-02-29,MHU @ MXC,Mexico City Capitanes,MXC,101,False,0.436,0.37,0.889,37,23,23,Memphis Hustle,MHU,110,True,0.446,0.36,0.808,45,20,18,211,9
2023,2022300344,2024-02-29,FWN @ MCC,Motor City Cruise,MCC,110,False,0.449,0.325,0.714,41,24,11,Fort Wayne Mad Ants,FWN,118,True,0.529,0.333,0.824,47,22,13,228,8
2023,2022300346,2024-02-29,SCW @ OKL,Oklahoma City Blue,OKL,160,True,0.545,0.481,0.692,53,44,7,Santa Cruz Warriors,SCW,107,False,0.374,0.196,0.875,52,21,17,267,53
2023,0022300852,2024-02-29,NYK vs. GSW,New York Knicks,NYK,99,False,0.368,0.308,0.708,56,23,12,Golden State Warriors,GSW,110,True,0.449,0.318,0.5,53,26,11,209,11
2023,2022300343,2024-02-29,GRG @ LIN,Long Island Nets,LIN,92,False,0.386,0.2,0.647,42,25,9,Grand Rapids Gold,GRG,101,True,0.427,0.343,0.667,56,25,14,193,9
2023,0022300849,2024-02-29,CHA vs. MIL,Charlotte Hornets,CHA,99,False,0.439,0.308,0.75,42,24,13,Milwaukee Bucks,MIL,111,True,0.453,0.41,0.85,44,21,7,210,12
2023,0022300856,2024-02-29,LAL vs. WAS,Los Angeles Lakers,LAL,134,True,0.525,0.348,0.833,45,30,11,Washington Wizards,WAS,131,False,0.51,0.415,0.833,45,35,15,265,3
2023,0022300851,2024-02-29,ATL @ BKN,Brooklyn Nets,BKN,124,True,0.511,0.478,0.769,43,30,9,Atlanta Hawks,ATL,97,False,0.43,0.286,0.714,39,18,11,221,27
2023,0022300855,2024-02-29,MIA @ DEN,Denver Nuggets,DEN,103,True,0.429,0.353,0.905,41,22,15,Miami Heat,MIA,97,False,0.422,0.269,0.833,45,21,14,200,6
2023,0022300860,2024-03-01,GSW @ TOR,Toronto Raptors,TOR,105,False,0.432,0.267,0.647,47,31,14,Golden State Warriors,GSW,120,True,0.449,0.409,0.778,56,26,14,225,15
2023,2022300352,2024-03-01,MNE @ WIS,Wisconsin Herd,WIS,108,False,0.43,0.4,0.6,40,29,11,Maine Celtics,MNE,117,True,0.512,0.357,0.867,47,26,20,225,9
2023,0022300858,2024-03-01,PHI vs. CHA,Philadelphia 76ers,PHI,121,True,0.479,0.432,0.909,48,38,7,Charlotte Hornets,CHA,114,False,0.512,0.424,0.824,32,24,5,235,7
2023,2022300354,2024-03-01,RGV @ STO,Stockton Kings,STO,112,True,0.425,0.303,0.864,56,18,24,Rio Grande Valley Vipers,RGV,111,False,0.408,0.3,0.667,46,26,14,223,1
2023,2022300350,2024-03-01,GBO vs. DEL,Greensboro Swarm,GBO,107,True,0.557,0.48,0.444,43,31,25,Delaware Blue Coats,DEL,105,False,0.388,0.293,0.833,48,24,18,212,2
2023,0022300863,2024-03-01,NOP vs. IND,New Orleans Pelicans,NOP,129,True,0.558,0.469,0.692,47,25,17,Indiana Pacers,IND,102,False,0.421,0.313,0.667,44,25,16,231,27
2023,2022300353,2024-03-01,IWA @ RCR,Rip City Remix,RCR,122,True,0.456,0.288,0.667,61,31,21,Iowa Wolves,IWA,107,False,0.447,0.294,0.571,40,22,20,229,15
2023,0022300864,2024-03-01,MIL @ CHI,Chicago Bulls,CHI,97,False,0.419,0.407,0.875,44,25,12,Milwaukee Bucks,MIL,113,True,0.43,0.326,0.75,49,22,7,210,16
2023,0022300862,2024-03-01,MIN vs. SAC,Minnesota Timberwolves,MIN,120,False,0.494,0.387,0.75,44,29,12,Sacramento Kings,SAC,124,True,0.5,0.379,0.542,45,29,7,244,4
2023,2022300349,2024-03-01,CPS vs. CLC,College Park Skyhawks,CPS,110,True,0.521,0.323,0.933,42,28,19,Cleveland Charge,CLC,102,False,0.453,0.395,0.75,29,21,14,212,8
2023,0022300857,2024-03-01,CLE @ DET,Detroit Pistons,DET,100,False,0.371,0.278,0.857,42,24,8,Cleveland Cavaliers,CLE,110,True,0.398,0.439,0.867,53,25,15,210,10
2023,2022300348,2024-03-01,BHM @ CCG,Capital City Go-Go,CCG,138,True,0.542,0.457,0.875,45,38,10,Birmingham Squadron,BHM,107,False,0.451,0.342,0.778,40,18,16,245,31
2023,0022300859,2024-03-01,DAL @ BOS,Boston Celtics,BOS,138,True,0.553,0.488,1.0,47,33,9,Dallas Mavericks,DAL,110,False,0.468,0.265,0.722,42,20,7,248,28
2023,0022300861,2024-03-01,POR @ MEM,Memphis Grizzlies,MEM,92,False,0.443,0.375,0.591,30,15,21,Portland Trail Blazers,POR,122,True,0.522,0.419,0.813,46,31,14,214,30
2023,0022300865,2024-03-01,WAS @ LAC,LA Clippers,LAC,140,True,0.574,0.406,0.76,49,32,8,Washington Wizards,WAS,115,False,0.469,0.353,0.733,39,29,9,255,25
2023,2022300351,2024-03-01,GLI @ WCB,Windy City Bulls,WCB,117,True,0.49,0.243,0.818,47,32,5,G League Ignite,GLI,87,False,0.413,0.259,0.667,40,25,17,204,30
2023,2022300355,2024-03-02,MCC vs. WES,Motor City Cruise,MCC,99,False,0.42,0.229,0.571,45,31,11,Westchester Knicks,WES,130,True,0.516,0.426,0.8,53,38,13,229,31
2023,0022300870,2024-03-02,PHX vs. HOU,Phoenix Suns,PHX,109,False,0.459,0.31,0.759,47,23,19,Houston Rockets,HOU,118,True,0.438,0.381,0.692,49,27,12,227,9
2023,0022300868,2024-03-02,MEM vs. POR,Memphis Grizzlies,MEM,100,False,0.361,0.375,0.758,45,21,22,Portland Trail Blazers,POR,107,True,0.424,0.314,0.75,50,23,22,207,7
2023,2022300357,2024-03-02,SLC @ STO,Stockton Kings,STO,119,False,0.489,0.313,1.0,40,29,14,Salt Lake City Stars,SLC,123,True,0.505,0.424,0.75,43,25,11,242,4
2023,0022300867,2024-03-02,MIA vs. UTA,Miami Heat,MIA,126,True,0.523,0.382,0.84,34,33,6,Utah Jazz,UTA,120,False,0.483,0.4,0.846,42,24,10,246,6
2023,2022300356,2024-03-02,MNE @ WIS,Wisconsin Herd,WIS,103,False,0.453,0.389,0.538,41,26,18,Maine Celtics,MNE,105,True,0.407,0.316,0.565,54,19,18,208,2
2023,0022300869,2024-03-02,LAL vs. DEN,Los Angeles Lakers,LAL,114,False,0.528,0.414,0.727,31,33,7,Denver Nuggets,DEN,124,True,0.587,0.423,0.714,47,34,10,238,10
2023,2022300358,2024-03-02,SBL @ TEX,Texas Legends,TEX,129,True,0.522,0.429,0.75,49,20,18,South Bay Lakers,SBL,106,False,0.398,0.194,0.706,44,17,13,235,23
2023,0022300866,2024-03-02,BKN vs. ATL,Brooklyn Nets,BKN,114,True,0.466,0.469,0.773,45,28,10,Atlanta Hawks,ATL,102,False,0.425,0.324,0.739,42,23,11,216,12
2023,0022300872,2024-03-03,GSW @ BOS,Boston Celtics,BOS,140,True,0.552,0.51,0.818,51,35,7,Golden State Warriors,GSW,88,False,0.391,0.171,0.692,46,24,17,228,52
2023,0022300874,2024-03-03,DET @ ORL,Orlando Magic,ORL,113,True,0.597,0.304,0.8,48,24,20,Detroit Pistons,DET,91,False,0.384,0.222,0.85,28,25,12,204,22
2023,2022300362,2024-03-03,CLC vs. WCB,Cleveland Charge,CLC,116,True,0.487,0.371,0.789,40,22,16,Windy City Bulls,WCB,102,False,0.477,0.217,0.769,42,22,20,218,14
2023,2022300360,2024-03-03,CPS vs. GLI,College Park Skyhawks,CPS,100,True,0.415,0.324,0.857,44,23,14,G League Ignite,GLI,81,False,0.435,0.321,0.7,37,14,18,181,19
2023,2022300363,2024-03-03,GRG vs. GBO,Grand Rapids Gold,GRG,120,True,0.536,0.381,0.818,43,34,19,Greensboro Swarm,GBO,97,False,0.468,0.258,0.667,36,19,22,217,23
2023,2022300365,2024-03-03,SCW @ MXC,Mexico City Capitanes,MXC,127,True,0.478,0.419,0.813,43,28,11,Santa Cruz Warriors,SCW,104,False,0.452,0.25,0.75,39,23,23,231,23
2023,0022300877,2024-03-03,SAS vs. IND,San Antonio Spurs,SAS,117,True,0.541,0.4,0.789,45,33,14,Indiana Pacers,IND,105,False,0.441,0.2,0.81,42,20,10,222,12
2023,0022300878,2024-03-03,PHX vs. OKC,Phoenix Suns,PHX,110,False,0.44,0.359,0.889,50,26,21,Oklahoma City Thunder,OKC,118,True,0.48,0.29,0.733,41,21,5,228,8
2023,2022300366,2024-03-03,RCR vs. MHU,Rip City Remix,RCR,109,False,0.402,0.3,0.692,40,29,13,Memphis Hustle,MHU,113,True,0.495,0.344,0.5,57,23,21,222,4
2023,0022300876,2024-03-03,CLE vs. NYK,Cleveland Cavaliers,CLE,98,False,0.448,0.386,0.375,39,31,10,New York Knicks,NYK,107,True,0.488,0.41,0.7,47,32,9,205,9
2023,2022300364,2024-03-03,DEL @ OSC,Osceola Magic,OSC,114,True,0.484,0.242,1.0,53,27,14,Delaware Blue Coats,DEL,106,False,0.421,0.292,0.533,49,19,16,220,8
2023,2022300361,2024-03-03,BHM @ CCG,Capital City Go-Go,CCG,114,False,0.418,0.405,0.824,40,28,12,Birmingham Squadron,BHM,125,True,0.489,0.406,0.895,51,25,14,239,11
2023,0022300871,2024-03-03,PHI @ DAL,Dallas Mavericks,DAL,116,False,0.465,0.39,0.87,45,20,17,Philadelphia 76ers,PHI,120,True,0.455,0.297,0.935,42,26,8,236,4
2023,0022300873,2024-03-03,MIN vs. LAC,Minnesota Timberwolves,MIN,88,False,0.388,0.273,0.944,54,24,15,LA Clippers,LAC,89,True,0.376,0.294,0.882,40,17,9,177,1
2023,2022300359,2024-03-03,WES @ MCC,Motor City Cruise,MCC,119,True,0.404,0.333,0.786,54,23,10,Westchester Knicks,WES,116,False,0.439,0.316,0.579,57,23,16,235,3
2023,0022300875,2024-03-03,CHA @ TOR,Toronto Raptors,TOR,111,True,0.462,0.342,0.778,45,27,14,Charlotte Hornets,CHA,106,False,0.467,0.296,0.75,45,24,16,217,5
2023,2022300369,2024-03-04,ONT vs. IWA,Ontario Clippers,ONT,130,True,0.553,0.385,0.75,46,38,10,Iowa Wolves,IWA,103,False,0.434,0.4,0.818,34,25,14,233,27
2023,0022300881,2024-03-04,MIN vs. POR,Minnesota Timberwolves,MIN,119,True,0.506,0.393,0.757,40,28,11,Portland Trail Blazers,POR,114,False,0.489,0.41,0.727,41,28,13,233,5
2023,0022300882,2024-03-04,WAS @ UTA,Utah Jazz,UTA,127,True,0.485,0.4,0.867,51,29,11,Washington Wizards,WAS,115,False,0.426,0.421,0.826,43,26,15,242,12
2023,0022300884,2024-03-04,OKC @ LAL,Los Angeles Lakers,LAL,116,True,0.513,0.471,0.72,55,29,20,Oklahoma City Thunder,OKC,104,False,0.394,0.385,0.938,38,22,10,220,12
2023,0022300883,2024-03-04,SAC vs. CHI,Sacramento Kings,SAC,109,False,0.446,0.297,0.889,51,29,17,Chicago Bulls,CHI,113,True,0.5,0.344,0.818,32,28,9,222,4
2023,2022300368,2024-03-04,RCR vs. MHU,Rip City Remix,RCR,137,True,0.527,0.432,0.722,54,30,12,Memphis Hustle,MHU,111,False,0.398,0.393,0.826,40,18,12,248,26
2023,2022300367,2024-03-04,MXC vs. SCW,Mexico City Capitanes,MXC,100,False,0.487,0.433,0.7,38,27,21,Santa Cruz Warriors,SCW,117,True,0.513,0.464,0.778,37,24,16,217,17
2023,0022300880,2024-03-04,LAC @ MIL,Milwaukee Bucks,MIL,113,True,0.474,0.395,0.857,46,20,11,LA Clippers,LAC,106,False,0.44,0.4,0.64,38,25,13,219,7
2023,0022300879,2024-03-04,BKN vs. MEM,Brooklyn Nets,BKN,102,False,0.443,0.357,0.567,33,27,13,Memphis Grizzlies,MEM,106,True,0.463,0.324,0.818,50,26,18,208,4
2023,0022300889,2024-03-05,ATL @ NYK,New York Knicks,NYK,100,False,0.384,0.308,0.727,40,27,11,Atlanta Hawks,ATL,116,True,0.506,0.323,0.783,51,26,14,216,16
2023,2022300375,2024-03-05,MNE @ OSC,Osceola Magic,OSC,106,False,0.421,0.325,0.778,43,24,9,Maine Celtics,MNE,122,True,0.551,0.463,0.5,50,28,14,228,16
2023,0022300885,2024-03-05,CHA vs. ORL,Charlotte Hornets,CHA,89,False,0.458,0.364,1.0,31,19,19,Orlando Magic,ORL,101,True,0.541,0.371,0.533,41,23,17,190,12
2023,2022300370,2024-03-05,CCG vs. MCC,Capital City Go-Go,CCG,115,True,0.476,0.389,0.909,40,24,7,Motor City Cruise,MCC,99,False,0.468,0.414,1.0,35,23,14,214,16
2023,2022300374,2024-03-05,LIN vs. GLI,Long Island Nets,LIN,132,True,0.533,0.395,0.579,54,27,18,G League Ignite,GLI,105,False,0.404,0.435,0.706,40,23,17,237,27
2023,0022300892,2024-03-05,IND @ DAL,Dallas Mavericks,DAL,120,False,0.484,0.333,0.81,41,23,9,Indiana Pacers,IND,137,True,0.538,0.462,0.792,43,34,8,257,17
2023,2022300376,2024-03-05,TEX @ SLC,Salt Lake City Stars,SLC,136,True,0.455,0.438,0.813,56,29,12,Texas Legends,TEX,131,False,0.505,0.436,0.75,41,30,11,267,5
2023,2022300371,2024-03-05,SXF @ OKL,Oklahoma City Blue,OKL,129,True,0.443,0.295,0.85,49,31,9,Sioux Falls Skyforce,SXF,120,False,0.473,0.333,0.632,49,30,18,249,9
2023,2022300377,2024-03-05,SBL vs. IWA,South Bay Lakers,SBL,118,True,0.473,0.442,0.7,52,29,16,Iowa Wolves,IWA,98,False,0.417,0.25,0.714,46,29,16,216,20
2023,0022300891,2024-03-05,HOU vs. SAS,Houston Rockets,HOU,114,True,0.467,0.265,0.636,51,23,5,San Antonio Spurs,SAS,101,False,0.437,0.333,0.813,50,24,18,215,13
2023,0022300887,2024-03-05,BKN vs. PHI,Brooklyn Nets,BKN,112,True,0.488,0.4,0.75,44,25,12,Philadelphia 76ers,PHI,107,False,0.488,0.429,0.789,38,25,12,219,5
2023,2022300372,2024-03-05,DEL @ CPS,College Park Skyhawks,CPS,96,False,0.463,0.306,0.636,33,25,22,Delaware Blue Coats,DEL,111,True,0.486,0.483,0.75,40,21,22,207,15
2023,0022300890,2024-03-05,NOP @ TOR,Toronto Raptors,TOR,98,False,0.387,0.295,0.591,45,21,11,New Orleans Pelicans,NOP,139,True,0.505,0.49,0.818,62,38,11,237,41
2023,0022300886,2024-03-05,BOS @ CLE,Cleveland Cavaliers,CLE,105,True,0.433,0.476,0.636,42,28,8,Boston Celtics,BOS,104,False,0.419,0.395,0.917,53,24,13,209,1
2023,0022300888,2024-03-05,DET @ MIA,Miami Heat,MIA,118,True,0.494,0.452,0.87,42,27,9,Detroit Pistons,DET,110,False,0.438,0.286,0.909,42,26,10,228,8
2023,2022300373,2024-03-05,GRG vs. GBO,Grand Rapids Gold,GRG,103,False,0.405,0.366,0.813,44,22,14,Greensboro Swarm,GBO,113,True,0.483,0.333,0.636,50,20,13,216,10
2023,0022300893,2024-03-05,PHX @ DEN,Denver Nuggets,DEN,107,False,0.427,0.375,0.714,51,25,14,Phoenix Suns,PHX,117,True,0.438,0.441,0.818,52,32,9,224,10
2023,0022300898,2024-03-06,CHI @ UTA,Utah Jazz,UTA,117,False,0.458,0.319,0.875,45,28,10,Chicago Bulls,CHI,119,True,0.5,0.436,0.8,39,29,7,236,2
2023,0022300897,2024-03-06,LAC @ HOU,Houston Rockets,HOU,116,False,0.479,0.432,0.588,38,33,8,LA Clippers,LAC,122,True,0.55,0.414,0.846,41,19,9,238,6
2023,0022300894,2024-03-06,WAS vs. ORL,Washington Wizards,WAS,109,False,0.455,0.316,0.85,35,26,9,Orlando Magic,ORL,119,True,0.543,0.462,0.905,42,21,15,228,10
2023,0022300900,2024-03-06,POR vs. OKC,Portland Trail Blazers,POR,120,False,0.506,0.412,0.889,32,27,17,Oklahoma City Thunder,OKC,128,True,0.581,0.409,0.846,39,23,18,248,8
2023,2022300379,2024-03-06,AUS vs. SCW,Austin Spurs,AUS,94,False,0.383,0.222,0.583,43,22,14,Santa Cruz Warriors,SCW,101,True,0.45,0.343,0.625,54,22,24,195,7
2023,0022300895,2024-03-06,CLE @ ATL,Atlanta Hawks,ATL,112,True,0.512,0.367,0.75,42,27,9,Cleveland Cavaliers,CLE,101,False,0.438,0.227,0.765,42,27,13,213,11
2023,2022300378,2024-03-06,LIN vs. WES,Long Island Nets,LIN,126,True,0.489,0.438,0.857,54,28,20,Westchester Knicks,WES,121,False,0.456,0.279,0.833,45,27,15,247,5
2023,0022300896,2024-03-06,MEM @ PHI,Philadelphia 76ers,PHI,109,False,0.382,0.371,0.857,47,25,11,Memphis Grizzlies,MEM,115,True,0.451,0.351,0.87,54,21,15,224,6
2023,2022300380,2024-03-06,RGV vs. WCB,Rio Grande Valley Vipers,RGV,108,False,0.44,0.226,0.722,45,28,19,Windy City Bulls,WCB,111,True,0.465,0.35,0.692,47,31,21,219,3
2023,0022300899,2024-03-06,GSW vs. MIL,Golden State Warriors,GSW,125,True,0.56,0.487,0.571,50,37,14,Milwaukee Bucks,MIL,90,False,0.382,0.282,0.733,36,19,15,215,35
2023,0022300901,2024-03-06,LAL vs. SAC,Los Angeles Lakers,LAL,120,False,0.519,0.469,0.84,34,25,14,Sacramento Kings,SAC,130,True,0.557,0.387,0.833,46,32,13,250,10
2023,0022300903,2024-03-07,IND vs. MIN,Indiana Pacers,IND,111,False,0.512,0.385,0.739,39,26,15,Minnesota Timberwolves,MIN,113,True,0.469,0.28,0.737,48,23,9,224,2
2023,2022300382,2024-03-07,SLC vs. TEX,Salt Lake City Stars,SLC,127,True,0.451,0.35,0.68,60,28,12,Texas Legends,TEX,116,False,0.441,0.313,0.8,44,28,13,243,11
2023,2022300383,2024-03-07,IWA @ ONT,Ontario Clippers,ONT,146,True,0.57,0.479,0.909,46,39,12,Iowa Wolves,IWA,108,False,0.411,0.34,0.889,42,23,17,254,38
2023,0022300906,2024-03-07,DEN vs. BOS,Denver Nuggets,DEN,115,True,0.5,0.19,0.955,45,27,7,Boston Celtics,BOS,109,False,0.451,0.289,0.64,47,24,12,224,6
2023,0022300902,2024-03-07,BKN @ DET,Detroit Pistons,DET,118,True,0.524,0.4,0.952,50,24,22,Brooklyn Nets,BKN,112,False,0.488,0.415,0.722,28,24,14,230,6
2023,0022300907,2024-03-07,CHI @ GSW,Golden State Warriors,GSW,122,False,0.454,0.262,0.821,48,31,11,Chicago Bulls,CHI,125,True,0.529,0.444,0.739,40,29,14,247,3
2023,2022300384,2024-03-07,MHU @ SBL,South Bay Lakers,SBL,122,True,0.489,0.5,0.818,43,29,16,Memphis Hustle,MHU,117,False,0.417,0.333,0.824,49,27,10,239,5
2023,2022300381,2024-03-07,RAP vs. FWN,Raptors 905,RAP,113,True,0.495,0.321,0.563,47,30,17,Fort Wayne Mad Ants,FWN,107,False,0.506,0.269,0.636,40,36,15,220,6
2023,0022300905,2024-03-07,TOR @ PHX,Phoenix Suns,PHX,120,True,0.512,0.429,0.85,49,29,14,Toronto Raptors,TOR,113,False,0.457,0.364,0.733,36,30,9,233,7
2023,2022300385,2024-03-07,STO vs. MXC,Stockton Kings,STO,130,True,0.61,0.581,0.7,42,36,18,Mexico City Capitanes,MXC,102,False,0.43,0.345,0.769,36,18,14,232,28
2023,0022300908,2024-03-07,SAS @ SAC,Sacramento Kings,SAC,131,True,0.51,0.313,0.944,46,31,13,San Antonio Spurs,SAS,129,False,0.505,0.485,1.0,37,39,12,260,2
2023,0022300904,2024-03-07,DAL vs. MIA,Dallas Mavericks,DAL,114,True,0.46,0.39,0.783,45,27,9,Miami Heat,MIA,108,False,0.488,0.447,0.647,37,30,10,222,6
2023,2022300388,2024-03-08,RAP vs. FWN,Raptors 905,RAP,102,False,0.419,0.205,0.813,40,21,21,Fort Wayne Mad Ants,FWN,141,True,0.6,0.367,0.842,42,32,12,243,39
2023,0022300912,2024-03-08,ORL @ NYK,New York Knicks,NYK,98,True,0.481,0.485,0.75,43,20,15,Orlando Magic,ORL,74,False,0.342,0.231,0.7,37,12,13,172,24
2023,0022300915,2024-03-08,LAL vs. MIL,Los Angeles Lakers,LAL,123,True,0.522,0.471,0.684,38,27,5,Milwaukee Bucks,MIL,122,False,0.495,0.39,0.824,43,28,6,245,1
2023,0022300913,2024-03-08,MEM vs. ATL,Memphis Grizzlies,MEM,92,False,0.405,0.385,0.733,38,21,13,Atlanta Hawks,ATL,99,True,0.425,0.429,0.667,47,21,14,191,7
2023,0022300910,2024-03-08,WAS vs. CHA,Washington Wizards,WAS,112,True,0.494,0.182,0.87,54,25,11,Charlotte Hornets,CHA,100,False,0.4,0.214,0.733,48,18,7,212,12
2023,2022300387,2024-03-08,CPS vs. OSC,College Park Skyhawks,CPS,112,False,0.468,0.286,0.857,40,29,20,Osceola Magic,OSC,120,True,0.5,0.318,0.667,41,28,18,232,8
2023,2022300391,2024-03-08,MXC @ STO,Stockton Kings,STO,123,True,0.494,0.368,0.938,34,26,10,Mexico City Capitanes,MXC,93,False,0.452,0.357,0.733,37,20,19,216,30
2023,0022300914,2024-03-08,OKC vs. MIA,Oklahoma City Thunder,OKC,107,True,0.472,0.316,0.846,45,28,9,Miami Heat,MIA,100,False,0.463,0.379,0.722,43,24,10,207,7
2023,0022300911,2024-03-08,MIN @ CLE,Cleveland Cavaliers,CLE,113,True,0.432,0.324,0.722,46,27,12,Minnesota Timberwolves,MIN,104,False,0.415,0.267,0.818,45,25,12,217,9
2023,2022300390,2024-03-08,WCB @ RGV,Rio Grande Valley Vipers,RGV,115,True,0.541,0.4,0.583,35,29,17,Windy City Bulls,WCB,110,False,0.461,0.364,0.8,43,28,22,225,5
2023,0022300909,2024-03-08,NOP @ PHI,Philadelphia 76ers,PHI,95,False,0.398,0.243,0.8,42,21,10,New Orleans Pelicans,NOP,103,True,0.443,0.355,0.957,48,22,12,198,8
2023,0022300916,2024-03-08,POR vs. HOU,Portland Trail Blazers,POR,107,False,0.416,0.457,0.68,49,22,17,Houston Rockets,HOU,123,True,0.479,0.378,0.731,47,33,7,230,16
2023,2022300386,2024-03-08,LIN @ CCG,Capital City Go-Go,CCG,109,False,0.483,0.321,1.0,40,28,13,Long Island Nets,LIN,125,True,0.543,0.462,0.8,44,32,11,234,16
2023,2022300389,2024-03-08,GBO @ BHM,Birmingham Squadron,BHM,110,True,0.55,0.371,1.0,41,34,16,Greensboro Swarm,GBO,96,False,0.354,0.3,0.818,50,21,14,206,14
2023,0022300922,2024-03-09,DEN vs. UTA,Denver Nuggets,DEN,142,True,0.663,0.594,0.813,32,40,13,Utah Jazz,UTA,121,False,0.5,0.308,0.76,36,22,15,263,21
2023,0022300918,2024-03-09,CHA vs. BKN,Charlotte Hornets,CHA,110,True,0.543,0.367,0.733,45,26,16,Brooklyn Nets,BKN,99,False,0.4,0.333,0.765,41,22,15,209,11
2023,2022300393,2024-03-09,CLC vs. MCC,Cleveland Charge,CLC,96,False,0.457,0.316,0.778,44,20,17,Motor City Cruise,MCC,106,True,0.43,0.313,1.0,42,20,7,202,10
2023,0022300921,2024-03-09,SAS @ GSW,Golden State Warriors,GSW,113,False,0.466,0.333,0.724,39,26,12,San Antonio Spurs,SAS,126,True,0.512,0.515,0.75,49,34,12,239,13
2023,2022300394,2024-03-09,WIS @ GRG,Grand Rapids Gold,GRG,101,False,0.425,0.325,0.727,40,30,13,Wisconsin Herd,WIS,109,True,0.47,0.276,0.824,43,28,10,210,8
2023,0022300917,2024-03-09,CHI @ LAC,LA Clippers,LAC,112,True,0.5,0.343,0.889,45,29,13,Chicago Bulls,CHI,102,False,0.43,0.371,0.789,38,27,12,214,10
2023,0022300923,2024-03-09,TOR @ POR,Portland Trail Blazers,POR,128,True,0.476,0.4,0.933,52,31,14,Toronto Raptors,TOR,118,False,0.473,0.372,0.842,43,29,20,246,10
2023,2022300392,2024-03-09,OSC @ CPS,College Park Skyhawks,CPS,96,False,0.393,0.2,0.652,40,20,17,Osceola Magic,OSC,104,True,0.452,0.35,0.684,50,22,23,200,8
2023,0022300920,2024-03-09,BOS @ PHX,Phoenix Suns,PHX,107,False,0.506,0.29,0.625,41,21,14,Boston Celtics,BOS,117,True,0.489,0.385,0.769,43,29,12,224,10
2023,2022300395,2024-03-09,SBL vs. MHU,South Bay Lakers,SBL,123,True,0.505,0.316,0.65,40,25,11,Memphis Hustle,MHU,117,False,0.426,0.306,0.938,52,28,18,240,6
2023,0022300919,2024-03-09,DAL @ DET,Detroit Pistons,DET,124,False,0.455,0.351,0.84,56,27,19,Dallas Mavericks,DAL,142,True,0.554,0.368,0.813,36,29,14,266,18
2023,2022300400,2024-03-10,SXF vs. SLC,Sioux Falls Skyforce,SXF,127,False,0.437,0.333,0.929,54,30,18,Salt Lake City Stars,SLC,133,True,0.505,0.426,0.727,44,30,18,260,6
2023,2022300397,2024-03-10,FWN @ GBO,Greensboro Swarm,GBO,110,True,0.462,0.44,0.727,37,17,6,Fort Wayne Mad Ants,FWN,107,False,0.489,0.292,0.444,49,33,11,217,3
2023,2022300399,2024-03-10,LIN @ BHM,Birmingham Squadron,BHM,112,False,0.452,0.333,0.818,51,29,15,Long Island Nets,LIN,115,True,0.36,0.302,1.0,57,25,11,227,3
2023,2022300402,2024-03-10,TEX @ RCR,Rip City Remix,RCR,119,False,0.455,0.244,0.75,46,26,10,Texas Legends,TEX,125,True,0.449,0.333,0.84,40,23,10,244,6
2023,2022300398,2024-03-10,WCB @ AUS,Austin Spurs,AUS,110,True,0.525,0.344,0.643,37,28,17,Windy City Bulls,WCB,105,False,0.465,0.395,0.556,39,21,17,215,5
2023,0022300926,2024-03-10,MIA vs. WAS,Miami Heat,MIA,108,False,0.453,0.303,0.667,51,20,13,Washington Wizards,WAS,110,True,0.481,0.41,0.727,40,35,15,218,2
2023,2022300401,2024-03-10,WES @ ONT,Ontario Clippers,ONT,115,True,0.438,0.419,1.0,50,25,20,Westchester Knicks,WES,111,False,0.443,0.366,0.526,48,21,18,226,4
2023,0022300932,2024-03-10,LAL vs. MIN,Los Angeles Lakers,LAL,120,True,0.53,0.417,0.759,56,29,19,Minnesota Timberwolves,MIN,109,False,0.423,0.348,0.846,38,27,11,229,11
2023,2022300396,2024-03-10,SCW vs. RGV,Santa Cruz Warriors,SCW,112,True,0.471,0.425,0.6,48,29,21,Rio Grande Valley Vipers,RGV,105,False,0.444,0.194,0.688,45,23,17,217,7
2023,2022300403,2024-03-10,STO vs. IWA,Stockton Kings,STO,126,True,0.523,0.457,0.778,45,32,13,Iowa Wolves,IWA,107,False,0.489,0.31,0.833,40,29,13,233,19
2023,0022300928,2024-03-10,IND @ ORL,Orlando Magic,ORL,97,False,0.375,0.25,0.759,46,18,12,Indiana Pacers,IND,111,True,0.487,0.348,0.818,46,20,12,208,14
2023,0022300930,2024-03-10,BKN @ CLE,Cleveland Cavaliers,CLE,101,False,0.487,0.438,0.65,31,25,12,Brooklyn Nets,BKN,120,True,0.532,0.514,0.9,40,33,12,221,19
2023,0022300925,2024-03-10,ATL vs. NOP,Atlanta Hawks,ATL,103,False,0.418,0.37,0.769,41,28,11,New Orleans Pelicans,NOP,116,True,0.573,0.519,0.727,43,32,12,219,13
2023,0022300927,2024-03-10,NYK vs. PHI,New York Knicks,NYK,73,False,0.325,0.225,0.75,50,19,19,Philadelphia 76ers,PHI,79,True,0.388,0.3,0.571,47,20,13,152,6
2023,0022300931,2024-03-10,OKC vs. MEM,Oklahoma City Thunder,OKC,124,True,0.527,0.447,1.0,46,36,10,Memphis Grizzlies,MEM,93,False,0.41,0.333,0.667,39,21,16,217,31
2023,0022300929,2024-03-10,SAC vs. HOU,Sacramento Kings,SAC,104,False,0.453,0.188,0.87,44,24,12,Houston Rockets,HOU,112,True,0.464,0.414,0.815,42,23,12,216,8
2023,0022300924,2024-03-10,MIL @ LAC,LA Clippers,LAC,117,False,0.452,0.298,0.9,52,30,10,Milwaukee Bucks,MIL,124,True,0.494,0.447,0.778,41,28,7,241,7
2023,0022300934,2024-03-11,CLE vs. PHX,Cleveland Cavaliers,CLE,111,False,0.476,0.326,0.842,37,30,12,Phoenix Suns,PHX,117,True,0.548,0.375,0.684,42,23,14,228,6
2023,0022300938,2024-03-11,POR vs. BOS,Portland Trail Blazers,POR,99,False,0.448,0.357,1.0,38,23,11,Boston Celtics,BOS,121,True,0.49,0.375,0.667,45,34,3,220,22
2023,0022300937,2024-03-11,TOR @ DEN,Denver Nuggets,DEN,125,True,0.547,0.345,0.611,42,36,9,Toronto Raptors,TOR,119,False,0.505,0.367,0.824,42,30,11,244,6
2023,2022300406,2024-03-11,WES @ SBL,South Bay Lakers,SBL,116,False,0.459,0.387,0.8,43,27,20,Westchester Knicks,WES,131,True,0.527,0.429,0.643,42,30,18,247,15
2023,2022300404,2024-03-11,DEL vs. MNE,Delaware Blue Coats,DEL,101,False,0.38,0.391,0.889,34,17,10,Maine Celtics,MNE,122,True,0.515,0.366,0.714,57,25,17,223,21
2023,0022300933,2024-03-11,DET vs. CHA,Detroit Pistons,DET,114,True,0.477,0.238,0.917,51,26,12,Charlotte Hornets,CHA,97,False,0.386,0.325,0.696,40,27,12,211,17
2023,0022300935,2024-03-11,CHI vs. DAL,Chicago Bulls,CHI,92,False,0.393,0.206,0.682,43,19,13,Dallas Mavericks,DAL,127,True,0.548,0.317,0.8,49,33,6,219,35
2023,2022300405,2024-03-11,OSC vs. RAP,Osceola Magic,OSC,120,True,0.557,0.419,0.647,40,35,18,Raptors 905,RAP,116,False,0.417,0.341,0.923,49,24,17,236,4
2023,0022300936,2024-03-11,GSW @ SAS,San Antonio Spurs,SAS,102,False,0.419,0.378,0.667,50,27,15,Golden State Warriors,GSW,112,True,0.495,0.444,0.667,45,28,13,214,10
2023,0022300940,2024-03-12,MEM vs. WAS,Memphis Grizzlies,MEM,109,True,0.447,0.242,0.81,53,27,17,Washington Wizards,WAS,97,False,0.451,0.306,0.75,28,26,13,206,12
2023,2022300413,2024-03-12,IWA vs. OKL,Iowa Wolves,IWA,110,False,0.429,0.37,0.818,34,24,22,Oklahoma City Blue,OKL,150,True,0.529,0.38,0.867,51,39,11,260,40
2023,0022300944,2024-03-12,MIN @ LAC,LA Clippers,LAC,100,False,0.472,0.367,0.84,34,22,18,Minnesota Timberwolves,MIN,118,True,0.511,0.364,0.714,48,26,9,218,18
2023,0022300941,2024-03-12,OKC vs. IND,Oklahoma City Thunder,OKC,111,False,0.434,0.378,0.733,50,24,12,Indiana Pacers,IND,121,True,0.539,0.321,0.842,43,34,9,232,10
2023,2022300414,2024-03-12,WCB vs. GRG,Windy City Bulls,WCB,95,True,0.352,0.204,1.0,54,24,13,Grand Rapids Gold,GRG,93,False,0.405,0.238,0.8,48,19,14,188,2
2023,0022300945,2024-03-12,MIL @ SAC,Sacramento Kings,SAC,129,True,0.533,0.45,0.813,51,34,8,Milwaukee Bucks,MIL,94,False,0.366,0.179,0.771,44,23,13,223,35
2023,2022300407,2024-03-12,CLC vs. GBO,Cleveland Charge,CLC,82,False,0.395,0.282,0.571,33,24,12,Greensboro Swarm,GBO,95,True,0.452,0.344,0.667,52,26,16,177,13
2023,2022300416,2024-03-12,RGV @ SCW,Santa Cruz Warriors,SCW,116,True,0.472,0.258,0.81,52,29,20,Rio Grande Valley Vipers,RGV,111,False,0.408,0.286,0.667,47,24,19,227,5
2023,0022300943,2024-03-12,BOS @ UTA,Utah Jazz,UTA,107,False,0.477,0.469,0.909,38,23,10,Boston Celtics,BOS,123,True,0.467,0.408,0.895,46,25,8,230,16
2023,0022300942,2024-03-12,SAS vs. HOU,San Antonio Spurs,SAS,101,False,0.476,0.306,0.857,42,30,13,Houston Rockets,HOU,103,True,0.463,0.313,0.905,36,21,12,204,2
2023,2022300409,2024-03-12,WIS @ SLC,Salt Lake City Stars,SLC,139,True,0.485,0.467,0.765,43,35,12,Wisconsin Herd,WIS,129,False,0.532,0.429,0.889,41,32,19,268,10
2023,2022300410,2024-03-12,ONT vs. STO,Ontario Clippers,ONT,105,False,0.494,0.286,0.778,34,28,12,Stockton Kings,STO,115,True,0.512,0.4,0.917,36,25,12,220,10
2023,2022300412,2024-03-12,SXF vs. MXC,Sioux Falls Skyforce,SXF,102,True,0.456,0.448,0.9,43,27,23,Mexico City Capitanes,MXC,90,False,0.429,0.261,0.688,36,16,15,192,12
2023,2022300408,2024-03-12,LIN @ BHM,Birmingham Squadron,BHM,124,False,0.538,0.441,0.583,33,29,16,Long Island Nets,LIN,134,True,0.558,0.31,0.84,45,31,16,258,10
2023,2022300415,2024-03-12,RCR vs. TEX,Rip City Remix,RCR,127,True,0.479,0.395,0.8,50,34,13,Texas Legends,TEX,116,False,0.471,0.389,0.667,40,21,14,243,11
2023,2022300411,2024-03-12,FWN vs. CPS,Fort Wayne Mad Ants,FWN,102,True,0.45,0.323,0.6,50,23,20,College Park Skyhawks,CPS,99,False,0.425,0.286,0.867,39,19,19,201,3
2023,0022300939,2024-03-12,NYK vs. PHI,New York Knicks,NYK,106,True,0.506,0.35,0.8,51,32,12,Philadelphia 76ers,PHI,79,False,0.375,0.242,0.688,31,17,8,185,27
2023,0022300953,2024-03-13,ATL @ POR,Portland Trail Blazers,POR,106,True,0.463,0.333,0.833,49,24,18,Atlanta Hawks,ATL,102,False,0.432,0.359,0.667,38,19,14,208,4
2023,0022300947,2024-03-13,BKN @ ORL,Orlando Magic,ORL,114,True,0.519,0.438,0.769,34,29,12,Brooklyn Nets,BKN,106,False,0.469,0.269,0.852,32,21,13,220,8
2023,0022300946,2024-03-13,DET vs. TOR,Detroit Pistons,DET,113,True,0.443,0.367,0.774,58,27,21,Toronto Raptors,TOR,104,False,0.441,0.25,0.684,37,32,11,217,9
2023,0022300949,2024-03-13,MIA vs. DEN,Miami Heat,MIA,88,False,0.425,0.238,0.833,42,18,8,Denver Nuggets,DEN,100,True,0.488,0.333,0.692,41,24,9,188,12
2023,0022300952,2024-03-13,GSW @ DAL,Dallas Mavericks,DAL,109,True,0.537,0.222,0.789,42,30,16,Golden State Warriors,GSW,99,False,0.402,0.321,0.842,42,19,15,208,10
2023,0022300951,2024-03-13,CLE @ NOP,New Orleans Pelicans,NOP,95,False,0.438,0.182,0.808,43,22,11,Cleveland Cavaliers,CLE,116,True,0.511,0.444,0.667,46,38,9,211,21
2023,0022300948,2024-03-13,IND vs. CHI,Indiana Pacers,IND,129,False,0.465,0.311,0.821,47,30,8,Chicago Bulls,CHI,132,True,0.522,0.357,0.813,48,22,11,261,3
2023,0022300950,2024-03-13,MEM vs. CHA,Memphis Grizzlies,MEM,98,False,0.424,0.4,0.909,46,24,21,Charlotte Hornets,CHA,110,True,0.537,0.361,0.692,35,26,20,208,12
2023,2022300420,2024-03-13,SBL vs. WES,South Bay Lakers,SBL,114,True,0.415,0.294,0.833,47,26,4,Westchester Knicks,WES,104,False,0.446,0.292,0.647,55,29,25,218,10
2023,2022300419,2024-03-13,OKL @ IWA,Iowa Wolves,IWA,108,False,0.437,0.366,0.846,36,29,15,Oklahoma City Blue,OKL,125,True,0.529,0.406,0.733,51,26,17,233,17
2023,2022300418,2024-03-13,RAP @ OSC,Osceola Magic,OSC,99,False,0.362,0.204,0.778,50,24,11,Raptors 905,RAP,114,True,0.487,0.412,0.778,54,25,20,213,15
2023,0022300954,2024-03-13,SAC vs. LAL,Sacramento Kings,SAC,120,True,0.523,0.463,0.75,44,30,12,Los Angeles Lakers,LAL,107,False,0.487,0.438,0.773,38,25,14,227,13
2023,2022300417,2024-03-13,MNE @ DEL,Delaware Blue Coats,DEL,116,False,0.419,0.347,0.857,46,27,9,Maine Celtics,MNE,119,True,0.505,0.35,0.8,54,26,15,235,3
2023,0022300959,2024-03-14,DAL @ OKC,Oklahoma City Thunder,OKC,126,True,0.523,0.41,0.87,34,28,13,Dallas Mavericks,DAL,119,False,0.512,0.414,0.808,40,25,19,245,7
2023,0022300956,2024-03-14,LAC @ CHI,Chicago Bulls,CHI,111,False,0.477,0.457,0.813,36,28,13,LA Clippers,LAC,126,True,0.6,0.5,0.714,35,32,9,237,15
2023,2022300422,2024-03-14,SXF vs. MXC,Sioux Falls Skyforce,SXF,107,False,0.432,0.31,0.833,32,23,12,Mexico City Capitanes,MXC,119,True,0.512,0.333,0.882,51,29,15,226,12
2023,0022300957,2024-03-14,WAS @ HOU,Houston Rockets,HOU,135,True,0.586,0.429,0.875,47,24,17,Washington Wizards,WAS,119,False,0.495,0.316,0.789,32,29,13,254,16
2023,2022300421,2024-03-14,GBO @ MNE,Maine Celtics,MNE,76,False,0.368,0.188,0.6,38,16,12,Greensboro Swarm,GBO,98,True,0.413,0.433,0.909,54,24,15,174,22
2023,2022300425,2024-03-14,ONT @ RGV,Rio Grande Valley Vipers,RGV,112,True,0.519,0.391,0.684,52,26,20,Ontario Clippers,ONT,100,False,0.424,0.162,0.625,39,22,14,212,12
2023,2022300423,2024-03-14,TEX @ AUS,Austin Spurs,AUS,115,True,0.415,0.41,0.8,46,24,12,Texas Legends,TEX,113,False,0.494,0.432,0.6,50,24,18,228,2
2023,2022300424,2024-03-14,WCB vs. GRG,Windy City Bulls,WCB,116,True,0.495,0.436,0.5,51,32,12,Grand Rapids Gold,GRG,95,False,0.388,0.25,0.688,43,27,16,211,21
2023,0022300958,2024-03-14,MIL vs. PHI,Milwaukee Bucks,MIL,114,True,0.542,0.444,0.833,37,29,14,Philadelphia 76ers,PHI,105,False,0.494,0.486,0.714,30,20,11,219,9
2023,0022300955,2024-03-14,PHX @ BOS,Boston Celtics,BOS,127,True,0.528,0.5,0.727,33,31,8,Phoenix Suns,PHX,112,False,0.475,0.355,0.7,51,27,13,239,15
2023,0022300960,2024-03-14,POR vs. NYK,Portland Trail Blazers,POR,93,False,0.405,0.333,0.875,45,19,17,New York Knicks,NYK,105,True,0.437,0.207,0.885,50,16,12,198,12
2023,2022300432,2024-03-15,SBL @ RCR,Rip City Remix,RCR,116,True,0.41,0.32,1.0,54,32,17,South Bay Lakers,SBL,112,False,0.415,0.326,0.786,50,22,21,228,4
2023,2022300427,2024-03-15,DEL vs. BHM,Delaware Blue Coats,DEL,132,True,0.529,0.425,0.889,31,28,14,Birmingham Squadron,BHM,126,False,0.576,0.333,1.0,39,30,22,258,6
2023,2022300428,2024-03-15,LIN @ OSC,Osceola Magic,OSC,123,True,0.518,0.355,0.929,37,28,11,Long Island Nets,LIN,117,False,0.471,0.359,0.722,48,32,16,240,6
2023,0022300966,2024-03-15,ATL @ UTA,Utah Jazz,UTA,124,True,0.511,0.389,0.9,49,24,11,Atlanta Hawks,ATL,122,False,0.446,0.513,0.741,41,32,9,246,2
2023,0022300963,2024-03-15,TOR vs. ORL,Toronto Raptors,TOR,103,False,0.469,0.412,0.65,40,24,15,Orlando Magic,ORL,113,True,0.5,0.452,0.864,39,25,14,216,10
2023,2022300426,2024-03-15,RAP @ CLC,Cleveland Charge,CLC,116,True,0.535,0.452,0.5,37,31,13,Raptors 905,RAP,106,False,0.463,0.314,0.789,44,22,20,222,10
2023,2022300429,2024-03-15,OKL @ MHU,Memphis Hustle,MHU,90,False,0.33,0.244,0.692,45,20,5,Oklahoma City Blue,OKL,107,True,0.443,0.325,0.625,69,24,14,197,17
2023,0022300965,2024-03-15,SAS vs. DEN,San Antonio Spurs,SAS,106,False,0.457,0.379,0.778,44,23,16,Denver Nuggets,DEN,117,True,0.551,0.4,0.75,40,37,12,223,11
2023,0022300964,2024-03-15,NOP vs. LAC,New Orleans Pelicans,NOP,112,True,0.483,0.371,0.75,40,28,8,LA Clippers,LAC,104,False,0.481,0.364,0.947,37,18,12,216,8
2023,2022300431,2024-03-15,WIS vs. MCC,Wisconsin Herd,WIS,106,False,0.463,0.2,0.667,45,26,9,Motor City Cruise,MCC,109,True,0.489,0.333,0.563,45,20,9,215,3
2023,0022300961,2024-03-15,CHA vs. PHX,Charlotte Hornets,CHA,96,False,0.372,0.162,0.741,48,20,4,Phoenix Suns,PHX,107,True,0.46,0.289,0.8,57,31,10,203,11
2023,2022300430,2024-03-15,WCB vs. CPS,Windy City Bulls,WCB,98,True,0.438,0.387,0.813,42,23,16,College Park Skyhawks,CPS,94,False,0.418,0.323,0.769,38,21,12,192,4
2023,2022300433,2024-03-15,GLI @ SCW,Santa Cruz Warriors,SCW,102,True,0.409,0.302,0.917,49,21,9,G League Ignite,GLI,88,False,0.411,0.265,0.6,44,25,9,190,14
2023,0022300962,2024-03-15,MIA @ DET,Detroit Pistons,DET,95,False,0.429,0.263,0.867,48,27,17,Miami Heat,MIA,108,True,0.473,0.206,0.714,44,23,8,203,13
2023,2022300435,2024-03-16,DEL vs. BHM,Delaware Blue Coats,DEL,111,False,0.451,0.333,0.769,39,30,10,Birmingham Squadron,BHM,115,True,0.5,0.393,0.833,48,22,15,226,4
2023,0022300971,2024-03-16,WAS @ CHI,Chicago Bulls,CHI,127,True,0.576,0.333,0.724,51,33,15,Washington Wizards,WAS,98,False,0.429,0.406,0.591,32,27,15,225,29
2023,2022300434,2024-03-16,SLC @ GRG,Grand Rapids Gold,GRG,110,False,0.432,0.415,0.692,43,29,14,Salt Lake City Stars,SLC,115,True,0.489,0.394,0.75,50,22,13,225,5
2023,0022300974,2024-03-16,MIN @ UTA,Utah Jazz,UTA,100,False,0.458,0.231,0.857,51,23,15,Minnesota Timberwolves,MIN,119,True,0.473,0.463,0.8,44,31,8,219,19
2023,2022300440,2024-03-16,SCW vs. GLI,Santa Cruz Warriors,SCW,131,True,0.511,0.452,0.833,44,37,6,G League Ignite,GLI,107,False,0.427,0.31,0.867,41,26,12,238,24
2023,0022300973,2024-03-16,GSW @ LAL,Los Angeles Lakers,LAL,121,False,0.511,0.353,0.833,39,32,9,Golden State Warriors,GSW,128,True,0.526,0.412,0.8,45,38,7,249,7
2023,2022300441,2024-03-16,AUS vs. CCG,Austin Spurs,AUS,115,True,0.449,0.324,0.737,50,27,15,Capital City Go-Go,CCG,100,False,0.474,0.364,0.692,41,24,20,215,15
2023,2022300437,2024-03-16,MXC @ IWA,Iowa Wolves,IWA,96,False,0.457,0.344,0.571,34,23,14,Mexico City Capitanes,MXC,118,True,0.5,0.314,0.75,55,25,13,214,22
2023,0022300968,2024-03-16,IND vs. BKN,Indiana Pacers,IND,121,True,0.476,0.2,0.938,50,21,10,Brooklyn Nets,BKN,100,False,0.429,0.4,0.774,45,18,20,221,21
2023,2022300439,2024-03-16,RGV vs. ONT,Rio Grande Valley Vipers,RGV,102,False,0.438,0.333,0.7,40,27,18,Ontario Clippers,ONT,117,True,0.513,0.387,0.8,42,25,18,219,15
2023,0022300967,2024-03-16,HOU vs. CLE,Houston Rockets,HOU,117,True,0.48,0.357,0.667,48,28,9,Cleveland Cavaliers,CLE,103,False,0.451,0.316,0.85,45,22,15,220,14
2023,0022300975,2024-03-16,NYK @ SAC,Sacramento Kings,SAC,91,False,0.353,0.27,0.808,42,22,12,New York Knicks,NYK,98,True,0.43,0.282,0.813,52,19,14,189,7
2023,0022300969,2024-03-16,PHI vs. CHA,Philadelphia 76ers,PHI,109,True,0.444,0.317,0.96,41,25,15,Charlotte Hornets,CHA,98,False,0.451,0.323,0.778,40,21,16,207,11
2023,2022300438,2024-03-16,MCC @ WIS,Wisconsin Herd,WIS,100,False,0.395,0.391,0.875,45,20,16,Motor City Cruise,MCC,104,True,0.4,0.282,0.765,45,19,9,204,4
2023,0022300970,2024-03-16,NOP vs. POR,New Orleans Pelicans,NOP,126,True,0.536,0.394,0.9,39,36,9,Portland Trail Blazers,POR,107,False,0.5,0.364,0.917,36,23,19,233,19
2023,0022300972,2024-03-16,OKC @ MEM,Memphis Grizzlies,MEM,112,False,0.457,0.409,0.769,36,34,14,Oklahoma City Thunder,OKC,118,True,0.517,0.343,0.762,45,25,11,230,6
2023,2022300436,2024-03-16,LIN @ OSC,Osceola Magic,OSC,125,True,0.521,0.472,0.857,50,34,16,Long Island Nets,LIN,117,False,0.44,0.371,0.786,47,31,11,242,8
2023,2022300443,2024-03-17,MHU vs. OKL,Memphis Hustle,MHU,116,False,0.449,0.5,1.0,40,24,15,Oklahoma City Blue,OKL,126,True,0.549,0.333,0.667,45,36,12,242,10
2023,0022300980,2024-03-17,WAS vs. BOS,Washington Wizards,WAS,104,False,0.461,0.294,0.857,40,24,16,Boston Celtics,BOS,130,True,0.494,0.48,0.833,43,30,14,234,26
2023,0022300981,2024-03-17,BKN @ SAS,San Antonio Spurs,SAS,122,True,0.465,0.243,0.913,50,30,17,Brooklyn Nets,BKN,115,False,0.461,0.258,0.684,48,29,12,237,7
2023,2022300445,2024-03-17,RAP @ CLC,Cleveland Charge,CLC,123,True,0.489,0.452,0.667,41,28,16,Raptors 905,RAP,120,False,0.444,0.406,0.667,57,28,15,243,3
2023,0022300978,2024-03-17,DAL vs. DEN,Dallas Mavericks,DAL,107,True,0.42,0.257,0.667,60,22,11,Denver Nuggets,DEN,105,False,0.44,0.429,0.864,37,26,7,212,2
2023,2022300447,2024-03-17,SXF vs. CPS,Sioux Falls Skyforce,SXF,96,True,0.474,0.31,0.692,46,21,17,College Park Skyhawks,CPS,91,False,0.378,0.25,0.583,45,19,14,187,5
2023,0022300977,2024-03-17,DET vs. MIA,Detroit Pistons,DET,101,False,0.458,0.389,0.786,44,24,12,Miami Heat,MIA,104,True,0.449,0.343,0.75,47,24,9,205,3
2023,0022300976,2024-03-17,PHX @ MIL,Milwaukee Bucks,MIL,140,True,0.543,0.585,1.0,35,35,10,Phoenix Suns,PHX,129,False,0.586,0.424,0.867,39,36,12,269,11
2023,0022300979,2024-03-17,TOR @ ORL,Orlando Magic,ORL,111,True,0.506,0.306,0.7,39,22,13,Toronto Raptors,TOR,96,False,0.44,0.258,0.933,37,23,18,207,15
2023,2022300448,2024-03-17,RCR @ STO,Stockton Kings,STO,106,True,0.348,0.463,0.867,48,24,13,Rip City Remix,RCR,104,False,0.406,0.292,0.818,62,26,17,210,2
2023,2022300446,2024-03-17,MXC @ IWA,Iowa Wolves,IWA,117,False,0.448,0.351,0.909,42,23,12,Mexico City Capitanes,MXC,122,True,0.512,0.333,0.714,53,32,17,239,5
2023,2022300442,2024-03-17,MNE vs. GBO,Maine Celtics,MNE,106,True,0.457,0.27,0.692,47,18,13,Greensboro Swarm,GBO,101,False,0.419,0.281,0.87,35,23,15,207,5
2023,2022300444,2024-03-17,CCG @ AUS,Austin Spurs,AUS,120,True,0.538,0.571,0.75,44,28,18,Capital City Go-Go,CCG,112,False,0.451,0.278,0.706,38,25,9,232,8
2023,0022300982,2024-03-17,ATL @ LAC,LA Clippers,LAC,93,False,0.378,0.306,0.897,40,17,15,Atlanta Hawks,ATL,110,True,0.488,0.5,0.917,45,32,14,203,17
2023,0022300985,2024-03-18,PHI vs. MIA,Philadelphia 76ers,PHI,98,True,0.435,0.361,0.917,46,23,12,Miami Heat,MIA,91,False,0.393,0.364,0.643,49,23,15,189,7
2023,2022300449,2024-03-18,FWN vs. DEL,Fort Wayne Mad Ants,FWN,115,True,0.516,0.25,0.769,54,25,16,Delaware Blue Coats,DEL,108,False,0.433,0.349,0.625,42,29,10,223,7
2023,2022300450,2024-03-18,MCC @ TEX,Texas Legends,TEX,122,True,0.506,0.441,0.813,51,26,21,Motor City Cruise,MCC,102,False,0.39,0.235,0.875,40,14,13,224,20
2023,0022300988,2024-03-18,GSW vs. NYK,Golden State Warriors,GSW,112,False,0.477,0.389,0.778,39,29,13,New York Knicks,NYK,119,True,0.484,0.378,0.85,44,29,10,231,7
2023,0022300984,2024-03-18,DET @ BOS,Boston Celtics,BOS,119,True,0.453,0.449,0.846,53,30,9,Detroit Pistons,DET,94,False,0.429,0.31,0.867,43,21,12,213,25
2023,0022300983,2024-03-18,IND vs. CLE,Indiana Pacers,IND,103,False,0.462,0.237,0.625,45,28,11,Cleveland Cavaliers,CLE,108,True,0.475,0.375,0.714,39,27,14,211,5
2023,0022300987,2024-03-18,UTA vs. MIN,Utah Jazz,UTA,104,False,0.464,0.438,0.857,47,25,17,Minnesota Timberwolves,MIN,114,True,0.484,0.39,0.833,35,27,9,218,10
2023,0022300986,2024-03-18,CHI vs. POR,Chicago Bulls,CHI,110,True,0.441,0.333,0.81,40,26,9,Portland Trail Blazers,POR,107,False,0.455,0.286,0.76,43,21,13,217,3
2023,0022300990,2024-03-18,LAL vs. ATL,Los Angeles Lakers,LAL,136,True,0.578,0.417,0.85,48,39,8,Atlanta Hawks,ATL,105,False,0.429,0.22,0.8,42,32,9,241,31
2023,0022300989,2024-03-18,SAC vs. MEM,Sacramento Kings,SAC,121,True,0.447,0.314,0.813,59,30,17,Memphis Grizzlies,MEM,111,False,0.378,0.342,0.8,49,22,12,232,10
2023,2022300455,2024-03-19,AUS @ RGV,Rio Grande Valley Vipers,RGV,102,True,0.432,0.25,0.733,47,22,17,Austin Spurs,AUS,98,False,0.427,0.29,0.867,48,19,27,200,4
2023,0022300993,2024-03-19,NOP @ BKN,Brooklyn Nets,BKN,91,False,0.369,0.3,0.773,42,19,13,New Orleans Pelicans,NOP,104,True,0.506,0.294,0.769,48,29,13,195,13
2023,2022300453,2024-03-19,OSC @ BHM,Birmingham Squadron,BHM,118,False,0.464,0.304,0.8,36,32,14,Osceola Magic,OSC,142,True,0.543,0.533,0.667,50,32,14,260,24
2023,2022300452,2024-03-19,WES @ RAP,Raptors 905,RAP,106,False,0.466,0.286,0.4,51,21,14,Westchester Knicks,WES,134,True,0.553,0.394,0.688,44,27,8,240,28
2023,2022300456,2024-03-19,ONT vs. RCR,Ontario Clippers,ONT,89,False,0.363,0.341,0.714,42,22,14,Rip City Remix,RCR,123,True,0.505,0.462,0.857,56,22,10,212,34
2023,2022300454,2024-03-19,SXF @ MHU,Memphis Hustle,MHU,107,False,0.406,0.4,0.714,44,29,8,Sioux Falls Skyforce,SXF,121,True,0.582,0.405,0.727,46,29,19,228,14
2023,0022300995,2024-03-19,DEN @ MIN,Minnesota Timberwolves,MIN,112,False,0.477,0.343,0.696,37,25,7,Denver Nuggets,DEN,115,True,0.519,0.519,0.773,49,26,17,227,3
2023,2022300451,2024-03-19,GRG vs. SLC,Grand Rapids Gold,GRG,109,False,0.447,0.405,0.833,34,31,14,Salt Lake City Stars,SLC,127,True,0.557,0.4,0.611,54,26,19,236,18
2023,0022300992,2024-03-19,WAS vs. HOU,Washington Wizards,WAS,114,False,0.429,0.385,0.75,44,24,10,Houston Rockets,HOU,137,True,0.516,0.333,0.833,47,25,7,251,23
2023,0022300994,2024-03-19,SAS vs. DAL,San Antonio Spurs,SAS,107,False,0.438,0.359,0.714,48,31,15,Dallas Mavericks,DAL,113,True,0.484,0.333,0.882,40,31,9,220,6
2023,0022300991,2024-03-19,CHA @ ORL,Orlando Magic,ORL,112,True,0.543,0.353,0.923,41,32,16,Charlotte Hornets,CHA,92,False,0.481,0.31,0.778,30,19,17,204,20
2023,0022300996,2024-03-20,MIA @ CLE,Cleveland Cavaliers,CLE,104,False,0.467,0.357,0.864,37,30,11,Miami Heat,MIA,107,True,0.458,0.361,0.947,37,19,7,211,3
2023,0022301002,2024-03-20,PHX vs. PHI,Phoenix Suns,PHX,115,True,0.5,0.487,0.75,55,34,23,Philadelphia 76ers,PHI,102,False,0.432,0.351,0.389,40,33,9,217,13
2023,2022300458,2024-03-20,WIS @ CCG,Capital City Go-Go,CCG,111,False,0.449,0.29,1.0,40,19,14,Wisconsin Herd,WIS,125,True,0.534,0.457,0.8,41,33,13,236,14
2023,0022300998,2024-03-20,MIL @ BOS,Boston Celtics,BOS,122,True,0.471,0.45,0.828,37,25,9,Milwaukee Bucks,MIL,119,False,0.536,0.486,0.857,41,20,14,241,3
2023,0022300999,2024-03-20,SAC @ TOR,Toronto Raptors,TOR,89,False,0.413,0.323,0.722,31,21,21,Sacramento Kings,SAC,123,True,0.516,0.3,0.833,53,32,15,212,34
2023,0022301000,2024-03-20,OKC vs. UTA,Oklahoma City Thunder,OKC,119,True,0.489,0.294,0.793,45,29,10,Utah Jazz,UTA,107,False,0.444,0.278,0.944,47,20,15,226,12
2023,0022301003,2024-03-20,POR vs. LAC,Portland Trail Blazers,POR,103,False,0.481,0.441,0.667,38,21,17,LA Clippers,LAC,116,True,0.523,0.419,0.867,42,29,11,219,13
2023,0022300997,2024-03-20,IND @ DET,Detroit Pistons,DET,103,False,0.411,0.217,0.8,46,23,15,Indiana Pacers,IND,122,True,0.568,0.379,0.611,40,38,12,225,19
2023,2022300457,2024-03-20,LIN vs. FWN,Long Island Nets,LIN,110,True,0.482,0.342,0.769,33,30,13,Fort Wayne Mad Ants,FWN,106,False,0.424,0.308,1.0,51,20,19,216,4
2023,0022301001,2024-03-20,MEM @ GSW,Golden State Warriors,GSW,137,True,0.58,0.487,0.333,48,43,6,Memphis Grizzlies,MEM,116,False,0.438,0.367,0.778,45,29,10,253,21
2023,2022300467,2024-03-21,STO vs. SCW,Stockton Kings,STO,131,True,0.5,0.396,0.789,43,29,11,Santa Cruz Warriors,SCW,122,False,0.443,0.343,0.952,47,31,11,253,9
2023,2022300465,2024-03-21,SBL @ RGV,Rio Grande Valley Vipers,RGV,129,True,0.515,0.386,0.4,58,37,20,South Bay Lakers,SBL,113,False,0.452,0.222,0.706,42,24,18,242,16
2023,2022300464,2024-03-21,MHU vs. CLC,Memphis Hustle,MHU,106,True,0.413,0.368,0.786,47,30,14,Cleveland Charge,CLC,103,False,0.447,0.298,0.727,46,26,15,209,3
2023,2022300463,2024-03-21,BHM vs. OSC,Birmingham Squadron,BHM,133,False,0.447,0.366,0.824,33,26,7,Osceola Magic,OSC,168,True,0.555,0.389,0.882,63,39,11,301,35
2023,2022300459,2024-03-21,FWN @ LIN,Long Island Nets,LIN,98,False,0.421,0.229,0.636,37,25,13,Fort Wayne Mad Ants,FWN,127,True,0.49,0.423,0.75,67,30,19,225,29
2023,2022300462,2024-03-21,MXC @ AUS,Austin Spurs,AUS,120,False,0.524,0.333,0.765,32,24,16,Mexico City Capitanes,MXC,125,True,0.571,0.545,0.833,38,28,18,245,5
2023,0022301005,2024-03-21,WAS vs. SAC,Washington Wizards,WAS,109,True,0.506,0.4,0.739,45,20,19,Sacramento Kings,SAC,102,False,0.43,0.282,0.895,37,21,15,211,7
2023,0022301006,2024-03-21,HOU vs. CHI,Houston Rockets,HOU,127,True,0.505,0.378,0.8,49,27,14,Chicago Bulls,CHI,117,False,0.452,0.387,0.84,43,23,11,244,10
2023,2022300466,2024-03-21,RCR @ ONT,Ontario Clippers,ONT,99,False,0.468,0.25,0.889,42,26,19,Rip City Remix,RCR,114,True,0.483,0.391,0.714,45,28,13,213,15
2023,0022301008,2024-03-21,DAL vs. UTA,Dallas Mavericks,DAL,113,True,0.5,0.313,0.607,43,33,13,Utah Jazz,UTA,97,False,0.458,0.133,0.895,38,29,18,210,16
2023,0022301007,2024-03-21,MIL vs. BKN,Milwaukee Bucks,MIL,115,True,0.473,0.39,0.867,40,27,10,Brooklyn Nets,BKN,108,False,0.446,0.295,0.813,49,29,14,223,7
2023,0022301009,2024-03-21,NYK @ DEN,Denver Nuggets,DEN,113,True,0.536,0.3,0.85,42,31,9,New York Knicks,NYK,100,False,0.481,0.355,0.765,31,28,9,213,13
2023,2022300461,2024-03-21,DEL @ MCC,Motor City Cruise,MCC,109,False,0.453,0.368,0.75,44,22,12,Delaware Blue Coats,DEL,121,True,0.515,0.419,0.333,57,26,15,230,12
2023,2022300460,2024-03-21,WES @ MNE,Maine Celtics,MNE,122,True,0.505,0.351,0.7,46,31,15,Westchester Knicks,WES,118,False,0.434,0.361,0.667,52,17,18,240,4
2023,0022301010,2024-03-21,PHX vs. ATL,Phoenix Suns,PHX,128,True,0.554,0.537,0.889,38,28,17,Atlanta Hawks,ATL,115,False,0.44,0.343,0.793,36,27,8,243,13
2023,0022301004,2024-03-21,ORL vs. NOP,Orlando Magic,ORL,121,True,0.547,0.389,0.684,40,33,14,New Orleans Pelicans,NOP,106,False,0.538,0.3,0.762,33,24,18,227,15
2023,2022300468,2024-03-22,CCG vs. WCB,Capital City Go-Go,CCG,129,True,0.5,0.405,0.864,43,23,16,Windy City Bulls,WCB,107,False,0.482,0.37,0.846,33,24,16,236,22
2023,0022301014,2024-03-22,MIN vs. CLE,Minnesota Timberwolves,MIN,104,True,0.482,0.519,0.5,46,27,11,Cleveland Cavaliers,CLE,91,False,0.42,0.241,0.842,41,22,12,195,13
2023,0022301015,2024-03-22,SAS vs. MEM,San Antonio Spurs,SAS,97,False,0.389,0.184,0.696,56,24,16,Memphis Grizzlies,MEM,99,True,0.402,0.353,0.677,51,18,17,196,2
2023,2022300470,2024-03-22,SLC @ GLI,G League Ignite,GLI,108,False,0.457,0.409,0.615,44,27,8,Salt Lake City Stars,SLC,120,True,0.523,0.435,0.579,44,29,8,228,12
2023,0022301011,2024-03-22,BOS @ DET,Detroit Pistons,DET,102,False,0.506,0.29,0.692,42,25,18,Boston Celtics,BOS,129,True,0.528,0.356,0.704,35,31,7,231,27
2023,0022301013,2024-03-22,MIA vs. NOP,Miami Heat,MIA,88,False,0.36,0.277,0.867,34,22,4,New Orleans Pelicans,NOP,111,True,0.512,0.5,0.75,56,25,12,199,23
2023,0022301012,2024-03-22,TOR vs. OKC,Toronto Raptors,TOR,103,False,0.526,0.367,0.706,36,34,27,Oklahoma City Thunder,OKC,123,True,0.505,0.375,0.789,46,27,15,226,20
2023,0022301017,2024-03-22,POR vs. LAC,Portland Trail Blazers,POR,117,False,0.484,0.364,0.6,41,29,10,LA Clippers,LAC,125,True,0.571,0.424,0.852,40,26,17,242,8
2023,0022301018,2024-03-22,PHI @ LAL,Los Angeles Lakers,LAL,101,True,0.438,0.387,0.758,54,22,21,Philadelphia 76ers,PHI,94,False,0.344,0.216,0.833,42,20,8,195,7
2023,2022300469,2024-03-22,OKL @ GBO,Greensboro Swarm,GBO,113,True,0.438,0.5,0.9,46,28,11,Oklahoma City Blue,OKL,110,False,0.506,0.389,0.538,46,28,17,223,3
2023,0022301016,2024-03-22,GSW vs. IND,Golden State Warriors,GSW,111,False,0.406,0.292,0.688,64,24,14,Indiana Pacers,IND,123,True,0.485,0.417,0.75,50,32,11,234,12
2023,0022301022,2024-03-23,WAS vs. TOR,Washington Wizards,WAS,112,True,0.478,0.314,0.684,55,28,17,Toronto Raptors,TOR,109,False,0.426,0.242,0.808,42,27,12,221,3
2023,2022300472,2024-03-23,GBO vs. OKL,Greensboro Swarm,GBO,95,False,0.422,0.406,0.778,44,22,16,Oklahoma City Blue,OKL,112,True,0.434,0.395,0.882,44,26,12,207,17
2023,0022301026,2024-03-23,POR vs. DEN,Portland Trail Blazers,POR,111,False,0.462,0.357,0.882,45,27,15,Denver Nuggets,DEN,114,True,0.451,0.333,0.727,49,25,13,225,3
2023,0022301024,2024-03-23,UTA @ HOU,Houston Rockets,HOU,147,True,0.557,0.551,0.857,44,31,9,Utah Jazz,UTA,119,False,0.449,0.297,0.848,40,24,10,266,28
2023,2022300471,2024-03-23,WIS @ RAP,Raptors 905,RAP,85,False,0.372,0.194,0.474,52,21,18,Wisconsin Herd,WIS,105,True,0.44,0.372,0.857,49,27,14,190,20
2023,2022300473,2024-03-23,GRG @ MCC,Motor City Cruise,MCC,101,True,0.453,0.345,0.692,52,23,16,Grand Rapids Gold,GRG,92,False,0.422,0.214,0.714,42,18,16,193,9
2023,0022301020,2024-03-23,ORL vs. SAC,Orlando Magic,ORL,107,False,0.477,0.286,0.722,49,27,13,Sacramento Kings,SAC,109,True,0.437,0.375,0.857,42,26,7,216,2
2023,2022300476,2024-03-23,SCW @ STO,Stockton Kings,STO,107,True,0.432,0.385,0.6,45,25,11,Santa Cruz Warriors,SCW,100,False,0.44,0.308,1.0,56,26,17,207,7
2023,2022300477,2024-03-23,SBL @ RGV,Rio Grande Valley Vipers,RGV,116,True,0.477,0.45,0.55,53,33,24,South Bay Lakers,SBL,107,False,0.46,0.333,0.647,37,29,21,223,9
2023,2022300475,2024-03-23,SXF vs. CLC,Sioux Falls Skyforce,SXF,112,True,0.489,0.366,0.5,53,28,17,Cleveland Charge,CLC,103,False,0.404,0.368,0.9,43,24,17,215,9
2023,0022301023,2024-03-23,BOS @ CHI,Chicago Bulls,CHI,113,False,0.573,0.375,0.909,29,36,7,Boston Celtics,BOS,124,True,0.512,0.438,0.882,41,28,12,237,11
2023,2022300478,2024-03-23,TEX vs. ONT,Texas Legends,TEX,99,True,0.407,0.29,0.875,52,19,19,Ontario Clippers,ONT,90,False,0.425,0.241,0.545,39,19,13,189,9
2023,0022301019,2024-03-23,NYK vs. BKN,New York Knicks,NYK,105,True,0.433,0.375,0.5,47,25,9,Brooklyn Nets,BKN,93,False,0.447,0.353,0.867,41,26,15,198,12
2023,0022301025,2024-03-23,SAS vs. PHX,San Antonio Spurs,SAS,106,False,0.471,0.273,0.81,34,27,15,Phoenix Suns,PHX,131,True,0.596,0.458,0.8,39,38,8,237,25
2023,0022301021,2024-03-23,ATL vs. CHA,Atlanta Hawks,ATL,132,True,0.556,0.476,0.857,43,40,8,Charlotte Hornets,CHA,91,False,0.417,0.282,0.714,39,25,13,223,41
2023,2022300479,2024-03-23,GLI vs. SLC,G League Ignite,GLI,87,False,0.41,0.111,0.857,37,15,19,Salt Lake City Stars,SLC,128,True,0.614,0.462,0.556,41,30,11,215,41
2023,2022300474,2024-03-23,AUS vs. RCR,Austin Spurs,AUS,111,True,0.523,0.276,0.625,46,30,16,Rip City Remix,RCR,102,False,0.432,0.383,0.5,44,27,20,213,9
2023,0022301029,2024-03-24,MIA vs. CLE,Miami Heat,MIA,121,True,0.518,0.395,0.87,44,29,9,Cleveland Cavaliers,CLE,84,False,0.417,0.31,0.75,30,24,17,205,37
2023,0022301031,2024-03-24,MIN vs. GSW,Minnesota Timberwolves,MIN,114,True,0.476,0.525,0.722,44,30,15,Golden State Warriors,GSW,110,False,0.447,0.389,0.769,41,23,12,224,4
2023,2022300482,2024-03-24,CLC @ SXF,Sioux Falls Skyforce,SXF,113,True,0.494,0.333,0.727,45,26,10,Cleveland Charge,CLC,111,False,0.488,0.281,0.714,39,31,9,224,2
2023,0022301028,2024-03-24,LAC vs. PHI,LA Clippers,LAC,107,False,0.482,0.357,0.944,37,27,13,Philadelphia 76ers,PHI,121,True,0.533,0.486,0.778,37,32,8,228,14
2023,0022301032,2024-03-24,IND @ LAL,Los Angeles Lakers,LAL,150,True,0.562,0.48,0.884,41,28,10,Indiana Pacers,IND,145,False,0.551,0.5,0.563,40,39,11,295,5
2023,2022300480,2024-03-24,WCB @ CCG,Capital City Go-Go,CCG,121,True,0.518,0.394,0.857,43,21,15,Windy City Bulls,WCB,99,False,0.451,0.25,0.786,34,13,15,220,22
2023,2022300483,2024-03-24,ONT @ TEX,Texas Legends,TEX,111,True,0.447,0.359,0.75,42,20,17,Ontario Clippers,ONT,110,False,0.464,0.351,0.846,39,27,10,221,1
2023,0022301027,2024-03-24,NOP @ DET,Detroit Pistons,DET,101,False,0.405,0.268,0.813,46,20,16,New Orleans Pelicans,NOP,114,True,0.506,0.324,0.677,41,27,10,215,13
2023,2022300484,2024-03-24,RCR @ AUS,Austin Spurs,AUS,114,True,0.549,0.292,0.6,41,27,19,Rip City Remix,RCR,102,False,0.402,0.341,0.579,46,16,17,216,12
2023,2022300481,2024-03-24,DEL vs. LIN,Delaware Blue Coats,DEL,101,False,0.451,0.375,0.6,32,23,17,Long Island Nets,LIN,119,True,0.511,0.406,0.8,52,28,18,220,18
2023,0022301030,2024-03-24,OKC @ MIL,Milwaukee Bucks,MIL,118,True,0.533,0.324,0.643,57,33,16,Oklahoma City Thunder,OKC,93,False,0.371,0.233,0.773,37,20,12,211,25
2023,2022300485,2024-03-25,IWA @ OSC,Osceola Magic,OSC,128,False,0.505,0.34,0.615,59,33,24,Iowa Wolves,IWA,136,True,0.476,0.377,0.56,50,31,13,264,8
2023,0022301043,2024-03-25,IND @ LAC,LA Clippers,LAC,116,False,0.541,0.3,0.818,36,26,8,Indiana Pacers,IND,133,True,0.581,0.607,0.727,34,28,8,249,17
2023,0022301037,2024-03-25,CHI vs. WAS,Chicago Bulls,CHI,105,False,0.414,0.286,0.821,46,27,11,Washington Wizards,WAS,107,True,0.402,0.286,0.833,52,32,13,212,2
2023,0022301040,2024-03-25,DEN vs. MEM,Denver Nuggets,DEN,128,True,0.533,0.469,0.944,50,38,15,Memphis Grizzlies,MEM,103,False,0.394,0.25,0.667,40,25,14,231,25
2023,2022300486,2024-03-25,WES vs. GBO,Westchester Knicks,WES,112,True,0.458,0.405,0.667,50,24,14,Greensboro Swarm,GBO,103,False,0.415,0.25,0.818,47,26,11,215,9
2023,2022300487,2024-03-25,RGV @ MXC,Mexico City Capitanes,MXC,118,False,0.533,0.429,0.72,48,26,23,Rio Grande Valley Vipers,RGV,121,True,0.431,0.389,0.789,38,30,13,239,3
2023,2022300488,2024-03-25,GLI vs. SBL,G League Ignite,GLI,97,False,0.442,0.282,0.75,48,17,15,South Bay Lakers,SBL,105,True,0.435,0.292,1.0,45,19,10,202,8
2023,0022301038,2024-03-25,POR @ HOU,Houston Rockets,HOU,110,True,0.398,0.308,0.96,45,19,8,Portland Trail Blazers,POR,92,False,0.414,0.212,0.867,44,14,16,202,18
2023,0022301034,2024-03-25,BOS @ ATL,Atlanta Hawks,ATL,120,True,0.529,0.5,0.588,44,30,13,Boston Celtics,BOS,118,False,0.495,0.289,0.684,38,21,7,238,2
2023,0022301036,2024-03-25,TOR vs. BKN,Toronto Raptors,TOR,88,False,0.435,0.185,0.75,30,23,10,Brooklyn Nets,BKN,96,True,0.457,0.231,0.722,50,20,18,184,8
2023,0022301041,2024-03-25,DAL @ UTA,Utah Jazz,UTA,105,False,0.425,0.333,0.818,46,28,12,Dallas Mavericks,DAL,115,True,0.478,0.286,0.833,47,31,6,220,10
2023,0022301035,2024-03-25,DET @ NYK,New York Knicks,NYK,124,True,0.506,0.413,0.682,52,30,13,Detroit Pistons,DET,99,False,0.386,0.294,0.955,37,22,12,223,25
2023,0022301042,2024-03-25,PHI @ SAC,Sacramento Kings,SAC,108,True,0.442,0.263,0.786,40,25,7,Philadelphia 76ers,PHI,96,False,0.415,0.324,0.85,47,18,15,204,12
2023,0022301039,2024-03-25,SAS vs. PHX,San Antonio Spurs,SAS,104,True,0.44,0.258,0.842,40,23,7,Phoenix Suns,PHX,102,False,0.506,0.357,0.571,47,28,14,206,2
2023,0022301033,2024-03-25,CHA @ CLE,Cleveland Cavaliers,CLE,115,True,0.535,0.415,0.6,47,41,12,Charlotte Hornets,CHA,92,False,0.425,0.321,0.833,33,22,11,207,23
2023,2022300490,2024-03-26,LIN vs. GRG,Long Island Nets,LIN,127,True,0.521,0.276,1.0,57,33,16,Grand Rapids Gold,GRG,94,False,0.374,0.35,0.75,37,21,14,221,33
2023,2022300489,2024-03-26,CPS vs. MNE,College Park Skyhawks,CPS,112,False,0.38,0.267,0.895,47,20,11,Maine Celtics,MNE,127,True,0.526,0.364,0.611,50,28,8,239,15
2023,2022300491,2024-03-26,STO @ MHU,Memphis Hustle,MHU,118,True,0.57,0.406,0.667,40,28,17,Stockton Kings,STO,117,False,0.495,0.444,0.583,42,29,11,235,1
2023,0022301046,2024-03-26,OKC @ NOP,New Orleans Pelicans,NOP,112,False,0.453,0.368,0.87,37,26,9,Oklahoma City Thunder,OKC,119,True,0.535,0.441,0.857,45,28,12,231,7
2023,2022300492,2024-03-26,AUS @ SLC,Salt Lake City Stars,SLC,113,True,0.458,0.405,0.75,57,28,17,Austin Spurs,AUS,108,False,0.457,0.342,0.75,42,28,9,221,5
2023,0022301047,2024-03-26,DAL @ SAC,Sacramento Kings,SAC,96,False,0.389,0.367,0.789,42,27,13,Dallas Mavericks,DAL,132,True,0.554,0.564,0.615,49,34,9,228,36
2023,0022301045,2024-03-26,MIL vs. LAL,Milwaukee Bucks,MIL,124,False,0.412,0.294,0.647,61,37,14,Los Angeles Lakers,LAL,128,True,0.389,0.318,0.938,69,30,17,252,4
2023,0022301044,2024-03-26,MIA vs. GSW,Miami Heat,MIA,92,False,0.402,0.242,0.769,39,24,8,Golden State Warriors,GSW,113,True,0.553,0.342,0.6,43,31,10,205,21
2023,0022301049,2024-03-27,ORL vs. GSW,Orlando Magic,ORL,93,False,0.424,0.313,0.524,39,25,10,Golden State Warriors,GSW,101,True,0.444,0.294,0.846,52,26,12,194,8
2023,0022301052,2024-03-27,LAC @ PHI,Philadelphia 76ers,PHI,107,False,0.476,0.394,0.842,51,17,12,LA Clippers,LAC,108,True,0.444,0.389,0.7,43,28,6,215,1
2023,0022301055,2024-03-27,MEM vs. LAL,Memphis Grizzlies,MEM,124,False,0.474,0.395,0.789,39,30,14,Los Angeles Lakers,LAL,136,True,0.556,0.545,0.8,43,31,15,260,12
2023,2022300497,2024-03-27,CLC vs. WCB,Cleveland Charge,CLC,103,True,0.466,0.457,0.688,48,28,20,Windy City Bulls,WCB,98,False,0.367,0.211,0.733,46,23,11,201,5
2023,2022300501,2024-03-27,SBL @ SCW,Santa Cruz Warriors,SCW,117,False,0.458,0.269,0.9,50,32,23,South Bay Lakers,SBL,120,True,0.452,0.357,0.714,41,22,12,237,3
2023,0022301051,2024-03-27,ATL vs. POR,Atlanta Hawks,ATL,120,True,0.518,0.39,0.8,41,23,16,Portland Trail Blazers,POR,106,False,0.506,0.452,0.6,33,35,18,226,14
2023,2022300500,2024-03-27,MXC vs. RGV,Mexico City Capitanes,MXC,104,True,0.5,0.323,0.762,52,26,26,Rio Grande Valley Vipers,RGV,100,False,0.344,0.242,0.8,40,21,13,204,4
2023,0022301050,2024-03-27,WAS vs. BKN,Washington Wizards,WAS,119,False,0.505,0.412,0.765,44,26,13,Brooklyn Nets,BKN,122,True,0.48,0.303,0.783,45,24,8,241,3
2023,0022301054,2024-03-27,IND @ CHI,Chicago Bulls,CHI,125,True,0.5,0.444,0.833,54,28,7,Indiana Pacers,IND,99,False,0.4,0.31,0.783,40,25,13,224,26
2023,0022301059,2024-03-27,PHX @ DEN,Denver Nuggets,DEN,97,False,0.432,0.25,0.917,38,24,8,Phoenix Suns,PHX,104,True,0.47,0.485,0.909,51,29,16,201,7
2023,2022300494,2024-03-27,RAP vs. MCC,Raptors 905,RAP,116,True,0.442,0.229,0.667,51,22,5,Motor City Cruise,MCC,102,False,0.42,0.368,0.615,47,22,10,218,14
2023,0022301053,2024-03-27,TOR vs. NYK,Toronto Raptors,TOR,101,False,0.464,0.355,0.923,28,31,18,New York Knicks,NYK,145,True,0.585,0.5,0.813,42,37,11,246,44
2023,2022300493,2024-03-27,DEL vs. CCG,Delaware Blue Coats,DEL,116,False,0.467,0.308,0.833,36,25,8,Capital City Go-Go,CCG,122,True,0.446,0.351,0.737,62,29,16,238,6
2023,0022301056,2024-03-27,MIN vs. DET,Minnesota Timberwolves,MIN,106,True,0.512,0.306,0.688,40,28,12,Detroit Pistons,DET,91,False,0.383,0.281,0.8,41,15,12,197,15
2023,2022300498,2024-03-27,OSC vs. IWA,Osceola Magic,OSC,142,True,0.505,0.362,0.882,54,28,14,Iowa Wolves,IWA,124,False,0.46,0.375,0.556,41,28,10,266,18
2023,2022300495,2024-03-27,WES vs. GBO,Westchester Knicks,WES,110,True,0.424,0.368,0.917,61,23,15,Greensboro Swarm,GBO,92,False,0.355,0.273,0.818,40,21,14,202,18
2023,0022301048,2024-03-27,CHA vs. CLE,Charlotte Hornets,CHA,118,True,0.579,0.394,0.773,38,30,15,Cleveland Cavaliers,CLE,111,False,0.494,0.432,0.571,32,33,13,229,7
2023,2022300496,2024-03-27,OKL vs. BHM,Oklahoma City Blue,OKL,115,True,0.457,0.364,0.833,66,34,28,Birmingham Squadron,BHM,99,False,0.347,0.25,0.846,38,26,16,214,16
2023,0022301057,2024-03-27,HOU @ OKC,Oklahoma City Thunder,OKC,126,False,0.49,0.368,0.75,49,26,19,Houston Rockets,HOU,132,True,0.481,0.349,0.739,50,25,16,258,6
2023,0022301058,2024-03-27,SAS @ UTA,Utah Jazz,UTA,111,False,0.47,0.371,0.909,36,25,21,San Antonio Spurs,SAS,118,True,0.512,0.485,0.667,41,40,21,229,7
2023,2022300499,2024-03-27,FWN @ WIS,Wisconsin Herd,WIS,113,True,0.479,0.389,0.5,43,26,8,Fort Wayne Mad Ants,FWN,109,False,0.411,0.105,0.75,61,20,9,222,4
2023,2022300505,2024-03-28,GLI @ ONT,Ontario Clippers,ONT,113,True,0.531,0.333,0.889,32,30,12,G League Ignite,GLI,102,False,0.438,0.296,0.867,41,20,14,215,11
2023,2022300503,2024-03-28,CLC @ GRG,Grand Rapids Gold,GRG,86,False,0.388,0.3,0.875,41,25,13,Cleveland Charge,CLC,105,True,0.519,0.395,0.778,42,31,11,191,19
2023,2022300502,2024-03-28,MNE @ CPS,College Park Skyhawks,CPS,132,True,0.479,0.349,0.9,39,32,15,Maine Celtics,MNE,122,False,0.494,0.389,0.706,42,28,16,254,10
2023,0022301060,2024-03-28,ATL vs. BOS,Atlanta Hawks,ATL,123,True,0.49,0.341,0.6,53,24,11,Boston Celtics,BOS,122,False,0.479,0.389,0.857,43,28,12,245,1
2023,2022300504,2024-03-28,OKL vs. TEX,Oklahoma City Blue,OKL,132,True,0.452,0.366,0.737,64,26,14,Texas Legends,TEX,113,False,0.415,0.39,0.769,46,23,15,245,19
2023,0022301061,2024-03-28,NOP vs. MIL,New Orleans Pelicans,NOP,107,True,0.396,0.25,0.794,48,22,6,Milwaukee Bucks,MIL,100,False,0.463,0.359,0.526,46,21,14,207,7
2023,0022301063,2024-03-29,LAL @ IND,Indiana Pacers,IND,109,True,0.483,0.323,0.929,46,27,8,Los Angeles Lakers,LAL,90,False,0.407,0.167,0.833,48,24,16,199,19
2023,2022300512,2024-03-29,RGV vs. SLC,Rio Grande Valley Vipers,RGV,116,False,0.474,0.406,0.583,39,33,17,Salt Lake City Stars,SLC,117,True,0.457,0.448,0.72,49,24,24,233,1
2023,0022301064,2024-03-29,LAC @ ORL,Orlando Magic,ORL,97,False,0.442,0.345,0.733,38,20,14,LA Clippers,LAC,100,True,0.482,0.333,0.833,41,19,16,197,3
2023,2022300510,2024-03-29,STO @ SXF,Sioux Falls Skyforce,SXF,117,False,0.443,0.462,0.714,53,22,21,Stockton Kings,STO,125,True,0.5,0.462,0.8,41,30,15,242,8
2023,0022301073,2024-03-29,SAC vs. DAL,Sacramento Kings,SAC,103,False,0.435,0.469,0.667,45,24,10,Dallas Mavericks,DAL,107,True,0.473,0.429,0.667,42,24,10,210,4
2023,0022301067,2024-03-29,PHI @ CLE,Cleveland Cavaliers,CLE,117,True,0.549,0.432,0.846,37,34,13,Philadelphia 76ers,PHI,114,False,0.447,0.4,0.824,42,28,9,231,3
2023,2022300514,2024-03-29,SBL vs. MXC,South Bay Lakers,SBL,107,False,0.388,0.273,0.667,46,20,10,Mexico City Capitanes,MXC,118,True,0.5,0.333,0.789,52,27,18,225,11
2023,0022301072,2024-03-29,UTA vs. HOU,Utah Jazz,UTA,100,False,0.463,0.258,0.947,51,23,20,Houston Rockets,HOU,101,True,0.385,0.31,0.643,45,19,10,201,1
2023,2022300511,2024-03-29,WCB vs. WIS,Windy City Bulls,WCB,127,True,0.476,0.429,0.889,68,26,14,Wisconsin Herd,WIS,103,False,0.457,0.302,0.5,32,30,9,230,24
2023,0022301068,2024-03-29,POR @ MIA,Miami Heat,MIA,142,True,0.587,0.538,0.722,44,41,8,Portland Trail Blazers,POR,82,False,0.402,0.167,0.636,43,20,23,224,60
2023,2022300513,2024-03-29,RCR vs. SCW,Rip City Remix,RCR,124,False,0.48,0.295,0.643,46,37,14,Santa Cruz Warriors,SCW,131,True,0.517,0.391,0.789,35,38,10,255,7
2023,0022301070,2024-03-29,NYK @ SAS,San Antonio Spurs,SAS,130,True,0.537,0.4,0.813,46,34,15,New York Knicks,NYK,126,False,0.464,0.378,0.833,50,24,11,256,4
2023,0022301062,2024-03-29,GSW @ CHA,Charlotte Hornets,CHA,97,False,0.405,0.261,0.708,41,23,11,Golden State Warriors,GSW,115,True,0.539,0.344,0.889,50,35,12,212,18
2023,0022301071,2024-03-29,DEN vs. MIN,Denver Nuggets,DEN,98,False,0.398,0.286,0.741,46,29,12,Minnesota Timberwolves,MIN,111,True,0.514,0.321,0.703,39,28,7,209,13
2023,2022300506,2024-03-29,OSC vs. FWN,Osceola Magic,OSC,119,False,0.468,0.396,0.7,38,28,21,Fort Wayne Mad Ants,FWN,127,True,0.489,0.24,0.778,50,26,19,246,8
2023,2022300508,2024-03-29,RAP vs. MCC,Raptors 905,RAP,109,True,0.409,0.333,0.8,48,28,13,Motor City Cruise,MCC,104,False,0.477,0.464,0.571,49,22,17,213,5
2023,0022301066,2024-03-29,CHI @ BKN,Brooklyn Nets,BKN,125,True,0.473,0.568,0.636,43,26,6,Chicago Bulls,CHI,108,False,0.507,0.3,0.793,44,24,12,233,17
2023,0022301065,2024-03-29,DET @ WAS,Washington Wizards,WAS,87,False,0.409,0.273,0.75,47,22,18,Detroit Pistons,DET,96,True,0.416,0.25,0.8,47,19,13,183,9
2023,2022300509,2024-03-29,IWA vs. AUS,Iowa Wolves,IWA,119,False,0.448,0.265,0.875,46,32,9,Austin Spurs,AUS,123,True,0.518,0.387,0.652,50,23,12,242,4
2023,0022301069,2024-03-29,PHX @ OKC,Oklahoma City Thunder,OKC,128,True,0.563,0.533,1.0,38,33,10,Phoenix Suns,PHX,103,False,0.448,0.317,0.8,39,26,14,231,25
2023,2022300507,2024-03-29,WES vs. MHU,Westchester Knicks,WES,102,True,0.381,0.311,0.857,60,24,12,Memphis Hustle,MHU,96,False,0.37,0.341,0.667,50,28,13,198,6
2023,2022300518,2024-03-30,CCG @ GRG,Grand Rapids Gold,GRG,101,False,0.419,0.475,0.583,39,27,15,Capital City Go-Go,CCG,127,True,0.511,0.471,0.929,50,27,11,228,26
2023,2022300525,2024-03-30,SBL vs. MXC,South Bay Lakers,SBL,108,False,0.433,0.407,0.667,42,25,17,Mexico City Capitanes,MXC,120,True,0.518,0.464,0.933,49,27,21,228,12
2023,2022300524,2024-03-30,WIS @ WCB,Windy City Bulls,WCB,105,False,0.438,0.219,0.571,47,21,12,Wisconsin Herd,WIS,108,True,0.446,0.395,0.733,49,25,18,213,3
2023,2022300516,2024-03-30,SCW @ RCR,Rip City Remix,RCR,123,False,0.441,0.313,0.611,53,27,15,Santa Cruz Warriors,SCW,131,True,0.489,0.426,0.8,45,37,15,254,8
2023,0022301075,2024-03-30,MEM @ ORL,Orlando Magic,ORL,118,True,0.487,0.5,0.87,43,28,15,Memphis Grizzlies,MEM,88,False,0.36,0.333,0.824,45,25,19,206,30
2023,0022301076,2024-03-30,MIL @ ATL,Atlanta Hawks,ATL,113,False,0.457,0.4,0.833,39,24,11,Milwaukee Bucks,MIL,122,True,0.551,0.286,0.8,40,27,10,235,9
2023,2022300523,2024-03-30,STO @ SXF,Sioux Falls Skyforce,SXF,91,False,0.374,0.219,0.667,51,18,12,Stockton Kings,STO,102,True,0.421,0.4,0.867,47,23,13,193,11
2023,0022301074,2024-03-30,NOP vs. BOS,New Orleans Pelicans,NOP,92,False,0.395,0.371,0.611,41,22,9,Boston Celtics,BOS,104,True,0.476,0.405,0.917,51,27,12,196,12
2023,2022300527,2024-03-30,TEX vs. MNE,Texas Legends,TEX,109,False,0.409,0.371,0.688,48,23,16,Maine Celtics,MNE,110,True,0.465,0.395,0.909,48,28,20,219,1
2023,2022300522,2024-03-30,IWA vs. AUS,Iowa Wolves,IWA,107,False,0.443,0.4,0.286,39,22,13,Austin Spurs,AUS,132,True,0.554,0.452,0.6,51,31,14,239,25
2023,2022300520,2024-03-30,MHU @ WES,Westchester Knicks,WES,105,False,0.387,0.256,0.75,60,23,13,Memphis Hustle,MHU,113,True,0.482,0.469,0.786,39,26,12,218,8
2023,2022300521,2024-03-30,BHM vs. CLC,Birmingham Squadron,BHM,123,True,0.43,0.341,1.0,40,27,6,Cleveland Charge,CLC,107,False,0.482,0.356,0.875,45,30,23,230,16
2023,2022300526,2024-03-30,SLC @ RGV,Rio Grande Valley Vipers,RGV,97,True,0.453,0.25,0.5,52,28,20,Salt Lake City Stars,SLC,77,False,0.421,0.136,0.227,44,21,19,174,20
2023,2022300517,2024-03-30,CPS vs. LIN,College Park Skyhawks,CPS,123,True,0.456,0.49,0.688,42,24,11,Long Island Nets,LIN,117,False,0.482,0.233,0.85,48,22,14,240,6
2023,2022300519,2024-03-30,OSC vs. FWN,Osceola Magic,OSC,118,False,0.494,0.404,0.786,34,22,15,Fort Wayne Mad Ants,FWN,127,True,0.476,0.429,0.88,45,23,14,245,9
2023,2022300515,2024-03-30,DEL vs. OKL,Delaware Blue Coats,DEL,95,False,0.358,0.086,0.737,32,15,7,Oklahoma City Blue,OKL,121,True,0.548,0.324,0.625,59,26,17,216,26
2023,0022301079,2024-03-31,CHA vs. LAC,Charlotte Hornets,CHA,118,False,0.5,0.442,0.636,31,32,9,LA Clippers,LAC,130,True,0.573,0.483,0.882,41,28,8,248,12
2023,0022301085,2024-03-31,SAS vs. GSW,San Antonio Spurs,SAS,113,False,0.449,0.395,0.889,45,31,19,Golden State Warriors,GSW,117,True,0.489,0.41,0.846,41,34,15,230,4
2023,0022301086,2024-03-31,UTA @ SAC,Sacramento Kings,SAC,127,True,0.536,0.5,0.739,44,34,15,Utah Jazz,UTA,106,False,0.41,0.39,0.786,33,22,12,233,21
2023,0022301084,2024-03-31,CHI @ MIN,Minnesota Timberwolves,MIN,101,False,0.469,0.297,0.667,37,28,13,Chicago Bulls,CHI,109,True,0.525,0.586,0.667,43,30,16,210,8
2023,0022301077,2024-03-31,DEN vs. CLE,Denver Nuggets,DEN,130,True,0.575,0.636,0.692,51,36,16,Cleveland Cavaliers,CLE,101,False,0.463,0.32,0.81,28,26,15,231,29
2023,0022301078,2024-03-31,BKN vs. LAL,Brooklyn Nets,BKN,104,False,0.424,0.333,0.737,38,19,12,Los Angeles Lakers,LAL,116,True,0.545,0.375,0.773,50,24,19,220,12
2023,0022301080,2024-03-31,PHI @ TOR,Toronto Raptors,TOR,120,False,0.522,0.367,0.75,30,31,12,Philadelphia 76ers,PHI,135,True,0.59,0.558,0.813,39,28,15,255,15
2023,0022301082,2024-03-31,NYK vs. OKC,New York Knicks,NYK,112,False,0.413,0.302,0.676,46,24,10,Oklahoma City Thunder,OKC,113,True,0.537,0.382,0.5,43,29,12,225,1
2023,0022301083,2024-03-31,HOU vs. DAL,Houston Rockets,HOU,107,False,0.424,0.342,0.842,43,22,10,Dallas Mavericks,DAL,125,True,0.516,0.511,0.556,47,24,13,232,18
2023,0022301081,2024-03-31,MIA @ WAS,Washington Wizards,WAS,107,False,0.455,0.289,0.762,42,27,15,Miami Heat,MIA,119,True,0.494,0.389,0.862,42,22,13,226,12
2023,0022301088,2024-04-01,DET vs. MEM,Detroit Pistons,DET,108,False,0.506,0.393,0.773,41,22,14,Memphis Grizzlies,MEM,110,True,0.44,0.333,0.826,44,28,12,218,2
2023,0022301089,2024-04-01,IND vs. BKN,Indiana Pacers,IND,133,True,0.515,0.419,0.824,47,35,9,Brooklyn Nets,BKN,111,False,0.471,0.385,0.679,43,20,15,244,22
2023,0022301087,2024-04-01,CHA vs. BOS,Charlotte Hornets,CHA,104,False,0.451,0.351,0.818,40,28,6,Boston Celtics,BOS,118,True,0.483,0.358,0.813,51,28,10,222,14
2023,0022301090,2024-04-01,POR @ ORL,Orlando Magic,ORL,104,True,0.474,0.344,0.778,43,26,15,Portland Trail Blazers,POR,103,False,0.444,0.355,0.8,44,28,9,207,1
2023,0022301091,2024-04-01,CHI vs. ATL,Chicago Bulls,CHI,101,False,0.394,0.25,0.833,51,17,8,Atlanta Hawks,ATL,113,True,0.5,0.475,0.667,45,29,14,214,12
2023,0022301092,2024-04-01,NOP vs. PHX,New Orleans Pelicans,NOP,111,False,0.472,0.407,0.667,37,29,9,Phoenix Suns,PHX,124,True,0.494,0.383,0.8,49,29,12,235,13
2023,0022301100,2024-04-02,UTA vs. CLE,Utah Jazz,UTA,113,False,0.482,0.432,0.833,33,26,19,Cleveland Cavaliers,CLE,129,True,0.541,0.41,0.875,41,38,13,242,16
2023,0022301096,2024-04-02,MIA vs. NYK,Miami Heat,MIA,109,True,0.486,0.447,0.952,39,24,17,New York Knicks,NYK,99,False,0.461,0.353,0.81,30,25,14,208,10
2023,0022301094,2024-04-02,TOR vs. LAL,Toronto Raptors,TOR,111,False,0.483,0.313,0.714,40,25,17,Los Angeles Lakers,LAL,128,True,0.515,0.439,0.5,47,38,14,239,17
2023,0022301098,2024-04-02,MIN vs. HOU,Minnesota Timberwolves,MIN,113,True,0.532,0.423,0.909,39,29,17,Houston Rockets,HOU,106,False,0.446,0.292,0.714,37,23,14,219,7
2023,0022301095,2024-04-02,MIL @ WAS,Washington Wizards,WAS,117,True,0.505,0.237,0.824,44,26,10,Milwaukee Bucks,MIL,113,False,0.437,0.229,0.667,57,31,12,230,4
2023,0022301099,2024-04-02,SAS @ DEN,Denver Nuggets,DEN,110,True,0.439,0.324,0.813,52,28,8,San Antonio Spurs,SAS,105,False,0.4,0.295,0.5,59,33,7,215,5
2023,0022301101,2024-04-02,LAC @ SAC,Sacramento Kings,SAC,109,True,0.424,0.286,0.76,56,29,10,LA Clippers,LAC,95,False,0.408,0.407,0.815,38,18,15,204,14
2023,0022301093,2024-04-02,PHI vs. OKC,Philadelphia 76ers,PHI,109,True,0.462,0.467,0.92,42,27,16,Oklahoma City Thunder,OKC,105,False,0.425,0.333,0.818,43,30,14,214,4
2023,0022300589,2024-04-02,GSW vs. DAL,Golden State Warriors,GSW,104,True,0.456,0.469,1.0,52,29,17,Dallas Mavericks,DAL,100,False,0.438,0.375,0.636,42,27,15,204,4
2023,0022301109,2024-04-03,NOP vs. ORL,New Orleans Pelicans,NOP,108,False,0.474,0.414,0.857,35,21,14,Orlando Magic,ORL,117,True,0.513,0.406,0.733,39,27,13,225,9
2023,0022301103,2024-04-03,WAS vs. LAL,Washington Wizards,WAS,120,False,0.495,0.429,0.923,39,26,18,Los Angeles Lakers,LAL,125,True,0.505,0.286,0.862,49,21,16,245,5
2023,0022301105,2024-04-03,OKC @ BOS,Boston Celtics,BOS,135,True,0.543,0.425,0.947,46,33,10,Oklahoma City Thunder,OKC,100,False,0.432,0.208,0.893,31,21,13,235,35
2023,0022301108,2024-04-03,MIN vs. TOR,Minnesota Timberwolves,MIN,133,True,0.51,0.465,0.682,50,37,9,Toronto Raptors,TOR,85,False,0.367,0.233,0.857,48,19,20,218,48
2023,0022301110,2024-04-03,CLE @ PHX,Phoenix Suns,PHX,122,True,0.506,0.545,0.941,43,32,15,Cleveland Cavaliers,CLE,101,False,0.47,0.269,0.842,37,28,15,223,21
2023,0022301106,2024-04-03,IND @ BKN,Brooklyn Nets,BKN,115,True,0.483,0.375,0.704,50,22,13,Indiana Pacers,IND,111,False,0.447,0.263,0.818,45,27,9,226,4
2023,0022301107,2024-04-03,MEM @ MIL,Milwaukee Bucks,MIL,101,False,0.4,0.409,0.583,44,26,11,Memphis Grizzlies,MEM,111,True,0.505,0.304,0.706,54,25,8,212,10
2023,0022301102,2024-04-03,POR @ CHA,Charlotte Hornets,CHA,86,False,0.41,0.161,0.773,36,22,9,Portland Trail Blazers,POR,89,True,0.398,0.269,0.667,55,19,15,175,3
2023,0022301104,2024-04-03,DET @ ATL,Atlanta Hawks,ATL,121,True,0.544,0.342,0.667,48,36,16,Detroit Pistons,DET,113,False,0.457,0.333,0.81,37,24,10,234,8
2023,0022301124,2024-04-04,ATL @ DAL,Dallas Mavericks,DAL,109,True,0.404,0.367,0.882,53,20,14,Atlanta Hawks,ATL,95,False,0.4,0.342,0.667,56,21,21,204,14
2023,0022301114,2024-04-04,LAC vs. DEN,LA Clippers,LAC,102,True,0.378,0.212,0.844,48,22,6,Denver Nuggets,DEN,100,False,0.434,0.314,0.68,51,27,13,202,2
2023,0022301113,2024-04-04,HOU vs. GSW,Houston Rockets,HOU,110,False,0.419,0.3,0.867,29,23,12,Golden State Warriors,GSW,133,True,0.588,0.486,0.88,43,29,18,243,23
2023,0022301112,2024-04-04,SAC @ NYK,New York Knicks,NYK,120,True,0.55,0.429,0.69,39,34,11,Sacramento Kings,SAC,109,False,0.488,0.429,0.583,35,26,16,229,11
2023,0022301111,2024-04-04,PHI @ MIA,Miami Heat,MIA,105,False,0.415,0.302,0.875,51,24,15,Philadelphia 76ers,PHI,109,True,0.467,0.35,0.818,41,28,11,214,4
2023,0022301118,2024-04-05,SAC @ BOS,Boston Celtics,BOS,101,True,0.427,0.273,0.722,51,25,7,Sacramento Kings,SAC,100,False,0.384,0.333,0.538,54,21,7,201,1
2023,0022301117,2024-04-05,POR @ WAS,Washington Wizards,WAS,102,False,0.432,0.152,0.7,45,24,9,Portland Trail Blazers,POR,108,True,0.436,0.31,0.708,55,29,12,210,6
2023,0022301116,2024-04-05,IND vs. OKC,Indiana Pacers,IND,126,True,0.523,0.429,0.905,39,30,13,Oklahoma City Thunder,OKC,112,False,0.488,0.267,0.833,39,24,15,238,14
2023,0022301119,2024-04-05,NYK @ CHI,Chicago Bulls,CHI,108,True,0.473,0.304,0.813,57,27,16,New York Knicks,NYK,100,False,0.434,0.345,0.75,38,22,17,208,8
2023,0022301120,2024-04-05,MIA @ HOU,Houston Rockets,HOU,104,False,0.378,0.318,0.88,45,25,9,Miami Heat,MIA,119,True,0.494,0.361,0.857,48,27,9,223,15
2023,0022301122,2024-04-05,TOR @ MIL,Milwaukee Bucks,MIL,111,False,0.436,0.286,0.81,45,21,13,Toronto Raptors,TOR,117,True,0.456,0.389,0.861,47,24,16,228,6
2023,0022301125,2024-04-05,MIN @ PHX,Phoenix Suns,PHX,97,True,0.434,0.346,0.759,49,29,18,Minnesota Timberwolves,MIN,87,False,0.388,0.345,0.786,44,23,18,184,10
2023,0022301126,2024-04-05,UTA @ LAC,LA Clippers,LAC,131,True,0.56,0.371,0.889,51,32,14,Utah Jazz,UTA,102,False,0.385,0.3,0.793,43,20,15,233,29
2023,0022301115,2024-04-05,ORL @ CHA,Charlotte Hornets,CHA,124,True,0.597,0.5,1.0,36,29,18,Orlando Magic,ORL,115,False,0.447,0.237,0.846,37,24,10,239,9
2023,0022301121,2024-04-05,DET @ MEM,Memphis Grizzlies,MEM,108,True,0.467,0.323,0.875,49,24,20,Detroit Pistons,DET,90,False,0.405,0.267,0.75,38,22,17,198,18
2023,0022301097,2024-04-05,GSW @ DAL,Dallas Mavericks,DAL,108,True,0.476,0.353,0.762,41,30,17,Golden State Warriors,GSW,106,False,0.441,0.343,0.667,44,27,15,214,2
2023,0022301123,2024-04-05,SAS @ NOP,New Orleans Pelicans,NOP,109,False,0.512,0.31,1.0,41,28,17,San Antonio Spurs,SAS,111,True,0.506,0.37,0.769,34,34,16,220,2
2023,0022301129,2024-04-06,MEM vs. PHI,Memphis Grizzlies,MEM,96,False,0.414,0.346,0.714,44,21,18,Philadelphia 76ers,PHI,116,True,0.519,0.41,0.783,41,27,19,212,20
2023,0022301128,2024-04-06,DET @ BKN,Brooklyn Nets,BKN,113,True,0.521,0.407,0.788,48,20,18,Detroit Pistons,DET,103,False,0.457,0.436,0.5,28,25,7,216,10
2023,0022301127,2024-04-06,LAL vs. CLE,Los Angeles Lakers,LAL,116,True,0.563,0.432,0.625,40,30,17,Cleveland Cavaliers,CLE,97,False,0.433,0.314,0.667,40,24,18,213,19
2023,0022301130,2024-04-06,DEN vs. ATL,Denver Nuggets,DEN,142,True,0.602,0.561,0.813,47,38,15,Atlanta Hawks,ATL,110,False,0.425,0.324,0.828,38,30,16,252,32
2023,0022301134,2024-04-07,BOS vs. POR,Boston Celtics,BOS,124,True,0.563,0.421,0.769,40,34,12,Portland Trail Blazers,POR,107,False,0.392,0.368,1.0,53,26,14,231,17
2023,0022301133,2024-04-07,MIA @ IND,Indiana Pacers,IND,117,True,0.512,0.281,0.952,37,27,6,Miami Heat,MIA,115,False,0.464,0.296,0.906,39,21,7,232,2
2023,0022301138,2024-04-07,NOP @ PHX,Phoenix Suns,PHX,105,False,0.448,0.359,0.929,38,30,15,New Orleans Pelicans,NOP,113,True,0.471,0.41,0.895,42,26,12,218,8
2023,0022301141,2024-04-07,BKN vs. SAC,Brooklyn Nets,BKN,77,False,0.349,0.233,0.769,46,17,16,Sacramento Kings,SAC,107,True,0.426,0.313,0.75,54,31,9,184,30
2023,0022301132,2024-04-07,CLE @ LAC,LA Clippers,LAC,120,True,0.488,0.4,1.0,48,26,15,Cleveland Cavaliers,CLE,118,False,0.477,0.367,0.852,36,27,11,238,2
2023,0022301136,2024-04-07,ORL vs. CHI,Orlando Magic,ORL,113,True,0.467,0.324,0.947,40,24,10,Chicago Bulls,CHI,98,False,0.507,0.3,0.727,37,20,21,211,15
2023,0022301140,2024-04-07,PHI @ SAS,San Antonio Spurs,SAS,126,False,0.449,0.364,0.846,59,31,25,Philadelphia 76ers,PHI,133,True,0.456,0.308,0.895,46,31,10,259,7
2023,0022301131,2024-04-07,HOU @ DAL,Dallas Mavericks,DAL,147,True,0.541,0.385,0.889,47,21,17,Houston Rockets,HOU,136,False,0.495,0.415,0.771,32,31,10,283,11
2023,0022301142,2024-04-07,GSW vs. UTA,Golden State Warriors,GSW,118,True,0.533,0.4,1.0,47,32,13,Utah Jazz,UTA,110,False,0.47,0.429,0.81,29,21,11,228,8
2023,0022301135,2024-04-07,CHA vs. OKC,Charlotte Hornets,CHA,118,False,0.542,0.425,0.786,36,29,18,Oklahoma City Thunder,OKC,121,True,0.517,0.5,0.765,36,33,16,239,3
2023,0022301137,2024-04-07,WAS @ TOR,Toronto Raptors,TOR,130,True,0.51,0.355,0.75,49,33,13,Washington Wizards,WAS,122,False,0.472,0.4,0.733,43,29,15,252,8
2023,0022301139,2024-04-07,MIL vs. NYK,Milwaukee Bucks,MIL,109,False,0.467,0.353,0.844,38,27,14,New York Knicks,NYK,122,True,0.489,0.483,0.818,41,25,5,231,13
2023,0022301143,2024-04-07,MIN @ LAL,Los Angeles Lakers,LAL,117,False,0.464,0.355,0.875,41,27,15,Minnesota Timberwolves,MIN,127,True,0.515,0.385,0.857,46,29,14,244,10
2023,0022301153,2024-04-09,OKC vs. SAC,Oklahoma City Thunder,OKC,112,True,0.488,0.367,0.742,42,21,13,Sacramento Kings,SAC,105,False,0.344,0.345,0.731,56,23,17,217,7
2023,0022301145,2024-04-09,PHI vs. DET,Philadelphia 76ers,PHI,120,True,0.449,0.351,0.826,51,29,7,Detroit Pistons,DET,102,False,0.405,0.467,0.833,44,20,16,222,18
2023,0022301149,2024-04-09,CHI vs. NYK,Chicago Bulls,CHI,117,False,0.534,0.357,0.684,39,20,9,New York Knicks,NYK,128,True,0.554,0.472,0.95,31,31,10,245,11
2023,0022301146,2024-04-09,TOR vs. IND,Toronto Raptors,TOR,123,False,0.5,0.238,0.727,40,21,15,Indiana Pacers,IND,140,True,0.545,0.356,0.696,44,33,13,263,17
2023,0022301150,2024-04-09,ORL @ HOU,Houston Rockets,HOU,118,True,0.523,0.429,0.722,37,29,12,Orlando Magic,ORL,106,False,0.453,0.292,0.913,42,23,14,224,12
2023,0022301147,2024-04-09,ATL vs. MIA,Atlanta Hawks,ATL,111,False,0.398,0.217,0.786,59,28,15,Miami Heat,MIA,117,True,0.477,0.4,0.714,46,29,18,228,6
2023,0022301151,2024-04-09,MEM vs. SAS,Memphis Grizzlies,MEM,87,False,0.346,0.2,0.818,49,21,7,San Antonio Spurs,SAS,102,True,0.483,0.25,1.0,51,30,16,189,15
2023,0022301152,2024-04-09,WAS @ MIN,Minnesota Timberwolves,MIN,130,True,0.478,0.439,0.813,44,30,8,Washington Wizards,WAS,121,False,0.494,0.465,0.765,41,26,13,251,9
2023,0022301155,2024-04-09,GSW @ LAL,Los Angeles Lakers,LAL,120,False,0.458,0.343,0.833,40,31,7,Golden State Warriors,GSW,134,True,0.588,0.634,0.667,42,37,15,254,14
2023,0022301154,2024-04-09,UTA vs. DEN,Utah Jazz,UTA,95,False,0.396,0.323,1.0,44,19,14,Denver Nuggets,DEN,111,True,0.489,0.378,0.455,43,30,9,206,16
2023,0022301144,2024-04-09,DAL @ CHA,Charlotte Hornets,CHA,104,False,0.438,0.313,0.762,39,24,11,Dallas Mavericks,DAL,130,True,0.538,0.34,0.65,55,35,14,234,26
2023,0022301156,2024-04-09,PHX vs. LAC,Phoenix Suns,PHX,92,False,0.337,0.229,0.857,38,17,8,LA Clippers,LAC,105,True,0.471,0.462,1.0,63,28,18,197,13
2023,0022301157,2024-04-09,NOP @ POR,Portland Trail Blazers,POR,100,False,0.471,0.342,0.875,47,28,21,New Orleans Pelicans,NOP,110,True,0.414,0.306,0.931,45,25,9,210,10
2023,0022301148,2024-04-09,MIL vs. BOS,Milwaukee Bucks,MIL,104,True,0.531,0.472,0.5,49,29,16,Boston Celtics,BOS,91,False,0.398,0.327,,38,27,12,195,13
2023,0022301162,2024-04-10,ORL @ MIL,Milwaukee Bucks,MIL,117,True,0.512,0.375,0.8,43,27,12,Orlando Magic,ORL,99,False,0.462,0.367,0.696,34,19,15,216,18
2023,0022301159,2024-04-10,CHA @ ATL,Atlanta Hawks,ATL,114,False,0.524,0.45,0.625,38,35,16,Charlotte Hornets,CHA,115,True,0.506,0.389,0.955,33,25,13,229,1
2023,0022301164,2024-04-10,DEN vs. MIN,Denver Nuggets,DEN,116,True,0.554,0.44,0.565,44,31,13,Minnesota Timberwolves,MIN,107,False,0.5,0.433,0.571,35,23,9,223,9
2023,0022301161,2024-04-10,MIA vs. DAL,Miami Heat,MIA,92,False,0.407,0.433,1.0,46,22,15,Dallas Mavericks,DAL,111,True,0.494,0.341,0.769,39,27,7,203,19
2023,0022301165,2024-04-10,PHX @ LAC,LA Clippers,LAC,108,False,0.463,0.333,0.8,44,23,12,Phoenix Suns,PHX,124,True,0.484,0.36,0.933,48,29,13,232,16
2023,0022301160,2024-04-10,BKN vs. TOR,Brooklyn Nets,BKN,106,True,0.442,0.306,0.792,56,25,13,Toronto Raptors,TOR,102,False,0.372,0.4,0.889,45,19,9,208,4
2023,0022301158,2024-04-10,MEM @ CLE,Cleveland Cavaliers,CLE,110,True,0.451,0.405,0.724,47,27,13,Memphis Grizzlies,MEM,98,False,0.393,0.438,0.947,44,21,13,208,12
2023,0022301163,2024-04-10,SAS @ OKC,Oklahoma City Thunder,OKC,127,True,0.465,0.421,0.81,62,33,12,San Antonio Spurs,SAS,89,False,0.333,0.225,0.8,47,24,15,216,38
2023,0022301169,2024-04-11,POR vs. GSW,Portland Trail Blazers,POR,92,False,0.361,0.235,0.824,49,22,12,Golden State Warriors,GSW,100,True,0.468,0.343,0.8,46,24,16,192,8
2023,0022301170,2024-04-11,SAC vs. NOP,Sacramento Kings,SAC,123,False,0.548,0.421,0.75,32,26,14,New Orleans Pelicans,NOP,135,True,0.57,0.55,0.833,40,35,13,258,12
2023,0022301166,2024-04-11,DET vs. CHI,Detroit Pistons,DET,105,False,0.494,0.4,0.652,38,27,20,Chicago Bulls,CHI,127,True,0.531,0.389,0.733,42,28,8,232,22
2023,0022301168,2024-04-11,UTA vs. HOU,Utah Jazz,UTA,124,True,0.506,0.359,0.815,49,27,14,Houston Rockets,HOU,121,False,0.421,0.447,0.909,39,22,10,245,3
2023,0022301167,2024-04-11,NYK @ BOS,Boston Celtics,BOS,109,False,0.465,0.381,0.813,36,25,12,New York Knicks,NYK,118,True,0.495,0.389,0.6,52,24,12,227,9
2023,0022301172,2024-04-12,WAS vs. CHI,Washington Wizards,WAS,127,False,0.523,0.419,0.655,39,32,12,Chicago Bulls,CHI,129,True,0.49,0.4,0.679,56,28,13,256,2
2023,0022301181,2024-04-12,DAL vs. DET,Dallas Mavericks,DAL,89,False,0.434,0.276,0.75,49,20,20,Detroit Pistons,DET,107,True,0.484,0.258,0.778,40,23,6,196,18
2023,0022301177,2024-04-12,MEM vs. LAL,Memphis Grizzlies,MEM,120,False,0.453,0.436,0.81,42,19,13,Los Angeles Lakers,LAL,123,True,0.519,0.351,0.765,39,25,19,243,3
2023,0022301179,2024-04-12,MIL @ OKC,Oklahoma City Thunder,OKC,125,True,0.528,0.342,0.9,38,29,10,Milwaukee Bucks,MIL,107,False,0.494,0.367,0.923,42,27,17,232,18
2023,0022301171,2024-04-12,PHI vs. ORL,Philadelphia 76ers,PHI,125,True,0.477,0.486,0.821,44,22,11,Orlando Magic,ORL,113,False,0.453,0.296,0.76,45,25,11,238,12
2023,0022301184,2024-04-12,UTA @ LAC,LA Clippers,LAC,109,False,0.448,0.256,0.684,44,23,13,Utah Jazz,UTA,110,True,0.466,0.171,0.88,46,26,16,219,1
2023,0022301182,2024-04-12,NOP @ GSW,Golden State Warriors,GSW,109,False,0.465,0.382,0.762,53,27,16,New Orleans Pelicans,NOP,114,True,0.467,0.526,0.625,38,24,8,223,5
2023,0022301180,2024-04-12,DEN @ SAS,San Antonio Spurs,SAS,121,True,0.529,0.455,0.696,49,31,18,Denver Nuggets,DEN,120,False,0.505,0.361,0.9,33,31,7,241,1
2023,0022301174,2024-04-12,CLE vs. IND,Cleveland Cavaliers,CLE,129,True,0.526,0.406,0.696,41,28,9,Indiana Pacers,IND,120,False,0.517,0.281,0.864,39,37,13,249,9
2023,0022301185,2024-04-12,SAC vs. PHX,Sacramento Kings,SAC,107,False,0.44,0.368,0.929,35,26,7,Phoenix Suns,PHX,108,True,0.526,0.375,0.941,41,25,18,215,1
2023,0022301183,2024-04-12,POR vs. HOU,Portland Trail Blazers,POR,107,False,0.389,0.343,0.724,48,20,7,Houston Rockets,HOU,116,True,0.478,0.282,0.85,48,25,8,223,9
2023,0022301175,2024-04-12,BKN @ NYK,New York Knicks,NYK,111,True,0.458,0.467,0.84,31,21,5,Brooklyn Nets,BKN,107,False,0.5,0.344,0.737,45,22,12,218,4
2023,0022301178,2024-04-12,MIN vs. ATL,Minnesota Timberwolves,MIN,109,True,0.481,0.27,0.793,44,29,14,Atlanta Hawks,ATL,106,False,0.444,0.3,0.68,40,23,14,215,3
2023,0022301173,2024-04-12,BOS vs. CHA,Boston Celtics,BOS,131,True,0.519,0.341,0.692,53,34,6,Charlotte Hornets,CHA,98,False,0.421,0.429,0.864,33,20,19,229,33
2023,0022301176,2024-04-12,MIA vs. TOR,Miami Heat,MIA,125,True,0.523,0.415,0.783,37,37,4,Toronto Raptors,TOR,103,False,0.481,0.323,0.864,41,23,17,228,22
2023,0022301197,2024-04-14,SAS vs. DET,San Antonio Spurs,SAS,123,True,0.538,0.441,0.714,54,33,13,Detroit Pistons,DET,95,False,0.391,0.242,0.75,40,17,14,218,28
2023,0022301199,2024-04-14,LAC vs. HOU,LA Clippers,LAC,105,False,0.394,0.216,0.882,51,23,12,Houston Rockets,HOU,116,True,0.485,0.289,0.357,59,31,18,221,11
2023,0022301186,2024-04-14,WAS @ BOS,Boston Celtics,BOS,132,True,0.573,0.5,0.667,48,29,14,Washington Wizards,WAS,122,False,0.476,0.368,1.0,36,33,11,254,10
2023,0022301193,2024-04-14,DEN @ MEM,Memphis Grizzlies,MEM,111,False,0.45,0.242,0.722,43,22,13,Denver Nuggets,DEN,126,True,0.517,0.333,0.846,54,32,17,237,15
2023,0022301188,2024-04-14,ATL @ IND,Indiana Pacers,IND,157,True,0.65,0.528,0.8,48,41,14,Atlanta Hawks,ATL,115,False,0.438,0.333,0.926,32,25,15,272,42
2023,0022301191,2024-04-14,ORL vs. MIL,Orlando Magic,ORL,113,True,0.494,0.314,0.947,43,27,11,Milwaukee Bucks,MIL,88,False,0.4,0.259,0.913,34,16,17,201,25
2023,0022301200,2024-04-14,SAC vs. POR,Sacramento Kings,SAC,121,True,0.494,0.382,0.815,51,29,14,Portland Trail Blazers,POR,82,False,0.316,0.156,0.765,54,18,17,203,39
2023,0022301194,2024-04-14,PHX @ MIN,Minnesota Timberwolves,MIN,106,False,0.514,0.346,0.806,36,22,24,Phoenix Suns,PHX,125,True,0.547,0.552,0.833,32,28,12,231,19
2023,0022301196,2024-04-14,OKC vs. DAL,Oklahoma City Thunder,OKC,135,True,0.557,0.412,0.813,58,38,14,Dallas Mavericks,DAL,86,False,0.33,0.205,0.824,41,19,14,221,49
2023,0022301195,2024-04-14,NOP vs. LAL,New Orleans Pelicans,NOP,108,False,0.477,0.405,0.786,39,26,19,Los Angeles Lakers,LAL,124,True,0.552,0.379,0.944,39,32,14,232,16
2023,0022301198,2024-04-14,UTA @ GSW,Golden State Warriors,GSW,123,True,0.479,0.326,0.826,42,35,9,Utah Jazz,UTA,116,False,0.517,0.412,0.625,48,22,19,239,7
2023,0022301189,2024-04-14,MIA vs. TOR,Miami Heat,MIA,118,True,0.529,0.25,0.895,46,29,19,Toronto Raptors,TOR,103,False,0.422,0.265,0.857,41,23,19,221,15
2023,0022301187,2024-04-14,CHA @ CLE,Cleveland Cavaliers,CLE,110,False,0.473,0.485,0.667,43,30,14,Charlotte Hornets,CHA,120,True,0.505,0.475,0.818,47,36,9,230,10
2023,0022301190,2024-04-14,NYK vs. CHI,New York Knicks,NYK,120,True,0.505,0.375,0.762,53,27,21,Chicago Bulls,CHI,119,False,0.485,0.258,0.813,44,25,12,239,1
2023,0022301192,2024-04-14,PHI vs. BKN,Philadelphia 76ers,PHI,107,True,0.427,0.318,0.733,57,30,12,Brooklyn Nets,BKN,86,False,0.386,0.265,0.765,42,19,12,193,21
