season,week,game_id,date,status,home_team,home_abbr,home_score,home_record,away_team,away_abbr,away_score,away_record,home_win,total_points,point_differential,venue,city,neutral_site,network
2021,1,401326322,2021-09-10T00:20Z,STATUS_FINAL,Tampa Bay Buccaneers,TB,31,1-0,Dallas Cowboys,DAL,29,0-1,True,60,2,Raymond James Stadium,Tampa,False,NBC
2021,1,401326315,2021-09-12T17:00Z,STATUS_FINAL,Atlanta Falcons,ATL,6,0-1,Philadelphia Eagles,PHI,32,1-0,False,38,26,Mercedes-Benz Stadium,Atlanta,False,FOX
2021,1,401326308,2021-09-12T17:00Z,STATUS_FINAL,Buffalo Bills,BUF,16,0-1,Pittsburgh Steelers,PIT,23,1-0,False,39,7,Highmark Stadium,Orchard Park,False,CBS
2021,1,401326316,2021-09-12T17:00Z,STATUS_FINAL,Cincinnati Bengals,CIN,27,1-0,Minnesota Vikings,MIN,24,0-1,True,51,3,Paycor Stadium,Cincinnati,False,FOX
2021,1,401326317,2021-09-12T17:00Z,STATUS_FINAL,Detroit Lions,DET,33,0-1,San Francisco 49ers,SF,41,1-0,False,74,8,Ford Field,Detroit,False,FOX
2021,1,401326311,2021-09-12T17:00Z,STATUS_FINAL,Tennessee Titans,TEN,13,0-1,Arizona Cardinals,ARI,38,1-0,False,51,25,Nissan Stadium,Nashville,False,CBS
2021,1,401326318,2021-09-12T17:00Z,STATUS_FINAL,Indianapolis Colts,IND,16,0-1,Seattle Seahawks,SEA,28,1-0,False,44,12,Lucas Oil Stadium,Indianapolis,False,FOX
2021,1,401326312,2021-09-12T17:00Z,STATUS_FINAL,Washington,WSH,16,0-1,Los Angeles Chargers,LAC,20,1-0,False,36,4,Northwest Stadium,Landover,False,CBS
2021,1,401326309,2021-09-12T17:00Z,STATUS_FINAL,Carolina Panthers,CAR,19,1-0,New York Jets,NYJ,14,0-1,True,33,5,Bank of America Stadium,Charlotte,False,CBS
2021,1,401326310,2021-09-12T17:00Z,STATUS_FINAL,Houston Texans,HOU,37,1-0,Jacksonville Jaguars,JAX,21,0-1,True,58,16,NRG Stadium,Houston,False,CBS
2021,1,401326314,2021-09-12T20:25Z,STATUS_FINAL,Kansas City Chiefs,KC,33,1-0,Cleveland Browns,CLE,29,0-1,True,62,4,GEHA Field at Arrowhead Stadium,Kansas City,False,CBS
2021,1,401326313,2021-09-12T20:25Z,STATUS_FINAL,New England Patriots,NE,16,0-1,Miami Dolphins,MIA,17,1-0,False,33,1,Gillette Stadium,Foxborough,False,CBS
2021,1,401326319,2021-09-12T20:25Z,STATUS_FINAL,New Orleans Saints,NO,38,1-0,Green Bay Packers,GB,3,0-1,True,41,35,EverBank Stadium,Jacksonville,False,FOX
2021,1,401326320,2021-09-12T20:25Z,STATUS_FINAL,New York Giants,NYG,13,0-1,Denver Broncos,DEN,27,1-0,False,40,14,MetLife Stadium,East Rutherford,False,FOX
2021,1,401326323,2021-09-13T00:20Z,STATUS_FINAL,Los Angeles Rams,LAR,34,1-0,Chicago Bears,CHI,14,0-1,True,48,20,SoFi Stadium,Inglewood,False,NBC
2021,1,401326321,2021-09-14T00:15Z,STATUS_FINAL,Las Vegas Raiders,LV,33,1-0,Baltimore Ravens,BAL,27,0-1,True,60,6,Allegiant Stadium,Las Vegas,False,ESPN
2021,2,401326127,2021-09-17T00:20Z,STATUS_FINAL,Washington,WSH,30,1-1,New York Giants,NYG,29,0-2,True,59,1,Northwest Stadium,Landover,False,NFL Net
2021,2,401326129,2021-09-19T17:00Z,STATUS_FINAL,Chicago Bears,CHI,20,1-1,Cincinnati Bengals,CIN,17,1-1,True,37,3,Soldier Field,Chicago,False,FOX
2021,2,401326130,2021-09-19T17:00Z,STATUS_FINAL,Cleveland Browns,CLE,31,1-1,Houston Texans,HOU,21,1-1,True,52,10,Huntington Bank Field,Cleveland,False,CBS
2021,2,401326131,2021-09-19T17:00Z,STATUS_FINAL,Indianapolis Colts,IND,24,0-2,Los Angeles Rams,LAR,27,2-0,False,51,3,Lucas Oil Stadium,Indianapolis,False,FOX
2021,2,401326353,2021-09-19T17:00Z,STATUS_FINAL,Miami Dolphins,MIA,0,1-1,Buffalo Bills,BUF,35,1-1,False,35,35,Hard Rock Stadium,Miami Gardens,False,FOX
2021,2,401326354,2021-09-19T17:00Z,STATUS_FINAL,New York Jets,NYJ,6,0-2,New England Patriots,NE,25,1-1,False,31,19,MetLife Stadium,East Rutherford,False,CBS
2021,2,401326355,2021-09-19T17:00Z,STATUS_FINAL,Philadelphia Eagles,PHI,11,1-1,San Francisco 49ers,SF,17,2-0,False,28,6,Lincoln Financial Field,Philadelphia,False,FOX
2021,2,401326356,2021-09-19T17:00Z,STATUS_FINAL,Pittsburgh Steelers,PIT,17,1-1,Las Vegas Raiders,LV,26,2-0,False,43,9,Acrisure Stadium,Pittsburgh,False,CBS
2021,2,401326128,2021-09-19T17:00Z,STATUS_FINAL,Carolina Panthers,CAR,26,2-0,New Orleans Saints,NO,7,1-1,True,33,19,Bank of America Stadium,Charlotte,False,FOX
2021,2,401326132,2021-09-19T17:00Z,STATUS_FINAL,Jacksonville Jaguars,JAX,13,0-2,Denver Broncos,DEN,23,2-0,False,36,10,EverBank Stadium,Jacksonville,False,CBS
2021,2,401326357,2021-09-19T20:05Z,STATUS_FINAL,Arizona Cardinals,ARI,34,2-0,Minnesota Vikings,MIN,33,0-2,True,67,1,State Farm Stadium,Glendale,False,FOX
2021,2,401326358,2021-09-19T20:05Z,STATUS_FINAL,Tampa Bay Buccaneers,TB,48,2-0,Atlanta Falcons,ATL,25,0-2,True,73,23,Raymond James Stadium,Tampa,False,FOX
2021,2,401326359,2021-09-19T20:25Z,STATUS_FINAL,Los Angeles Chargers,LAC,17,1-1,Dallas Cowboys,DAL,20,1-1,False,37,3,SoFi Stadium,Inglewood,False,CBS
2021,2,401326360,2021-09-19T20:25Z,STATUS_FINAL,Seattle Seahawks,SEA,30,1-1,Tennessee Titans,TEN,33,1-1,False,63,3,Lumen Field,Seattle,False,CBS
2021,2,401326361,2021-09-20T00:20Z,STATUS_FINAL,Baltimore Ravens,BAL,36,1-1,Kansas City Chiefs,KC,35,1-1,True,71,1,M&T Bank Stadium,Baltimore,False,NBC
2021,2,401326362,2021-09-21T00:15Z,STATUS_FINAL,Green Bay Packers,GB,35,1-1,Detroit Lions,DET,17,0-2,True,52,18,Lambeau Field,Green Bay,False,ESPN
2021,3,401326363,2021-09-24T00:20Z,STATUS_FINAL,Houston Texans,HOU,9,1-2,Carolina Panthers,CAR,24,3-0,False,33,15,NRG Stadium,Houston,False,NFL Net
2021,3,401326364,2021-09-26T17:00Z,STATUS_FINAL,Buffalo Bills,BUF,43,2-1,Washington,WSH,21,1-2,True,64,22,Highmark Stadium,Orchard Park,False,FOX
2021,3,401326365,2021-09-26T17:00Z,STATUS_FINAL,Cleveland Browns,CLE,26,2-1,Chicago Bears,CHI,6,1-2,True,32,20,Huntington Bank Field,Cleveland,False,FOX
2021,3,401326366,2021-09-26T17:00Z,STATUS_FINAL,Detroit Lions,DET,17,0-3,Baltimore Ravens,BAL,19,2-1,False,36,2,Ford Field,Detroit,False,CBS
2021,3,401326372,2021-09-26T17:00Z,STATUS_FINAL,Tennessee Titans,TEN,25,2-1,Indianapolis Colts,IND,16,0-3,True,41,9,Nissan Stadium,Nashville,False,CBS
2021,3,401326368,2021-09-26T17:00Z,STATUS_FINAL,Kansas City Chiefs,KC,24,1-2,Los Angeles Chargers,LAC,30,2-1,False,54,6,GEHA Field at Arrowhead Stadium,Kansas City,False,CBS
2021,3,401326369,2021-09-26T17:00Z,STATUS_FINAL,New England Patriots,NE,13,1-2,New Orleans Saints,NO,28,2-1,False,41,15,Gillette Stadium,Foxborough,False,FOX
2021,3,401326370,2021-09-26T17:00Z,STATUS_FINAL,New York Giants,NYG,14,0-3,Atlanta Falcons,ATL,17,1-2,False,31,3,MetLife Stadium,East Rutherford,False,FOX
2021,3,401326371,2021-09-26T17:00Z,STATUS_FINAL,Pittsburgh Steelers,PIT,10,1-2,Cincinnati Bengals,CIN,24,2-1,False,34,14,Acrisure Stadium,Pittsburgh,False,CBS
2021,3,401326367,2021-09-26T17:00Z,STATUS_FINAL,Jacksonville Jaguars,JAX,19,0-3,Arizona Cardinals,ARI,31,3-0,False,50,12,EverBank Stadium,Jacksonville,False,FOX
2021,3,401326373,2021-09-26T20:05Z,STATUS_FINAL,Denver Broncos,DEN,26,3-0,New York Jets,NYJ,0,0-3,True,26,26,Empower Field at Mile High,Denver,False,CBS
2021,3,401326374,2021-09-26T20:05Z,STATUS_FINAL,Las Vegas Raiders,LV,31,3-0,Miami Dolphins,MIA,28,1-2,True,59,3,Allegiant Stadium,Las Vegas,False,CBS
2021,3,401326375,2021-09-26T20:25Z,STATUS_FINAL,Los Angeles Rams,LAR,34,3-0,Tampa Bay Buccaneers,TB,24,2-1,True,58,10,SoFi Stadium,Inglewood,False,FOX
2021,3,401326376,2021-09-26T20:25Z,STATUS_FINAL,Minnesota Vikings,MIN,30,1-2,Seattle Seahawks,SEA,17,1-2,True,47,13,U.S. Bank Stadium,Minneapolis,False,FOX
2021,3,401326377,2021-09-27T00:20Z,STATUS_FINAL,San Francisco 49ers,SF,28,2-1,Green Bay Packers,GB,30,2-1,False,58,2,Levi's Stadium,Santa Clara,False,NBC
2021,3,401326378,2021-09-28T00:15Z,STATUS_FINAL,Dallas Cowboys,DAL,41,2-1,Philadelphia Eagles,PHI,21,1-2,True,62,20,AT&T Stadium,Arlington,False,ESPN
2021,4,401326379,2021-10-01T00:20Z,STATUS_FINAL,Cincinnati Bengals,CIN,24,3-1,Jacksonville Jaguars,JAX,21,0-4,True,45,3,Paycor Stadium,Cincinnati,False,NFL Net
2021,4,401326380,2021-10-03T17:00Z,STATUS_FINAL,Atlanta Falcons,ATL,30,1-3,Washington,WSH,34,2-2,False,64,4,Mercedes-Benz Stadium,Atlanta,False,FOX
2021,4,401326381,2021-10-03T17:00Z,STATUS_FINAL,Buffalo Bills,BUF,40,3-1,Houston Texans,HOU,0,1-3,True,40,40,Highmark Stadium,Orchard Park,False,CBS
2021,4,401326382,2021-10-03T17:00Z,STATUS_FINAL,Chicago Bears,CHI,24,2-2,Detroit Lions,DET,14,0-4,True,38,10,Soldier Field,Chicago,False,FOX
2021,4,401326383,2021-10-03T17:00Z,STATUS_FINAL,Dallas Cowboys,DAL,36,3-1,Carolina Panthers,CAR,28,3-1,True,64,8,AT&T Stadium,Arlington,False,FOX
2021,4,401326384,2021-10-03T17:00Z,STATUS_FINAL,Miami Dolphins,MIA,17,1-3,Indianapolis Colts,IND,27,1-3,False,44,10,Hard Rock Stadium,Miami Gardens,False,CBS
2021,4,401326385,2021-10-03T17:00Z,STATUS_FINAL,Minnesota Vikings,MIN,7,1-3,Cleveland Browns,CLE,14,3-1,False,21,7,U.S. Bank Stadium,Minneapolis,False,CBS
2021,4,401326386,2021-10-03T17:00Z,STATUS_FINAL,New Orleans Saints,NO,21,2-2,New York Giants,NYG,27,1-3,False,48,6,Caesars Superdome,New Orleans,False,FOX
2021,4,401326387,2021-10-03T17:00Z,STATUS_FINAL,New York Jets,NYJ,27,1-3,Tennessee Titans,TEN,24,2-2,True,51,3,MetLife Stadium,East Rutherford,False,CBS
2021,4,401326388,2021-10-03T17:00Z,STATUS_FINAL,Philadelphia Eagles,PHI,30,1-3,Kansas City Chiefs,KC,42,2-2,False,72,12,Lincoln Financial Field,Philadelphia,False,CBS
2021,4,401326389,2021-10-03T20:05Z,STATUS_FINAL,Los Angeles Rams,LAR,20,3-1,Arizona Cardinals,ARI,37,4-0,False,57,17,SoFi Stadium,Inglewood,False,FOX
2021,4,401326390,2021-10-03T20:05Z,STATUS_FINAL,San Francisco 49ers,SF,21,2-2,Seattle Seahawks,SEA,28,2-2,False,49,7,Levi's Stadium,Santa Clara,False,FOX
2021,4,401326391,2021-10-03T20:25Z,STATUS_FINAL,Denver Broncos,DEN,7,3-1,Baltimore Ravens,BAL,23,3-1,False,30,16,Empower Field at Mile High,Denver,False,CBS
2021,4,401326392,2021-10-03T20:25Z,STATUS_FINAL,Green Bay Packers,GB,27,3-1,Pittsburgh Steelers,PIT,17,1-3,True,44,10,Lambeau Field,Green Bay,False,CBS
2021,4,401326393,2021-10-04T00:20Z,STATUS_FINAL,New England Patriots,NE,17,1-3,Tampa Bay Buccaneers,TB,19,3-1,False,36,2,Gillette Stadium,Foxborough,False,NBC
2021,4,401326394,2021-10-05T00:50Z,STATUS_FINAL,Los Angeles Chargers,LAC,28,3-1,Las Vegas Raiders,LV,14,3-1,True,42,14,SoFi Stadium,Inglewood,False,ESPN
2021,5,401326395,2021-10-08T00:20Z,STATUS_FINAL,Seattle Seahawks,SEA,17,2-3,Los Angeles Rams,LAR,26,4-1,False,43,9,Lumen Field,Seattle,False,FOX
2021,5,401326324,2021-10-10T13:30Z,STATUS_FINAL,Atlanta Falcons,ATL,27,2-3,New York Jets,NYJ,20,1-4,True,47,7,Tottenham Hotspur Stadium,London,True,NFL Net
2021,5,401326397,2021-10-10T17:00Z,STATUS_FINAL,Cincinnati Bengals,CIN,22,3-2,Green Bay Packers,GB,25,4-1,False,47,3,Paycor Stadium,Cincinnati,False,FOX
2021,5,401326400,2021-10-10T17:00Z,STATUS_FINAL,Minnesota Vikings,MIN,19,2-3,Detroit Lions,DET,17,0-5,True,36,2,U.S. Bank Stadium,Minneapolis,False,FOX
2021,5,401326401,2021-10-10T17:00Z,STATUS_FINAL,Pittsburgh Steelers,PIT,27,2-3,Denver Broncos,DEN,19,3-2,True,46,8,Acrisure Stadium,Pittsburgh,False,FOX
2021,5,401326402,2021-10-10T17:00Z,STATUS_FINAL,Tampa Bay Buccaneers,TB,45,4-1,Miami Dolphins,MIA,17,1-4,True,62,28,Raymond James Stadium,Tampa,False,CBS
2021,5,401326403,2021-10-10T17:00Z,STATUS_FINAL,Washington,WSH,22,2-3,New Orleans Saints,NO,33,3-2,False,55,11,Northwest Stadium,Landover,False,CBS
2021,5,401326396,2021-10-10T17:00Z,STATUS_FINAL,Carolina Panthers,CAR,18,3-2,Philadelphia Eagles,PHI,21,2-3,False,39,3,Bank of America Stadium,Charlotte,False,FOX
2021,5,401326399,2021-10-10T17:00Z,STATUS_FINAL,Jacksonville Jaguars,JAX,19,0-5,Tennessee Titans,TEN,37,3-2,False,56,18,EverBank Stadium,Jacksonville,False,CBS
2021,5,401326398,2021-10-10T17:00Z,STATUS_FINAL,Houston Texans,HOU,22,1-4,New England Patriots,NE,25,2-3,False,47,3,NRG Stadium,Houston,False,CBS
2021,5,401326405,2021-10-10T20:05Z,STATUS_FINAL,Las Vegas Raiders,LV,9,3-2,Chicago Bears,CHI,20,3-2,False,29,11,Allegiant Stadium,Las Vegas,False,CBS
2021,5,401326404,2021-10-10T20:05Z,STATUS_FINAL,Los Angeles Chargers,LAC,47,4-1,Cleveland Browns,CLE,42,3-2,True,89,5,SoFi Stadium,Inglewood,False,CBS
2021,5,401326407,2021-10-10T20:25Z,STATUS_FINAL,Dallas Cowboys,DAL,44,4-1,New York Giants,NYG,20,1-4,True,64,24,AT&T Stadium,Arlington,False,FOX
2021,5,401326406,2021-10-10T20:25Z,STATUS_FINAL,Arizona Cardinals,ARI,17,5-0,San Francisco 49ers,SF,10,2-3,True,27,7,State Farm Stadium,Glendale,False,FOX
2021,5,401326408,2021-10-11T00:20Z,STATUS_FINAL,Kansas City Chiefs,KC,20,2-3,Buffalo Bills,BUF,38,4-1,False,58,18,GEHA Field at Arrowhead Stadium,Kansas City,False,NBC
2021,5,401326409,2021-10-12T00:15Z,STATUS_FINAL,Baltimore Ravens,BAL,31,4-1,Indianapolis Colts,IND,25,1-4,True,56,6,M&T Bank Stadium,Baltimore,False,ESPN
2021,6,401326410,2021-10-15T00:20Z,STATUS_FINAL,Philadelphia Eagles,PHI,22,2-4,Tampa Bay Buccaneers,TB,28,5-1,False,50,6,Lincoln Financial Field,Philadelphia,False,FOX
2021,6,401326325,2021-10-17T13:30Z,STATUS_FINAL,Jacksonville Jaguars,JAX,23,1-5,Miami Dolphins,MIA,20,1-5,True,43,3,Tottenham Hotspur Stadium,London,True,CBS
2021,6,401326413,2021-10-17T17:00Z,STATUS_FINAL,Chicago Bears,CHI,14,3-3,Green Bay Packers,GB,24,5-1,False,38,10,Soldier Field,Chicago,False,FOX
2021,6,401326414,2021-10-17T17:00Z,STATUS_FINAL,Detroit Lions,DET,11,0-6,Cincinnati Bengals,CIN,34,4-2,False,45,23,Ford Field,Detroit,False,FOX
2021,6,401326415,2021-10-17T17:00Z,STATUS_FINAL,Indianapolis Colts,IND,31,2-4,Houston Texans,HOU,3,1-5,True,34,28,Lucas Oil Stadium,Indianapolis,False,CBS
2021,6,401326416,2021-10-17T17:00Z,STATUS_FINAL,New York Giants,NYG,11,1-5,Los Angeles Rams,LAR,38,5-1,False,49,27,MetLife Stadium,East Rutherford,False,FOX
2021,6,401326417,2021-10-17T17:00Z,STATUS_FINAL,Washington,WSH,13,2-4,Kansas City Chiefs,KC,31,3-3,False,44,18,Northwest Stadium,Landover,False,CBS
2021,6,401326412,2021-10-17T17:00Z,STATUS_FINAL,Carolina Panthers,CAR,28,3-3,Minnesota Vikings,MIN,34,3-3,False,62,6,Bank of America Stadium,Charlotte,False,FOX
2021,6,401326411,2021-10-17T17:00Z,STATUS_FINAL,Baltimore Ravens,BAL,34,5-1,Los Angeles Chargers,LAC,6,4-2,True,40,28,M&T Bank Stadium,Baltimore,False,CBS
2021,6,401326418,2021-10-17T20:05Z,STATUS_FINAL,Cleveland Browns,CLE,14,3-3,Arizona Cardinals,ARI,37,6-0,False,51,23,Huntington Bank Field,Cleveland,False,FOX
2021,6,401326419,2021-10-17T20:25Z,STATUS_FINAL,Denver Broncos,DEN,24,3-3,Las Vegas Raiders,LV,34,4-2,False,58,10,Empower Field at Mile High,Denver,False,CBS
2021,6,401326420,2021-10-17T20:25Z,STATUS_FINAL,New England Patriots,NE,29,2-4,Dallas Cowboys,DAL,35,5-1,False,64,6,Gillette Stadium,Foxborough,False,CBS
2021,6,401326421,2021-10-18T00:20Z,STATUS_FINAL,Pittsburgh Steelers,PIT,23,3-3,Seattle Seahawks,SEA,20,2-4,True,43,3,Acrisure Stadium,Pittsburgh,False,NBC
2021,6,401326422,2021-10-19T00:15Z,STATUS_FINAL,Tennessee Titans,TEN,34,4-2,Buffalo Bills,BUF,31,4-2,True,65,3,Nissan Stadium,Nashville,False,ESPN
2021,7,401326423,2021-10-22T00:20Z,STATUS_FINAL,Cleveland Browns,CLE,17,4-3,Denver Broncos,DEN,14,3-4,True,31,3,Huntington Bank Field,Cleveland,False,FOX
2021,7,401326425,2021-10-24T17:00Z,STATUS_FINAL,Green Bay Packers,GB,24,6-1,Washington,WSH,10,2-5,True,34,14,Lambeau Field,Green Bay,False,FOX
2021,7,401326429,2021-10-24T17:00Z,STATUS_FINAL,Tennessee Titans,TEN,27,5-2,Kansas City Chiefs,KC,3,3-4,True,30,24,Nissan Stadium,Nashville,False,CBS
2021,7,401326426,2021-10-24T17:00Z,STATUS_FINAL,Miami Dolphins,MIA,28,1-6,Atlanta Falcons,ATL,30,3-3,False,58,2,Hard Rock Stadium,Miami Gardens,False,FOX
2021,7,401326427,2021-10-24T17:00Z,STATUS_FINAL,New England Patriots,NE,54,3-4,New York Jets,NYJ,13,1-5,True,67,41,Gillette Stadium,Foxborough,False,CBS
2021,7,401326428,2021-10-24T17:00Z,STATUS_FINAL,New York Giants,NYG,25,2-5,Carolina Panthers,CAR,3,3-4,True,28,22,MetLife Stadium,East Rutherford,False,FOX
2021,7,401326424,2021-10-24T17:00Z,STATUS_FINAL,Baltimore Ravens,BAL,17,5-2,Cincinnati Bengals,CIN,41,5-2,False,58,24,M&T Bank Stadium,Baltimore,False,CBS
2021,7,401326431,2021-10-24T20:05Z,STATUS_FINAL,Las Vegas Raiders,LV,33,5-2,Philadelphia Eagles,PHI,22,2-5,True,55,11,Allegiant Stadium,Las Vegas,False,FOX
2021,7,401326430,2021-10-24T20:05Z,STATUS_FINAL,Los Angeles Rams,LAR,28,6-1,Detroit Lions,DET,19,0-7,True,47,9,SoFi Stadium,Inglewood,False,FOX
2021,7,401326432,2021-10-24T20:25Z,STATUS_FINAL,Arizona Cardinals,ARI,31,7-0,Houston Texans,HOU,5,1-6,True,36,26,State Farm Stadium,Glendale,False,CBS
2021,7,401326433,2021-10-24T20:25Z,STATUS_FINAL,Tampa Bay Buccaneers,TB,38,6-1,Chicago Bears,CHI,3,3-4,True,41,35,Raymond James Stadium,Tampa,False,CBS
2021,7,401326434,2021-10-25T00:20Z,STATUS_FINAL,San Francisco 49ers,SF,18,2-4,Indianapolis Colts,IND,30,3-4,False,48,12,Levi's Stadium,Santa Clara,False,NBC
2021,7,401326435,2021-10-26T00:15Z,STATUS_FINAL,Seattle Seahawks,SEA,10,2-5,New Orleans Saints,NO,13,4-2,False,23,3,Lumen Field,Seattle,False,ESPN
2021,8,401326436,2021-10-29T00:20Z,STATUS_FINAL,Arizona Cardinals,ARI,21,7-1,Green Bay Packers,GB,24,7-1,False,45,3,State Farm Stadium,Glendale,False,FOX
2021,8,401326437,2021-10-31T17:00Z,STATUS_FINAL,Atlanta Falcons,ATL,13,3-4,Carolina Panthers,CAR,19,4-4,False,32,6,Mercedes-Benz Stadium,Atlanta,False,FOX
2021,8,401326438,2021-10-31T17:00Z,STATUS_FINAL,Buffalo Bills,BUF,26,5-2,Miami Dolphins,MIA,11,1-7,True,37,15,Highmark Stadium,Orchard Park,False,CBS
2021,8,401326439,2021-10-31T17:00Z,STATUS_FINAL,Chicago Bears,CHI,22,3-5,San Francisco 49ers,SF,33,3-4,False,55,11,Soldier Field,Chicago,False,FOX
2021,8,401326440,2021-10-31T17:00Z,STATUS_FINAL,Cleveland Browns,CLE,10,4-4,Pittsburgh Steelers,PIT,15,4-3,False,25,5,Huntington Bank Field,Cleveland,False,CBS
2021,8,401326441,2021-10-31T17:00Z,STATUS_FINAL,Detroit Lions,DET,6,0-8,Philadelphia Eagles,PHI,44,3-5,False,50,38,Ford Field,Detroit,False,FOX
2021,8,401326443,2021-10-31T17:00Z,STATUS_FINAL,Indianapolis Colts,IND,31,3-5,Tennessee Titans,TEN,34,6-2,False,65,3,Lucas Oil Stadium,Indianapolis,False,CBS
2021,8,401326444,2021-10-31T17:00Z,STATUS_FINAL,New York Jets,NYJ,34,2-5,Cincinnati Bengals,CIN,31,5-3,True,65,3,MetLife Stadium,East Rutherford,False,CBS
2021,8,401326442,2021-10-31T17:00Z,STATUS_FINAL,Houston Texans,HOU,22,1-7,Los Angeles Rams,LAR,38,7-1,False,60,16,NRG Stadium,Houston,False,FOX
2021,8,401326445,2021-10-31T20:05Z,STATUS_FINAL,Los Angeles Chargers,LAC,24,4-3,New England Patriots,NE,27,4-4,False,51,3,SoFi Stadium,Inglewood,False,CBS
2021,8,401326446,2021-10-31T20:05Z,STATUS_FINAL,Seattle Seahawks,SEA,31,3-5,Jacksonville Jaguars,JAX,7,1-6,True,38,24,Lumen Field,Seattle,False,CBS
2021,8,401326447,2021-10-31T20:25Z,STATUS_FINAL,Denver Broncos,DEN,17,4-4,Washington,WSH,10,2-6,True,27,7,Empower Field at Mile High,Denver,False,FOX
2021,8,401326448,2021-10-31T20:25Z,STATUS_FINAL,New Orleans Saints,NO,36,5-2,Tampa Bay Buccaneers,TB,27,6-2,True,63,9,Caesars Superdome,New Orleans,False,FOX
2021,8,401326449,2021-11-01T00:20Z,STATUS_FINAL,Minnesota Vikings,MIN,16,3-4,Dallas Cowboys,DAL,20,6-1,False,36,4,U.S. Bank Stadium,Minneapolis,False,NBC
2021,8,401326450,2021-11-02T00:15Z,STATUS_FINAL,Kansas City Chiefs,KC,20,4-4,New York Giants,NYG,17,2-6,True,37,3,GEHA Field at Arrowhead Stadium,Kansas City,False,ESPN
2021,9,401326451,2021-11-05T00:20Z,STATUS_FINAL,Indianapolis Colts,IND,45,4-5,New York Jets,NYJ,30,2-6,True,75,15,Lucas Oil Stadium,Indianapolis,False,FOX
2021,9,401326454,2021-11-07T18:00Z,STATUS_FINAL,Cincinnati Bengals,CIN,16,5-4,Cleveland Browns,CLE,41,5-4,False,57,25,Paycor Stadium,Cincinnati,False,CBS
2021,9,401326455,2021-11-07T18:00Z,STATUS_FINAL,Dallas Cowboys,DAL,16,6-2,Denver Broncos,DEN,30,5-4,False,46,14,AT&T Stadium,Arlington,False,FOX
2021,9,401326457,2021-11-07T18:00Z,STATUS_FINAL,Miami Dolphins,MIA,17,2-7,Houston Texans,HOU,9,1-8,True,26,8,Hard Rock Stadium,Miami Gardens,False,FOX
2021,9,401326458,2021-11-07T18:00Z,STATUS_FINAL,New Orleans Saints,NO,25,5-3,Atlanta Falcons,ATL,27,4-4,False,52,2,Caesars Superdome,New Orleans,False,FOX
2021,9,401326459,2021-11-07T18:00Z,STATUS_FINAL,New York Giants,NYG,23,3-6,Las Vegas Raiders,LV,16,5-3,True,39,7,MetLife Stadium,East Rutherford,False,CBS
2021,9,401326453,2021-11-07T18:00Z,STATUS_FINAL,Carolina Panthers,CAR,6,4-5,New England Patriots,NE,24,5-4,False,30,18,Bank of America Stadium,Charlotte,False,CBS
2021,9,401326456,2021-11-07T18:00Z,STATUS_FINAL,Jacksonville Jaguars,JAX,9,2-6,Buffalo Bills,BUF,6,5-3,True,15,3,EverBank Stadium,Jacksonville,False,CBS
2021,9,401326452,2021-11-07T18:00Z,STATUS_FINAL,Baltimore Ravens,BAL,34,6-2,Minnesota Vikings,MIN,31,3-5,True,65,3,M&T Bank Stadium,Baltimore,False,FOX
2021,9,401326460,2021-11-07T21:05Z,STATUS_FINAL,Philadelphia Eagles,PHI,24,3-6,Los Angeles Chargers,LAC,27,5-3,False,51,3,Lincoln Financial Field,Philadelphia,False,CBS
2021,9,401326461,2021-11-07T21:25Z,STATUS_FINAL,Kansas City Chiefs,KC,13,5-4,Green Bay Packers,GB,7,7-2,True,20,6,GEHA Field at Arrowhead Stadium,Kansas City,False,FOX
2021,9,401326462,2021-11-07T21:25Z,STATUS_FINAL,San Francisco 49ers,SF,17,3-5,Arizona Cardinals,ARI,31,8-1,False,48,14,Levi's Stadium,Santa Clara,False,FOX
2021,9,401326463,2021-11-08T01:20Z,STATUS_FINAL,Los Angeles Rams,LAR,16,7-2,Tennessee Titans,TEN,28,7-2,False,44,12,SoFi Stadium,Inglewood,False,NBC
2021,9,401326464,2021-11-09T01:15Z,STATUS_FINAL,Pittsburgh Steelers,PIT,29,5-3,Chicago Bears,CHI,27,3-6,True,56,2,Acrisure Stadium,Pittsburgh,False,ESPN
2021,10,401326465,2021-11-12T01:20Z,STATUS_FINAL,Miami Dolphins,MIA,22,3-7,Baltimore Ravens,BAL,10,6-3,True,32,12,Hard Rock Stadium,Miami Gardens,False,FOX
2021,10,401326466,2021-11-14T18:00Z,STATUS_FINAL,Dallas Cowboys,DAL,43,7-2,Atlanta Falcons,ATL,3,4-5,True,46,40,AT&T Stadium,Arlington,False,FOX
2021,10,401326471,2021-11-14T18:00Z,STATUS_FINAL,Tennessee Titans,TEN,23,8-2,New Orleans Saints,NO,21,5-4,True,44,2,Nissan Stadium,Nashville,False,CBS
2021,10,401326467,2021-11-14T18:00Z,STATUS_FINAL,Indianapolis Colts,IND,23,5-5,Jacksonville Jaguars,JAX,17,2-7,True,40,6,Lucas Oil Stadium,Indianapolis,False,CBS
2021,10,401326468,2021-11-14T18:00Z,STATUS_FINAL,New England Patriots,NE,45,6-4,Cleveland Browns,CLE,7,5-5,True,52,38,Gillette Stadium,Foxborough,False,CBS
2021,10,401326469,2021-11-14T18:00Z,STATUS_FINAL,New York Jets,NYJ,17,2-7,Buffalo Bills,BUF,45,6-3,False,62,28,MetLife Stadium,East Rutherford,False,CBS
2021,10,401326470,2021-11-14T18:00Z,STATUS_FINAL,Pittsburgh Steelers,PIT,16,5-3-1,Detroit Lions,DET,16,0-8-1,False,32,0,Acrisure Stadium,Pittsburgh,False,FOX
2021,10,401326472,2021-11-14T18:00Z,STATUS_FINAL,Washington,WSH,29,3-6,Tampa Bay Buccaneers,TB,19,6-3,True,48,10,Northwest Stadium,Landover,False,FOX
2021,10,401326473,2021-11-14T21:05Z,STATUS_FINAL,Arizona Cardinals,ARI,10,8-2,Carolina Panthers,CAR,34,5-5,False,44,24,State Farm Stadium,Glendale,False,FOX
2021,10,401326474,2021-11-14T21:05Z,STATUS_FINAL,Los Angeles Chargers,LAC,20,5-4,Minnesota Vikings,MIN,27,4-5,False,47,7,SoFi Stadium,Inglewood,False,FOX
2021,10,401326475,2021-11-14T21:25Z,STATUS_FINAL,Denver Broncos,DEN,13,5-5,Philadelphia Eagles,PHI,30,4-6,False,43,17,Empower Field at Mile High,Denver,False,CBS
2021,10,401326476,2021-11-14T21:25Z,STATUS_FINAL,Green Bay Packers,GB,17,8-2,Seattle Seahawks,SEA,0,3-6,True,17,17,Lambeau Field,Green Bay,False,CBS
2021,10,401326477,2021-11-15T01:20Z,STATUS_FINAL,Las Vegas Raiders,LV,14,5-4,Kansas City Chiefs,KC,41,6-4,False,55,27,Allegiant Stadium,Las Vegas,False,NBC
2021,10,401326478,2021-11-16T01:15Z,STATUS_FINAL,San Francisco 49ers,SF,31,4-5,Los Angeles Rams,LAR,10,7-3,True,41,21,Levi's Stadium,Santa Clara,False,ESPN
2021,11,401326479,2021-11-19T01:20Z,STATUS_FINAL,Atlanta Falcons,ATL,0,4-6,New England Patriots,NE,25,7-4,False,25,25,Mercedes-Benz Stadium,Atlanta,False,FOX
2021,11,401326480,2021-11-21T18:00Z,STATUS_FINAL,Buffalo Bills,BUF,15,6-4,Indianapolis Colts,IND,41,6-5,False,56,26,Highmark Stadium,Orchard Park,False,CBS
2021,11,401326482,2021-11-21T18:00Z,STATUS_FINAL,Chicago Bears,CHI,13,3-7,Baltimore Ravens,BAL,16,7-3,False,29,3,Soldier Field,Chicago,False,CBS
2021,11,401326483,2021-11-21T18:00Z,STATUS_FINAL,Cleveland Browns,CLE,13,6-5,Detroit Lions,DET,10,0-9-1,True,23,3,Huntington Bank Field,Cleveland,False,FOX
2021,11,401326488,2021-11-21T18:00Z,STATUS_FINAL,Tennessee Titans,TEN,13,8-3,Houston Texans,HOU,22,2-8,False,35,9,Nissan Stadium,Nashville,False,CBS
2021,11,401326485,2021-11-21T18:00Z,STATUS_FINAL,Minnesota Vikings,MIN,34,5-5,Green Bay Packers,GB,31,8-3,True,65,3,U.S. Bank Stadium,Minneapolis,False,FOX
2021,11,401326486,2021-11-21T18:00Z,STATUS_FINAL,New York Jets,NYJ,17,2-8,Miami Dolphins,MIA,24,4-7,False,41,7,MetLife Stadium,East Rutherford,False,CBS
2021,11,401326487,2021-11-21T18:00Z,STATUS_FINAL,Philadelphia Eagles,PHI,40,5-6,New Orleans Saints,NO,29,5-5,True,69,11,Lincoln Financial Field,Philadelphia,False,FOX
2021,11,401326481,2021-11-21T18:00Z,STATUS_FINAL,Carolina Panthers,CAR,21,5-6,Washington,WSH,27,4-6,False,48,6,Bank of America Stadium,Charlotte,False,FOX
2021,11,401326484,2021-11-21T18:00Z,STATUS_FINAL,Jacksonville Jaguars,JAX,10,2-8,San Francisco 49ers,SF,30,5-5,False,40,20,EverBank Stadium,Jacksonville,False,FOX
2021,11,401326489,2021-11-21T21:05Z,STATUS_FINAL,Las Vegas Raiders,LV,13,5-5,Cincinnati Bengals,CIN,32,6-4,False,45,19,Allegiant Stadium,Las Vegas,False,CBS
2021,11,401326490,2021-11-21T21:25Z,STATUS_FINAL,Kansas City Chiefs,KC,19,7-4,Dallas Cowboys,DAL,9,7-3,True,28,10,GEHA Field at Arrowhead Stadium,Kansas City,False,FOX
2021,11,401326491,2021-11-21T21:25Z,STATUS_FINAL,Seattle Seahawks,SEA,13,3-7,Arizona Cardinals,ARI,23,9-2,False,36,10,Lumen Field,Seattle,False,FOX
2021,11,401326492,2021-11-22T01:20Z,STATUS_FINAL,Los Angeles Chargers,LAC,41,6-4,Pittsburgh Steelers,PIT,37,5-4-1,True,78,4,SoFi Stadium,Inglewood,False,NBC
2021,11,401326493,2021-11-23T01:15Z,STATUS_FINAL,Tampa Bay Buccaneers,TB,30,7-3,New York Giants,NYG,10,3-7,True,40,20,Raymond James Stadium,Tampa,False,ESPN
2021,12,401326494,2021-11-25T17:30Z,STATUS_FINAL,Detroit Lions,DET,14,0-10-1,Chicago Bears,CHI,16,4-7,False,30,2,Ford Field,Detroit,False,FOX
2021,12,401326495,2021-11-25T21:30Z,STATUS_FINAL,Dallas Cowboys,DAL,33,7-4,Las Vegas Raiders,LV,36,6-5,False,69,3,AT&T Stadium,Arlington,False,CBS
2021,12,401326496,2021-11-26T01:20Z,STATUS_FINAL,New Orleans Saints,NO,6,5-6,Buffalo Bills,BUF,31,7-4,False,37,25,Caesars Superdome,New Orleans,False,NBC
2021,12,401326497,2021-11-28T18:00Z,STATUS_FINAL,Cincinnati Bengals,CIN,41,7-4,Pittsburgh Steelers,PIT,10,5-5-1,True,51,31,Paycor Stadium,Cincinnati,False,CBS
2021,12,401326499,2021-11-28T18:00Z,STATUS_FINAL,Indianapolis Colts,IND,31,6-6,Tampa Bay Buccaneers,TB,38,8-3,False,69,7,Lucas Oil Stadium,Indianapolis,False,FOX
2021,12,401326501,2021-11-28T18:00Z,STATUS_FINAL,Miami Dolphins,MIA,33,5-7,Carolina Panthers,CAR,10,5-7,True,43,23,Hard Rock Stadium,Miami Gardens,False,FOX
2021,12,401326502,2021-11-28T18:00Z,STATUS_FINAL,New England Patriots,NE,36,8-4,Tennessee Titans,TEN,13,8-4,True,49,23,Gillette Stadium,Foxborough,False,CBS
2021,12,401326503,2021-11-28T18:00Z,STATUS_FINAL,New York Giants,NYG,13,4-7,Philadelphia Eagles,PHI,7,5-7,True,20,6,MetLife Stadium,East Rutherford,False,FOX
2021,12,401326500,2021-11-28T18:00Z,STATUS_FINAL,Jacksonville Jaguars,JAX,14,2-9,Atlanta Falcons,ATL,21,5-6,False,35,7,EverBank Stadium,Jacksonville,False,CBS
2021,12,401326498,2021-11-28T18:00Z,STATUS_FINAL,Houston Texans,HOU,14,2-9,New York Jets,NYJ,21,3-8,False,35,7,NRG Stadium,Houston,False,CBS
2021,12,401326504,2021-11-28T21:05Z,STATUS_FINAL,Denver Broncos,DEN,28,6-5,Los Angeles Chargers,LAC,13,6-5,True,41,15,Empower Field at Mile High,Denver,False,CBS
2021,12,401326505,2021-11-28T21:25Z,STATUS_FINAL,Green Bay Packers,GB,36,9-3,Los Angeles Rams,LAR,28,7-4,True,64,8,Lambeau Field,Green Bay,False,FOX
2021,12,401326506,2021-11-28T21:25Z,STATUS_FINAL,San Francisco 49ers,SF,34,6-5,Minnesota Vikings,MIN,26,5-6,True,60,8,Levi's Stadium,Santa Clara,False,FOX
2021,12,401326507,2021-11-29T01:20Z,STATUS_FINAL,Baltimore Ravens,BAL,16,8-3,Cleveland Browns,CLE,10,6-6,True,26,6,M&T Bank Stadium,Baltimore,False,NBC
2021,12,401326508,2021-11-30T01:15Z,STATUS_FINAL,Washington,WSH,17,5-6,Seattle Seahawks,SEA,15,3-8,True,32,2,Northwest Stadium,Landover,False,ESPN
2021,13,401326509,2021-12-03T01:20Z,STATUS_FINAL,New Orleans Saints,NO,17,5-7,Dallas Cowboys,DAL,27,8-4,False,44,10,Caesars Superdome,New Orleans,False,FOX
2021,13,401326510,2021-12-05T18:00Z,STATUS_FINAL,Atlanta Falcons,ATL,17,5-7,Tampa Bay Buccaneers,TB,30,9-3,False,47,13,Mercedes-Benz Stadium,Atlanta,False,FOX
2021,13,401326511,2021-12-05T18:00Z,STATUS_FINAL,Chicago Bears,CHI,22,4-8,Arizona Cardinals,ARI,33,10-2,False,55,11,Soldier Field,Chicago,False,FOX
2021,13,401326512,2021-12-05T18:00Z,STATUS_FINAL,Cincinnati Bengals,CIN,22,7-5,Los Angeles Chargers,LAC,41,7-5,False,63,19,Paycor Stadium,Cincinnati,False,CBS
2021,13,401326513,2021-12-05T18:00Z,STATUS_FINAL,Detroit Lions,DET,29,1-10-1,Minnesota Vikings,MIN,27,5-7,True,56,2,Ford Field,Detroit,False,CBS
2021,13,401326516,2021-12-05T18:00Z,STATUS_FINAL,Miami Dolphins,MIA,20,6-7,New York Giants,NYG,9,4-8,True,29,11,Hard Rock Stadium,Miami Gardens,False,FOX
2021,13,401326517,2021-12-05T18:00Z,STATUS_FINAL,New York Jets,NYJ,18,3-9,Philadelphia Eagles,PHI,33,6-7,False,51,15,MetLife Stadium,East Rutherford,False,CBS
2021,13,401326514,2021-12-05T18:00Z,STATUS_FINAL,Houston Texans,HOU,0,2-10,Indianapolis Colts,IND,31,7-6,False,31,31,NRG Stadium,Houston,False,CBS
2021,13,401326518,2021-12-05T21:05Z,STATUS_FINAL,Las Vegas Raiders,LV,15,6-6,Washington,WSH,17,6-6,False,32,2,Allegiant Stadium,Las Vegas,False,FOX
2021,13,401326519,2021-12-05T21:05Z,STATUS_FINAL,Los Angeles Rams,LAR,37,8-4,Jacksonville Jaguars,JAX,7,2-10,True,44,30,SoFi Stadium,Inglewood,False,FOX
2021,13,401326520,2021-12-05T21:25Z,STATUS_FINAL,Pittsburgh Steelers,PIT,20,6-5-1,Baltimore Ravens,BAL,19,8-4,True,39,1,Acrisure Stadium,Pittsburgh,False,CBS
2021,13,401326521,2021-12-05T21:25Z,STATUS_FINAL,Seattle Seahawks,SEA,30,4-8,San Francisco 49ers,SF,23,6-6,True,53,7,Lumen Field,Seattle,False,CBS
2021,13,401326515,2021-12-06T01:20Z,STATUS_FINAL,Kansas City Chiefs,KC,22,8-4,Denver Broncos,DEN,9,6-6,True,31,13,GEHA Field at Arrowhead Stadium,Kansas City,False,NBC
2021,13,401326522,2021-12-07T01:15Z,STATUS_FINAL,Buffalo Bills,BUF,10,7-5,New England Patriots,NE,14,9-4,False,24,4,Highmark Stadium,Orchard Park,False,ESPN
2021,14,401326523,2021-12-10T01:20Z,STATUS_FINAL,Minnesota Vikings,MIN,36,6-7,Pittsburgh Steelers,PIT,28,6-6-1,True,64,8,U.S. Bank Stadium,Minneapolis,False,FOX
2021,14,401326526,2021-12-12T18:00Z,STATUS_FINAL,Cleveland Browns,CLE,24,7-6,Baltimore Ravens,BAL,22,8-5,True,46,2,Huntington Bank Field,Cleveland,False,CBS
2021,14,401326530,2021-12-12T18:00Z,STATUS_FINAL,Tennessee Titans,TEN,20,9-4,Jacksonville Jaguars,JAX,0,2-11,True,20,20,Nissan Stadium,Nashville,False,CBS
2021,14,401326528,2021-12-12T18:00Z,STATUS_FINAL,Kansas City Chiefs,KC,48,9-4,Las Vegas Raiders,LV,9,6-7,True,57,39,GEHA Field at Arrowhead Stadium,Kansas City,False,CBS
2021,14,401326529,2021-12-12T18:00Z,STATUS_FINAL,New York Jets,NYJ,9,3-10,New Orleans Saints,NO,30,6-7,False,39,21,MetLife Stadium,East Rutherford,False,CBS
2021,14,401326531,2021-12-12T18:00Z,STATUS_FINAL,Washington,WSH,20,6-7,Dallas Cowboys,DAL,27,9-4,False,47,7,Northwest Stadium,Landover,False,FOX
2021,14,401326524,2021-12-12T18:00Z,STATUS_FINAL,Carolina Panthers,CAR,21,5-8,Atlanta Falcons,ATL,29,6-7,False,50,8,Bank of America Stadium,Charlotte,False,FOX
2021,14,401326527,2021-12-12T18:00Z,STATUS_FINAL,Houston Texans,HOU,13,2-11,Seattle Seahawks,SEA,33,5-8,False,46,20,NRG Stadium,Houston,False,FOX
2021,14,401326532,2021-12-12T21:05Z,STATUS_FINAL,Denver Broncos,DEN,38,7-6,Detroit Lions,DET,10,1-11-1,True,48,28,Empower Field at Mile High,Denver,False,FOX
2021,14,401326533,2021-12-12T21:05Z,STATUS_FINAL,Los Angeles Chargers,LAC,37,8-5,New York Giants,NYG,21,4-9,True,58,16,SoFi Stadium,Inglewood,False,FOX
2021,14,401326525,2021-12-12T21:25Z,STATUS_FINAL,Cincinnati Bengals,CIN,23,7-6,San Francisco 49ers,SF,26,7-6,False,49,3,Paycor Stadium,Cincinnati,False,CBS
2021,14,401326534,2021-12-12T21:25Z,STATUS_FINAL,Tampa Bay Buccaneers,TB,33,10-3,Buffalo Bills,BUF,27,7-6,True,60,6,Raymond James Stadium,Tampa,False,CBS
2021,14,401326535,2021-12-13T01:20Z,STATUS_FINAL,Green Bay Packers,GB,45,10-3,Chicago Bears,CHI,30,4-9,True,75,15,Lambeau Field,Green Bay,False,NBC
2021,14,401326536,2021-12-14T01:15Z,STATUS_FINAL,Arizona Cardinals,ARI,23,10-3,Los Angeles Rams,LAR,30,9-4,False,53,7,State Farm Stadium,Glendale,False,ESPN
2021,15,401326537,2021-12-17T01:20Z,STATUS_FINAL,Los Angeles Chargers,LAC,28,8-6,Kansas City Chiefs,KC,34,10-4,False,62,6,SoFi Stadium,Inglewood,False,FOX
2021,15,401326540,2021-12-19T01:15Z,STATUS_FINAL,Indianapolis Colts,IND,27,8-6,New England Patriots,NE,17,9-5,True,44,10,Lucas Oil Stadium,Indianapolis,False,NFL Net
2021,15,401326538,2021-12-19T18:00Z,STATUS_FINAL,Buffalo Bills,BUF,31,8-6,Carolina Panthers,CAR,14,5-9,True,45,17,Highmark Stadium,Orchard Park,False,FOX
2021,15,401326544,2021-12-19T18:00Z,STATUS_FINAL,Detroit Lions,DET,30,2-11-1,Arizona Cardinals,ARI,12,10-4,True,42,18,Ford Field,Detroit,False,FOX
2021,15,401326541,2021-12-19T18:00Z,STATUS_FINAL,Miami Dolphins,MIA,31,7-7,New York Jets,NYJ,24,3-11,True,55,7,Hard Rock Stadium,Miami Gardens,False,CBS
2021,15,401326546,2021-12-19T18:00Z,STATUS_FINAL,New York Giants,NYG,6,4-10,Dallas Cowboys,DAL,21,10-4,False,27,15,MetLife Stadium,East Rutherford,False,FOX
2021,15,401326547,2021-12-19T18:00Z,STATUS_FINAL,Pittsburgh Steelers,PIT,19,7-6-1,Tennessee Titans,TEN,13,9-5,True,32,6,Acrisure Stadium,Pittsburgh,False,CBS
2021,15,401326545,2021-12-19T18:00Z,STATUS_FINAL,Jacksonville Jaguars,JAX,16,2-12,Houston Texans,HOU,30,3-11,False,46,14,EverBank Stadium,Jacksonville,False,CBS
2021,15,401326548,2021-12-19T21:05Z,STATUS_FINAL,Denver Broncos,DEN,10,7-7,Cincinnati Bengals,CIN,15,8-6,False,25,5,Empower Field at Mile High,Denver,False,CBS
2021,15,401326549,2021-12-19T21:05Z,STATUS_FINAL,San Francisco 49ers,SF,31,8-6,Atlanta Falcons,ATL,13,6-8,True,44,18,Levi's Stadium,Santa Clara,False,CBS
2021,15,401326543,2021-12-19T21:25Z,STATUS_FINAL,Baltimore Ravens,BAL,30,8-6,Green Bay Packers,GB,31,11-3,False,61,1,M&T Bank Stadium,Baltimore,False,FOX
2021,15,401326551,2021-12-20T01:20Z,STATUS_FINAL,Tampa Bay Buccaneers,TB,0,10-4,New Orleans Saints,NO,9,7-7,False,9,9,Raymond James Stadium,Tampa,False,NBC
2021,15,401326539,2021-12-20T22:00Z,STATUS_FINAL,Cleveland Browns,CLE,14,7-7,Las Vegas Raiders,LV,16,7-7,False,30,2,Huntington Bank Field,Cleveland,False,NFL Net
2021,15,401326552,2021-12-21T01:15Z,STATUS_FINAL,Chicago Bears,CHI,9,4-10,Minnesota Vikings,MIN,17,7-7,False,26,8,Soldier Field,Chicago,False,ESPN
2021,15,401326550,2021-12-22T00:00Z,STATUS_FINAL,Los Angeles Rams,LAR,20,10-4,Seattle Seahawks,SEA,10,5-9,True,30,10,SoFi Stadium,Inglewood,False,FOX
2021,15,401326542,2021-12-22T00:00Z,STATUS_FINAL,Philadelphia Eagles,PHI,27,7-7,Washington,WSH,17,6-8,True,44,10,Lincoln Financial Field,Philadelphia,False,FOX
2021,16,401326553,2021-12-24T01:20Z,STATUS_FINAL,Tennessee Titans,TEN,20,10-5,San Francisco 49ers,SF,17,8-7,True,37,3,Nissan Stadium,Nashville,False,NFL Net
2021,16,401326554,2021-12-25T21:30Z,STATUS_FINAL,Green Bay Packers,GB,24,12-3,Cleveland Browns,CLE,22,7-8,True,46,2,Lambeau Field,Green Bay,False,FOX
2021,16,401326555,2021-12-26T01:15Z,STATUS_FINAL,Arizona Cardinals,ARI,16,10-5,Indianapolis Colts,IND,22,9-6,False,38,6,State Farm Stadium,Glendale,False,NFL Net
2021,16,401326556,2021-12-26T18:00Z,STATUS_FINAL,Atlanta Falcons,ATL,20,7-8,Detroit Lions,DET,16,2-12-1,True,36,4,Mercedes-Benz Stadium,Atlanta,False,FOX
2021,16,401326558,2021-12-26T18:00Z,STATUS_FINAL,Cincinnati Bengals,CIN,41,9-6,Baltimore Ravens,BAL,21,8-7,True,62,20,Paycor Stadium,Cincinnati,False,CBS
2021,16,401326560,2021-12-26T18:00Z,STATUS_FINAL,Minnesota Vikings,MIN,23,7-8,Los Angeles Rams,LAR,30,11-4,False,53,7,U.S. Bank Stadium,Minneapolis,False,FOX
2021,16,401326561,2021-12-26T18:00Z,STATUS_FINAL,New England Patriots,NE,21,9-6,Buffalo Bills,BUF,33,9-6,False,54,12,Gillette Stadium,Foxborough,False,CBS
2021,16,401326562,2021-12-26T18:00Z,STATUS_FINAL,New York Jets,NYJ,26,4-11,Jacksonville Jaguars,JAX,21,2-13,True,47,5,MetLife Stadium,East Rutherford,False,CBS
2021,16,401326563,2021-12-26T18:00Z,STATUS_FINAL,Philadelphia Eagles,PHI,34,8-7,New York Giants,NYG,10,4-11,True,44,24,Lincoln Financial Field,Philadelphia,False,FOX
2021,16,401326557,2021-12-26T18:00Z,STATUS_FINAL,Carolina Panthers,CAR,6,5-10,Tampa Bay Buccaneers,TB,32,11-4,False,38,26,Bank of America Stadium,Charlotte,False,FOX
2021,16,401326559,2021-12-26T18:00Z,STATUS_FINAL,Houston Texans,HOU,41,4-11,Los Angeles Chargers,LAC,29,8-7,True,70,12,NRG Stadium,Houston,False,CBS
2021,16,401326564,2021-12-26T21:05Z,STATUS_FINAL,Seattle Seahawks,SEA,24,5-10,Chicago Bears,CHI,25,5-10,False,49,1,Lumen Field,Seattle,False,FOX
2021,16,401326565,2021-12-26T21:25Z,STATUS_FINAL,Kansas City Chiefs,KC,36,11-4,Pittsburgh Steelers,PIT,10,7-7-1,True,46,26,GEHA Field at Arrowhead Stadium,Kansas City,False,CBS
2021,16,401326566,2021-12-26T21:25Z,STATUS_FINAL,Las Vegas Raiders,LV,17,8-7,Denver Broncos,DEN,13,7-8,True,30,4,Allegiant Stadium,Las Vegas,False,CBS
2021,16,401326567,2021-12-27T01:20Z,STATUS_FINAL,Dallas Cowboys,DAL,56,11-4,Washington,WSH,14,6-9,True,70,42,AT&T Stadium,Arlington,False,NBC
2021,16,401326568,2021-12-28T01:15Z,STATUS_FINAL,New Orleans Saints,NO,3,7-8,Miami Dolphins,MIA,20,8-7,False,23,17,Caesars Superdome,New Orleans,False,ESPN
2021,17,401326569,2022-01-02T18:00Z,STATUS_FINAL,Buffalo Bills,BUF,29,10-6,Atlanta Falcons,ATL,15,7-9,True,44,14,Highmark Stadium,Orchard Park,False,FOX
2021,17,401326570,2022-01-02T18:00Z,STATUS_FINAL,Chicago Bears,CHI,29,6-10,New York Giants,NYG,3,4-12,True,32,26,Soldier Field,Chicago,False,CBS
2021,17,401326571,2022-01-02T18:00Z,STATUS_FINAL,Cincinnati Bengals,CIN,34,10-6,Kansas City Chiefs,KC,31,11-5,True,65,3,Paycor Stadium,Cincinnati,False,CBS
2021,17,401326577,2022-01-02T18:00Z,STATUS_FINAL,Tennessee Titans,TEN,34,11-5,Miami Dolphins,MIA,3,8-8,True,37,31,Nissan Stadium,Nashville,False,CBS
2021,17,401326573,2022-01-02T18:00Z,STATUS_FINAL,Indianapolis Colts,IND,20,9-7,Las Vegas Raiders,LV,23,9-7,False,43,3,Lucas Oil Stadium,Indianapolis,False,FOX
2021,17,401326574,2022-01-02T18:00Z,STATUS_FINAL,New England Patriots,NE,50,10-6,Jacksonville Jaguars,JAX,10,2-14,True,60,40,Gillette Stadium,Foxborough,False,CBS
2021,17,401326576,2022-01-02T18:00Z,STATUS_FINAL,New York Jets,NYJ,24,4-12,Tampa Bay Buccaneers,TB,28,12-4,False,52,4,MetLife Stadium,East Rutherford,False,FOX
2021,17,401326578,2022-01-02T18:00Z,STATUS_FINAL,Washington,WSH,16,6-10,Philadelphia Eagles,PHI,20,9-7,False,36,4,Northwest Stadium,Landover,False,FOX
2021,17,401326581,2022-01-02T18:00Z,STATUS_FINAL,Baltimore Ravens,BAL,19,8-8,Los Angeles Rams,LAR,20,12-4,False,39,1,M&T Bank Stadium,Baltimore,False,FOX
2021,17,401326579,2022-01-02T21:05Z,STATUS_FINAL,Los Angeles Chargers,LAC,34,9-7,Denver Broncos,DEN,13,7-9,True,47,21,SoFi Stadium,Inglewood,False,CBS
2021,17,401326580,2022-01-02T21:05Z,STATUS_FINAL,San Francisco 49ers,SF,23,9-7,Houston Texans,HOU,7,4-12,True,30,16,Levi's Stadium,Santa Clara,False,CBS
2021,17,401326572,2022-01-02T21:25Z,STATUS_FINAL,Dallas Cowboys,DAL,22,11-5,Arizona Cardinals,ARI,25,11-5,False,47,3,AT&T Stadium,Arlington,False,FOX
2021,17,401326575,2022-01-02T21:25Z,STATUS_FINAL,New Orleans Saints,NO,18,8-8,Carolina Panthers,CAR,10,5-11,True,28,8,Caesars Superdome,New Orleans,False,FOX
2021,17,401326582,2022-01-02T21:25Z,STATUS_FINAL,Seattle Seahawks,SEA,51,6-10,Detroit Lions,DET,29,2-13-1,True,80,22,Lumen Field,Seattle,False,FOX
2021,17,401326583,2022-01-03T01:20Z,STATUS_FINAL,Green Bay Packers,GB,37,13-3,Minnesota Vikings,MIN,10,7-9,True,47,27,Lambeau Field,Green Bay,False,NBC
2021,17,401326584,2022-01-04T01:15Z,STATUS_FINAL,Pittsburgh Steelers,PIT,26,8-7-1,Cleveland Browns,CLE,14,7-9,True,40,12,Acrisure Stadium,Pittsburgh,False,ESPN
2021,18,401326598,2022-01-08T21:30Z,STATUS_FINAL,Denver Broncos,DEN,24,7-10,Kansas City Chiefs,KC,28,12-5,False,52,4,Empower Field at Mile High,Denver,False,ESPN
2021,18,401326595,2022-01-09T01:15Z,STATUS_FINAL,Philadelphia Eagles,PHI,26,9-8,Dallas Cowboys,DAL,51,12-5,False,77,25,Lincoln Financial Field,Philadelphia,False,ESPN
2021,18,401326588,2022-01-09T18:00Z,STATUS_FINAL,Cleveland Browns,CLE,21,8-9,Cincinnati Bengals,CIN,16,10-7,True,37,5,Huntington Bank Field,Cleveland,False,FOX
2021,18,401326589,2022-01-09T18:00Z,STATUS_FINAL,Detroit Lions,DET,37,3-13-1,Green Bay Packers,GB,30,13-4,True,67,7,Ford Field,Detroit,False,FOX
2021,18,401326593,2022-01-09T18:00Z,STATUS_FINAL,Minnesota Vikings,MIN,31,8-9,Chicago Bears,CHI,17,6-11,True,48,14,U.S. Bank Stadium,Minneapolis,False,FOX
2021,18,401326594,2022-01-09T18:00Z,STATUS_FINAL,New York Giants,NYG,7,4-13,Washington,WSH,22,7-10,False,29,15,MetLife Stadium,East Rutherford,False,FOX
2021,18,401326591,2022-01-09T18:00Z,STATUS_FINAL,Jacksonville Jaguars,JAX,26,3-14,Indianapolis Colts,IND,11,9-8,True,37,15,EverBank Stadium,Jacksonville,False,CBS
2021,18,401326586,2022-01-09T18:00Z,STATUS_FINAL,Baltimore Ravens,BAL,13,8-9,Pittsburgh Steelers,PIT,16,9-7-1,False,29,3,M&T Bank Stadium,Baltimore,False,CBS
2021,18,401326590,2022-01-09T18:00Z,STATUS_FINAL,Houston Texans,HOU,25,4-13,Tennessee Titans,TEN,28,12-5,False,53,3,NRG Stadium,Houston,False,CBS
2021,18,401326585,2022-01-09T21:25Z,STATUS_FINAL,Atlanta Falcons,ATL,20,7-10,New Orleans Saints,NO,30,9-8,False,50,10,Mercedes-Benz Stadium,Atlanta,False,FOX
2021,18,401326587,2022-01-09T21:25Z,STATUS_FINAL,Buffalo Bills,BUF,27,11-6,New York Jets,NYJ,10,4-13,True,37,17,Highmark Stadium,Orchard Park,False,CBS
2021,18,401326599,2022-01-09T21:25Z,STATUS_FINAL,Los Angeles Rams,LAR,24,12-5,San Francisco 49ers,SF,27,10-7,False,51,3,SoFi Stadium,Inglewood,False,FOX
2021,18,401326592,2022-01-09T21:25Z,STATUS_FINAL,Miami Dolphins,MIA,33,9-8,New England Patriots,NE,24,10-7,True,57,9,Hard Rock Stadium,Miami Gardens,False,CBS
2021,18,401326597,2022-01-09T21:25Z,STATUS_FINAL,Arizona Cardinals,ARI,30,11-6,Seattle Seahawks,SEA,38,7-10,False,68,8,State Farm Stadium,Glendale,False,FOX
2021,18,401326596,2022-01-09T21:25Z,STATUS_FINAL,Tampa Bay Buccaneers,TB,41,13-4,Carolina Panthers,CAR,17,5-12,True,58,24,Raymond James Stadium,Tampa,False,CBS
2021,18,401326600,2022-01-10T01:20Z,STATUS_FINAL,Las Vegas Raiders,LV,35,10-7,Los Angeles Chargers,LAC,32,9-8,True,67,3,Allegiant Stadium,Las Vegas,False,NBC
2022,1,401437654,2022-09-09T00:20Z,STATUS_FINAL,Los Angeles Rams,LAR,10,0-1,Buffalo Bills,BUF,31,1-0,False,41,21,SoFi Stadium,Inglewood,False,NBC
2022,1,401437650,2022-09-11T17:00Z,STATUS_FINAL,Atlanta Falcons,ATL,26,0-1,New Orleans Saints,NO,27,1-0,False,53,1,Mercedes-Benz Stadium,Atlanta,False,FOX
2022,1,401437647,2022-09-11T17:00Z,STATUS_FINAL,Chicago Bears,CHI,19,1-0,San Francisco 49ers,SF,10,0-1,True,29,9,Soldier Field,Chicago,False,FOX
2022,1,401437634,2022-09-11T17:00Z,STATUS_FINAL,Cincinnati Bengals,CIN,20,0-1,Pittsburgh Steelers,PIT,23,1-0,False,43,3,Paycor Stadium,Cincinnati,False,CBS
2022,1,401437648,2022-09-11T17:00Z,STATUS_FINAL,Detroit Lions,DET,35,0-1,Philadelphia Eagles,PHI,38,1-0,False,73,3,Ford Field,Detroit,False,FOX
2022,1,401437630,2022-09-11T17:00Z,STATUS_FINAL,Miami Dolphins,MIA,20,1-0,New England Patriots,NE,7,0-1,True,27,13,Hard Rock Stadium,Miami Gardens,False,CBS
2022,1,401437632,2022-09-11T17:00Z,STATUS_FINAL,New York Jets,NYJ,9,0-1,Baltimore Ravens,BAL,24,1-0,False,33,15,MetLife Stadium,East Rutherford,False,CBS
2022,1,401437646,2022-09-11T17:00Z,STATUS_FINAL,Washington Commanders,WSH,28,1-0,Jacksonville Jaguars,JAX,22,0-1,True,50,6,Northwest Stadium,Landover,False,FOX
2022,1,401437651,2022-09-11T17:00Z,STATUS_FINAL,Carolina Panthers,CAR,24,0-1,Cleveland Browns,CLE,26,1-0,False,50,2,Bank of America Stadium,Charlotte,False,CBS
2022,1,401437637,2022-09-11T17:00Z,STATUS_FINAL,Houston Texans,HOU,20,0-0-1,Indianapolis Colts,IND,20,0-0-1,False,40,0,NRG Stadium,Houston,False,CBS
2022,1,401437640,2022-09-11T20:25Z,STATUS_FINAL,Tennessee Titans,TEN,20,0-1,New York Giants,NYG,21,1-0,False,41,1,Nissan Stadium,Nashville,False,FOX
2022,1,401437649,2022-09-11T20:25Z,STATUS_FINAL,Minnesota Vikings,MIN,23,1-0,Green Bay Packers,GB,7,0-1,True,30,16,U.S. Bank Stadium,Minneapolis,False,FOX
2022,1,401437653,2022-09-11T20:25Z,STATUS_FINAL,Arizona Cardinals,ARI,21,0-1,Kansas City Chiefs,KC,44,1-0,False,65,23,State Farm Stadium,Glendale,False,CBS
2022,1,401437643,2022-09-11T20:25Z,STATUS_FINAL,Los Angeles Chargers,LAC,24,1-0,Las Vegas Raiders,LV,19,0-1,True,43,5,SoFi Stadium,Inglewood,False,CBS
2022,1,401437644,2022-09-12T00:20Z,STATUS_FINAL,Dallas Cowboys,DAL,3,0-1,Tampa Bay Buccaneers,TB,19,1-0,False,22,16,AT&T Stadium,Arlington,False,NBC
2022,1,401437655,2022-09-13T00:15Z,STATUS_FINAL,Seattle Seahawks,SEA,17,1-0,Denver Broncos,DEN,16,0-1,True,33,1,Lumen Field,Seattle,False,ESPN
2022,2,401434030,2022-09-16T00:15Z,STATUS_FINAL,Kansas City Chiefs,KC,27,2-0,Los Angeles Chargers,LAC,24,1-1,True,51,3,GEHA Field at Arrowhead Stadium,Kansas City,False,Prime Video
2022,2,401437635,2022-09-18T17:00Z,STATUS_FINAL,Cleveland Browns,CLE,30,1-1,New York Jets,NYJ,31,1-1,False,61,1,Huntington Bank Field,Cleveland,False,CBS
2022,2,401437732,2022-09-18T17:00Z,STATUS_FINAL,Detroit Lions,DET,36,1-1,Washington Commanders,WSH,27,1-1,True,63,9,Ford Field,Detroit,False,FOX
2022,2,401437652,2022-09-18T17:00Z,STATUS_FINAL,New Orleans Saints,NO,10,1-1,Tampa Bay Buccaneers,TB,20,2-0,False,30,10,Caesars Superdome,New Orleans,False,FOX
2022,2,401437645,2022-09-18T17:00Z,STATUS_FINAL,New York Giants,NYG,19,2-0,Carolina Panthers,CAR,16,0-2,True,35,3,MetLife Stadium,East Rutherford,False,FOX
2022,2,401437636,2022-09-18T17:00Z,STATUS_FINAL,Pittsburgh Steelers,PIT,14,1-1,New England Patriots,NE,17,1-1,False,31,3,Acrisure Stadium,Pittsburgh,False,CBS
2022,2,401437639,2022-09-18T17:00Z,STATUS_FINAL,Jacksonville Jaguars,JAX,24,1-1,Indianapolis Colts,IND,0,0-1-1,True,24,24,EverBank Stadium,Jacksonville,False,CBS
2022,2,401437633,2022-09-18T17:00Z,STATUS_FINAL,Baltimore Ravens,BAL,38,1-1,Miami Dolphins,MIA,42,2-0,False,80,4,M&T Bank Stadium,Baltimore,False,CBS
2022,2,401437733,2022-09-18T20:05Z,STATUS_FINAL,Los Angeles Rams,LAR,31,1-1,Atlanta Falcons,ATL,27,0-2,True,58,4,SoFi Stadium,Inglewood,False,FOX
2022,2,401437605,2022-09-18T20:05Z,STATUS_FINAL,San Francisco 49ers,SF,27,1-1,Seattle Seahawks,SEA,7,1-1,True,34,20,Levi's Stadium,Santa Clara,False,FOX
2022,2,401437734,2022-09-18T20:25Z,STATUS_FINAL,Dallas Cowboys,DAL,20,1-1,Cincinnati Bengals,CIN,17,0-2,True,37,3,AT&T Stadium,Arlington,False,CBS
2022,2,401437641,2022-09-18T20:25Z,STATUS_FINAL,Denver Broncos,DEN,16,1-1,Houston Texans,HOU,9,0-1-1,True,25,7,Empower Field at Mile High,Denver,False,CBS
2022,2,401437642,2022-09-18T20:25Z,STATUS_FINAL,Las Vegas Raiders,LV,23,0-2,Arizona Cardinals,ARI,29,1-1,False,52,6,Allegiant Stadium,Las Vegas,False,CBS
2022,2,401437606,2022-09-19T00:20Z,STATUS_FINAL,Green Bay Packers,GB,27,1-1,Chicago Bears,CHI,10,1-1,True,37,17,Lambeau Field,Green Bay,False,NBC
2022,2,401436831,2022-09-19T23:15Z,STATUS_FINAL,Buffalo Bills,BUF,41,2-0,Tennessee Titans,TEN,7,0-2,True,48,34,Highmark Stadium,Orchard Park,False,ESPN
2022,2,401436832,2022-09-20T00:30Z,STATUS_FINAL,Philadelphia Eagles,PHI,24,2-0,Minnesota Vikings,MIN,7,1-1,True,31,17,Lincoln Financial Field,Philadelphia,False,ABC
2022,3,401437735,2022-09-23T00:15Z,STATUS_FINAL,Cleveland Browns,CLE,29,2-1,Pittsburgh Steelers,PIT,17,1-2,True,46,12,Huntington Bank Field,Cleveland,False,Prime Video
2022,3,401437737,2022-09-25T17:00Z,STATUS_FINAL,Chicago Bears,CHI,23,2-1,Houston Texans,HOU,20,0-2-1,True,43,3,Soldier Field,Chicago,False,CBS
2022,3,401437741,2022-09-25T17:00Z,STATUS_FINAL,Tennessee Titans,TEN,24,1-2,Las Vegas Raiders,LV,22,0-3,True,46,2,Nissan Stadium,Nashville,False,FOX
2022,3,401437638,2022-09-25T17:00Z,STATUS_FINAL,Indianapolis Colts,IND,20,1-1-1,Kansas City Chiefs,KC,17,2-1,True,37,3,Lucas Oil Stadium,Indianapolis,False,CBS
2022,3,401437738,2022-09-25T17:00Z,STATUS_FINAL,Miami Dolphins,MIA,21,3-0,Buffalo Bills,BUF,19,2-1,True,40,2,Hard Rock Stadium,Miami Gardens,False,CBS
2022,3,401437739,2022-09-25T17:00Z,STATUS_FINAL,Minnesota Vikings,MIN,28,2-1,Detroit Lions,DET,24,1-2,True,52,4,U.S. Bank Stadium,Minneapolis,False,FOX
2022,3,401437631,2022-09-25T17:00Z,STATUS_FINAL,New England Patriots,NE,26,1-2,Baltimore Ravens,BAL,37,2-1,False,63,11,Gillette Stadium,Foxborough,False,FOX
2022,3,401437740,2022-09-25T17:00Z,STATUS_FINAL,New York Jets,NYJ,12,1-2,Cincinnati Bengals,CIN,27,1-2,False,39,15,MetLife Stadium,East Rutherford,False,CBS
2022,3,401437742,2022-09-25T17:00Z,STATUS_FINAL,Washington Commanders,WSH,8,1-2,Philadelphia Eagles,PHI,24,3-0,False,32,16,Northwest Stadium,Landover,False,FOX
2022,3,401437736,2022-09-25T17:00Z,STATUS_FINAL,Carolina Panthers,CAR,22,1-2,New Orleans Saints,NO,14,1-2,True,36,8,Bank of America Stadium,Charlotte,False,FOX
2022,3,401437743,2022-09-25T20:05Z,STATUS_FINAL,Los Angeles Chargers,LAC,10,1-2,Jacksonville Jaguars,JAX,38,2-1,False,48,28,SoFi Stadium,Inglewood,False,CBS
2022,3,401437744,2022-09-25T20:25Z,STATUS_FINAL,Arizona Cardinals,ARI,12,1-2,Los Angeles Rams,LAR,20,2-1,False,32,8,State Farm Stadium,Glendale,False,FOX
2022,3,401437745,2022-09-25T20:25Z,STATUS_FINAL,Seattle Seahawks,SEA,23,1-2,Atlanta Falcons,ATL,27,1-2,False,50,4,Lumen Field,Seattle,False,FOX
2022,3,401437607,2022-09-25T20:25Z,STATUS_FINAL,Tampa Bay Buccaneers,TB,12,2-1,Green Bay Packers,GB,14,2-1,False,26,2,Raymond James Stadium,Tampa,False,FOX
2022,3,401437746,2022-09-26T00:20Z,STATUS_FINAL,Denver Broncos,DEN,11,2-1,San Francisco 49ers,SF,10,1-2,True,21,1,Empower Field at Mile High,Denver,False,NBC
2022,3,401437747,2022-09-27T00:15Z,STATUS_FINAL,New York Giants,NYG,16,2-1,Dallas Cowboys,DAL,23,2-1,False,39,7,MetLife Stadium,East Rutherford,False,ESPN
2022,4,401437748,2022-09-30T00:15Z,STATUS_FINAL,Cincinnati Bengals,CIN,27,2-2,Miami Dolphins,MIA,15,3-1,True,42,12,Paycor Stadium,Cincinnati,False,Prime Video
2022,4,401435639,2022-10-02T13:30Z,STATUS_FINAL,New Orleans Saints,NO,25,1-3,Minnesota Vikings,MIN,28,3-1,False,53,3,Tottenham Hotspur Stadium,London,True,NFL Net
2022,4,401437749,2022-10-02T17:00Z,STATUS_FINAL,Atlanta Falcons,ATL,23,2-2,Cleveland Browns,CLE,20,2-2,True,43,3,Mercedes-Benz Stadium,Atlanta,False,CBS
2022,4,401437751,2022-10-02T17:00Z,STATUS_FINAL,Dallas Cowboys,DAL,25,3-1,Washington Commanders,WSH,10,1-3,True,35,15,AT&T Stadium,Arlington,False,FOX
2022,4,401437752,2022-10-02T17:00Z,STATUS_FINAL,Detroit Lions,DET,45,1-3,Seattle Seahawks,SEA,48,2-2,False,93,3,Ford Field,Detroit,False,FOX
2022,4,401437754,2022-10-02T17:00Z,STATUS_FINAL,Indianapolis Colts,IND,17,1-2-1,Tennessee Titans,TEN,24,2-2,False,41,7,Lucas Oil Stadium,Indianapolis,False,FOX
2022,4,401437755,2022-10-02T17:00Z,STATUS_FINAL,New York Giants,NYG,20,3-1,Chicago Bears,CHI,12,2-2,True,32,8,MetLife Stadium,East Rutherford,False,FOX
2022,4,401437756,2022-10-02T17:00Z,STATUS_FINAL,Philadelphia Eagles,PHI,29,4-0,Jacksonville Jaguars,JAX,21,2-2,True,50,8,Lincoln Financial Field,Philadelphia,False,CBS
2022,4,401437757,2022-10-02T17:00Z,STATUS_FINAL,Pittsburgh Steelers,PIT,20,1-3,New York Jets,NYJ,24,2-2,False,44,4,Acrisure Stadium,Pittsburgh,False,CBS
2022,4,401437750,2022-10-02T17:00Z,STATUS_FINAL,Baltimore Ravens,BAL,20,2-2,Buffalo Bills,BUF,23,3-1,False,43,3,M&T Bank Stadium,Baltimore,False,CBS
2022,4,401437753,2022-10-02T17:00Z,STATUS_FINAL,Houston Texans,HOU,24,0-3-1,Los Angeles Chargers,LAC,34,2-2,False,58,10,NRG Stadium,Houston,False,CBS
2022,4,401437758,2022-10-02T20:05Z,STATUS_FINAL,Carolina Panthers,CAR,16,1-3,Arizona Cardinals,ARI,26,2-2,False,42,10,Bank of America Stadium,Charlotte,False,FOX
2022,4,401437759,2022-10-02T20:25Z,STATUS_FINAL,Green Bay Packers,GB,27,3-1,New England Patriots,NE,24,1-3,True,51,3,Lambeau Field,Green Bay,False,CBS
2022,4,401437760,2022-10-02T20:25Z,STATUS_FINAL,Las Vegas Raiders,LV,32,1-3,Denver Broncos,DEN,23,2-2,True,55,9,Allegiant Stadium,Las Vegas,False,CBS
2022,4,401437470,2022-10-03T00:20Z,STATUS_FINAL,Tampa Bay Buccaneers,TB,31,2-2,Kansas City Chiefs,KC,41,3-1,False,72,10,Raymond James Stadium,Tampa,False,NBC
2022,4,401437761,2022-10-04T00:15Z,STATUS_FINAL,San Francisco 49ers,SF,24,2-2,Los Angeles Rams,LAR,9,2-2,True,33,15,Levi's Stadium,Santa Clara,False,ESPN
2022,5,401437762,2022-10-07T00:15Z,STATUS_FINAL,Denver Broncos,DEN,9,2-3,Indianapolis Colts,IND,12,2-2-1,False,21,3,Empower Field at Mile High,Denver,False,Prime Video
2022,5,401435640,2022-10-09T13:30Z,STATUS_FINAL,Green Bay Packers,GB,22,3-2,New York Giants,NYG,27,4-1,False,49,5,Tottenham Hotspur Stadium,London,True,NFL Net
2022,5,401437763,2022-10-09T17:00Z,STATUS_FINAL,Buffalo Bills,BUF,38,4-1,Pittsburgh Steelers,PIT,3,1-4,True,41,35,Highmark Stadium,Orchard Park,False,CBS
2022,5,401437764,2022-10-09T17:00Z,STATUS_FINAL,Cleveland Browns,CLE,28,2-3,Los Angeles Chargers,LAC,30,3-2,False,58,2,Huntington Bank Field,Cleveland,False,CBS
2022,5,401437766,2022-10-09T17:00Z,STATUS_FINAL,Minnesota Vikings,MIN,29,4-1,Chicago Bears,CHI,22,2-3,True,51,7,U.S. Bank Stadium,Minneapolis,False,FOX
2022,5,401437767,2022-10-09T17:00Z,STATUS_FINAL,New England Patriots,NE,29,2-3,Detroit Lions,DET,0,1-4,True,29,29,Gillette Stadium,Foxborough,False,FOX
2022,5,401437768,2022-10-09T17:00Z,STATUS_FINAL,New Orleans Saints,NO,39,2-3,Seattle Seahawks,SEA,32,2-3,True,71,7,Caesars Superdome,New Orleans,False,FOX
2022,5,401437769,2022-10-09T17:00Z,STATUS_FINAL,New York Jets,NYJ,40,3-2,Miami Dolphins,MIA,17,3-2,True,57,23,MetLife Stadium,East Rutherford,False,CBS
2022,5,401437770,2022-10-09T17:00Z,STATUS_FINAL,Tampa Bay Buccaneers,TB,21,3-2,Atlanta Falcons,ATL,15,2-3,True,36,6,Raymond James Stadium,Tampa,False,FOX
2022,5,401437771,2022-10-09T17:00Z,STATUS_FINAL,Washington Commanders,WSH,17,1-4,Tennessee Titans,TEN,21,3-2,False,38,4,Northwest Stadium,Landover,False,CBS
2022,5,401437765,2022-10-09T17:00Z,STATUS_FINAL,Jacksonville Jaguars,JAX,6,2-3,Houston Texans,HOU,13,1-3-1,False,19,7,EverBank Stadium,Jacksonville,False,CBS
2022,5,401437772,2022-10-09T20:05Z,STATUS_FINAL,Carolina Panthers,CAR,15,1-4,San Francisco 49ers,SF,37,3-2,False,52,22,Bank of America Stadium,Charlotte,False,CBS
2022,5,401437774,2022-10-09T20:25Z,STATUS_FINAL,Los Angeles Rams,LAR,10,2-3,Dallas Cowboys,DAL,22,4-1,False,32,12,SoFi Stadium,Inglewood,False,FOX
2022,5,401437773,2022-10-09T20:25Z,STATUS_FINAL,Arizona Cardinals,ARI,17,2-3,Philadelphia Eagles,PHI,20,5-0,False,37,3,State Farm Stadium,Glendale,False,FOX
2022,5,401437775,2022-10-10T00:20Z,STATUS_FINAL,Baltimore Ravens,BAL,19,3-2,Cincinnati Bengals,CIN,17,2-3,True,36,2,M&T Bank Stadium,Baltimore,False,NBC
2022,5,401437776,2022-10-11T00:15Z,STATUS_FINAL,Kansas City Chiefs,KC,30,4-1,Las Vegas Raiders,LV,29,1-4,True,59,1,GEHA Field at Arrowhead Stadium,Kansas City,False,ESPN
2022,6,401437777,2022-10-14T00:15Z,STATUS_FINAL,Chicago Bears,CHI,7,2-4,Washington Commanders,WSH,12,2-4,False,19,5,Soldier Field,Chicago,False,Prime Video
2022,6,401437778,2022-10-16T17:00Z,STATUS_FINAL,Atlanta Falcons,ATL,28,3-3,San Francisco 49ers,SF,14,3-3,True,42,14,Mercedes-Benz Stadium,Atlanta,False,FOX
2022,6,401437779,2022-10-16T17:00Z,STATUS_FINAL,Cleveland Browns,CLE,15,2-4,New England Patriots,NE,38,3-3,False,53,23,Huntington Bank Field,Cleveland,False,CBS
2022,6,401437780,2022-10-16T17:00Z,STATUS_FINAL,Green Bay Packers,GB,10,3-3,New York Jets,NYJ,27,4-2,False,37,17,Lambeau Field,Green Bay,False,FOX
2022,6,401437781,2022-10-16T17:00Z,STATUS_FINAL,Indianapolis Colts,IND,34,3-2-1,Jacksonville Jaguars,JAX,27,2-4,True,61,7,Lucas Oil Stadium,Indianapolis,False,CBS
2022,6,401437782,2022-10-16T17:00Z,STATUS_FINAL,Miami Dolphins,MIA,16,3-3,Minnesota Vikings,MIN,24,5-1,False,40,8,Hard Rock Stadium,Miami Gardens,False,FOX
2022,6,401437783,2022-10-16T17:00Z,STATUS_FINAL,New Orleans Saints,NO,26,2-4,Cincinnati Bengals,CIN,30,3-3,False,56,4,Caesars Superdome,New Orleans,False,CBS
2022,6,401437784,2022-10-16T17:00Z,STATUS_FINAL,New York Giants,NYG,24,5-1,Baltimore Ravens,BAL,20,3-3,True,44,4,MetLife Stadium,East Rutherford,False,CBS
2022,6,401437785,2022-10-16T17:00Z,STATUS_FINAL,Pittsburgh Steelers,PIT,20,2-4,Tampa Bay Buccaneers,TB,18,3-3,True,38,2,Acrisure Stadium,Pittsburgh,False,FOX
2022,6,401437786,2022-10-16T20:05Z,STATUS_FINAL,Los Angeles Rams,LAR,24,3-3,Carolina Panthers,CAR,10,1-5,True,34,14,SoFi Stadium,Inglewood,False,FOX
2022,6,401437787,2022-10-16T20:05Z,STATUS_FINAL,Seattle Seahawks,SEA,19,3-3,Arizona Cardinals,ARI,9,2-4,True,28,10,Lumen Field,Seattle,False,FOX
2022,6,401437788,2022-10-16T20:25Z,STATUS_FINAL,Kansas City Chiefs,KC,20,4-2,Buffalo Bills,BUF,24,5-1,False,44,4,GEHA Field at Arrowhead Stadium,Kansas City,False,CBS
2022,6,401437789,2022-10-17T00:20Z,STATUS_FINAL,Philadelphia Eagles,PHI,26,6-0,Dallas Cowboys,DAL,17,4-2,True,43,9,Lincoln Financial Field,Philadelphia,False,NBC
2022,6,401437790,2022-10-18T00:15Z,STATUS_FINAL,Los Angeles Chargers,LAC,19,4-2,Denver Broncos,DEN,16,2-4,True,35,3,SoFi Stadium,Inglewood,False,ESPN
2022,7,401437791,2022-10-21T00:15Z,STATUS_FINAL,Arizona Cardinals,ARI,42,3-4,New Orleans Saints,NO,34,2-5,True,76,8,State Farm Stadium,Glendale,False,Prime Video
2022,7,401437794,2022-10-23T17:00Z,STATUS_FINAL,Cincinnati Bengals,CIN,35,4-3,Atlanta Falcons,ATL,17,3-4,True,52,18,Paycor Stadium,Cincinnati,False,FOX
2022,7,401437795,2022-10-23T17:00Z,STATUS_FINAL,Dallas Cowboys,DAL,24,5-2,Detroit Lions,DET,6,1-5,True,30,18,AT&T Stadium,Arlington,False,CBS
2022,7,401437797,2022-10-23T17:00Z,STATUS_FINAL,Tennessee Titans,TEN,19,4-2,Indianapolis Colts,IND,10,3-3-1,True,29,9,Nissan Stadium,Nashville,False,CBS
2022,7,401437798,2022-10-23T17:00Z,STATUS_FINAL,Washington Commanders,WSH,23,3-4,Green Bay Packers,GB,21,3-4,True,44,2,Northwest Stadium,Landover,False,FOX
2022,7,401437793,2022-10-23T17:00Z,STATUS_FINAL,Carolina Panthers,CAR,21,2-5,Tampa Bay Buccaneers,TB,3,3-4,True,24,18,Bank of America Stadium,Charlotte,False,FOX
2022,7,401437796,2022-10-23T17:00Z,STATUS_FINAL,Jacksonville Jaguars,JAX,17,2-5,New York Giants,NYG,23,6-1,False,40,6,EverBank Stadium,Jacksonville,False,FOX
2022,7,401437792,2022-10-23T17:00Z,STATUS_FINAL,Baltimore Ravens,BAL,23,4-3,Cleveland Browns,CLE,20,2-5,True,43,3,M&T Bank Stadium,Baltimore,False,CBS
2022,7,401437799,2022-10-23T20:05Z,STATUS_FINAL,Denver Broncos,DEN,9,2-5,New York Jets,NYJ,16,5-2,False,25,7,Empower Field at Mile High,Denver,False,CBS
2022,7,401437800,2022-10-23T20:05Z,STATUS_FINAL,Las Vegas Raiders,LV,38,2-4,Houston Texans,HOU,20,1-4-1,True,58,18,Allegiant Stadium,Las Vegas,False,CBS
2022,7,401437801,2022-10-23T20:25Z,STATUS_FINAL,Los Angeles Chargers,LAC,23,4-3,Seattle Seahawks,SEA,37,4-3,False,60,14,SoFi Stadium,Inglewood,False,FOX
2022,7,401437802,2022-10-23T20:25Z,STATUS_FINAL,San Francisco 49ers,SF,23,3-4,Kansas City Chiefs,KC,44,5-2,False,67,21,Levi's Stadium,Santa Clara,False,FOX
2022,7,401437803,2022-10-24T00:20Z,STATUS_FINAL,Miami Dolphins,MIA,16,4-3,Pittsburgh Steelers,PIT,10,2-5,True,26,6,Hard Rock Stadium,Miami Gardens,False,NBC
2022,7,401437804,2022-10-25T00:15Z,STATUS_FINAL,New England Patriots,NE,14,3-4,Chicago Bears,CHI,33,3-4,False,47,19,Gillette Stadium,Foxborough,False,ESPN
2022,8,401437805,2022-10-28T00:15Z,STATUS_FINAL,Tampa Bay Buccaneers,TB,22,3-5,Baltimore Ravens,BAL,27,5-3,False,49,5,Raymond James Stadium,Tampa,False,Prime Video
2022,8,401435641,2022-10-30T13:30Z,STATUS_FINAL,Jacksonville Jaguars,JAX,17,2-6,Denver Broncos,DEN,21,3-5,False,38,4,Wembley Stadium,London,True,ESPN+
2022,8,401437806,2022-10-30T17:00Z,STATUS_FINAL,Atlanta Falcons,ATL,37,4-4,Carolina Panthers,CAR,34,2-6,True,71,3,Mercedes-Benz Stadium,Atlanta,False,FOX
2022,8,401437807,2022-10-30T17:00Z,STATUS_FINAL,Dallas Cowboys,DAL,49,6-2,Chicago Bears,CHI,29,3-5,True,78,20,AT&T Stadium,Arlington,False,FOX
2022,8,401437808,2022-10-30T17:00Z,STATUS_FINAL,Detroit Lions,DET,27,1-6,Miami Dolphins,MIA,31,5-3,False,58,4,Ford Field,Detroit,False,CBS
2022,8,401437809,2022-10-30T17:00Z,STATUS_FINAL,Minnesota Vikings,MIN,34,6-1,Arizona Cardinals,ARI,26,3-5,True,60,8,U.S. Bank Stadium,Minneapolis,False,FOX
2022,8,401437810,2022-10-30T17:00Z,STATUS_FINAL,New Orleans Saints,NO,24,3-5,Las Vegas Raiders,LV,0,2-5,True,24,24,Caesars Superdome,New Orleans,False,CBS
2022,8,401437811,2022-10-30T17:00Z,STATUS_FINAL,New York Jets,NYJ,17,5-3,New England Patriots,NE,22,4-4,False,39,5,MetLife Stadium,East Rutherford,False,CBS
2022,8,401437812,2022-10-30T17:00Z,STATUS_FINAL,Philadelphia Eagles,PHI,35,7-0,Pittsburgh Steelers,PIT,13,2-6,True,48,22,Lincoln Financial Field,Philadelphia,False,CBS
2022,8,401437813,2022-10-30T20:05Z,STATUS_FINAL,Houston Texans,HOU,10,1-5-1,Tennessee Titans,TEN,17,5-2,False,27,7,NRG Stadium,Houston,False,CBS
2022,8,401437814,2022-10-30T20:25Z,STATUS_FINAL,Indianapolis Colts,IND,16,3-4-1,Washington Commanders,WSH,17,4-4,False,33,1,Lucas Oil Stadium,Indianapolis,False,FOX
2022,8,401437815,2022-10-30T20:25Z,STATUS_FINAL,Los Angeles Rams,LAR,14,3-4,San Francisco 49ers,SF,31,4-4,False,45,17,SoFi Stadium,Inglewood,False,FOX
2022,8,401437816,2022-10-30T20:25Z,STATUS_FINAL,Seattle Seahawks,SEA,27,5-3,New York Giants,NYG,13,6-2,True,40,14,Lumen Field,Seattle,False,FOX
2022,8,401437817,2022-10-31T00:20Z,STATUS_FINAL,Buffalo Bills,BUF,27,6-1,Green Bay Packers,GB,17,3-5,True,44,10,Highmark Stadium,Orchard Park,False,NBC
2022,8,401437818,2022-11-01T00:15Z,STATUS_FINAL,Cleveland Browns,CLE,32,3-5,Cincinnati Bengals,CIN,13,4-4,True,45,19,Huntington Bank Field,Cleveland,False,ESPN
2022,9,401437819,2022-11-04T00:15Z,STATUS_FINAL,Houston Texans,HOU,17,1-6-1,Philadelphia Eagles,PHI,29,8-0,False,46,12,NRG Stadium,Houston,False,Prime Video
2022,9,401437820,2022-11-06T18:00Z,STATUS_FINAL,Atlanta Falcons,ATL,17,4-5,Los Angeles Chargers,LAC,20,5-3,False,37,3,Mercedes-Benz Stadium,Atlanta,False,FOX
2022,9,401437821,2022-11-06T18:00Z,STATUS_FINAL,Chicago Bears,CHI,32,3-6,Miami Dolphins,MIA,35,6-3,False,67,3,Soldier Field,Chicago,False,CBS
2022,9,401437822,2022-11-06T18:00Z,STATUS_FINAL,Cincinnati Bengals,CIN,42,5-4,Carolina Panthers,CAR,21,2-7,True,63,21,Paycor Stadium,Cincinnati,False,FOX
2022,9,401437823,2022-11-06T18:00Z,STATUS_FINAL,Detroit Lions,DET,15,2-6,Green Bay Packers,GB,9,3-6,True,24,6,Ford Field,Detroit,False,FOX
2022,9,401437825,2022-11-06T18:00Z,STATUS_FINAL,New England Patriots,NE,26,5-4,Indianapolis Colts,IND,3,3-5-1,True,29,23,Gillette Stadium,Foxborough,False,CBS
2022,9,401437826,2022-11-06T18:00Z,STATUS_FINAL,New York Jets,NYJ,20,6-3,Buffalo Bills,BUF,17,6-2,True,37,3,MetLife Stadium,East Rutherford,False,CBS
2022,9,401437827,2022-11-06T18:00Z,STATUS_FINAL,Washington Commanders,WSH,17,4-5,Minnesota Vikings,MIN,20,7-1,False,37,3,Northwest Stadium,Landover,False,FOX
2022,9,401437824,2022-11-06T18:00Z,STATUS_FINAL,Jacksonville Jaguars,JAX,27,3-6,Las Vegas Raiders,LV,20,2-6,True,47,7,EverBank Stadium,Jacksonville,False,CBS
2022,9,401437828,2022-11-06T21:05Z,STATUS_FINAL,Arizona Cardinals,ARI,21,3-6,Seattle Seahawks,SEA,31,6-3,False,52,10,State Farm Stadium,Glendale,False,FOX
2022,9,401437829,2022-11-06T21:25Z,STATUS_FINAL,Tampa Bay Buccaneers,TB,16,4-5,Los Angeles Rams,LAR,13,3-5,True,29,3,Raymond James Stadium,Tampa,False,CBS
2022,9,401437830,2022-11-07T01:20Z,STATUS_FINAL,Kansas City Chiefs,KC,20,6-2,Tennessee Titans,TEN,17,5-3,True,37,3,GEHA Field at Arrowhead Stadium,Kansas City,False,NBC
2022,9,401437831,2022-11-08T01:15Z,STATUS_FINAL,New Orleans Saints,NO,13,3-6,Baltimore Ravens,BAL,27,6-3,False,40,14,Caesars Superdome,New Orleans,False,ESPN
2022,10,401437832,2022-11-11T01:15Z,STATUS_FINAL,Carolina Panthers,CAR,25,3-7,Atlanta Falcons,ATL,15,4-6,True,40,10,Bank of America Stadium,Charlotte,False,Prime Video
2022,10,401435638,2022-11-13T14:30Z,STATUS_FINAL,Tampa Bay Buccaneers,TB,21,5-5,Seattle Seahawks,SEA,16,6-4,True,37,5,Allianz Arena,Munich,True,NFL Net
2022,10,401437833,2022-11-13T18:00Z,STATUS_FINAL,Buffalo Bills,BUF,30,6-3,Minnesota Vikings,MIN,33,8-1,False,63,3,Highmark Stadium,Orchard Park,False,FOX
2022,10,401437834,2022-11-13T18:00Z,STATUS_FINAL,Chicago Bears,CHI,30,3-7,Detroit Lions,DET,31,3-6,False,61,1,Soldier Field,Chicago,False,FOX
2022,10,401437839,2022-11-13T18:00Z,STATUS_FINAL,Tennessee Titans,TEN,17,6-3,Denver Broncos,DEN,10,3-6,True,27,7,Nissan Stadium,Nashville,False,CBS
2022,10,401437835,2022-11-13T18:00Z,STATUS_FINAL,Kansas City Chiefs,KC,27,7-2,Jacksonville Jaguars,JAX,17,3-7,True,44,10,GEHA Field at Arrowhead Stadium,Kansas City,False,CBS
2022,10,401437836,2022-11-13T18:00Z,STATUS_FINAL,Miami Dolphins,MIA,39,7-3,Cleveland Browns,CLE,17,3-6,True,56,22,Hard Rock Stadium,Miami Gardens,False,CBS
2022,10,401437837,2022-11-13T18:00Z,STATUS_FINAL,New York Giants,NYG,24,7-2,Houston Texans,HOU,16,1-7-1,True,40,8,MetLife Stadium,East Rutherford,False,CBS
2022,10,401437838,2022-11-13T18:00Z,STATUS_FINAL,Pittsburgh Steelers,PIT,20,3-6,New Orleans Saints,NO,10,3-7,True,30,10,Acrisure Stadium,Pittsburgh,False,FOX
2022,10,401437840,2022-11-13T21:05Z,STATUS_FINAL,Las Vegas Raiders,LV,20,2-7,Indianapolis Colts,IND,25,4-5-1,False,45,5,Allegiant Stadium,Las Vegas,False,CBS
2022,10,401437131,2022-11-13T21:25Z,STATUS_FINAL,Green Bay Packers,GB,31,4-6,Dallas Cowboys,DAL,28,6-3,True,59,3,Lambeau Field,Green Bay,False,FOX
2022,10,401437841,2022-11-13T21:25Z,STATUS_FINAL,Los Angeles Rams,LAR,17,3-6,Arizona Cardinals,ARI,27,4-6,False,44,10,SoFi Stadium,Inglewood,False,FOX
2022,10,401437842,2022-11-14T01:20Z,STATUS_FINAL,San Francisco 49ers,SF,22,5-4,Los Angeles Chargers,LAC,16,5-4,True,38,6,Levi's Stadium,Santa Clara,False,NBC
2022,10,401437843,2022-11-15T01:15Z,STATUS_FINAL,Philadelphia Eagles,PHI,21,8-1,Washington Commanders,WSH,32,5-5,False,53,11,Lincoln Financial Field,Philadelphia,False,ESPN
2022,11,401437844,2022-11-18T01:15Z,STATUS_FINAL,Green Bay Packers,GB,17,4-7,Tennessee Titans,TEN,27,7-3,False,44,10,Lambeau Field,Green Bay,False,Prime Video
2022,11,401437845,2022-11-20T18:00Z,STATUS_FINAL,Atlanta Falcons,ATL,27,5-6,Chicago Bears,CHI,24,3-8,True,51,3,Mercedes-Benz Stadium,Atlanta,False,FOX
2022,11,401437847,2022-11-20T18:00Z,STATUS_FINAL,Buffalo Bills,BUF,31,7-3,Cleveland Browns,CLE,23,3-7,True,54,8,Ford Field,Detroit,True,CBS
2022,11,401437849,2022-11-20T18:00Z,STATUS_FINAL,Indianapolis Colts,IND,16,4-6-1,Philadelphia Eagles,PHI,17,9-1,False,33,1,Lucas Oil Stadium,Indianapolis,False,CBS
2022,11,401437850,2022-11-20T18:00Z,STATUS_FINAL,New England Patriots,NE,10,6-4,New York Jets,NYJ,3,6-4,True,13,7,Gillette Stadium,Foxborough,False,CBS
2022,11,401437851,2022-11-20T18:00Z,STATUS_FINAL,New Orleans Saints,NO,27,4-7,Los Angeles Rams,LAR,20,3-7,True,47,7,Caesars Superdome,New Orleans,False,FOX
2022,11,401437852,2022-11-20T18:00Z,STATUS_FINAL,New York Giants,NYG,18,7-3,Detroit Lions,DET,31,4-6,False,49,13,MetLife Stadium,East Rutherford,False,FOX
2022,11,401437846,2022-11-20T18:00Z,STATUS_FINAL,Baltimore Ravens,BAL,13,7-3,Carolina Panthers,CAR,3,3-8,True,16,10,M&T Bank Stadium,Baltimore,False,FOX
2022,11,401437848,2022-11-20T18:00Z,STATUS_FINAL,Houston Texans,HOU,10,1-8-1,Washington Commanders,WSH,23,6-5,False,33,13,NRG Stadium,Houston,False,FOX
2022,11,401437853,2022-11-20T21:05Z,STATUS_FINAL,Denver Broncos,DEN,16,3-7,Las Vegas Raiders,LV,22,3-7,False,38,6,Empower Field at Mile High,Denver,False,FOX
2022,11,401437855,2022-11-20T21:25Z,STATUS_FINAL,Minnesota Vikings,MIN,3,8-2,Dallas Cowboys,DAL,40,7-3,False,43,37,U.S. Bank Stadium,Minneapolis,False,CBS
2022,11,401437856,2022-11-20T21:25Z,STATUS_FINAL,Pittsburgh Steelers,PIT,30,3-7,Cincinnati Bengals,CIN,37,6-4,False,67,7,Acrisure Stadium,Pittsburgh,False,CBS
2022,11,401437854,2022-11-21T01:20Z,STATUS_FINAL,Los Angeles Chargers,LAC,27,5-5,Kansas City Chiefs,KC,30,8-2,False,57,3,SoFi Stadium,Inglewood,False,NBC
2022,11,401435642,2022-11-22T01:15Z,STATUS_FINAL,Arizona Cardinals,ARI,10,4-7,San Francisco 49ers,SF,38,6-4,False,48,28,Estadio Azteca,Mexico City,True,ESPN
2022,12,401437857,2022-11-24T17:30Z,STATUS_FINAL,Detroit Lions,DET,25,4-7,Buffalo Bills,BUF,28,8-3,False,53,3,Ford Field,Detroit,False,CBS
2022,12,401437858,2022-11-24T21:30Z,STATUS_FINAL,Dallas Cowboys,DAL,28,8-3,New York Giants,NYG,20,7-4,True,48,8,AT&T Stadium,Arlington,False,FOX
2022,12,401437859,2022-11-25T01:20Z,STATUS_FINAL,Minnesota Vikings,MIN,33,9-2,New England Patriots,NE,26,6-5,True,59,7,U.S. Bank Stadium,Minneapolis,False,NBC
2022,12,401437861,2022-11-27T18:00Z,STATUS_FINAL,Cleveland Browns,CLE,23,4-7,Tampa Bay Buccaneers,TB,17,5-6,True,40,6,Huntington Bank Field,Cleveland,False,FOX
2022,12,401437865,2022-11-27T18:00Z,STATUS_FINAL,Tennessee Titans,TEN,16,7-4,Cincinnati Bengals,CIN,20,7-4,False,36,4,Nissan Stadium,Nashville,False,CBS
2022,12,401437863,2022-11-27T18:00Z,STATUS_FINAL,Miami Dolphins,MIA,30,8-3,Houston Texans,HOU,15,1-9-1,True,45,15,Hard Rock Stadium,Miami Gardens,False,CBS
2022,12,401437864,2022-11-27T18:00Z,STATUS_FINAL,New York Jets,NYJ,31,7-4,Chicago Bears,CHI,10,3-9,True,41,21,MetLife Stadium,East Rutherford,False,FOX
2022,12,401437866,2022-11-27T18:00Z,STATUS_FINAL,Washington Commanders,WSH,19,7-5,Atlanta Falcons,ATL,13,5-7,True,32,6,Northwest Stadium,Landover,False,FOX
2022,12,401437860,2022-11-27T18:00Z,STATUS_FINAL,Carolina Panthers,CAR,23,4-8,Denver Broncos,DEN,10,3-8,True,33,13,Bank of America Stadium,Charlotte,False,FOX
2022,12,401437862,2022-11-27T18:00Z,STATUS_FINAL,Jacksonville Jaguars,JAX,28,4-7,Baltimore Ravens,BAL,27,7-4,True,55,1,EverBank Stadium,Jacksonville,False,CBS
2022,12,401437867,2022-11-27T21:05Z,STATUS_FINAL,Arizona Cardinals,ARI,24,4-8,Los Angeles Chargers,LAC,25,6-5,False,49,1,State Farm Stadium,Glendale,False,CBS
2022,12,401437868,2022-11-27T21:05Z,STATUS_FINAL,Seattle Seahawks,SEA,34,6-5,Las Vegas Raiders,LV,40,4-7,False,74,6,Lumen Field,Seattle,False,CBS
2022,12,401437869,2022-11-27T21:25Z,STATUS_FINAL,Kansas City Chiefs,KC,26,9-2,Los Angeles Rams,LAR,10,3-8,True,36,16,GEHA Field at Arrowhead Stadium,Kansas City,False,FOX
2022,12,401437870,2022-11-27T21:25Z,STATUS_FINAL,San Francisco 49ers,SF,13,7-4,New Orleans Saints,NO,0,4-8,True,13,13,Levi's Stadium,Santa Clara,False,FOX
2022,12,401437871,2022-11-28T01:20Z,STATUS_FINAL,Philadelphia Eagles,PHI,40,10-1,Green Bay Packers,GB,33,4-8,True,73,7,Lincoln Financial Field,Philadelphia,False,NBC
2022,12,401437872,2022-11-29T01:15Z,STATUS_FINAL,Indianapolis Colts,IND,17,4-7-1,Pittsburgh Steelers,PIT,24,4-7,False,41,7,Lucas Oil Stadium,Indianapolis,False,ESPN
2022,13,401437873,2022-12-02T01:15Z,STATUS_FINAL,New England Patriots,NE,10,6-6,Buffalo Bills,BUF,24,9-3,False,34,14,Gillette Stadium,Foxborough,False,Prime Video
2022,13,401437874,2022-12-04T18:00Z,STATUS_FINAL,Atlanta Falcons,ATL,16,5-8,Pittsburgh Steelers,PIT,19,5-7,False,35,3,Mercedes-Benz Stadium,Atlanta,False,CBS
2022,13,401437876,2022-12-04T18:00Z,STATUS_FINAL,Chicago Bears,CHI,19,3-10,Green Bay Packers,GB,28,5-8,False,47,9,Soldier Field,Chicago,False,FOX
2022,13,401437877,2022-12-04T18:00Z,STATUS_FINAL,Detroit Lions,DET,40,5-7,Jacksonville Jaguars,JAX,14,4-8,True,54,26,Ford Field,Detroit,False,FOX
2022,13,401437879,2022-12-04T18:00Z,STATUS_FINAL,Minnesota Vikings,MIN,27,10-2,New York Jets,NYJ,22,7-5,True,49,5,U.S. Bank Stadium,Minneapolis,False,CBS
2022,13,401437880,2022-12-04T18:00Z,STATUS_FINAL,New York Giants,NYG,20,7-4-1,Washington Commanders,WSH,20,7-5-1,False,40,0,MetLife Stadium,East Rutherford,False,FOX
2022,13,401437881,2022-12-04T18:00Z,STATUS_FINAL,Philadelphia Eagles,PHI,35,11-1,Tennessee Titans,TEN,10,7-5,True,45,25,Lincoln Financial Field,Philadelphia,False,FOX
2022,13,401437875,2022-12-04T18:00Z,STATUS_FINAL,Baltimore Ravens,BAL,10,8-4,Denver Broncos,DEN,9,3-9,True,19,1,M&T Bank Stadium,Baltimore,False,CBS
2022,13,401437878,2022-12-04T18:00Z,STATUS_FINAL,Houston Texans,HOU,14,1-10-1,Cleveland Browns,CLE,27,5-7,False,41,13,NRG Stadium,Houston,False,CBS
2022,13,401437882,2022-12-04T21:05Z,STATUS_FINAL,Los Angeles Rams,LAR,23,3-9,Seattle Seahawks,SEA,27,7-5,False,50,4,SoFi Stadium,Inglewood,False,FOX
2022,13,401437883,2022-12-04T21:05Z,STATUS_FINAL,San Francisco 49ers,SF,33,8-4,Miami Dolphins,MIA,17,8-4,True,50,16,Levi's Stadium,Santa Clara,False,FOX
2022,13,401437884,2022-12-04T21:25Z,STATUS_FINAL,Cincinnati Bengals,CIN,27,8-4,Kansas City Chiefs,KC,24,9-3,True,51,3,Paycor Stadium,Cincinnati,False,CBS
2022,13,401437885,2022-12-04T21:25Z,STATUS_FINAL,Las Vegas Raiders,LV,27,5-7,Los Angeles Chargers,LAC,20,6-6,True,47,7,Allegiant Stadium,Las Vegas,False,CBS
2022,13,401437886,2022-12-05T01:20Z,STATUS_FINAL,Dallas Cowboys,DAL,54,9-3,Indianapolis Colts,IND,19,4-8-1,True,73,35,AT&T Stadium,Arlington,False,NBC
2022,13,401437887,2022-12-06T01:15Z,STATUS_FINAL,Tampa Bay Buccaneers,TB,17,6-6,New Orleans Saints,NO,16,4-9,True,33,1,Raymond James Stadium,Tampa,False,ESPN
2022,14,401437888,2022-12-09T01:15Z,STATUS_FINAL,Los Angeles Rams,LAR,17,4-9,Las Vegas Raiders,LV,16,5-8,True,33,1,SoFi Stadium,Inglewood,False,Prime Video
2022,14,401437889,2022-12-11T18:00Z,STATUS_FINAL,Buffalo Bills,BUF,20,10-3,New York Jets,NYJ,12,7-6,True,32,8,Highmark Stadium,Orchard Park,False,CBS
2022,14,401437890,2022-12-11T18:00Z,STATUS_FINAL,Cincinnati Bengals,CIN,23,9-4,Cleveland Browns,CLE,10,5-8,True,33,13,Paycor Stadium,Cincinnati,False,CBS
2022,14,401437891,2022-12-11T18:00Z,STATUS_FINAL,Dallas Cowboys,DAL,27,10-3,Houston Texans,HOU,23,1-11-1,True,50,4,AT&T Stadium,Arlington,False,FOX
2022,14,401437892,2022-12-11T18:00Z,STATUS_FINAL,Detroit Lions,DET,34,6-7,Minnesota Vikings,MIN,23,10-3,True,57,11,Ford Field,Detroit,False,FOX
2022,14,401437895,2022-12-11T18:00Z,STATUS_FINAL,Tennessee Titans,TEN,22,7-6,Jacksonville Jaguars,JAX,36,5-8,False,58,14,Nissan Stadium,Nashville,False,CBS
2022,14,401437893,2022-12-11T18:00Z,STATUS_FINAL,New York Giants,NYG,22,7-5-1,Philadelphia Eagles,PHI,48,12-1,False,70,26,MetLife Stadium,East Rutherford,False,FOX
2022,14,401437894,2022-12-11T18:00Z,STATUS_FINAL,Pittsburgh Steelers,PIT,14,5-8,Baltimore Ravens,BAL,16,9-4,False,30,2,Acrisure Stadium,Pittsburgh,False,CBS
2022,14,401437899,2022-12-11T21:05Z,STATUS_FINAL,Denver Broncos,DEN,28,3-10,Kansas City Chiefs,KC,34,10-3,False,62,6,Empower Field at Mile High,Denver,False,CBS
2022,14,401437897,2022-12-11T21:25Z,STATUS_FINAL,San Francisco 49ers,SF,35,9-4,Tampa Bay Buccaneers,TB,7,6-7,True,42,28,Levi's Stadium,Santa Clara,False,FOX
2022,14,401437898,2022-12-11T21:25Z,STATUS_FINAL,Seattle Seahawks,SEA,24,7-6,Carolina Panthers,CAR,30,5-8,False,54,6,Lumen Field,Seattle,False,FOX
2022,14,401437896,2022-12-12T01:20Z,STATUS_FINAL,Los Angeles Chargers,LAC,23,7-6,Miami Dolphins,MIA,17,8-5,True,40,6,SoFi Stadium,Inglewood,False,NBC
2022,14,401437900,2022-12-13T01:15Z,STATUS_FINAL,Arizona Cardinals,ARI,13,4-9,New England Patriots,NE,27,7-6,False,40,14,State Farm Stadium,Glendale,False,ESPN
2022,15,401437901,2022-12-16T01:15Z,STATUS_FINAL,Seattle Seahawks,SEA,13,7-7,San Francisco 49ers,SF,21,10-4,False,34,8,Lumen Field,Seattle,False,Prime Video
2022,15,401437904,2022-12-17T18:00Z,STATUS_FINAL,Minnesota Vikings,MIN,39,11-3,Indianapolis Colts,IND,36,4-9-1,True,75,3,U.S. Bank Stadium,Minneapolis,False,NFL Net
2022,15,401437903,2022-12-17T21:40Z,STATUS_FINAL,Cleveland Browns,CLE,13,6-8,Baltimore Ravens,BAL,3,9-5,True,16,10,Huntington Bank Field,Cleveland,False,NFL Net
2022,15,401437902,2022-12-18T01:15Z,STATUS_FINAL,Buffalo Bills,BUF,32,11-3,Miami Dolphins,MIA,29,8-6,True,61,3,Highmark Stadium,Orchard Park,False,NFL Net
2022,15,401437908,2022-12-18T18:00Z,STATUS_FINAL,Chicago Bears,CHI,20,3-11,Philadelphia Eagles,PHI,25,13-1,False,45,5,Soldier Field,Chicago,False,FOX
2022,15,401437905,2022-12-18T18:00Z,STATUS_FINAL,New Orleans Saints,NO,21,5-9,Atlanta Falcons,ATL,18,5-9,True,39,3,Caesars Superdome,New Orleans,False,FOX
2022,15,401437911,2022-12-18T18:00Z,STATUS_FINAL,New York Jets,NYJ,17,7-7,Detroit Lions,DET,20,7-7,False,37,3,MetLife Stadium,East Rutherford,False,CBS
2022,15,401437907,2022-12-18T18:00Z,STATUS_FINAL,Carolina Panthers,CAR,16,5-9,Pittsburgh Steelers,PIT,24,6-8,False,40,8,Bank of America Stadium,Charlotte,False,CBS
2022,15,401437910,2022-12-18T18:00Z,STATUS_FINAL,Jacksonville Jaguars,JAX,40,6-8,Dallas Cowboys,DAL,34,10-4,True,74,6,EverBank Stadium,Jacksonville,False,FOX
2022,15,401437909,2022-12-18T18:00Z,STATUS_FINAL,Houston Texans,HOU,24,1-12-1,Kansas City Chiefs,KC,30,11-3,False,54,6,NRG Stadium,Houston,False,CBS
2022,15,401437912,2022-12-18T21:05Z,STATUS_FINAL,Denver Broncos,DEN,24,4-10,Arizona Cardinals,ARI,15,4-10,True,39,9,Empower Field at Mile High,Denver,False,FOX
2022,15,401437915,2022-12-18T21:05Z,STATUS_FINAL,Las Vegas Raiders,LV,30,6-8,New England Patriots,NE,24,7-7,True,54,6,Allegiant Stadium,Las Vegas,False,FOX
2022,15,401437913,2022-12-18T21:25Z,STATUS_FINAL,Los Angeles Chargers,LAC,17,8-6,Tennessee Titans,TEN,14,7-7,True,31,3,SoFi Stadium,Inglewood,False,CBS
2022,15,401437914,2022-12-18T21:25Z,STATUS_FINAL,Tampa Bay Buccaneers,TB,23,6-8,Cincinnati Bengals,CIN,34,10-4,False,57,11,Raymond James Stadium,Tampa,False,CBS
2022,15,401437906,2022-12-19T01:20Z,STATUS_FINAL,Washington Commanders,WSH,12,7-6-1,New York Giants,NYG,20,8-5-1,False,32,8,Northwest Stadium,Landover,False,NBC
2022,15,401437916,2022-12-20T01:15Z,STATUS_FINAL,Green Bay Packers,GB,24,6-8,Los Angeles Rams,LAR,12,4-10,True,36,12,Lambeau Field,Green Bay,False,ESPN
2022,16,401437917,2022-12-23T01:15Z,STATUS_FINAL,New York Jets,NYJ,3,7-8,Jacksonville Jaguars,JAX,19,7-8,False,22,16,MetLife Stadium,East Rutherford,False,Prime Video
2022,16,401437920,2022-12-24T18:00Z,STATUS_FINAL,Chicago Bears,CHI,13,3-12,Buffalo Bills,BUF,35,12-3,False,48,22,Soldier Field,Chicago,False,CBS
2022,16,401437921,2022-12-24T18:00Z,STATUS_FINAL,Cleveland Browns,CLE,10,6-9,New Orleans Saints,NO,17,6-9,False,27,7,Huntington Bank Field,Cleveland,False,CBS
2022,16,401437922,2022-12-24T18:00Z,STATUS_FINAL,Kansas City Chiefs,KC,24,12-3,Seattle Seahawks,SEA,10,7-8,True,34,14,GEHA Field at Arrowhead Stadium,Kansas City,False,FOX
2022,16,401437923,2022-12-24T18:00Z,STATUS_FINAL,Minnesota Vikings,MIN,27,12-3,New York Giants,NYG,24,8-6-1,True,51,3,U.S. Bank Stadium,Minneapolis,False,FOX
2022,16,401437924,2022-12-24T18:00Z,STATUS_FINAL,New England Patriots,NE,18,7-8,Cincinnati Bengals,CIN,22,11-4,False,40,4,Gillette Stadium,Foxborough,False,CBS
2022,16,401437919,2022-12-24T18:00Z,STATUS_FINAL,Carolina Panthers,CAR,37,6-9,Detroit Lions,DET,23,7-8,True,60,14,Bank of America Stadium,Charlotte,False,FOX
2022,16,401437918,2022-12-24T18:00Z,STATUS_FINAL,Baltimore Ravens,BAL,17,10-5,Atlanta Falcons,ATL,9,5-10,True,26,8,M&T Bank Stadium,Baltimore,False,FOX
2022,16,401437925,2022-12-24T19:00Z,STATUS_FINAL,Tennessee Titans,TEN,14,7-8,Houston Texans,HOU,19,2-12-1,False,33,5,Nissan Stadium,Nashville,False,CBS
2022,16,401437926,2022-12-24T21:05Z,STATUS_FINAL,San Francisco 49ers,SF,37,11-4,Washington Commanders,WSH,20,7-7-1,True,57,17,Levi's Stadium,Santa Clara,False,CBS
2022,16,401437927,2022-12-24T21:25Z,STATUS_FINAL,Dallas Cowboys,DAL,40,11-4,Philadelphia Eagles,PHI,34,13-2,True,74,6,AT&T Stadium,Arlington,False,FOX
2022,16,401437928,2022-12-25T01:15Z,STATUS_FINAL,Pittsburgh Steelers,PIT,13,7-8,Las Vegas Raiders,LV,10,6-9,True,23,3,Acrisure Stadium,Pittsburgh,False,NFL Net
2022,16,401437929,2022-12-25T18:00Z,STATUS_FINAL,Miami Dolphins,MIA,20,8-7,Green Bay Packers,GB,26,7-8,False,46,6,Hard Rock Stadium,Miami Gardens,False,FOX
2022,16,401436983,2022-12-25T21:30Z,STATUS_FINAL,Los Angeles Rams,LAR,51,5-10,Denver Broncos,DEN,14,4-11,True,65,37,SoFi Stadium,Inglewood,False,CBS
2022,16,401437930,2022-12-26T01:20Z,STATUS_FINAL,Arizona Cardinals,ARI,16,4-11,Tampa Bay Buccaneers,TB,19,7-8,False,35,3,State Farm Stadium,Glendale,False,NBC
2022,16,401437931,2022-12-27T01:15Z,STATUS_FINAL,Indianapolis Colts,IND,3,4-10-1,Los Angeles Chargers,LAC,20,9-6,False,23,17,Lucas Oil Stadium,Indianapolis,False,ESPN
2022,17,401437932,2022-12-30T01:15Z,STATUS_FINAL,Tennessee Titans,TEN,13,7-9,Dallas Cowboys,DAL,27,12-4,False,40,14,Nissan Stadium,Nashville,False,Prime Video
2022,17,401437933,2023-01-01T18:00Z,STATUS_FINAL,Atlanta Falcons,ATL,20,6-10,Arizona Cardinals,ARI,19,4-12,True,39,1,Mercedes-Benz Stadium,Atlanta,False,FOX
2022,17,401437935,2023-01-01T18:00Z,STATUS_FINAL,Detroit Lions,DET,41,8-8,Chicago Bears,CHI,10,3-13,True,51,31,Ford Field,Detroit,False,FOX
2022,17,401437937,2023-01-01T18:00Z,STATUS_FINAL,Kansas City Chiefs,KC,27,13-3,Denver Broncos,DEN,24,4-12,True,51,3,GEHA Field at Arrowhead Stadium,Kansas City,False,CBS
2022,17,401437938,2023-01-01T18:00Z,STATUS_FINAL,New England Patriots,NE,23,8-8,Miami Dolphins,MIA,21,8-8,True,44,2,Gillette Stadium,Foxborough,False,CBS
2022,17,401437939,2023-01-01T18:00Z,STATUS_FINAL,New York Giants,NYG,38,9-6-1,Indianapolis Colts,IND,10,4-11-1,True,48,28,MetLife Stadium,East Rutherford,False,CBS
2022,17,401437940,2023-01-01T18:00Z,STATUS_FINAL,Philadelphia Eagles,PHI,10,13-3,New Orleans Saints,NO,20,7-9,False,30,10,Lincoln Financial Field,Philadelphia,False,FOX
2022,17,401437941,2023-01-01T18:00Z,STATUS_FINAL,Tampa Bay Buccaneers,TB,30,8-8,Carolina Panthers,CAR,24,6-10,True,54,6,Raymond James Stadium,Tampa,False,FOX
2022,17,401437942,2023-01-01T18:00Z,STATUS_FINAL,Washington Commanders,WSH,10,7-8-1,Cleveland Browns,CLE,24,7-9,False,34,14,Northwest Stadium,Landover,False,FOX
2022,17,401437936,2023-01-01T18:00Z,STATUS_FINAL,Houston Texans,HOU,3,2-13-1,Jacksonville Jaguars,JAX,31,8-8,False,34,28,NRG Stadium,Houston,False,CBS
2022,17,401437943,2023-01-01T21:05Z,STATUS_FINAL,Las Vegas Raiders,LV,34,6-10,San Francisco 49ers,SF,37,12-4,False,71,3,Allegiant Stadium,Las Vegas,False,FOX
2022,17,401437944,2023-01-01T21:05Z,STATUS_FINAL,Seattle Seahawks,SEA,23,8-8,New York Jets,NYJ,6,7-9,True,29,17,Lumen Field,Seattle,False,FOX
2022,17,401437945,2023-01-01T21:25Z,STATUS_FINAL,Green Bay Packers,GB,41,8-8,Minnesota Vikings,MIN,17,12-4,True,58,24,Lambeau Field,Green Bay,False,CBS
2022,17,401437946,2023-01-01T21:25Z,STATUS_FINAL,Los Angeles Chargers,LAC,31,10-6,Los Angeles Rams,LAR,10,5-11,True,41,21,SoFi Stadium,Inglewood,False,CBS
2022,17,401437934,2023-01-02T01:20Z,STATUS_FINAL,Baltimore Ravens,BAL,13,10-6,Pittsburgh Steelers,PIT,16,8-8,False,29,3,M&T Bank Stadium,Baltimore,False,NBC
2022,17,401437947,2023-01-03T01:30Z,STATUS_CANCELED,Cincinnati Bengals,CIN,0,12-4,Buffalo Bills,BUF,0,13-3,False,0,0,Paycor Stadium,Cincinnati,False,N/A
2022,18,401437961,2023-01-07T21:30Z,STATUS_FINAL,Las Vegas Raiders,LV,13,6-11,Kansas City Chiefs,KC,31,14-3,False,44,18,Allegiant Stadium,Las Vegas,False,ESPN
2022,18,401437954,2023-01-08T01:15Z,STATUS_FINAL,Jacksonville Jaguars,JAX,20,9-8,Tennessee Titans,TEN,16,7-10,True,36,4,EverBank Stadium,Jacksonville,False,ESPN
2022,18,401437948,2023-01-08T18:00Z,STATUS_FINAL,Atlanta Falcons,ATL,30,7-10,Tampa Bay Buccaneers,TB,17,8-9,True,47,13,Mercedes-Benz Stadium,Atlanta,False,FOX
2022,18,401437949,2023-01-08T18:00Z,STATUS_FINAL,Buffalo Bills,BUF,35,13-3,New England Patriots,NE,23,8-9,True,58,12,Highmark Stadium,Orchard Park,False,CBS
2022,18,401437950,2023-01-08T18:00Z,STATUS_FINAL,Chicago Bears,CHI,13,3-14,Minnesota Vikings,MIN,29,13-4,False,42,16,Soldier Field,Chicago,False,FOX
2022,18,401437951,2023-01-08T18:00Z,STATUS_FINAL,Cincinnati Bengals,CIN,27,12-4,Baltimore Ravens,BAL,16,10-7,True,43,11,Paycor Stadium,Cincinnati,False,CBS
2022,18,401437953,2023-01-08T18:00Z,STATUS_FINAL,Indianapolis Colts,IND,31,4-12-1,Houston Texans,HOU,32,3-13-1,False,63,1,Lucas Oil Stadium,Indianapolis,False,CBS
2022,18,401437955,2023-01-08T18:00Z,STATUS_FINAL,Miami Dolphins,MIA,11,9-8,New York Jets,NYJ,6,7-10,True,17,5,Hard Rock Stadium,Miami Gardens,False,FOX
2022,18,401437956,2023-01-08T18:00Z,STATUS_FINAL,New Orleans Saints,NO,7,7-10,Carolina Panthers,CAR,10,7-10,False,17,3,Caesars Superdome,New Orleans,False,FOX
2022,18,401437958,2023-01-08T18:00Z,STATUS_FINAL,Pittsburgh Steelers,PIT,28,9-8,Cleveland Browns,CLE,14,7-10,True,42,14,Acrisure Stadium,Pittsburgh,False,CBS
2022,18,401437960,2023-01-08T21:25Z,STATUS_FINAL,Denver Broncos,DEN,31,5-12,Los Angeles Chargers,LAC,28,10-7,True,59,3,Empower Field at Mile High,Denver,False,CBS
2022,18,401437957,2023-01-08T21:25Z,STATUS_FINAL,Philadelphia Eagles,PHI,22,14-3,New York Giants,NYG,16,9-7-1,True,38,6,Lincoln Financial Field,Philadelphia,False,CBS
2022,18,401437962,2023-01-08T21:25Z,STATUS_FINAL,San Francisco 49ers,SF,38,13-4,Arizona Cardinals,ARI,13,4-13,True,51,25,Levi's Stadium,Santa Clara,False,FOX
2022,18,401437963,2023-01-08T21:25Z,STATUS_FINAL,Seattle Seahawks,SEA,19,9-8,Los Angeles Rams,LAR,16,5-12,True,35,3,Lumen Field,Seattle,False,FOX
2022,18,401437959,2023-01-08T21:25Z,STATUS_FINAL,Washington Commanders,WSH,26,8-8-1,Dallas Cowboys,DAL,6,12-5,True,32,20,Northwest Stadium,Landover,False,FOX
2022,18,401437952,2023-01-09T01:20Z,STATUS_FINAL,Green Bay Packers,GB,16,8-9,Detroit Lions,DET,20,9-8,False,36,4,Lambeau Field,Green Bay,False,NBC
2023,1,401547353,2023-09-08T00:20Z,STATUS_FINAL,Kansas City Chiefs,KC,20,0-1,Detroit Lions,DET,21,1-0,False,41,1,GEHA Field at Arrowhead Stadium,Kansas City,False,NBC
2023,1,401547403,2023-09-10T17:00Z,STATUS_FINAL,Atlanta Falcons,ATL,24,1-0,Carolina Panthers,CAR,10,0-1,True,34,14,Mercedes-Benz Stadium,Atlanta,False,FOX
2023,1,401547397,2023-09-10T17:00Z,STATUS_FINAL,Cleveland Browns,CLE,24,1-0,Cincinnati Bengals,CIN,3,0-1,True,27,21,Huntington Bank Field,Cleveland,False,CBS
2023,1,401547404,2023-09-10T17:00Z,STATUS_FINAL,Indianapolis Colts,IND,21,0-1,Jacksonville Jaguars,JAX,31,1-0,False,52,10,Lucas Oil Stadium,Indianapolis,False,FOX
2023,1,401547398,2023-09-10T17:00Z,STATUS_FINAL,Minnesota Vikings,MIN,17,0-1,Tampa Bay Buccaneers,TB,20,1-0,False,37,3,U.S. Bank Stadium,Minneapolis,False,CBS
2023,1,401547399,2023-09-10T17:00Z,STATUS_FINAL,New Orleans Saints,NO,16,1-0,Tennessee Titans,TEN,15,0-1,True,31,1,Caesars Superdome,New Orleans,False,CBS
2023,1,401547405,2023-09-10T17:00Z,STATUS_FINAL,Pittsburgh Steelers,PIT,7,0-1,San Francisco 49ers,SF,30,1-0,False,37,23,Acrisure Stadium,Pittsburgh,False,FOX
2023,1,401547406,2023-09-10T17:00Z,STATUS_FINAL,Washington Commanders,WSH,20,1-0,Arizona Cardinals,ARI,16,0-1,True,36,4,Northwest Stadium,Landover,False,FOX
2023,1,401547396,2023-09-10T17:00Z,STATUS_FINAL,Baltimore Ravens,BAL,25,1-0,Houston Texans,HOU,9,0-1,True,34,16,M&T Bank Stadium,Baltimore,False,CBS
2023,1,401547407,2023-09-10T20:25Z,STATUS_FINAL,Chicago Bears,CHI,20,0-1,Green Bay Packers,GB,38,1-0,False,58,18,Soldier Field,Chicago,False,FOX
2023,1,401547400,2023-09-10T20:25Z,STATUS_FINAL,Denver Broncos,DEN,16,0-1,Las Vegas Raiders,LV,17,1-0,False,33,1,Empower Field at Mile High,Denver,False,CBS
2023,1,401547402,2023-09-10T20:25Z,STATUS_FINAL,New England Patriots,NE,20,0-1,Philadelphia Eagles,PHI,25,1-0,False,45,5,Gillette Stadium,Foxborough,False,CBS
2023,1,401547401,2023-09-10T20:25Z,STATUS_FINAL,Los Angeles Chargers,LAC,34,0-1,Miami Dolphins,MIA,36,1-0,False,70,2,SoFi Stadium,Inglewood,False,CBS
2023,1,401547408,2023-09-10T20:25Z,STATUS_FINAL,Seattle Seahawks,SEA,13,0-1,Los Angeles Rams,LAR,30,1-0,False,43,17,Lumen Field,Seattle,False,FOX
2023,1,401547409,2023-09-11T00:20Z,STATUS_FINAL,New York Giants,NYG,0,0-1,Dallas Cowboys,DAL,40,1-0,False,40,40,MetLife Stadium,East Rutherford,False,NBC
2023,1,401547352,2023-09-12T00:15Z,STATUS_FINAL,New York Jets,NYJ,22,1-0,Buffalo Bills,BUF,16,0-1,True,38,6,MetLife Stadium,East Rutherford,False,ESPN
2023,2,401547410,2023-09-15T00:15Z,STATUS_FINAL,Philadelphia Eagles,PHI,34,2-0,Minnesota Vikings,MIN,28,0-2,True,62,6,Lincoln Financial Field,Philadelphia,False,Prime Video
2023,2,401547417,2023-09-17T17:00Z,STATUS_FINAL,Atlanta Falcons,ATL,25,2-0,Green Bay Packers,GB,24,1-1,True,49,1,Mercedes-Benz Stadium,Atlanta,False,FOX
2023,2,401547411,2023-09-17T17:00Z,STATUS_FINAL,Buffalo Bills,BUF,38,1-1,Las Vegas Raiders,LV,10,1-1,True,48,28,Highmark Stadium,Orchard Park,False,CBS
2023,2,401547412,2023-09-17T17:00Z,STATUS_FINAL,Cincinnati Bengals,CIN,24,0-2,Baltimore Ravens,BAL,27,2-0,False,51,3,Paycor Stadium,Cincinnati,False,CBS
2023,2,401547418,2023-09-17T17:00Z,STATUS_FINAL,Detroit Lions,DET,31,1-1,Seattle Seahawks,SEA,37,1-1,False,68,6,Ford Field,Detroit,False,FOX
2023,2,401547414,2023-09-17T17:00Z,STATUS_FINAL,Tennessee Titans,TEN,27,1-1,Los Angeles Chargers,LAC,24,0-2,True,51,3,Nissan Stadium,Nashville,False,CBS
2023,2,401547420,2023-09-17T17:00Z,STATUS_FINAL,Tampa Bay Buccaneers,TB,27,2-0,Chicago Bears,CHI,17,0-2,True,44,10,Raymond James Stadium,Tampa,False,FOX
2023,2,401547413,2023-09-17T17:00Z,STATUS_FINAL,Jacksonville Jaguars,JAX,9,1-1,Kansas City Chiefs,KC,17,1-1,False,26,8,EverBank Stadium,Jacksonville,False,CBS
2023,2,401547419,2023-09-17T17:00Z,STATUS_FINAL,Houston Texans,HOU,20,0-2,Indianapolis Colts,IND,31,1-1,False,51,11,NRG Stadium,Houston,False,FOX
2023,2,401547422,2023-09-17T20:05Z,STATUS_FINAL,Los Angeles Rams,LAR,23,1-1,San Francisco 49ers,SF,30,2-0,False,53,7,SoFi Stadium,Inglewood,False,FOX
2023,2,401547421,2023-09-17T20:05Z,STATUS_FINAL,Arizona Cardinals,ARI,28,0-2,New York Giants,NYG,31,1-1,False,59,3,State Farm Stadium,Glendale,False,FOX
2023,2,401547415,2023-09-17T20:25Z,STATUS_FINAL,Dallas Cowboys,DAL,30,2-0,New York Jets,NYJ,10,1-1,True,40,20,AT&T Stadium,Arlington,False,CBS
2023,2,401547416,2023-09-17T20:25Z,STATUS_FINAL,Denver Broncos,DEN,33,0-2,Washington Commanders,WSH,35,2-0,False,68,2,Empower Field at Mile High,Denver,False,CBS
2023,2,401547423,2023-09-18T00:20Z,STATUS_FINAL,New England Patriots,NE,17,0-2,Miami Dolphins,MIA,24,2-0,False,41,7,Gillette Stadium,Foxborough,False,NBC
2023,2,401547425,2023-09-18T23:15Z,STATUS_FINAL,Carolina Panthers,CAR,17,0-2,New Orleans Saints,NO,20,2-0,False,37,3,Bank of America Stadium,Charlotte,False,ESPN
2023,2,401547424,2023-09-19T00:15Z,STATUS_FINAL,Pittsburgh Steelers,PIT,26,1-1,Cleveland Browns,CLE,22,1-1,True,48,4,Acrisure Stadium,Pittsburgh,False,ABC
2023,3,401547426,2023-09-22T00:15Z,STATUS_FINAL,San Francisco 49ers,SF,30,3-0,New York Giants,NYG,12,1-2,True,42,18,Levi's Stadium,Santa Clara,False,Prime Video
2023,3,401547428,2023-09-24T17:00Z,STATUS_FINAL,Cleveland Browns,CLE,27,2-1,Tennessee Titans,TEN,3,1-2,True,30,24,Huntington Bank Field,Cleveland,False,CBS
2023,3,401547433,2023-09-24T17:00Z,STATUS_FINAL,Detroit Lions,DET,20,2-1,Atlanta Falcons,ATL,6,2-1,True,26,14,Ford Field,Detroit,False,FOX
2023,3,401547434,2023-09-24T17:00Z,STATUS_FINAL,Green Bay Packers,GB,18,2-1,New Orleans Saints,NO,17,2-1,True,35,1,Lambeau Field,Green Bay,False,FOX
2023,3,401547429,2023-09-24T17:00Z,STATUS_FINAL,Miami Dolphins,MIA,70,3-0,Denver Broncos,DEN,20,0-3,True,90,50,Hard Rock Stadium,Miami Gardens,False,CBS
2023,3,401547436,2023-09-24T17:00Z,STATUS_FINAL,Minnesota Vikings,MIN,24,0-3,Los Angeles Chargers,LAC,28,1-2,False,52,4,U.S. Bank Stadium,Minneapolis,False,FOX
2023,3,401547430,2023-09-24T17:00Z,STATUS_FINAL,New York Jets,NYJ,10,1-2,New England Patriots,NE,15,1-2,False,25,5,MetLife Stadium,East Rutherford,False,CBS
2023,3,401547431,2023-09-24T17:00Z,STATUS_FINAL,Washington Commanders,WSH,3,2-1,Buffalo Bills,BUF,37,2-1,False,40,34,Northwest Stadium,Landover,False,CBS
2023,3,401547435,2023-09-24T17:00Z,STATUS_FINAL,Jacksonville Jaguars,JAX,17,1-2,Houston Texans,HOU,37,1-2,False,54,20,EverBank Stadium,Jacksonville,False,FOX
2023,3,401547427,2023-09-24T17:00Z,STATUS_FINAL,Baltimore Ravens,BAL,19,2-1,Indianapolis Colts,IND,22,2-1,False,41,3,M&T Bank Stadium,Baltimore,False,CBS
2023,3,401547432,2023-09-24T20:05Z,STATUS_FINAL,Seattle Seahawks,SEA,37,2-1,Carolina Panthers,CAR,27,0-3,True,64,10,Lumen Field,Seattle,False,CBS
2023,3,401547438,2023-09-24T20:25Z,STATUS_FINAL,Kansas City Chiefs,KC,41,2-1,Chicago Bears,CHI,10,0-3,True,51,31,GEHA Field at Arrowhead Stadium,Kansas City,False,FOX
2023,3,401547437,2023-09-24T20:25Z,STATUS_FINAL,Arizona Cardinals,ARI,28,1-2,Dallas Cowboys,DAL,16,2-1,True,44,12,State Farm Stadium,Glendale,False,FOX
2023,3,401547439,2023-09-25T00:20Z,STATUS_FINAL,Las Vegas Raiders,LV,18,1-2,Pittsburgh Steelers,PIT,23,2-1,False,41,5,Allegiant Stadium,Las Vegas,False,NBC
2023,3,401547440,2023-09-25T23:15Z,STATUS_FINAL,Tampa Bay Buccaneers,TB,11,2-1,Philadelphia Eagles,PHI,25,3-0,False,36,14,Raymond James Stadium,Tampa,False,ABC
2023,3,401547441,2023-09-26T00:15Z,STATUS_FINAL,Cincinnati Bengals,CIN,19,1-2,Los Angeles Rams,LAR,16,1-2,True,35,3,Paycor Stadium,Cincinnati,False,ESPN
2023,4,401547442,2023-09-29T00:15Z,STATUS_FINAL,Green Bay Packers,GB,20,2-2,Detroit Lions,DET,34,3-1,False,54,14,Lambeau Field,Green Bay,False,Prime Video
2023,4,401547227,2023-10-01T13:30Z,STATUS_FINAL,Jacksonville Jaguars,JAX,23,2-2,Atlanta Falcons,ATL,7,2-2,True,30,16,Wembley Stadium,London,True,ESPN+
2023,4,401547443,2023-10-01T17:00Z,STATUS_FINAL,Buffalo Bills,BUF,48,3-1,Miami Dolphins,MIA,20,3-1,True,68,28,Highmark Stadium,Orchard Park,False,CBS
2023,4,401547444,2023-10-01T17:00Z,STATUS_FINAL,Chicago Bears,CHI,28,0-4,Denver Broncos,DEN,31,1-3,False,59,3,Soldier Field,Chicago,False,CBS
2023,4,401547445,2023-10-01T17:00Z,STATUS_FINAL,Cleveland Browns,CLE,3,2-2,Baltimore Ravens,BAL,28,3-1,False,31,25,Huntington Bank Field,Cleveland,False,CBS
2023,4,401547452,2023-10-01T17:00Z,STATUS_FINAL,Tennessee Titans,TEN,27,2-2,Cincinnati Bengals,CIN,3,1-3,True,30,24,Nissan Stadium,Nashville,False,FOX
2023,4,401547449,2023-10-01T17:00Z,STATUS_FINAL,Indianapolis Colts,IND,23,2-2,Los Angeles Rams,LAR,29,2-2,False,52,6,Lucas Oil Stadium,Indianapolis,False,FOX
2023,4,401547450,2023-10-01T17:00Z,STATUS_FINAL,New Orleans Saints,NO,9,2-2,Tampa Bay Buccaneers,TB,26,3-1,False,35,17,Caesars Superdome,New Orleans,False,FOX
2023,4,401547451,2023-10-01T17:00Z,STATUS_FINAL,Philadelphia Eagles,PHI,34,4-0,Washington Commanders,WSH,31,2-2,True,65,3,Lincoln Financial Field,Philadelphia,False,FOX
2023,4,401547448,2023-10-01T17:00Z,STATUS_FINAL,Carolina Panthers,CAR,13,0-4,Minnesota Vikings,MIN,21,1-3,False,34,8,Bank of America Stadium,Charlotte,False,FOX
2023,4,401547446,2023-10-01T17:00Z,STATUS_FINAL,Houston Texans,HOU,30,2-2,Pittsburgh Steelers,PIT,6,2-2,True,36,24,NRG Stadium,Houston,False,CBS
2023,4,401547447,2023-10-01T20:05Z,STATUS_FINAL,Los Angeles Chargers,LAC,24,2-2,Las Vegas Raiders,LV,17,1-3,True,41,7,SoFi Stadium,Inglewood,False,CBS
2023,4,401547453,2023-10-01T20:25Z,STATUS_FINAL,Dallas Cowboys,DAL,38,3-1,New England Patriots,NE,3,1-3,True,41,35,AT&T Stadium,Arlington,False,FOX
2023,4,401547454,2023-10-01T20:25Z,STATUS_FINAL,San Francisco 49ers,SF,35,4-0,Arizona Cardinals,ARI,16,1-3,True,51,19,Levi's Stadium,Santa Clara,False,FOX
2023,4,401547455,2023-10-02T00:20Z,STATUS_FINAL,New York Jets,NYJ,20,1-3,Kansas City Chiefs,KC,23,3-1,False,43,3,MetLife Stadium,East Rutherford,False,NBC
2023,4,401547456,2023-10-03T00:15Z,STATUS_FINAL,New York Giants,NYG,3,1-3,Seattle Seahawks,SEA,24,3-1,False,27,21,MetLife Stadium,East Rutherford,False,ABC
2023,5,401547457,2023-10-06T00:15Z,STATUS_FINAL,Washington Commanders,WSH,20,2-3,Chicago Bears,CHI,40,1-4,False,60,20,Northwest Stadium,Landover,False,Prime Video
2023,5,401547228,2023-10-08T13:30Z,STATUS_FINAL,Buffalo Bills,BUF,20,3-2,Jacksonville Jaguars,JAX,25,3-2,False,45,5,Tottenham Hotspur Stadium,London,True,NFL Net
2023,5,401547463,2023-10-08T17:00Z,STATUS_FINAL,Atlanta Falcons,ATL,21,3-2,Houston Texans,HOU,19,2-3,True,40,2,Mercedes-Benz Stadium,Atlanta,False,FOX
2023,5,401547464,2023-10-08T17:00Z,STATUS_FINAL,Detroit Lions,DET,42,4-1,Carolina Panthers,CAR,24,0-5,True,66,18,Ford Field,Detroit,False,FOX
2023,5,401547458,2023-10-08T17:00Z,STATUS_FINAL,Indianapolis Colts,IND,23,3-2,Tennessee Titans,TEN,16,2-3,True,39,7,Lucas Oil Stadium,Indianapolis,False,CBS
2023,5,401547465,2023-10-08T17:00Z,STATUS_FINAL,Miami Dolphins,MIA,31,4-1,New York Giants,NYG,16,1-4,True,47,15,Hard Rock Stadium,Miami Gardens,False,FOX
2023,5,401547459,2023-10-08T17:00Z,STATUS_FINAL,New England Patriots,NE,0,1-4,New Orleans Saints,NO,34,3-2,False,34,34,Gillette Stadium,Foxborough,False,CBS
2023,5,401547460,2023-10-08T17:00Z,STATUS_FINAL,Pittsburgh Steelers,PIT,17,3-2,Baltimore Ravens,BAL,10,3-2,True,27,7,Acrisure Stadium,Pittsburgh,False,CBS
2023,5,401547467,2023-10-08T20:05Z,STATUS_FINAL,Los Angeles Rams,LAR,14,2-3,Philadelphia Eagles,PHI,23,5-0,False,37,9,SoFi Stadium,Inglewood,False,FOX
2023,5,401547466,2023-10-08T20:05Z,STATUS_FINAL,Arizona Cardinals,ARI,20,1-4,Cincinnati Bengals,CIN,34,2-3,False,54,14,State Farm Stadium,Glendale,False,FOX
2023,5,401547461,2023-10-08T20:25Z,STATUS_FINAL,Denver Broncos,DEN,21,1-4,New York Jets,NYJ,31,2-3,False,52,10,Empower Field at Mile High,Denver,False,CBS
2023,5,401547462,2023-10-08T20:25Z,STATUS_FINAL,Minnesota Vikings,MIN,20,1-4,Kansas City Chiefs,KC,27,4-1,False,47,7,U.S. Bank Stadium,Minneapolis,False,CBS
2023,5,401547354,2023-10-09T00:20Z,STATUS_FINAL,San Francisco 49ers,SF,42,5-0,Dallas Cowboys,DAL,10,3-2,True,52,32,Levi's Stadium,Santa Clara,False,NBC
2023,5,401547468,2023-10-10T00:15Z,STATUS_FINAL,Las Vegas Raiders,LV,17,2-3,Green Bay Packers,GB,13,2-3,True,30,4,Allegiant Stadium,Las Vegas,False,ABC
2023,6,401547469,2023-10-13T00:15Z,STATUS_FINAL,Kansas City Chiefs,KC,19,5-1,Denver Broncos,DEN,8,1-5,True,27,11,GEHA Field at Arrowhead Stadium,Kansas City,False,Prime Video
2023,6,401547229,2023-10-15T13:30Z,STATUS_FINAL,Tennessee Titans,TEN,16,2-4,Baltimore Ravens,BAL,24,4-2,False,40,8,Tottenham Hotspur Stadium,London,True,NFL Net
2023,6,401547470,2023-10-15T17:00Z,STATUS_FINAL,Atlanta Falcons,ATL,16,3-3,Washington Commanders,WSH,24,3-3,False,40,8,Mercedes-Benz Stadium,Atlanta,False,CBS
2023,6,401547475,2023-10-15T17:00Z,STATUS_FINAL,Chicago Bears,CHI,13,1-5,Minnesota Vikings,MIN,19,2-4,False,32,6,Soldier Field,Chicago,False,FOX
2023,6,401547471,2023-10-15T17:00Z,STATUS_FINAL,Cincinnati Bengals,CIN,17,3-3,Seattle Seahawks,SEA,13,3-2,True,30,4,Paycor Stadium,Cincinnati,False,CBS
2023,6,401547476,2023-10-15T17:00Z,STATUS_FINAL,Cleveland Browns,CLE,19,3-2,San Francisco 49ers,SF,17,5-1,True,36,2,Huntington Bank Field,Cleveland,False,FOX
2023,6,401547473,2023-10-15T17:00Z,STATUS_FINAL,Miami Dolphins,MIA,42,5-1,Carolina Panthers,CAR,21,0-6,True,63,21,Hard Rock Stadium,Miami Gardens,False,CBS
2023,6,401547472,2023-10-15T17:00Z,STATUS_FINAL,Jacksonville Jaguars,JAX,37,4-2,Indianapolis Colts,IND,20,3-3,True,57,17,EverBank Stadium,Jacksonville,False,CBS
2023,6,401547477,2023-10-15T17:00Z,STATUS_FINAL,Houston Texans,HOU,20,3-3,New Orleans Saints,NO,13,3-3,True,33,7,NRG Stadium,Houston,False,FOX
2023,6,401547474,2023-10-15T20:05Z,STATUS_FINAL,Las Vegas Raiders,LV,21,3-3,New England Patriots,NE,17,1-5,True,38,4,Allegiant Stadium,Las Vegas,False,CBS
2023,6,401547479,2023-10-15T20:25Z,STATUS_FINAL,Los Angeles Rams,LAR,26,3-3,Arizona Cardinals,ARI,9,1-5,True,35,17,SoFi Stadium,Inglewood,False,FOX
2023,6,401547480,2023-10-15T20:25Z,STATUS_FINAL,New York Jets,NYJ,20,3-3,Philadelphia Eagles,PHI,14,5-1,True,34,6,MetLife Stadium,East Rutherford,False,FOX
2023,6,401547478,2023-10-15T20:25Z,STATUS_FINAL,Tampa Bay Buccaneers,TB,6,3-2,Detroit Lions,DET,20,5-1,False,26,14,Raymond James Stadium,Tampa,False,FOX
2023,6,401547481,2023-10-16T00:20Z,STATUS_FINAL,Buffalo Bills,BUF,14,4-2,New York Giants,NYG,9,1-5,True,23,5,Highmark Stadium,Orchard Park,False,NBC
2023,6,401547482,2023-10-17T00:15Z,STATUS_FINAL,Los Angeles Chargers,LAC,17,2-3,Dallas Cowboys,DAL,20,4-2,False,37,3,SoFi Stadium,Inglewood,False,ABC
2023,7,401547483,2023-10-20T00:15Z,STATUS_FINAL,New Orleans Saints,NO,24,3-4,Jacksonville Jaguars,JAX,31,5-2,False,55,7,Caesars Superdome,New Orleans,False,Prime Video
2023,7,401547490,2023-10-22T17:00Z,STATUS_FINAL,Chicago Bears,CHI,30,2-5,Las Vegas Raiders,LV,12,3-4,True,42,18,Soldier Field,Chicago,False,FOX
2023,7,401547484,2023-10-22T17:00Z,STATUS_FINAL,Indianapolis Colts,IND,38,3-4,Cleveland Browns,CLE,39,4-2,False,77,1,Lucas Oil Stadium,Indianapolis,False,CBS
2023,7,401547485,2023-10-22T17:00Z,STATUS_FINAL,New England Patriots,NE,29,2-5,Buffalo Bills,BUF,25,4-3,True,54,4,Gillette Stadium,Foxborough,False,CBS
2023,7,401547486,2023-10-22T17:00Z,STATUS_FINAL,New York Giants,NYG,14,2-5,Washington Commanders,WSH,7,3-4,True,21,7,MetLife Stadium,East Rutherford,False,CBS
2023,7,401547491,2023-10-22T17:00Z,STATUS_FINAL,Tampa Bay Buccaneers,TB,13,3-3,Atlanta Falcons,ATL,16,4-3,False,29,3,Raymond James Stadium,Tampa,False,FOX
2023,7,401547489,2023-10-22T17:00Z,STATUS_FINAL,Baltimore Ravens,BAL,38,5-2,Detroit Lions,DET,6,5-2,True,44,32,M&T Bank Stadium,Baltimore,False,FOX
2023,7,401547492,2023-10-22T20:05Z,STATUS_FINAL,Los Angeles Rams,LAR,17,3-4,Pittsburgh Steelers,PIT,24,4-2,False,41,7,SoFi Stadium,Inglewood,False,FOX
2023,7,401547493,2023-10-22T20:05Z,STATUS_FINAL,Seattle Seahawks,SEA,20,4-2,Arizona Cardinals,ARI,10,1-6,True,30,10,Lumen Field,Seattle,False,FOX
2023,7,401547487,2023-10-22T20:25Z,STATUS_FINAL,Denver Broncos,DEN,19,2-5,Green Bay Packers,GB,17,2-4,True,36,2,Empower Field at Mile High,Denver,False,CBS
2023,7,401547488,2023-10-22T20:25Z,STATUS_FINAL,Kansas City Chiefs,KC,31,6-1,Los Angeles Chargers,LAC,17,2-4,True,48,14,GEHA Field at Arrowhead Stadium,Kansas City,False,CBS
2023,7,401547494,2023-10-23T00:20Z,STATUS_FINAL,Philadelphia Eagles,PHI,31,6-1,Miami Dolphins,MIA,17,5-2,True,48,14,Lincoln Financial Field,Philadelphia,False,NBC
2023,7,401547495,2023-10-24T00:15Z,STATUS_FINAL,Minnesota Vikings,MIN,22,3-4,San Francisco 49ers,SF,17,5-2,True,39,5,U.S. Bank Stadium,Minneapolis,False,ABC
2023,8,401547496,2023-10-27T00:15Z,STATUS_FINAL,Buffalo Bills,BUF,24,5-3,Tampa Bay Buccaneers,TB,18,3-4,True,42,6,Highmark Stadium,Orchard Park,False,Prime Video
2023,8,401547505,2023-10-29T17:00Z,STATUS_FINAL,Dallas Cowboys,DAL,43,5-2,Los Angeles Rams,LAR,20,3-5,True,63,23,AT&T Stadium,Arlington,False,FOX
2023,8,401547506,2023-10-29T17:00Z,STATUS_FINAL,Green Bay Packers,GB,10,2-5,Minnesota Vikings,MIN,24,4-4,False,34,14,Lambeau Field,Green Bay,False,FOX
2023,8,401547500,2023-10-29T17:00Z,STATUS_FINAL,Tennessee Titans,TEN,28,3-4,Atlanta Falcons,ATL,23,4-4,True,51,5,Nissan Stadium,Nashville,False,CBS
2023,8,401547507,2023-10-29T17:00Z,STATUS_FINAL,Indianapolis Colts,IND,27,3-5,New Orleans Saints,NO,38,4-4,False,65,11,Lucas Oil Stadium,Indianapolis,False,FOX
2023,8,401547497,2023-10-29T17:00Z,STATUS_FINAL,Miami Dolphins,MIA,31,6-2,New England Patriots,NE,17,2-6,True,48,14,Hard Rock Stadium,Miami Gardens,False,CBS
2023,8,401547498,2023-10-29T17:00Z,STATUS_FINAL,New York Giants,NYG,10,2-6,New York Jets,NYJ,13,4-3,False,23,3,MetLife Stadium,East Rutherford,False,CBS
2023,8,401547499,2023-10-29T17:00Z,STATUS_FINAL,Pittsburgh Steelers,PIT,10,4-3,Jacksonville Jaguars,JAX,20,6-2,False,30,10,Acrisure Stadium,Pittsburgh,False,CBS
2023,8,401547508,2023-10-29T17:00Z,STATUS_FINAL,Washington Commanders,WSH,31,3-5,Philadelphia Eagles,PHI,38,7-1,False,69,7,Northwest Stadium,Landover,False,FOX
2023,8,401547504,2023-10-29T17:00Z,STATUS_FINAL,Carolina Panthers,CAR,15,1-6,Houston Texans,HOU,13,3-4,True,28,2,Bank of America Stadium,Charlotte,False,FOX
2023,8,401547509,2023-10-29T20:05Z,STATUS_FINAL,Seattle Seahawks,SEA,24,5-2,Cleveland Browns,CLE,20,4-3,True,44,4,Lumen Field,Seattle,False,FOX
2023,8,401547502,2023-10-29T20:25Z,STATUS_FINAL,Denver Broncos,DEN,24,3-5,Kansas City Chiefs,KC,9,6-2,True,33,15,Empower Field at Mile High,Denver,False,CBS
2023,8,401547501,2023-10-29T20:25Z,STATUS_FINAL,Arizona Cardinals,ARI,24,1-7,Baltimore Ravens,BAL,31,6-2,False,55,7,State Farm Stadium,Glendale,False,CBS
2023,8,401547503,2023-10-29T20:25Z,STATUS_FINAL,San Francisco 49ers,SF,17,5-3,Cincinnati Bengals,CIN,31,4-3,False,48,14,Levi's Stadium,Santa Clara,False,CBS
2023,8,401547510,2023-10-30T00:20Z,STATUS_FINAL,Los Angeles Chargers,LAC,30,3-4,Chicago Bears,CHI,13,2-6,True,43,17,SoFi Stadium,Inglewood,False,NBC
2023,8,401547511,2023-10-31T00:15Z,STATUS_FINAL,Detroit Lions,DET,26,6-2,Las Vegas Raiders,LV,14,3-5,True,40,12,Ford Field,Detroit,False,ABC
2023,9,401547512,2023-11-03T00:15Z,STATUS_FINAL,Pittsburgh Steelers,PIT,20,5-3,Tennessee Titans,TEN,16,3-5,True,36,4,Acrisure Stadium,Pittsburgh,False,Prime Video
2023,9,401547230,2023-11-05T14:30Z,STATUS_FINAL,Kansas City Chiefs,KC,21,7-2,Miami Dolphins,MIA,14,6-3,True,35,7,Frankfurt Stadium,Frankfurt,True,NFL Net
2023,9,401547518,2023-11-05T18:00Z,STATUS_FINAL,Atlanta Falcons,ATL,28,4-5,Minnesota Vikings,MIN,31,5-4,False,59,3,Mercedes-Benz Stadium,Atlanta,False,FOX
2023,9,401547514,2023-11-05T18:00Z,STATUS_FINAL,Cleveland Browns,CLE,27,5-3,Arizona Cardinals,ARI,0,1-8,True,27,27,Huntington Bank Field,Cleveland,False,CBS
2023,9,401547519,2023-11-05T18:00Z,STATUS_FINAL,Green Bay Packers,GB,20,3-5,Los Angeles Rams,LAR,3,3-6,True,23,17,Lambeau Field,Green Bay,False,FOX
2023,9,401547520,2023-11-05T18:00Z,STATUS_FINAL,New England Patriots,NE,17,2-7,Washington Commanders,WSH,20,4-5,False,37,3,Gillette Stadium,Foxborough,False,FOX
2023,9,401547516,2023-11-05T18:00Z,STATUS_FINAL,New Orleans Saints,NO,24,5-4,Chicago Bears,CHI,17,2-7,True,41,7,Caesars Superdome,New Orleans,False,CBS
2023,9,401547513,2023-11-05T18:00Z,STATUS_FINAL,Baltimore Ravens,BAL,37,7-2,Seattle Seahawks,SEA,3,5-3,True,40,34,M&T Bank Stadium,Baltimore,False,CBS
2023,9,401547515,2023-11-05T18:00Z,STATUS_FINAL,Houston Texans,HOU,39,4-4,Tampa Bay Buccaneers,TB,37,3-5,True,76,2,NRG Stadium,Houston,False,CBS
2023,9,401547517,2023-11-05T21:05Z,STATUS_FINAL,Carolina Panthers,CAR,13,1-7,Indianapolis Colts,IND,27,4-5,False,40,14,Bank of America Stadium,Charlotte,False,CBS
2023,9,401547521,2023-11-05T21:25Z,STATUS_FINAL,Las Vegas Raiders,LV,30,4-5,New York Giants,NYG,6,2-7,True,36,24,Allegiant Stadium,Las Vegas,False,FOX
2023,9,401547522,2023-11-05T21:25Z,STATUS_FINAL,Philadelphia Eagles,PHI,28,8-1,Dallas Cowboys,DAL,23,5-3,True,51,5,Lincoln Financial Field,Philadelphia,False,FOX
2023,9,401547523,2023-11-06T01:20Z,STATUS_FINAL,Cincinnati Bengals,CIN,24,5-3,Buffalo Bills,BUF,18,5-4,True,42,6,Paycor Stadium,Cincinnati,False,NBC
2023,9,401547524,2023-11-07T01:15Z,STATUS_FINAL,New York Jets,NYJ,6,4-4,Los Angeles Chargers,LAC,27,4-4,False,33,21,MetLife Stadium,East Rutherford,False,ABC
2023,10,401547525,2023-11-10T01:15Z,STATUS_FINAL,Chicago Bears,CHI,16,3-7,Carolina Panthers,CAR,13,1-8,True,29,3,Soldier Field,Chicago,False,Prime Video
2023,10,401547231,2023-11-12T14:30Z,STATUS_FINAL,New England Patriots,NE,6,2-8,Indianapolis Colts,IND,10,5-5,False,16,4,Frankfurt Stadium,Frankfurt,True,NFL Net
2023,10,401547526,2023-11-12T18:00Z,STATUS_FINAL,Cincinnati Bengals,CIN,27,5-4,Houston Texans,HOU,30,5-4,False,57,3,Paycor Stadium,Cincinnati,False,CBS
2023,10,401547533,2023-11-12T18:00Z,STATUS_FINAL,Minnesota Vikings,MIN,27,6-4,New Orleans Saints,NO,19,5-5,True,46,8,U.S. Bank Stadium,Minneapolis,False,FOX
2023,10,401547527,2023-11-12T18:00Z,STATUS_FINAL,Pittsburgh Steelers,PIT,23,6-3,Green Bay Packers,GB,19,3-6,True,42,4,Acrisure Stadium,Pittsburgh,False,CBS
2023,10,401547528,2023-11-12T18:00Z,STATUS_FINAL,Tampa Bay Buccaneers,TB,20,4-5,Tennessee Titans,TEN,6,3-6,True,26,14,Raymond James Stadium,Tampa,False,CBS
2023,10,401547532,2023-11-12T18:00Z,STATUS_FINAL,Jacksonville Jaguars,JAX,3,6-3,San Francisco 49ers,SF,34,6-3,False,37,31,EverBank Stadium,Jacksonville,False,FOX
2023,10,401547531,2023-11-12T18:00Z,STATUS_FINAL,Baltimore Ravens,BAL,31,7-3,Cleveland Browns,CLE,33,6-3,False,64,2,M&T Bank Stadium,Baltimore,False,FOX
2023,10,401547529,2023-11-12T21:05Z,STATUS_FINAL,Arizona Cardinals,ARI,25,2-8,Atlanta Falcons,ATL,23,4-6,True,48,2,State Farm Stadium,Glendale,False,CBS
2023,10,401547530,2023-11-12T21:05Z,STATUS_FINAL,Los Angeles Chargers,LAC,38,4-5,Detroit Lions,DET,41,7-2,False,79,3,SoFi Stadium,Inglewood,False,CBS
2023,10,401547534,2023-11-12T21:25Z,STATUS_FINAL,Dallas Cowboys,DAL,49,6-3,New York Giants,NYG,17,2-8,True,66,32,AT&T Stadium,Arlington,False,FOX
2023,10,401547535,2023-11-12T21:25Z,STATUS_FINAL,Seattle Seahawks,SEA,29,6-3,Washington Commanders,WSH,26,4-6,True,55,3,Lumen Field,Seattle,False,FOX
2023,10,401547536,2023-11-13T01:20Z,STATUS_FINAL,Las Vegas Raiders,LV,16,5-5,New York Jets,NYJ,12,4-5,True,28,4,Allegiant Stadium,Las Vegas,False,NBC
2023,10,401547537,2023-11-14T01:15Z,STATUS_FINAL,Buffalo Bills,BUF,22,5-5,Denver Broncos,DEN,24,4-5,False,46,2,Highmark Stadium,Orchard Park,False,ABC
2023,11,401547538,2023-11-17T01:15Z,STATUS_FINAL,Baltimore Ravens,BAL,34,8-3,Cincinnati Bengals,CIN,20,5-5,True,54,14,M&T Bank Stadium,Baltimore,False,Prime Video
2023,11,401547539,2023-11-19T18:00Z,STATUS_FINAL,Cleveland Browns,CLE,13,7-3,Pittsburgh Steelers,PIT,10,6-4,True,23,3,Huntington Bank Field,Cleveland,False,CBS
2023,11,401547546,2023-11-19T18:00Z,STATUS_FINAL,Detroit Lions,DET,31,8-2,Chicago Bears,CHI,26,3-8,True,57,5,Ford Field,Detroit,False,FOX
2023,11,401547547,2023-11-19T18:00Z,STATUS_FINAL,Green Bay Packers,GB,23,4-6,Los Angeles Chargers,LAC,20,4-6,True,43,3,Lambeau Field,Green Bay,False,FOX
2023,11,401547542,2023-11-19T18:00Z,STATUS_FINAL,Miami Dolphins,MIA,20,7-3,Las Vegas Raiders,LV,13,5-6,True,33,7,Hard Rock Stadium,Miami Gardens,False,CBS
2023,11,401547548,2023-11-19T18:00Z,STATUS_FINAL,Washington Commanders,WSH,19,4-7,New York Giants,NYG,31,3-8,False,50,12,Northwest Stadium,Landover,False,FOX
2023,11,401547545,2023-11-19T18:00Z,STATUS_FINAL,Carolina Panthers,CAR,10,1-9,Dallas Cowboys,DAL,33,7-3,False,43,23,Bank of America Stadium,Charlotte,False,FOX
2023,11,401547541,2023-11-19T18:00Z,STATUS_FINAL,Jacksonville Jaguars,JAX,34,7-3,Tennessee Titans,TEN,14,3-7,True,48,20,EverBank Stadium,Jacksonville,False,CBS
2023,11,401547540,2023-11-19T18:00Z,STATUS_FINAL,Houston Texans,HOU,21,6-4,Arizona Cardinals,ARI,16,2-9,True,37,5,NRG Stadium,Houston,False,CBS
2023,11,401547549,2023-11-19T21:05Z,STATUS_FINAL,San Francisco 49ers,SF,27,7-3,Tampa Bay Buccaneers,TB,14,4-6,True,41,13,Levi's Stadium,Santa Clara,False,FOX
2023,11,401547543,2023-11-19T21:25Z,STATUS_FINAL,Buffalo Bills,BUF,32,6-5,New York Jets,NYJ,6,4-6,True,38,26,Highmark Stadium,Orchard Park,False,CBS
2023,11,401547544,2023-11-19T21:25Z,STATUS_FINAL,Los Angeles Rams,LAR,17,4-6,Seattle Seahawks,SEA,16,6-4,True,33,1,SoFi Stadium,Inglewood,False,CBS
2023,11,401547550,2023-11-20T01:20Z,STATUS_FINAL,Denver Broncos,DEN,21,5-5,Minnesota Vikings,MIN,20,6-5,True,41,1,Empower Field at Mile High,Denver,False,NBC
2023,11,401547345,2023-11-21T01:15Z,STATUS_FINAL,Kansas City Chiefs,KC,17,7-3,Philadelphia Eagles,PHI,21,9-1,False,38,4,GEHA Field at Arrowhead Stadium,Kansas City,False,ABC
2023,12,401547552,2023-11-23T17:30Z,STATUS_FINAL,Detroit Lions,DET,22,8-3,Green Bay Packers,GB,29,5-6,False,51,7,Ford Field,Detroit,False,FOX
2023,12,401547551,2023-11-23T21:30Z,STATUS_FINAL,Dallas Cowboys,DAL,45,8-3,Washington Commanders,WSH,10,4-8,True,55,35,AT&T Stadium,Arlington,False,CBS
2023,12,401547553,2023-11-24T01:20Z,STATUS_FINAL,Seattle Seahawks,SEA,13,6-5,San Francisco 49ers,SF,31,8-3,False,44,18,Lumen Field,Seattle,False,NBC
2023,12,401547242,2023-11-24T20:00Z,STATUS_FINAL,New York Jets,NYJ,13,4-7,Miami Dolphins,MIA,34,8-3,False,47,21,MetLife Stadium,East Rutherford,False,Prime Video
2023,12,401547559,2023-11-26T18:00Z,STATUS_FINAL,Atlanta Falcons,ATL,24,5-6,New Orleans Saints,NO,15,5-6,True,39,9,Mercedes-Benz Stadium,Atlanta,False,FOX
2023,12,401547554,2023-11-26T18:00Z,STATUS_FINAL,Cincinnati Bengals,CIN,10,5-6,Pittsburgh Steelers,PIT,16,7-4,False,26,6,Paycor Stadium,Cincinnati,False,CBS
2023,12,401547561,2023-11-26T18:00Z,STATUS_FINAL,Tennessee Titans,TEN,17,4-7,Carolina Panthers,CAR,10,1-10,True,27,7,Nissan Stadium,Nashville,False,FOX
2023,12,401547556,2023-11-26T18:00Z,STATUS_FINAL,Indianapolis Colts,IND,27,6-5,Tampa Bay Buccaneers,TB,20,4-7,True,47,7,Lucas Oil Stadium,Indianapolis,False,CBS
2023,12,401547560,2023-11-26T18:00Z,STATUS_FINAL,New York Giants,NYG,10,4-8,New England Patriots,NE,7,2-9,True,17,3,MetLife Stadium,East Rutherford,False,FOX
2023,12,401547555,2023-11-26T18:00Z,STATUS_FINAL,Houston Texans,HOU,21,6-5,Jacksonville Jaguars,JAX,24,8-3,False,45,3,NRG Stadium,Houston,False,CBS
2023,12,401547563,2023-11-26T21:05Z,STATUS_FINAL,Denver Broncos,DEN,29,6-5,Cleveland Browns,CLE,12,7-4,True,41,17,Empower Field at Mile High,Denver,False,FOX
2023,12,401547562,2023-11-26T21:05Z,STATUS_FINAL,Arizona Cardinals,ARI,14,2-10,Los Angeles Rams,LAR,37,5-6,False,51,23,State Farm Stadium,Glendale,False,FOX
2023,12,401547557,2023-11-26T21:25Z,STATUS_FINAL,Las Vegas Raiders,LV,17,5-7,Kansas City Chiefs,KC,31,8-3,False,48,14,Allegiant Stadium,Las Vegas,False,CBS
2023,12,401547558,2023-11-26T21:25Z,STATUS_FINAL,Philadelphia Eagles,PHI,37,10-1,Buffalo Bills,BUF,34,6-6,True,71,3,Lincoln Financial Field,Philadelphia,False,CBS
2023,12,401547564,2023-11-27T01:20Z,STATUS_FINAL,Los Angeles Chargers,LAC,10,4-7,Baltimore Ravens,BAL,20,9-3,False,30,10,SoFi Stadium,Inglewood,False,NBC
2023,12,401547565,2023-11-28T01:15Z,STATUS_FINAL,Minnesota Vikings,MIN,10,6-6,Chicago Bears,CHI,12,4-8,False,22,2,U.S. Bank Stadium,Minneapolis,False,ABC
2023,13,401547566,2023-12-01T01:15Z,STATUS_FINAL,Dallas Cowboys,DAL,41,9-3,Seattle Seahawks,SEA,35,6-6,True,76,6,AT&T Stadium,Arlington,False,Prime Video
2023,13,401547570,2023-12-03T18:00Z,STATUS_FINAL,Tennessee Titans,TEN,28,4-8,Indianapolis Colts,IND,31,7-5,False,59,3,Nissan Stadium,Nashville,False,CBS
2023,13,401547567,2023-12-03T18:00Z,STATUS_FINAL,New England Patriots,NE,0,2-10,Los Angeles Chargers,LAC,6,5-7,False,6,6,Gillette Stadium,Foxborough,False,CBS
2023,13,401547572,2023-12-03T18:00Z,STATUS_FINAL,New Orleans Saints,NO,28,5-7,Detroit Lions,DET,33,9-3,False,61,5,Caesars Superdome,New Orleans,False,FOX
2023,13,401547573,2023-12-03T18:00Z,STATUS_FINAL,New York Jets,NYJ,8,4-8,Atlanta Falcons,ATL,13,6-6,False,21,5,MetLife Stadium,East Rutherford,False,FOX
2023,13,401547568,2023-12-03T18:00Z,STATUS_FINAL,Pittsburgh Steelers,PIT,10,7-5,Arizona Cardinals,ARI,24,3-10,False,34,14,Acrisure Stadium,Pittsburgh,False,CBS
2023,13,401547574,2023-12-03T18:00Z,STATUS_FINAL,Washington Commanders,WSH,15,4-9,Miami Dolphins,MIA,45,9-3,False,60,30,Northwest Stadium,Landover,False,FOX
2023,13,401547571,2023-12-03T18:00Z,STATUS_FINAL,Houston Texans,HOU,22,7-5,Denver Broncos,DEN,17,6-6,True,39,5,NRG Stadium,Houston,False,CBS
2023,13,401547569,2023-12-03T21:05Z,STATUS_FINAL,Tampa Bay Buccaneers,TB,21,5-7,Carolina Panthers,CAR,18,1-11,True,39,3,Raymond James Stadium,Tampa,False,CBS
2023,13,401547575,2023-12-03T21:25Z,STATUS_FINAL,Los Angeles Rams,LAR,36,6-6,Cleveland Browns,CLE,19,7-5,True,55,17,SoFi Stadium,Inglewood,False,FOX
2023,13,401547276,2023-12-03T21:25Z,STATUS_FINAL,Philadelphia Eagles,PHI,19,10-2,San Francisco 49ers,SF,42,9-3,False,61,23,Lincoln Financial Field,Philadelphia,False,FOX
2023,13,401547576,2023-12-04T01:20Z,STATUS_FINAL,Green Bay Packers,GB,27,6-6,Kansas City Chiefs,KC,19,8-4,True,46,8,Lambeau Field,Green Bay,False,NBC
2023,13,401547577,2023-12-05T01:15Z,STATUS_FINAL,Jacksonville Jaguars,JAX,31,8-4,Cincinnati Bengals,CIN,34,6-6,False,65,3,EverBank Stadium,Jacksonville,False,ABC
2023,14,401547578,2023-12-08T01:15Z,STATUS_FINAL,Pittsburgh Steelers,PIT,18,7-6,New England Patriots,NE,21,3-10,False,39,3,Acrisure Stadium,Pittsburgh,False,Prime Video
2023,14,401547579,2023-12-10T18:00Z,STATUS_FINAL,Atlanta Falcons,ATL,25,6-7,Tampa Bay Buccaneers,TB,29,6-7,False,54,4,Mercedes-Benz Stadium,Atlanta,False,CBS
2023,14,401547586,2023-12-10T18:00Z,STATUS_FINAL,Chicago Bears,CHI,28,5-8,Detroit Lions,DET,13,9-4,True,41,15,Soldier Field,Chicago,False,FOX
2023,14,401547580,2023-12-10T18:00Z,STATUS_FINAL,Cincinnati Bengals,CIN,34,7-6,Indianapolis Colts,IND,14,7-6,True,48,20,Paycor Stadium,Cincinnati,False,CBS
2023,14,401547581,2023-12-10T18:00Z,STATUS_FINAL,Cleveland Browns,CLE,31,8-5,Jacksonville Jaguars,JAX,27,8-5,True,58,4,Huntington Bank Field,Cleveland,False,CBS
2023,14,401547587,2023-12-10T18:00Z,STATUS_FINAL,New Orleans Saints,NO,28,6-7,Carolina Panthers,CAR,6,1-12,True,34,22,Caesars Superdome,New Orleans,False,FOX
2023,14,401547582,2023-12-10T18:00Z,STATUS_FINAL,New York Jets,NYJ,30,5-8,Houston Texans,HOU,6,7-6,True,36,24,MetLife Stadium,East Rutherford,False,CBS
2023,14,401547585,2023-12-10T18:00Z,STATUS_FINAL,Baltimore Ravens,BAL,37,10-3,Los Angeles Rams,LAR,31,6-7,True,68,6,M&T Bank Stadium,Baltimore,False,FOX
2023,14,401547588,2023-12-10T21:05Z,STATUS_FINAL,Las Vegas Raiders,LV,0,5-8,Minnesota Vikings,MIN,3,7-6,False,3,3,Allegiant Stadium,Las Vegas,False,FOX
2023,14,401547589,2023-12-10T21:05Z,STATUS_FINAL,San Francisco 49ers,SF,28,10-3,Seattle Seahawks,SEA,16,6-7,True,44,12,Levi's Stadium,Santa Clara,False,FOX
2023,14,401547583,2023-12-10T21:25Z,STATUS_FINAL,Kansas City Chiefs,KC,17,8-5,Buffalo Bills,BUF,20,7-6,False,37,3,GEHA Field at Arrowhead Stadium,Kansas City,False,CBS
2023,14,401547584,2023-12-10T21:25Z,STATUS_FINAL,Los Angeles Chargers,LAC,7,5-8,Denver Broncos,DEN,24,7-6,False,31,17,SoFi Stadium,Inglewood,False,CBS
2023,14,401547590,2023-12-11T01:20Z,STATUS_FINAL,Dallas Cowboys,DAL,33,10-3,Philadelphia Eagles,PHI,13,10-3,True,46,20,AT&T Stadium,Arlington,False,NBC
2023,14,401547592,2023-12-12T01:15Z,STATUS_FINAL,Miami Dolphins,MIA,27,9-4,Tennessee Titans,TEN,28,5-8,False,55,1,Hard Rock Stadium,Miami Gardens,False,ESPN
2023,14,401547591,2023-12-12T01:15Z,STATUS_FINAL,New York Giants,NYG,24,5-8,Green Bay Packers,GB,22,6-7,True,46,2,MetLife Stadium,East Rutherford,False,ABC
2023,15,401547593,2023-12-15T01:15Z,STATUS_FINAL,Las Vegas Raiders,LV,63,6-8,Los Angeles Chargers,LAC,21,5-9,True,84,42,Allegiant Stadium,Las Vegas,False,Prime Video
2023,15,401547604,2023-12-16T18:00Z,STATUS_FINAL,Cincinnati Bengals,CIN,27,8-6,Minnesota Vikings,MIN,24,7-7,True,51,3,Paycor Stadium,Cincinnati,False,NFL Net
2023,15,401547607,2023-12-16T21:30Z,STATUS_FINAL,Indianapolis Colts,IND,30,8-6,Pittsburgh Steelers,PIT,13,7-7,True,43,17,Lucas Oil Stadium,Indianapolis,False,NFL Net
2023,15,401547606,2023-12-17T01:15Z,STATUS_FINAL,Detroit Lions,DET,42,10-4,Denver Broncos,DEN,17,7-7,True,59,25,Ford Field,Detroit,False,NFL Net
2023,15,401547605,2023-12-17T18:00Z,STATUS_FINAL,Cleveland Browns,CLE,20,9-5,Chicago Bears,CHI,17,5-9,True,37,3,Huntington Bank Field,Cleveland,False,FOX
2023,15,401547598,2023-12-17T18:00Z,STATUS_FINAL,Green Bay Packers,GB,20,6-8,Tampa Bay Buccaneers,TB,34,7-7,False,54,14,Lambeau Field,Green Bay,False,CBS
2023,15,401547595,2023-12-17T18:00Z,STATUS_FINAL,Tennessee Titans,TEN,16,5-9,Houston Texans,HOU,19,8-6,False,35,3,Nissan Stadium,Nashville,False,CBS
2023,15,401547594,2023-12-17T18:00Z,STATUS_FINAL,Miami Dolphins,MIA,30,10-4,New York Jets,NYJ,0,5-9,True,30,30,Hard Rock Stadium,Miami Gardens,False,CBS
2023,15,401547608,2023-12-17T18:00Z,STATUS_FINAL,New England Patriots,NE,17,3-11,Kansas City Chiefs,KC,27,9-5,False,44,10,Gillette Stadium,Foxborough,False,FOX
2023,15,401547599,2023-12-17T18:00Z,STATUS_FINAL,New Orleans Saints,NO,24,7-7,New York Giants,NYG,6,5-9,True,30,18,Caesars Superdome,New Orleans,False,FOX
2023,15,401547603,2023-12-17T18:00Z,STATUS_FINAL,Carolina Panthers,CAR,9,2-12,Atlanta Falcons,ATL,7,6-8,True,16,2,Bank of America Stadium,Charlotte,False,FOX
2023,15,401547597,2023-12-17T21:05Z,STATUS_FINAL,Los Angeles Rams,LAR,28,7-7,Washington Commanders,WSH,20,4-10,True,48,8,SoFi Stadium,Inglewood,False,CBS
2023,15,401547596,2023-12-17T21:05Z,STATUS_FINAL,Arizona Cardinals,ARI,29,3-11,San Francisco 49ers,SF,45,11-3,False,74,16,State Farm Stadium,Glendale,False,CBS
2023,15,401547600,2023-12-17T21:25Z,STATUS_FINAL,Buffalo Bills,BUF,31,8-6,Dallas Cowboys,DAL,10,10-4,True,41,21,Highmark Stadium,Orchard Park,False,FOX
2023,15,401547602,2023-12-18T01:20Z,STATUS_FINAL,Jacksonville Jaguars,JAX,7,8-6,Baltimore Ravens,BAL,23,11-3,False,30,16,EverBank Stadium,Jacksonville,False,NBC
2023,15,401547601,2023-12-19T01:15Z,STATUS_FINAL,Seattle Seahawks,SEA,20,7-7,Philadelphia Eagles,PHI,17,10-4,True,37,3,Lumen Field,Seattle,False,ABC
2023,16,401547609,2023-12-22T01:15Z,STATUS_FINAL,Los Angeles Rams,LAR,30,8-7,New Orleans Saints,NO,22,7-8,True,52,8,SoFi Stadium,Inglewood,False,Prime Video
2023,16,401547610,2023-12-23T21:30Z,STATUS_FINAL,Pittsburgh Steelers,PIT,34,8-7,Cincinnati Bengals,CIN,11,8-7,True,45,23,Acrisure Stadium,Pittsburgh,False,NBC
2023,16,401547611,2023-12-24T01:00Z,STATUS_FINAL,Los Angeles Chargers,LAC,22,5-10,Buffalo Bills,BUF,24,9-6,False,46,2,SoFi Stadium,Inglewood,False,Peacock
2023,16,401547616,2023-12-24T18:00Z,STATUS_FINAL,Atlanta Falcons,ATL,29,7-8,Indianapolis Colts,IND,10,8-7,True,39,19,Mercedes-Benz Stadium,Atlanta,False,FOX
2023,16,401547614,2023-12-24T18:00Z,STATUS_FINAL,Tennessee Titans,TEN,17,5-10,Seattle Seahawks,SEA,20,8-7,False,37,3,Nissan Stadium,Nashville,False,CBS
2023,16,401547618,2023-12-24T18:00Z,STATUS_FINAL,Minnesota Vikings,MIN,24,7-8,Detroit Lions,DET,30,11-4,False,54,6,U.S. Bank Stadium,Minneapolis,False,FOX
2023,16,401547613,2023-12-24T18:00Z,STATUS_FINAL,New York Jets,NYJ,30,6-9,Washington Commanders,WSH,28,4-11,True,58,2,MetLife Stadium,East Rutherford,False,CBS
2023,16,401547617,2023-12-24T18:00Z,STATUS_FINAL,Carolina Panthers,CAR,30,2-13,Green Bay Packers,GB,33,7-8,False,63,3,Bank of America Stadium,Charlotte,False,FOX
2023,16,401547612,2023-12-24T18:00Z,STATUS_FINAL,Houston Texans,HOU,22,8-7,Cleveland Browns,CLE,36,10-5,False,58,14,NRG Stadium,Houston,False,CBS
2023,16,401547615,2023-12-24T21:05Z,STATUS_FINAL,Tampa Bay Buccaneers,TB,30,8-7,Jacksonville Jaguars,JAX,12,8-7,True,42,18,Raymond James Stadium,Tampa,False,CBS
2023,16,401547619,2023-12-24T21:25Z,STATUS_FINAL,Chicago Bears,CHI,27,6-9,Arizona Cardinals,ARI,16,3-12,True,43,11,Soldier Field,Chicago,False,FOX
2023,16,401547620,2023-12-24T21:25Z,STATUS_FINAL,Miami Dolphins,MIA,22,11-4,Dallas Cowboys,DAL,20,10-5,True,42,2,Hard Rock Stadium,Miami Gardens,False,FOX
2023,16,401547621,2023-12-25T01:15Z,STATUS_FINAL,Denver Broncos,DEN,23,7-8,New England Patriots,NE,26,4-11,False,49,3,Empower Field at Mile High,Denver,False,NFL Net
2023,16,401547351,2023-12-25T18:00Z,STATUS_FINAL,Kansas City Chiefs,KC,14,9-6,Las Vegas Raiders,LV,20,7-8,False,34,6,GEHA Field at Arrowhead Stadium,Kansas City,False,CBS
2023,16,401547241,2023-12-25T21:30Z,STATUS_FINAL,Philadelphia Eagles,PHI,33,11-4,New York Giants,NYG,25,5-10,True,58,8,Lincoln Financial Field,Philadelphia,False,FOX
2023,16,401547622,2023-12-26T01:15Z,STATUS_FINAL,San Francisco 49ers,SF,19,11-4,Baltimore Ravens,BAL,33,12-3,False,52,14,Levi's Stadium,Santa Clara,False,ABC
2023,17,401547623,2023-12-29T01:15Z,STATUS_FINAL,Cleveland Browns,CLE,37,11-5,New York Jets,NYJ,20,6-10,True,57,17,Huntington Bank Field,Cleveland,False,Prime Video
2023,17,401547624,2023-12-31T01:15Z,STATUS_FINAL,Dallas Cowboys,DAL,20,11-5,Detroit Lions,DET,19,11-5,True,39,1,AT&T Stadium,Arlington,False,ABC
2023,17,401547626,2023-12-31T18:00Z,STATUS_FINAL,Buffalo Bills,BUF,27,10-6,New England Patriots,NE,21,4-12,True,48,6,Highmark Stadium,Orchard Park,False,CBS
2023,17,401547627,2023-12-31T18:00Z,STATUS_FINAL,Chicago Bears,CHI,37,7-9,Atlanta Falcons,ATL,17,7-9,True,54,20,Soldier Field,Chicago,False,CBS
2023,17,401547628,2023-12-31T18:00Z,STATUS_FINAL,Indianapolis Colts,IND,23,9-7,Las Vegas Raiders,LV,20,7-9,True,43,3,Lucas Oil Stadium,Indianapolis,False,CBS
2023,17,401547632,2023-12-31T18:00Z,STATUS_FINAL,New York Giants,NYG,25,5-11,Los Angeles Rams,LAR,26,9-7,False,51,1,MetLife Stadium,East Rutherford,False,FOX
2023,17,401547633,2023-12-31T18:00Z,STATUS_FINAL,Philadelphia Eagles,PHI,31,11-5,Arizona Cardinals,ARI,35,4-12,False,66,4,Lincoln Financial Field,Philadelphia,False,FOX
2023,17,401547634,2023-12-31T18:00Z,STATUS_FINAL,Tampa Bay Buccaneers,TB,13,8-8,New Orleans Saints,NO,23,8-8,False,36,10,Raymond James Stadium,Tampa,False,FOX
2023,17,401547635,2023-12-31T18:00Z,STATUS_FINAL,Washington Commanders,WSH,10,4-12,San Francisco 49ers,SF,27,12-4,False,37,17,Northwest Stadium,Landover,False,FOX
2023,17,401547629,2023-12-31T18:00Z,STATUS_FINAL,Jacksonville Jaguars,JAX,26,9-7,Carolina Panthers,CAR,0,2-14,True,26,26,EverBank Stadium,Jacksonville,False,CBS
2023,17,401547625,2023-12-31T18:00Z,STATUS_FINAL,Baltimore Ravens,BAL,56,13-3,Miami Dolphins,MIA,19,11-5,True,75,37,M&T Bank Stadium,Baltimore,False,CBS
2023,17,401547631,2023-12-31T18:00Z,STATUS_FINAL,Houston Texans,HOU,26,9-7,Tennessee Titans,TEN,3,5-11,True,29,23,NRG Stadium,Houston,False,FOX
2023,17,401547636,2023-12-31T21:05Z,STATUS_FINAL,Seattle Seahawks,SEA,23,8-8,Pittsburgh Steelers,PIT,30,9-7,False,53,7,Lumen Field,Seattle,False,FOX
2023,17,401547630,2023-12-31T21:25Z,STATUS_FINAL,Denver Broncos,DEN,16,8-8,Los Angeles Chargers,LAC,9,5-11,True,25,7,Empower Field at Mile High,Denver,False,CBS
2023,17,401547235,2023-12-31T21:25Z,STATUS_FINAL,Kansas City Chiefs,KC,25,10-6,Cincinnati Bengals,CIN,17,8-8,True,42,8,GEHA Field at Arrowhead Stadium,Kansas City,False,CBS
2023,17,401547637,2024-01-01T01:20Z,STATUS_FINAL,Minnesota Vikings,MIN,10,7-9,Green Bay Packers,GB,33,8-8,False,43,23,U.S. Bank Stadium,Minneapolis,False,NBC
2023,18,401547639,2024-01-06T21:30Z,STATUS_FINAL,Baltimore Ravens,BAL,10,13-4,Pittsburgh Steelers,PIT,17,10-7,False,27,7,M&T Bank Stadium,Baltimore,False,ESPN
2023,18,401547644,2024-01-07T01:15Z,STATUS_FINAL,Indianapolis Colts,IND,19,9-8,Houston Texans,HOU,23,10-7,False,42,4,Lucas Oil Stadium,Indianapolis,False,ESPN
2023,18,401547641,2024-01-07T18:00Z,STATUS_FINAL,Cincinnati Bengals,CIN,31,9-8,Cleveland Browns,CLE,14,11-6,True,45,17,Paycor Stadium,Cincinnati,False,CBS
2023,18,401547642,2024-01-07T18:00Z,STATUS_FINAL,Detroit Lions,DET,30,12-5,Minnesota Vikings,MIN,20,7-10,True,50,10,Ford Field,Detroit,False,FOX
2023,18,401547652,2024-01-07T18:00Z,STATUS_FINAL,Tennessee Titans,TEN,28,6-11,Jacksonville Jaguars,JAX,20,9-8,True,48,8,Nissan Stadium,Nashville,False,CBS
2023,18,401547648,2024-01-07T18:00Z,STATUS_FINAL,New England Patriots,NE,3,4-13,New York Jets,NYJ,17,7-10,False,20,14,Gillette Stadium,Foxborough,False,FOX
2023,18,401547649,2024-01-07T18:00Z,STATUS_FINAL,New Orleans Saints,NO,48,9-8,Atlanta Falcons,ATL,17,7-10,True,65,31,Caesars Superdome,New Orleans,False,CBS
2023,18,401547640,2024-01-07T18:00Z,STATUS_FINAL,Carolina Panthers,CAR,0,2-15,Tampa Bay Buccaneers,TB,9,9-8,False,9,9,Bank of America Stadium,Charlotte,False,FOX
2023,18,401547643,2024-01-07T21:25Z,STATUS_FINAL,Green Bay Packers,GB,17,9-8,Chicago Bears,CHI,9,7-10,True,26,8,Lambeau Field,Green Bay,False,CBS
2023,18,401547646,2024-01-07T21:25Z,STATUS_FINAL,Las Vegas Raiders,LV,27,8-9,Denver Broncos,DEN,14,8-9,True,41,13,Allegiant Stadium,Las Vegas,False,FOX
2023,18,401547650,2024-01-07T21:25Z,STATUS_FINAL,New York Giants,NYG,27,6-11,Philadelphia Eagles,PHI,10,11-6,True,37,17,MetLife Stadium,East Rutherford,False,CBS
2023,18,401547638,2024-01-07T21:25Z,STATUS_FINAL,Arizona Cardinals,ARI,20,4-13,Seattle Seahawks,SEA,21,9-8,False,41,1,State Farm Stadium,Glendale,False,FOX
2023,18,401547645,2024-01-07T21:25Z,STATUS_FINAL,Los Angeles Chargers,LAC,12,5-12,Kansas City Chiefs,KC,13,11-6,False,25,1,SoFi Stadium,Inglewood,False,CBS
2023,18,401547651,2024-01-07T21:25Z,STATUS_FINAL,San Francisco 49ers,SF,20,12-5,Los Angeles Rams,LAR,21,10-7,False,41,1,Levi's Stadium,Santa Clara,False,FOX
2023,18,401547653,2024-01-07T21:25Z,STATUS_FINAL,Washington Commanders,WSH,10,4-13,Dallas Cowboys,DAL,38,12-5,False,48,28,Northwest Stadium,Landover,False,FOX
2023,18,401547647,2024-01-08T01:20Z,STATUS_FINAL,Miami Dolphins,MIA,14,11-6,Buffalo Bills,BUF,21,11-6,False,35,7,Hard Rock Stadium,Miami Gardens,False,NBC
2024,1,401671789,2024-09-06T00:40Z,STATUS_FINAL,Kansas City Chiefs,KC,27,1-0,Baltimore Ravens,BAL,20,0-1,True,47,7,GEHA Field at Arrowhead Stadium,Kansas City,False,NBC
2024,1,401671805,2024-09-07T00:15Z,STATUS_FINAL,Philadelphia Eagles,PHI,34,1-0,Green Bay Packers,GB,29,0-1,True,63,5,Corinthians Arena,Sao Paulo,True,Peacock
2024,1,401671744,2024-09-08T17:00Z,STATUS_FINAL,Atlanta Falcons,ATL,10,0-1,Pittsburgh Steelers,PIT,18,1-0,False,28,8,Mercedes-Benz Stadium,Atlanta,False,FOX
2024,1,401671617,2024-09-08T17:00Z,STATUS_FINAL,Buffalo Bills,BUF,34,1-0,Arizona Cardinals,ARI,28,0-1,True,62,6,Highmark Stadium,Orchard Park,False,CBS
2024,1,401671719,2024-09-08T17:00Z,STATUS_FINAL,Chicago Bears,CHI,24,1-0,Tennessee Titans,TEN,17,0-1,True,41,7,Soldier Field,Chicago,False,FOX
2024,1,401671628,2024-09-08T17:00Z,STATUS_FINAL,Cincinnati Bengals,CIN,10,0-1,New England Patriots,NE,16,1-0,False,26,6,Paycor Stadium,Cincinnati,False,CBS
2024,1,401671861,2024-09-08T17:00Z,STATUS_FINAL,Indianapolis Colts,IND,27,0-1,Houston Texans,HOU,29,1-0,False,56,2,Lucas Oil Stadium,Indianapolis,False,CBS
2024,1,401671849,2024-09-08T17:00Z,STATUS_FINAL,Miami Dolphins,MIA,20,1-0,Jacksonville Jaguars,JAX,17,0-1,True,37,3,Hard Rock Stadium,Miami Gardens,False,CBS
2024,1,401671734,2024-09-08T17:00Z,STATUS_FINAL,New Orleans Saints,NO,47,1-0,Carolina Panthers,CAR,10,0-1,True,57,37,Caesars Superdome,New Orleans,False,FOX
2024,1,401671712,2024-09-08T17:00Z,STATUS_FINAL,New York Giants,NYG,6,0-1,Minnesota Vikings,MIN,28,1-0,False,34,22,MetLife Stadium,East Rutherford,False,FOX
2024,1,401671659,2024-09-08T20:05Z,STATUS_FINAL,Los Angeles Chargers,LAC,22,1-0,Las Vegas Raiders,LV,10,0-1,True,32,12,SoFi Stadium,Inglewood,False,CBS
2024,1,401671664,2024-09-08T20:05Z,STATUS_FINAL,Seattle Seahawks,SEA,26,1-0,Denver Broncos,DEN,20,0-1,True,46,6,Lumen Field,Seattle,False,CBS
2024,1,401671761,2024-09-08T20:25Z,STATUS_FINAL,Cleveland Browns,CLE,17,0-1,Dallas Cowboys,DAL,33,1-0,False,50,16,Huntington Bank Field,Cleveland,False,FOX
2024,1,401671770,2024-09-08T20:25Z,STATUS_FINAL,Tampa Bay Buccaneers,TB,37,1-0,Washington Commanders,WSH,20,0-1,True,57,17,Raymond James Stadium,Tampa,False,FOX
2024,1,401671792,2024-09-09T00:20Z,STATUS_FINAL,Detroit Lions,DET,26,1-0,Los Angeles Rams,LAR,20,0-1,True,46,6,Ford Field,Detroit,False,NBC
2024,1,401671696,2024-09-10T00:15Z,STATUS_FINAL,San Francisco 49ers,SF,32,1-0,New York Jets,NYJ,19,0-1,True,51,13,Levi's Stadium,Santa Clara,False,ESPN
2024,2,401671807,2024-09-13T00:15Z,STATUS_FINAL,Miami Dolphins,MIA,10,1-1,Buffalo Bills,BUF,31,2-0,False,41,21,Hard Rock Stadium,Miami Gardens,False,Prime Video
2024,2,401671709,2024-09-15T17:00Z,STATUS_FINAL,Dallas Cowboys,DAL,19,1-1,New Orleans Saints,NO,44,2-0,False,63,25,AT&T Stadium,Arlington,False,FOX
2024,2,401671721,2024-09-15T17:00Z,STATUS_FINAL,Detroit Lions,DET,16,1-1,Tampa Bay Buccaneers,TB,20,2-0,False,36,4,Ford Field,Detroit,False,FOX
2024,2,401671723,2024-09-15T17:00Z,STATUS_FINAL,Green Bay Packers,GB,16,1-1,Indianapolis Colts,IND,10,0-2,True,26,6,Lambeau Field,Green Bay,False,FOX
2024,2,401671636,2024-09-15T17:00Z,STATUS_FINAL,Tennessee Titans,TEN,17,0-2,New York Jets,NYJ,24,1-1,False,41,7,Nissan Stadium,Nashville,False,CBS
2024,2,401671645,2024-09-15T17:00Z,STATUS_FINAL,Minnesota Vikings,MIN,23,2-0,San Francisco 49ers,SF,17,1-1,True,40,6,U.S. Bank Stadium,Minneapolis,False,CBS
2024,2,401671702,2024-09-15T17:00Z,STATUS_FINAL,New England Patriots,NE,20,1-1,Seattle Seahawks,SEA,23,2-0,False,43,3,Gillette Stadium,Foxborough,False,FOX
2024,2,401671716,2024-09-15T17:00Z,STATUS_FINAL,Washington Commanders,WSH,21,1-1,New York Giants,NYG,18,0-2,True,39,3,Northwest Stadium,Landover,False,FOX
2024,2,401671652,2024-09-15T17:00Z,STATUS_FINAL,Carolina Panthers,CAR,3,0-2,Los Angeles Chargers,LAC,26,2-0,False,29,23,Bank of America Stadium,Charlotte,False,CBS
2024,2,401671635,2024-09-15T17:00Z,STATUS_FINAL,Jacksonville Jaguars,JAX,13,0-2,Cleveland Browns,CLE,18,1-1,False,31,5,EverBank Stadium,Jacksonville,False,CBS
2024,2,401671624,2024-09-15T17:00Z,STATUS_FINAL,Baltimore Ravens,BAL,23,0-2,Las Vegas Raiders,LV,26,1-1,False,49,3,M&T Bank Stadium,Baltimore,False,CBS
2024,2,401671754,2024-09-15T20:05Z,STATUS_FINAL,Arizona Cardinals,ARI,41,1-1,Los Angeles Rams,LAR,10,0-2,True,51,31,State Farm Stadium,Glendale,False,FOX
2024,2,401671668,2024-09-15T20:25Z,STATUS_FINAL,Denver Broncos,DEN,6,0-2,Pittsburgh Steelers,PIT,13,2-0,False,19,7,Empower Field at Mile High,Denver,False,CBS
2024,2,401671670,2024-09-15T20:25Z,STATUS_FINAL,Kansas City Chiefs,KC,26,2-0,Cincinnati Bengals,CIN,25,0-2,True,51,1,GEHA Field at Arrowhead Stadium,Kansas City,False,CBS
2024,2,401671786,2024-09-16T00:20Z,STATUS_FINAL,Houston Texans,HOU,19,2-0,Chicago Bears,CHI,13,1-1,True,32,6,NRG Stadium,Houston,False,NBC
2024,2,401671691,2024-09-17T00:15Z,STATUS_FINAL,Philadelphia Eagles,PHI,21,1-1,Atlanta Falcons,ATL,22,1-1,False,43,1,Lincoln Financial Field,Philadelphia,False,ESPN
2024,3,401671808,2024-09-20T00:15Z,STATUS_FINAL,New York Jets,NYJ,24,2-1,New England Patriots,NE,3,1-2,True,27,21,MetLife Stadium,East Rutherford,False,Prime Video
2024,3,401671855,2024-09-22T17:00Z,STATUS_FINAL,Cleveland Browns,CLE,15,1-2,New York Giants,NYG,21,1-2,False,36,6,Huntington Bank Field,Cleveland,False,FOX
2024,3,401671823,2024-09-22T17:00Z,STATUS_FINAL,Tennessee Titans,TEN,14,0-3,Green Bay Packers,GB,30,2-1,False,44,16,Nissan Stadium,Nashville,False,FOX
2024,3,401671865,2024-09-22T17:00Z,STATUS_FINAL,Indianapolis Colts,IND,21,1-2,Chicago Bears,CHI,16,1-2,True,37,5,Lucas Oil Stadium,Indianapolis,False,CBS
2024,3,401671646,2024-09-22T17:00Z,STATUS_FINAL,Minnesota Vikings,MIN,34,3-0,Houston Texans,HOU,7,2-1,True,41,27,U.S. Bank Stadium,Minneapolis,False,CBS
2024,3,401671736,2024-09-22T17:00Z,STATUS_FINAL,New Orleans Saints,NO,12,2-1,Philadelphia Eagles,PHI,15,2-1,False,27,3,Caesars Superdome,New Orleans,False,FOX
2024,3,401671632,2024-09-22T17:00Z,STATUS_FINAL,Pittsburgh Steelers,PIT,20,3-0,Los Angeles Chargers,LAC,10,2-1,True,30,10,Acrisure Stadium,Pittsburgh,False,CBS
2024,3,401671741,2024-09-22T17:00Z,STATUS_FINAL,Tampa Bay Buccaneers,TB,7,2-1,Denver Broncos,DEN,26,1-2,False,33,19,Raymond James Stadium,Tampa,False,FOX
2024,3,401671658,2024-09-22T20:05Z,STATUS_FINAL,Las Vegas Raiders,LV,22,1-2,Carolina Panthers,CAR,36,1-2,False,58,14,Allegiant Stadium,Las Vegas,False,CBS
2024,3,401671662,2024-09-22T20:05Z,STATUS_FINAL,Seattle Seahawks,SEA,24,3-0,Miami Dolphins,MIA,3,1-2,True,27,21,Lumen Field,Seattle,False,CBS
2024,3,401671763,2024-09-22T20:25Z,STATUS_FINAL,Dallas Cowboys,DAL,25,1-2,Baltimore Ravens,BAL,28,1-2,False,53,3,AT&T Stadium,Arlington,False,FOX
2024,3,401671772,2024-09-22T20:25Z,STATUS_FINAL,Los Angeles Rams,LAR,27,1-2,San Francisco 49ers,SF,24,1-2,True,51,3,SoFi Stadium,Inglewood,False,FOX
2024,3,401671771,2024-09-22T20:25Z,STATUS_FINAL,Arizona Cardinals,ARI,13,1-2,Detroit Lions,DET,20,2-1,False,33,7,State Farm Stadium,Glendale,False,FOX
2024,3,401671793,2024-09-23T00:20Z,STATUS_FINAL,Atlanta Falcons,ATL,17,1-2,Kansas City Chiefs,KC,22,3-0,False,39,5,Mercedes-Benz Stadium,Atlanta,False,NBC
2024,3,401671682,2024-09-23T23:30Z,STATUS_FINAL,Buffalo Bills,BUF,47,3-0,Jacksonville Jaguars,JAX,10,0-3,True,57,37,Highmark Stadium,Orchard Park,False,ESPN
2024,3,401671490,2024-09-24T00:15Z,STATUS_FINAL,Cincinnati Bengals,CIN,33,0-3,Washington Commanders,WSH,38,2-1,False,71,5,Paycor Stadium,Cincinnati,False,ABC
2024,4,401671812,2024-09-27T00:15Z,STATUS_FINAL,New York Giants,NYG,15,1-3,Dallas Cowboys,DAL,20,2-2,False,35,5,MetLife Stadium,East Rutherford,False,Prime Video
2024,4,401671727,2024-09-29T17:00Z,STATUS_FINAL,Atlanta Falcons,ATL,26,2-2,New Orleans Saints,NO,24,2-2,True,50,2,Mercedes-Benz Stadium,Atlanta,False,FOX
2024,4,401671871,2024-09-29T17:00Z,STATUS_FINAL,Chicago Bears,CHI,24,2-2,Los Angeles Rams,LAR,18,1-3,True,42,6,Soldier Field,Chicago,False,FOX
2024,4,401671643,2024-09-29T17:00Z,STATUS_FINAL,Green Bay Packers,GB,29,2-2,Minnesota Vikings,MIN,31,4-0,False,60,2,Lambeau Field,Green Bay,False,CBS
2024,4,401671867,2024-09-29T17:00Z,STATUS_FINAL,Indianapolis Colts,IND,27,2-2,Pittsburgh Steelers,PIT,24,3-1,True,51,3,Lucas Oil Stadium,Indianapolis,False,CBS
2024,4,401671622,2024-09-29T17:00Z,STATUS_FINAL,New York Jets,NYJ,9,2-2,Denver Broncos,DEN,10,2-2,False,19,1,MetLife Stadium,East Rutherford,False,CBS
2024,4,401671740,2024-09-29T17:00Z,STATUS_FINAL,Tampa Bay Buccaneers,TB,33,3-1,Philadelphia Eagles,PHI,16,2-2,True,49,17,Raymond James Stadium,Tampa,False,FOX
2024,4,401671745,2024-09-29T17:00Z,STATUS_FINAL,Carolina Panthers,CAR,24,1-3,Cincinnati Bengals,CIN,34,1-3,False,58,10,Bank of America Stadium,Charlotte,False,FOX
2024,4,401671857,2024-09-29T17:00Z,STATUS_FINAL,Houston Texans,HOU,24,3-1,Jacksonville Jaguars,JAX,20,0-4,True,44,4,NRG Stadium,Houston,False,CBS
2024,4,401671755,2024-09-29T20:05Z,STATUS_FINAL,Arizona Cardinals,ARI,14,1-3,Washington Commanders,WSH,42,3-1,False,56,28,State Farm Stadium,Glendale,False,FOX
2024,4,401671758,2024-09-29T20:05Z,STATUS_FINAL,San Francisco 49ers,SF,30,2-2,New England Patriots,NE,13,1-3,True,43,17,Levi's Stadium,Santa Clara,False,FOX
2024,4,401671672,2024-09-29T20:25Z,STATUS_FINAL,Las Vegas Raiders,LV,20,2-2,Cleveland Browns,CLE,16,1-3,True,36,4,Allegiant Stadium,Las Vegas,False,CBS
2024,4,401671674,2024-09-29T20:25Z,STATUS_FINAL,Los Angeles Chargers,LAC,10,2-2,Kansas City Chiefs,KC,17,4-0,False,27,7,SoFi Stadium,Inglewood,False,CBS
2024,4,401671783,2024-09-30T00:20Z,STATUS_FINAL,Baltimore Ravens,BAL,35,2-2,Buffalo Bills,BUF,10,3-1,True,45,25,M&T Bank Stadium,Baltimore,False,NBC
2024,4,401671683,2024-09-30T23:30Z,STATUS_FINAL,Miami Dolphins,MIA,12,1-3,Tennessee Titans,TEN,31,1-3,False,43,19,Hard Rock Stadium,Miami Gardens,False,ESPN
2024,4,401671491,2024-10-01T00:15Z,STATUS_FINAL,Detroit Lions,DET,42,3-1,Seattle Seahawks,SEA,29,3-1,True,71,13,Ford Field,Detroit,False,ABC
2024,5,401671815,2024-10-04T00:15Z,STATUS_FINAL,Atlanta Falcons,ATL,36,3-2,Tampa Bay Buccaneers,TB,30,3-2,True,66,6,Mercedes-Benz Stadium,Atlanta,False,Prime Video
2024,5,401671804,2024-10-06T13:30Z,STATUS_FINAL,Minnesota Vikings,MIN,23,5-0,New York Jets,NYJ,17,2-3,True,40,6,Tottenham Hotspur Stadium,London,True,NFL Net
2024,5,401671872,2024-10-06T17:00Z,STATUS_FINAL,Chicago Bears,CHI,36,3-2,Carolina Panthers,CAR,10,1-4,True,46,26,Soldier Field,Chicago,False,FOX
2024,5,401671626,2024-10-06T17:00Z,STATUS_FINAL,Cincinnati Bengals,CIN,38,1-4,Baltimore Ravens,BAL,41,3-2,False,79,3,Paycor Stadium,Cincinnati,False,CBS
2024,5,401671700,2024-10-06T17:00Z,STATUS_FINAL,New England Patriots,NE,10,1-4,Miami Dolphins,MIA,15,2-3,False,25,5,Gillette Stadium,Foxborough,False,FOX
2024,5,401671718,2024-10-06T17:00Z,STATUS_FINAL,Washington Commanders,WSH,34,4-1,Cleveland Browns,CLE,13,1-4,True,47,21,Northwest Stadium,Landover,False,FOX
2024,5,401671633,2024-10-06T17:00Z,STATUS_FINAL,Jacksonville Jaguars,JAX,37,1-4,Indianapolis Colts,IND,34,2-3,True,71,3,EverBank Stadium,Jacksonville,False,CBS
2024,5,401671859,2024-10-06T17:00Z,STATUS_FINAL,Houston Texans,HOU,23,4-1,Buffalo Bills,BUF,20,3-2,True,43,3,NRG Stadium,Houston,False,CBS
2024,5,401671747,2024-10-06T20:05Z,STATUS_FINAL,Denver Broncos,DEN,34,3-2,Las Vegas Raiders,LV,18,2-3,True,52,16,Empower Field at Mile High,Denver,False,FOX
2024,5,401671756,2024-10-06T20:05Z,STATUS_FINAL,San Francisco 49ers,SF,23,2-3,Arizona Cardinals,ARI,24,2-3,False,47,1,Levi's Stadium,Santa Clara,False,FOX
2024,5,401671679,2024-10-06T20:25Z,STATUS_FINAL,Los Angeles Rams,LAR,19,1-4,Green Bay Packers,GB,24,3-2,False,43,5,SoFi Stadium,Inglewood,False,CBS
2024,5,401671680,2024-10-06T20:25Z,STATUS_FINAL,Seattle Seahawks,SEA,20,3-2,New York Giants,NYG,29,2-3,False,49,9,Lumen Field,Seattle,False,CBS
2024,5,401671784,2024-10-07T01:45Z,STATUS_FINAL,Pittsburgh Steelers,PIT,17,3-2,Dallas Cowboys,DAL,20,3-2,False,37,3,Acrisure Stadium,Pittsburgh,False,NBC
2024,5,401671687,2024-10-08T00:15Z,STATUS_FINAL,Kansas City Chiefs,KC,26,5-0,New Orleans Saints,NO,13,2-3,True,39,13,GEHA Field at Arrowhead Stadium,Kansas City,False,ESPN
2024,6,401671819,2024-10-11T00:15Z,STATUS_FINAL,Seattle Seahawks,SEA,24,3-3,San Francisco 49ers,SF,36,3-3,False,60,12,Lumen Field,Seattle,False,Prime Video
2024,6,401671802,2024-10-13T13:30Z,STATUS_FINAL,Chicago Bears,CHI,35,4-2,Jacksonville Jaguars,JAX,16,1-5,True,51,19,Tottenham Hotspur Stadium,London,True,NFL Net
2024,6,401671722,2024-10-13T17:00Z,STATUS_FINAL,Green Bay Packers,GB,34,4-2,Arizona Cardinals,ARI,13,2-4,True,47,21,Lambeau Field,Green Bay,False,FOX
2024,6,401671820,2024-10-13T17:00Z,STATUS_FINAL,Tennessee Titans,TEN,17,1-4,Indianapolis Colts,IND,20,3-3,False,37,3,Nissan Stadium,Nashville,False,CBS
2024,6,401671619,2024-10-13T17:00Z,STATUS_FINAL,New England Patriots,NE,21,1-5,Houston Texans,HOU,41,5-1,False,62,20,Gillette Stadium,Foxborough,False,CBS
2024,6,401671735,2024-10-13T17:00Z,STATUS_FINAL,New Orleans Saints,NO,27,2-4,Tampa Bay Buccaneers,TB,51,4-2,False,78,24,Caesars Superdome,New Orleans,False,FOX
2024,6,401671714,2024-10-13T17:00Z,STATUS_FINAL,Philadelphia Eagles,PHI,20,3-2,Cleveland Browns,CLE,16,1-5,True,36,4,Lincoln Financial Field,Philadelphia,False,FOX
2024,6,401671625,2024-10-13T17:00Z,STATUS_FINAL,Baltimore Ravens,BAL,30,4-2,Washington Commanders,WSH,23,4-2,True,53,7,M&T Bank Stadium,Baltimore,False,CBS
2024,6,401671655,2024-10-13T20:05Z,STATUS_FINAL,Denver Broncos,DEN,16,3-3,Los Angeles Chargers,LAC,23,3-2,False,39,7,Empower Field at Mile High,Denver,False,CBS
2024,6,401671657,2024-10-13T20:05Z,STATUS_FINAL,Las Vegas Raiders,LV,13,2-4,Pittsburgh Steelers,PIT,32,4-2,False,45,19,Allegiant Stadium,Las Vegas,False,CBS
2024,6,401671764,2024-10-13T20:25Z,STATUS_FINAL,Dallas Cowboys,DAL,9,3-3,Detroit Lions,DET,47,4-1,False,56,38,AT&T Stadium,Arlington,False,FOX
2024,6,401671769,2024-10-13T20:25Z,STATUS_FINAL,Carolina Panthers,CAR,20,1-5,Atlanta Falcons,ATL,38,4-2,False,58,18,Bank of America Stadium,Charlotte,False,FOX
2024,6,401671791,2024-10-14T00:20Z,STATUS_FINAL,New York Giants,NYG,7,2-4,Cincinnati Bengals,CIN,17,2-4,False,24,10,MetLife Stadium,East Rutherford,False,NBC
2024,6,401671684,2024-10-15T00:15Z,STATUS_FINAL,New York Jets,NYJ,20,2-4,Buffalo Bills,BUF,23,4-2,False,43,3,MetLife Stadium,East Rutherford,False,ESPN
2024,7,401671816,2024-10-18T00:15Z,STATUS_FINAL,New Orleans Saints,NO,10,2-5,Denver Broncos,DEN,33,4-3,False,43,23,Caesars Superdome,New Orleans,False,Prime Video
2024,7,401671801,2024-10-20T13:30Z,STATUS_FINAL,Jacksonville Jaguars,JAX,32,2-5,New England Patriots,NE,16,1-6,True,48,16,Wembley Stadium,London,True,NFL Net
2024,7,401671730,2024-10-20T17:00Z,STATUS_FINAL,Atlanta Falcons,ATL,14,4-3,Seattle Seahawks,SEA,34,4-3,False,48,20,Mercedes-Benz Stadium,Atlanta,False,FOX
2024,7,401671616,2024-10-20T17:00Z,STATUS_FINAL,Buffalo Bills,BUF,34,5-2,Tennessee Titans,TEN,10,1-5,True,44,24,Highmark Stadium,Orchard Park,False,CBS
2024,7,401671853,2024-10-20T17:00Z,STATUS_FINAL,Cleveland Browns,CLE,14,1-6,Cincinnati Bengals,CIN,21,3-4,False,35,7,Huntington Bank Field,Cleveland,False,CBS
2024,7,401671644,2024-10-20T17:00Z,STATUS_FINAL,Green Bay Packers,GB,24,5-2,Houston Texans,HOU,22,5-2,True,46,2,Lambeau Field,Green Bay,False,CBS
2024,7,401671864,2024-10-20T17:00Z,STATUS_FINAL,Indianapolis Colts,IND,16,4-3,Miami Dolphins,MIA,10,2-4,True,26,6,Lucas Oil Stadium,Indianapolis,False,FOX
2024,7,401671724,2024-10-20T17:00Z,STATUS_FINAL,Minnesota Vikings,MIN,29,5-1,Detroit Lions,DET,31,5-1,False,60,2,U.S. Bank Stadium,Minneapolis,False,FOX
2024,7,401671710,2024-10-20T17:00Z,STATUS_FINAL,New York Giants,NYG,3,2-5,Philadelphia Eagles,PHI,28,4-2,False,31,25,MetLife Stadium,East Rutherford,False,FOX
2024,7,401671663,2024-10-20T20:05Z,STATUS_FINAL,Los Angeles Rams,LAR,20,2-4,Las Vegas Raiders,LV,15,2-5,True,35,5,SoFi Stadium,Inglewood,False,CBS
2024,7,401671640,2024-10-20T20:05Z,STATUS_FINAL,Washington Commanders,WSH,40,5-2,Carolina Panthers,CAR,7,1-6,True,47,33,Northwest Stadium,Landover,False,CBS
2024,7,401671777,2024-10-20T20:25Z,STATUS_FINAL,San Francisco 49ers,SF,18,3-4,Kansas City Chiefs,KC,28,6-0,False,46,10,Levi's Stadium,Santa Clara,False,FOX
2024,7,401671785,2024-10-21T00:20Z,STATUS_FINAL,Pittsburgh Steelers,PIT,37,5-2,New York Jets,NYJ,15,2-5,True,52,22,Acrisure Stadium,Pittsburgh,False,NBC
2024,7,401671695,2024-10-22T00:15Z,STATUS_FINAL,Tampa Bay Buccaneers,TB,31,4-3,Baltimore Ravens,BAL,41,5-2,False,72,10,Raymond James Stadium,Tampa,False,ESPN
2024,7,401671699,2024-10-22T01:00Z,STATUS_FINAL,Arizona Cardinals,ARI,17,3-4,Los Angeles Chargers,LAC,15,3-3,True,32,2,State Farm Stadium,Glendale,False,ESPN+
2024,8,401671817,2024-10-25T00:15Z,STATUS_FINAL,Los Angeles Rams,LAR,30,3-4,Minnesota Vikings,MIN,20,5-2,True,50,10,SoFi Stadium,Inglewood,False,Prime Video
2024,8,401671667,2024-10-27T17:00Z,STATUS_FINAL,Cincinnati Bengals,CIN,17,3-5,Philadelphia Eagles,PHI,37,5-2,False,54,20,Paycor Stadium,Cincinnati,False,CBS
2024,8,401671852,2024-10-27T17:00Z,STATUS_FINAL,Cleveland Browns,CLE,29,2-6,Baltimore Ravens,BAL,24,5-3,True,53,5,Huntington Bank Field,Cleveland,False,CBS
2024,8,401671720,2024-10-27T17:00Z,STATUS_FINAL,Detroit Lions,DET,52,6-1,Tennessee Titans,TEN,14,1-6,True,66,38,Ford Field,Detroit,False,FOX
2024,8,401671850,2024-10-27T17:00Z,STATUS_FINAL,Miami Dolphins,MIA,27,2-5,Arizona Cardinals,ARI,28,4-4,False,55,1,Hard Rock Stadium,Miami Gardens,False,FOX
2024,8,401671618,2024-10-27T17:00Z,STATUS_FINAL,New England Patriots,NE,25,2-6,New York Jets,NYJ,22,2-6,True,47,3,Gillette Stadium,Foxborough,False,CBS
2024,8,401671739,2024-10-27T17:00Z,STATUS_FINAL,Tampa Bay Buccaneers,TB,26,4-4,Atlanta Falcons,ATL,31,5-3,False,57,5,Raymond James Stadium,Tampa,False,FOX
2024,8,401671707,2024-10-27T17:00Z,STATUS_FINAL,Jacksonville Jaguars,JAX,27,2-6,Green Bay Packers,GB,30,6-2,False,57,3,EverBank Stadium,Jacksonville,False,FOX
2024,8,401671856,2024-10-27T17:00Z,STATUS_FINAL,Houston Texans,HOU,23,6-2,Indianapolis Colts,IND,20,4-4,True,43,3,NRG Stadium,Houston,False,CBS
2024,8,401671750,2024-10-27T20:05Z,STATUS_FINAL,Los Angeles Chargers,LAC,26,4-3,New Orleans Saints,NO,8,2-6,True,34,18,SoFi Stadium,Inglewood,False,FOX
2024,8,401671760,2024-10-27T20:05Z,STATUS_FINAL,Seattle Seahawks,SEA,10,4-4,Buffalo Bills,BUF,31,6-2,False,41,21,Lumen Field,Seattle,False,FOX
2024,8,401671600,2024-10-27T20:25Z,STATUS_FINAL,Denver Broncos,DEN,28,5-3,Carolina Panthers,CAR,14,1-7,True,42,14,Empower Field at Mile High,Denver,False,CBS
2024,8,401671671,2024-10-27T20:25Z,STATUS_FINAL,Las Vegas Raiders,LV,20,2-6,Kansas City Chiefs,KC,27,7-0,False,47,7,Allegiant Stadium,Las Vegas,False,CBS
2024,8,401671599,2024-10-27T20:25Z,STATUS_FINAL,Washington Commanders,WSH,18,6-2,Chicago Bears,CHI,15,4-3,True,33,3,Northwest Stadium,Landover,False,CBS
2024,8,401671795,2024-10-28T00:20Z,STATUS_FINAL,San Francisco 49ers,SF,30,4-4,Dallas Cowboys,DAL,24,3-4,True,54,6,Levi's Stadium,Santa Clara,False,NBC
2024,8,401671685,2024-10-29T00:15Z,STATUS_FINAL,Pittsburgh Steelers,PIT,26,6-2,New York Giants,NYG,18,2-6,True,44,8,Acrisure Stadium,Pittsburgh,False,ESPN
2024,9,401671809,2024-11-01T00:15Z,STATUS_FINAL,New York Jets,NYJ,21,3-6,Houston Texans,HOU,13,6-3,True,34,8,MetLife Stadium,East Rutherford,False,Prime Video
2024,9,401671728,2024-11-03T18:00Z,STATUS_FINAL,Atlanta Falcons,ATL,27,6-3,Dallas Cowboys,DAL,21,3-5,True,48,6,Mercedes-Benz Stadium,Atlanta,False,FOX
2024,9,401671493,2024-11-03T18:00Z,STATUS_FINAL,Buffalo Bills,BUF,30,7-2,Miami Dolphins,MIA,27,2-6,True,57,3,Highmark Stadium,Orchard Park,False,CBS
2024,9,401671704,2024-11-03T18:00Z,STATUS_FINAL,Cincinnati Bengals,CIN,41,4-5,Las Vegas Raiders,LV,24,2-7,True,65,17,Paycor Stadium,Cincinnati,False,FOX
2024,9,401671629,2024-11-03T18:00Z,STATUS_FINAL,Cleveland Browns,CLE,10,2-7,Los Angeles Chargers,LAC,27,5-3,False,37,17,Huntington Bank Field,Cleveland,False,CBS
2024,9,401671822,2024-11-03T18:00Z,STATUS_FINAL,Tennessee Titans,TEN,20,2-6,New England Patriots,NE,17,2-7,True,37,3,Nissan Stadium,Nashville,False,FOX
2024,9,401671711,2024-11-03T18:00Z,STATUS_FINAL,New York Giants,NYG,22,2-7,Washington Commanders,WSH,27,7-2,False,49,5,MetLife Stadium,East Rutherford,False,FOX
2024,9,401671650,2024-11-03T18:00Z,STATUS_FINAL,Carolina Panthers,CAR,23,2-7,New Orleans Saints,NO,22,2-7,True,45,1,Bank of America Stadium,Charlotte,False,CBS
2024,9,401671623,2024-11-03T18:00Z,STATUS_FINAL,Baltimore Ravens,BAL,41,6-3,Denver Broncos,DEN,10,5-4,True,51,31,M&T Bank Stadium,Baltimore,False,CBS
2024,9,401671797,2024-11-03T21:05Z,STATUS_FINAL,Philadelphia Eagles,PHI,28,6-2,Jacksonville Jaguars,JAX,23,2-7,True,51,5,Lincoln Financial Field,Philadelphia,False,CBS
2024,9,401671661,2024-11-03T21:05Z,STATUS_FINAL,Arizona Cardinals,ARI,29,5-4,Chicago Bears,CHI,9,4-4,True,38,20,State Farm Stadium,Glendale,False,CBS
2024,9,401671767,2024-11-03T21:25Z,STATUS_FINAL,Green Bay Packers,GB,14,6-3,Detroit Lions,DET,24,7-1,False,38,10,Lambeau Field,Green Bay,False,FOX
2024,9,401671776,2024-11-03T21:25Z,STATUS_FINAL,Seattle Seahawks,SEA,20,4-5,Los Angeles Rams,LAR,26,4-4,False,46,6,Lumen Field,Seattle,False,FOX
2024,9,401671647,2024-11-04T01:20Z,STATUS_FINAL,Minnesota Vikings,MIN,21,6-2,Indianapolis Colts,IND,13,4-5,True,34,8,U.S. Bank Stadium,Minneapolis,False,NBC
2024,9,401671688,2024-11-05T01:15Z,STATUS_FINAL,Kansas City Chiefs,KC,30,8-0,Tampa Bay Buccaneers,TB,24,4-5,True,54,6,GEHA Field at Arrowhead Stadium,Kansas City,False,ESPN
2024,10,401671810,2024-11-08T01:15Z,STATUS_FINAL,Baltimore Ravens,BAL,35,7-3,Cincinnati Bengals,CIN,34,4-6,True,69,1,M&T Bank Stadium,Baltimore,False,Prime Video
2024,10,401671803,2024-11-10T14:30Z,STATUS_FINAL,Carolina Panthers,CAR,20,3-7,New York Giants,NYG,17,2-8,True,37,3,Allianz Arena,Munich,True,NFL Net
2024,10,401671873,2024-11-10T18:00Z,STATUS_FINAL,Chicago Bears,CHI,3,4-5,New England Patriots,NE,19,3-7,False,22,16,Soldier Field,Chicago,False,FOX
2024,10,401671863,2024-11-10T18:00Z,STATUS_FINAL,Indianapolis Colts,IND,20,4-6,Buffalo Bills,BUF,30,8-2,False,50,10,Lucas Oil Stadium,Indianapolis,False,CBS
2024,10,401671637,2024-11-10T18:00Z,STATUS_FINAL,Kansas City Chiefs,KC,16,9-0,Denver Broncos,DEN,14,5-5,True,30,2,GEHA Field at Arrowhead Stadium,Kansas City,False,CBS
2024,10,401671733,2024-11-10T18:00Z,STATUS_FINAL,New Orleans Saints,NO,20,3-7,Atlanta Falcons,ATL,17,6-4,True,37,3,Caesars Superdome,New Orleans,False,FOX
2024,10,401671742,2024-11-10T18:00Z,STATUS_FINAL,Tampa Bay Buccaneers,TB,20,4-6,San Francisco 49ers,SF,23,5-4,False,43,3,Raymond James Stadium,Tampa,False,FOX
2024,10,401671641,2024-11-10T18:00Z,STATUS_FINAL,Washington Commanders,WSH,27,7-3,Pittsburgh Steelers,PIT,28,7-2,False,55,1,Northwest Stadium,Landover,False,CBS
2024,10,401671708,2024-11-10T18:00Z,STATUS_FINAL,Jacksonville Jaguars,JAX,7,2-8,Minnesota Vikings,MIN,12,7-2,False,19,5,EverBank Stadium,Jacksonville,False,FOX
2024,10,401671751,2024-11-10T21:05Z,STATUS_FINAL,Los Angeles Chargers,LAC,27,6-3,Tennessee Titans,TEN,17,2-7,True,44,10,SoFi Stadium,Inglewood,False,FOX
2024,10,401671676,2024-11-10T21:25Z,STATUS_FINAL,Dallas Cowboys,DAL,6,3-6,Philadelphia Eagles,PHI,34,7-2,False,40,28,AT&T Stadium,Arlington,False,CBS
2024,10,401671678,2024-11-10T21:25Z,STATUS_FINAL,Arizona Cardinals,ARI,31,6-4,New York Jets,NYJ,6,3-7,True,37,25,State Farm Stadium,Glendale,False,CBS
2024,10,401671787,2024-11-11T01:20Z,STATUS_FINAL,Houston Texans,HOU,23,6-4,Detroit Lions,DET,26,8-1,False,49,3,NRG Stadium,Houston,False,NBC
2024,10,401671693,2024-11-12T01:15Z,STATUS_FINAL,Los Angeles Rams,LAR,15,4-5,Miami Dolphins,MIA,23,3-6,False,38,8,SoFi Stadium,Inglewood,False,ESPN
2024,11,401671813,2024-11-15T01:15Z,STATUS_FINAL,Philadelphia Eagles,PHI,26,8-2,Washington Commanders,WSH,18,7-4,True,44,8,Lincoln Financial Field,Philadelphia,False,Prime Video
2024,11,401671869,2024-11-17T18:00Z,STATUS_FINAL,Chicago Bears,CHI,19,4-6,Green Bay Packers,GB,20,7-3,False,39,1,Soldier Field,Chicago,False,FOX
2024,11,401671642,2024-11-17T18:00Z,STATUS_FINAL,Detroit Lions,DET,52,9-1,Jacksonville Jaguars,JAX,6,2-9,True,58,46,Ford Field,Detroit,False,CBS
2024,11,401671824,2024-11-17T18:00Z,STATUS_FINAL,Tennessee Titans,TEN,13,2-8,Minnesota Vikings,MIN,23,8-2,False,36,10,Nissan Stadium,Nashville,False,CBS
2024,11,401671851,2024-11-17T18:00Z,STATUS_FINAL,Miami Dolphins,MIA,34,4-6,Las Vegas Raiders,LV,19,2-8,True,53,15,Hard Rock Stadium,Miami Gardens,False,CBS
2024,11,401671701,2024-11-17T18:00Z,STATUS_FINAL,New England Patriots,NE,22,3-8,Los Angeles Rams,LAR,28,5-5,False,50,6,Gillette Stadium,Foxborough,False,FOX
2024,11,401671746,2024-11-17T18:00Z,STATUS_FINAL,New Orleans Saints,NO,35,4-7,Cleveland Browns,CLE,14,2-8,True,49,21,Caesars Superdome,New Orleans,False,FOX
2024,11,401671782,2024-11-17T18:00Z,STATUS_FINAL,New York Jets,NYJ,27,3-8,Indianapolis Colts,IND,28,5-6,False,55,1,MetLife Stadium,East Rutherford,False,CBS
2024,11,401671630,2024-11-17T18:00Z,STATUS_FINAL,Pittsburgh Steelers,PIT,18,8-2,Baltimore Ravens,BAL,16,7-4,True,34,2,Acrisure Stadium,Pittsburgh,False,CBS
2024,11,401671748,2024-11-17T21:05Z,STATUS_FINAL,Denver Broncos,DEN,38,6-5,Atlanta Falcons,ATL,6,6-5,True,44,32,Empower Field at Mile High,Denver,False,FOX
2024,11,401671757,2024-11-17T21:05Z,STATUS_FINAL,San Francisco 49ers,SF,17,5-5,Seattle Seahawks,SEA,20,5-5,False,37,3,Levi's Stadium,Santa Clara,False,FOX
2024,11,401671665,2024-11-17T21:25Z,STATUS_FINAL,Buffalo Bills,BUF,30,9-2,Kansas City Chiefs,KC,21,9-1,True,51,9,Highmark Stadium,Orchard Park,False,CBS
2024,11,401671675,2024-11-18T01:20Z,STATUS_FINAL,Los Angeles Chargers,LAC,34,7-3,Cincinnati Bengals,CIN,27,4-7,True,61,7,SoFi Stadium,Inglewood,False,NBC
2024,11,401671694,2024-11-19T01:15Z,STATUS_FINAL,Dallas Cowboys,DAL,10,3-7,Houston Texans,HOU,34,7-4,False,44,24,AT&T Stadium,Arlington,False,ESPN
2024,12,401671875,2024-11-22T01:15Z,STATUS_FINAL,Cleveland Browns,CLE,24,3-8,Pittsburgh Steelers,PIT,19,8-3,True,43,5,Huntington Bank Field,Cleveland,False,Prime Video
2024,12,401671870,2024-11-24T18:00Z,STATUS_FINAL,Chicago Bears,CHI,27,4-7,Minnesota Vikings,MIN,30,9-2,False,57,3,Soldier Field,Chicago,False,FOX
2024,12,401671866,2024-11-24T18:00Z,STATUS_FINAL,Indianapolis Colts,IND,6,5-7,Detroit Lions,DET,24,10-1,False,30,18,Lucas Oil Stadium,Indianapolis,False,FOX
2024,12,401671847,2024-11-24T18:00Z,STATUS_FINAL,Miami Dolphins,MIA,34,5-6,New England Patriots,NE,15,3-9,True,49,19,Hard Rock Stadium,Miami Gardens,False,CBS
2024,12,401671638,2024-11-24T18:00Z,STATUS_FINAL,New York Giants,NYG,7,2-9,Tampa Bay Buccaneers,TB,30,5-6,False,37,23,MetLife Stadium,East Rutherford,False,CBS
2024,12,401671715,2024-11-24T18:00Z,STATUS_FINAL,Washington Commanders,WSH,26,7-5,Dallas Cowboys,DAL,34,4-7,False,60,8,Northwest Stadium,Landover,False,FOX
2024,12,401671651,2024-11-24T18:00Z,STATUS_FINAL,Carolina Panthers,CAR,27,3-8,Kansas City Chiefs,KC,30,10-1,False,57,3,Bank of America Stadium,Charlotte,False,CBS
2024,12,401671858,2024-11-24T18:00Z,STATUS_FINAL,Houston Texans,HOU,27,7-5,Tennessee Titans,TEN,32,3-8,False,59,5,NRG Stadium,Houston,False,CBS
2024,12,401671656,2024-11-24T21:05Z,STATUS_FINAL,Las Vegas Raiders,LV,19,2-9,Denver Broncos,DEN,29,7-5,False,48,10,Allegiant Stadium,Las Vegas,False,CBS
2024,12,401671768,2024-11-24T21:25Z,STATUS_FINAL,Green Bay Packers,GB,38,8-3,San Francisco 49ers,SF,10,5-6,True,48,28,Lambeau Field,Green Bay,False,FOX
2024,12,401671775,2024-11-24T21:25Z,STATUS_FINAL,Seattle Seahawks,SEA,16,6-5,Arizona Cardinals,ARI,6,6-5,True,22,10,Lumen Field,Seattle,False,FOX
2024,12,401671794,2024-11-25T01:20Z,STATUS_FINAL,Los Angeles Rams,LAR,20,5-6,Philadelphia Eagles,PHI,37,9-2,False,57,17,SoFi Stadium,Inglewood,False,NBC
2024,12,401671689,2024-11-26T01:15Z,STATUS_FINAL,Los Angeles Chargers,LAC,23,7-4,Baltimore Ravens,BAL,30,8-4,False,53,7,SoFi Stadium,Inglewood,False,ESPN
2024,13,401671492,2024-11-28T17:30Z,STATUS_FINAL,Detroit Lions,DET,23,11-1,Chicago Bears,CHI,20,4-8,True,43,3,Ford Field,Detroit,False,CBS
2024,13,401671779,2024-11-28T21:30Z,STATUS_FINAL,Dallas Cowboys,DAL,27,5-7,New York Giants,NYG,20,2-10,True,47,7,AT&T Stadium,Arlington,False,FOX
2024,13,401671798,2024-11-29T01:20Z,STATUS_FINAL,Green Bay Packers,GB,30,9-3,Miami Dolphins,MIA,17,5-7,True,47,13,Lambeau Field,Green Bay,False,NBC
2024,13,401671806,2024-11-29T20:00Z,STATUS_FINAL,Kansas City Chiefs,KC,19,11-1,Las Vegas Raiders,LV,17,2-10,True,36,2,GEHA Field at Arrowhead Stadium,Kansas City,False,Prime Video
2024,13,401671649,2024-12-01T18:00Z,STATUS_FINAL,Atlanta Falcons,ATL,13,6-6,Los Angeles Chargers,LAC,17,8-4,False,30,4,Mercedes-Benz Stadium,Atlanta,False,CBS
2024,13,401671627,2024-12-01T18:00Z,STATUS_FINAL,Cincinnati Bengals,CIN,38,4-8,Pittsburgh Steelers,PIT,44,9-3,False,82,6,Paycor Stadium,Cincinnati,False,CBS
2024,13,401671726,2024-12-01T18:00Z,STATUS_FINAL,Minnesota Vikings,MIN,23,10-2,Arizona Cardinals,ARI,22,6-6,True,45,1,U.S. Bank Stadium,Minneapolis,False,FOX
2024,13,401671620,2024-12-01T18:00Z,STATUS_FINAL,New England Patriots,NE,24,3-10,Indianapolis Colts,IND,25,6-7,False,49,1,Gillette Stadium,Foxborough,False,CBS
2024,13,401671703,2024-12-01T18:00Z,STATUS_FINAL,New York Jets,NYJ,21,3-9,Seattle Seahawks,SEA,26,7-5,False,47,5,MetLife Stadium,East Rutherford,False,FOX
2024,13,401671743,2024-12-01T18:00Z,STATUS_FINAL,Washington Commanders,WSH,42,8-5,Tennessee Titans,TEN,19,3-9,True,61,23,Northwest Stadium,Landover,False,CBS
2024,13,401671705,2024-12-01T18:00Z,STATUS_FINAL,Jacksonville Jaguars,JAX,20,2-10,Houston Texans,HOU,23,8-5,False,43,3,EverBank Stadium,Jacksonville,False,FOX
2024,13,401671753,2024-12-01T21:05Z,STATUS_FINAL,New Orleans Saints,NO,14,4-8,Los Angeles Rams,LAR,21,6-6,False,35,7,Caesars Superdome,New Orleans,False,FOX
2024,13,401671752,2024-12-01T21:05Z,STATUS_FINAL,Carolina Panthers,CAR,23,3-9,Tampa Bay Buccaneers,TB,26,6-6,False,49,3,Bank of America Stadium,Charlotte,False,FOX
2024,13,401671666,2024-12-01T21:25Z,STATUS_FINAL,Baltimore Ravens,BAL,19,8-5,Philadelphia Eagles,PHI,24,10-2,False,43,5,M&T Bank Stadium,Baltimore,False,CBS
2024,13,401671781,2024-12-02T01:20Z,STATUS_FINAL,Buffalo Bills,BUF,35,10-2,San Francisco 49ers,SF,10,5-7,True,45,25,Highmark Stadium,Orchard Park,False,NBC
2024,13,401671686,2024-12-03T01:15Z,STATUS_FINAL,Denver Broncos,DEN,41,8-5,Cleveland Browns,CLE,32,3-9,True,73,9,Empower Field at Mile High,Denver,False,ESPN
2024,14,401671814,2024-12-06T01:15Z,STATUS_FINAL,Detroit Lions,DET,34,12-1,Green Bay Packers,GB,31,9-4,True,65,3,Ford Field,Detroit,False,Prime Video
2024,14,401671821,2024-12-08T18:00Z,STATUS_FINAL,Tennessee Titans,TEN,6,3-10,Jacksonville Jaguars,JAX,10,3-10,False,16,4,Nissan Stadium,Nashville,False,CBS
2024,14,401671848,2024-12-08T18:00Z,STATUS_FINAL,Miami Dolphins,MIA,32,6-7,New York Jets,NYJ,26,3-10,True,58,6,Hard Rock Stadium,Miami Gardens,False,CBS
2024,14,401671648,2024-12-08T18:00Z,STATUS_FINAL,Minnesota Vikings,MIN,42,11-2,Atlanta Falcons,ATL,21,6-7,True,63,21,U.S. Bank Stadium,Minneapolis,False,FOX
2024,14,401671601,2024-12-08T18:00Z,STATUS_FINAL,New York Giants,NYG,11,2-11,New Orleans Saints,NO,14,5-8,False,25,3,MetLife Stadium,East Rutherford,False,FOX
2024,14,401671713,2024-12-08T18:00Z,STATUS_FINAL,Philadelphia Eagles,PHI,22,11-2,Carolina Panthers,CAR,16,3-10,True,38,6,Lincoln Financial Field,Philadelphia,False,FOX
2024,14,401671631,2024-12-08T18:00Z,STATUS_FINAL,Pittsburgh Steelers,PIT,27,10-3,Cleveland Browns,CLE,14,3-10,True,41,13,Acrisure Stadium,Pittsburgh,False,CBS
2024,14,401671654,2024-12-08T18:00Z,STATUS_FINAL,Tampa Bay Buccaneers,TB,28,7-6,Las Vegas Raiders,LV,13,2-11,True,41,15,Raymond James Stadium,Tampa,False,CBS
2024,14,401671660,2024-12-08T21:05Z,STATUS_FINAL,Arizona Cardinals,ARI,18,6-7,Seattle Seahawks,SEA,30,8-5,False,48,12,State Farm Stadium,Glendale,False,CBS
2024,14,401671773,2024-12-08T21:25Z,STATUS_FINAL,Los Angeles Rams,LAR,44,7-6,Buffalo Bills,BUF,42,10-3,True,86,2,SoFi Stadium,Inglewood,False,FOX
2024,14,401671774,2024-12-08T21:25Z,STATUS_FINAL,San Francisco 49ers,SF,38,6-7,Chicago Bears,CHI,13,4-9,True,51,25,Levi's Stadium,Santa Clara,False,FOX
2024,14,401671788,2024-12-09T01:20Z,STATUS_FINAL,Kansas City Chiefs,KC,19,12-1,Los Angeles Chargers,LAC,17,8-5,True,36,2,GEHA Field at Arrowhead Stadium,Kansas City,False,NBC
2024,14,401671690,2024-12-10T01:15Z,STATUS_FINAL,Dallas Cowboys,DAL,20,5-8,Cincinnati Bengals,CIN,27,5-8,False,47,7,AT&T Stadium,Arlington,False,ESPN
2024,15,401671818,2024-12-13T01:15Z,STATUS_FINAL,San Francisco 49ers,SF,6,6-8,Los Angeles Rams,LAR,12,8-6,False,18,6,Levi's Stadium,Santa Clara,False,Prime Video
2024,15,401671854,2024-12-15T18:00Z,STATUS_FINAL,Cleveland Browns,CLE,7,3-11,Kansas City Chiefs,KC,21,13-1,False,28,14,Huntington Bank Field,Cleveland,False,CBS
2024,15,401671825,2024-12-15T18:00Z,STATUS_FINAL,Tennessee Titans,TEN,27,3-11,Cincinnati Bengals,CIN,37,6-8,False,64,10,Nissan Stadium,Nashville,False,FOX
2024,15,401671737,2024-12-15T18:00Z,STATUS_FINAL,New Orleans Saints,NO,19,5-9,Washington Commanders,WSH,20,9-5,False,39,1,Caesars Superdome,New Orleans,False,FOX
2024,15,401671639,2024-12-15T18:00Z,STATUS_FINAL,New York Giants,NYG,14,2-12,Baltimore Ravens,BAL,35,9-5,False,49,21,MetLife Stadium,East Rutherford,False,CBS
2024,15,401671731,2024-12-15T18:00Z,STATUS_FINAL,Carolina Panthers,CAR,14,3-11,Dallas Cowboys,DAL,30,6-8,False,44,16,Bank of America Stadium,Charlotte,False,FOX
2024,15,401671706,2024-12-15T18:00Z,STATUS_FINAL,Jacksonville Jaguars,JAX,25,3-11,New York Jets,NYJ,32,4-10,False,57,7,EverBank Stadium,Jacksonville,False,FOX
2024,15,401671860,2024-12-15T18:00Z,STATUS_FINAL,Houston Texans,HOU,20,9-5,Miami Dolphins,MIA,12,6-8,True,32,8,NRG Stadium,Houston,False,CBS
2024,15,401671669,2024-12-15T21:25Z,STATUS_FINAL,Denver Broncos,DEN,31,9-5,Indianapolis Colts,IND,13,6-8,True,44,18,Empower Field at Mile High,Denver,False,CBS
2024,15,401671681,2024-12-15T21:25Z,STATUS_FINAL,Detroit Lions,DET,42,12-2,Buffalo Bills,BUF,48,11-3,False,90,6,Ford Field,Detroit,False,CBS
2024,15,401671766,2024-12-15T21:25Z,STATUS_FINAL,Philadelphia Eagles,PHI,27,12-2,Pittsburgh Steelers,PIT,13,10-4,True,40,14,Lincoln Financial Field,Philadelphia,False,FOX
2024,15,401671677,2024-12-15T21:25Z,STATUS_FINAL,Arizona Cardinals,ARI,30,7-7,New England Patriots,NE,17,3-11,True,47,13,State Farm Stadium,Glendale,False,CBS
2024,15,401671762,2024-12-15T21:25Z,STATUS_FINAL,Los Angeles Chargers,LAC,17,8-6,Tampa Bay Buccaneers,TB,40,8-6,False,57,23,SoFi Stadium,Inglewood,False,FOX
2024,15,401671796,2024-12-16T01:20Z,STATUS_FINAL,Seattle Seahawks,SEA,13,8-6,Green Bay Packers,GB,30,10-4,False,43,17,Lumen Field,Seattle,False,NBC
2024,15,401671489,2024-12-17T01:00Z,STATUS_FINAL,Minnesota Vikings,MIN,30,12-2,Chicago Bears,CHI,12,4-10,True,42,18,U.S. Bank Stadium,Minneapolis,False,ABC
2024,15,401671697,2024-12-17T01:30Z,STATUS_FINAL,Las Vegas Raiders,LV,9,2-12,Atlanta Falcons,ATL,15,7-7,False,24,6,Allegiant Stadium,Las Vegas,False,ESPN
2024,16,401671749,2024-12-20T01:15Z,STATUS_FINAL,Los Angeles Chargers,LAC,34,9-6,Denver Broncos,DEN,27,9-6,True,61,7,SoFi Stadium,Inglewood,False,Prime Video
2024,16,401671780,2024-12-21T18:00Z,STATUS_FINAL,Kansas City Chiefs,KC,27,14-1,Houston Texans,HOU,19,9-6,True,46,8,GEHA Field at Arrowhead Stadium,Kansas City,False,NBC
2024,16,401671778,2024-12-21T21:30Z,STATUS_FINAL,Baltimore Ravens,BAL,34,10-5,Pittsburgh Steelers,PIT,17,10-5,True,51,17,M&T Bank Stadium,Baltimore,False,FOX
2024,16,401671729,2024-12-22T18:00Z,STATUS_FINAL,Atlanta Falcons,ATL,34,8-7,New York Giants,NYG,7,2-13,True,41,27,Mercedes-Benz Stadium,Atlanta,False,FOX
2024,16,401671868,2024-12-22T18:00Z,STATUS_FINAL,Chicago Bears,CHI,17,4-11,Detroit Lions,DET,34,13-2,False,51,17,Soldier Field,Chicago,False,FOX
2024,16,401671811,2024-12-22T18:00Z,STATUS_FINAL,Cincinnati Bengals,CIN,24,7-8,Cleveland Browns,CLE,6,3-12,True,30,18,Paycor Stadium,Cincinnati,False,CBS
2024,16,401671862,2024-12-22T18:00Z,STATUS_FINAL,Indianapolis Colts,IND,38,7-8,Tennessee Titans,TEN,30,3-12,True,68,8,Lucas Oil Stadium,Indianapolis,False,CBS
2024,16,401671621,2024-12-22T18:00Z,STATUS_FINAL,New York Jets,NYJ,9,4-11,Los Angeles Rams,LAR,19,9-6,False,28,10,MetLife Stadium,East Rutherford,False,CBS
2024,16,401671717,2024-12-22T18:00Z,STATUS_FINAL,Washington Commanders,WSH,36,10-5,Philadelphia Eagles,PHI,33,12-3,True,69,3,Northwest Stadium,Landover,False,FOX
2024,16,401671732,2024-12-22T18:00Z,STATUS_FINAL,Carolina Panthers,CAR,36,4-11,Arizona Cardinals,ARI,30,7-8,True,66,6,Bank of America Stadium,Charlotte,False,FOX
2024,16,401671759,2024-12-22T21:05Z,STATUS_FINAL,Seattle Seahawks,SEA,24,8-7,Minnesota Vikings,MIN,27,13-2,False,51,3,Lumen Field,Seattle,False,FOX
2024,16,401671494,2024-12-22T21:25Z,STATUS_FINAL,Buffalo Bills,BUF,24,12-3,New England Patriots,NE,21,3-12,True,45,3,Highmark Stadium,Orchard Park,False,CBS
2024,16,401671673,2024-12-22T21:25Z,STATUS_FINAL,Las Vegas Raiders,LV,19,3-12,Jacksonville Jaguars,JAX,14,3-12,True,33,5,Allegiant Stadium,Las Vegas,False,CBS
2024,16,401671874,2024-12-22T21:25Z,STATUS_FINAL,Miami Dolphins,MIA,29,7-8,San Francisco 49ers,SF,17,6-9,True,46,12,Hard Rock Stadium,Miami Gardens,False,CBS
2024,16,401671790,2024-12-23T01:20Z,STATUS_FINAL,Dallas Cowboys,DAL,26,7-8,Tampa Bay Buccaneers,TB,24,8-7,True,50,2,AT&T Stadium,Arlington,False,NBC
2024,16,401671692,2024-12-24T01:15Z,STATUS_FINAL,Green Bay Packers,GB,34,11-4,New Orleans Saints,NO,0,5-10,True,34,34,Lambeau Field,Green Bay,False,ESPN
2024,17,401671799,2024-12-25T18:00Z,STATUS_FINAL,Pittsburgh Steelers,PIT,10,10-6,Kansas City Chiefs,KC,29,15-1,False,39,19,Acrisure Stadium,Pittsburgh,False,Netflix
2024,17,401671800,2024-12-25T21:30Z,STATUS_FINAL,Houston Texans,HOU,2,9-7,Baltimore Ravens,BAL,31,11-5,False,33,29,NRG Stadium,Houston,False,Netflix
2024,17,401671876,2024-12-27T01:15Z,STATUS_FINAL,Chicago Bears,CHI,3,4-12,Seattle Seahawks,SEA,6,9-7,False,9,3,Soldier Field,Chicago,False,Prime Video
2024,17,401671832,2024-12-28T18:00Z,STATUS_FINAL,New England Patriots,NE,7,3-13,Los Angeles Chargers,LAC,40,10-6,False,47,33,Gillette Stadium,Foxborough,False,NFL Net
2024,17,401671835,2024-12-28T21:30Z,STATUS_FINAL,Cincinnati Bengals,CIN,30,8-8,Denver Broncos,DEN,24,9-7,True,54,6,Paycor Stadium,Cincinnati,False,NFL Net
2024,17,401671829,2024-12-29T01:00Z,STATUS_FINAL,Los Angeles Rams,LAR,13,10-6,Arizona Cardinals,ARI,9,7-9,True,22,4,SoFi Stadium,Inglewood,False,NFL Net
2024,17,401671495,2024-12-29T18:00Z,STATUS_FINAL,Buffalo Bills,BUF,40,13-3,New York Jets,NYJ,14,4-12,True,54,26,Highmark Stadium,Orchard Park,False,CBS
2024,17,401671738,2024-12-29T18:00Z,STATUS_FINAL,New Orleans Saints,NO,10,5-11,Las Vegas Raiders,LV,25,4-12,False,35,15,Caesars Superdome,New Orleans,False,FOX
2024,17,401671846,2024-12-29T18:00Z,STATUS_FINAL,New York Giants,NYG,45,3-13,Indianapolis Colts,IND,33,7-9,True,78,12,MetLife Stadium,East Rutherford,False,FOX
2024,17,401671765,2024-12-29T18:00Z,STATUS_FINAL,Philadelphia Eagles,PHI,41,13-3,Dallas Cowboys,DAL,7,7-9,True,48,34,Lincoln Financial Field,Philadelphia,False,FOX
2024,17,401671653,2024-12-29T18:00Z,STATUS_FINAL,Tampa Bay Buccaneers,TB,48,9-7,Carolina Panthers,CAR,14,4-12,True,62,34,Raymond James Stadium,Tampa,False,CBS
2024,17,401671634,2024-12-29T18:00Z,STATUS_FINAL,Jacksonville Jaguars,JAX,20,4-12,Tennessee Titans,TEN,13,3-13,True,33,7,EverBank Stadium,Jacksonville,False,CBS
2024,17,401671877,2024-12-29T21:05Z,STATUS_FINAL,Cleveland Browns,CLE,3,3-13,Miami Dolphins,MIA,20,8-8,False,23,17,Huntington Bank Field,Cleveland,False,CBS
2024,17,401671725,2024-12-29T21:25Z,STATUS_FINAL,Minnesota Vikings,MIN,27,14-2,Green Bay Packers,GB,25,11-5,True,52,2,U.S. Bank Stadium,Minneapolis,False,FOX
2024,17,401671842,2024-12-30T01:20Z,STATUS_FINAL,Washington Commanders,WSH,30,11-5,Atlanta Falcons,ATL,24,8-8,True,54,6,Northwest Stadium,Landover,False,NBC
2024,17,401671698,2024-12-31T01:15Z,STATUS_FINAL,San Francisco 49ers,SF,34,6-10,Detroit Lions,DET,40,14-2,False,74,6,Levi's Stadium,Santa Clara,False,ESPN
2024,18,401671834,2025-01-04T21:30Z,STATUS_FINAL,Baltimore Ravens,BAL,35,12-5,Cleveland Browns,CLE,10,3-14,True,45,25,M&T Bank Stadium,Baltimore,False,ESPN
2024,18,401671836,2025-01-05T01:00Z,STATUS_FINAL,Pittsburgh Steelers,PIT,17,10-7,Cincinnati Bengals,CIN,19,9-8,False,36,2,Acrisure Stadium,Pittsburgh,False,ESPN
2024,18,401671827,2025-01-05T18:00Z,STATUS_FINAL,Atlanta Falcons,ATL,38,8-9,Carolina Panthers,CAR,44,5-12,False,82,6,Mercedes-Benz Stadium,Atlanta,False,CBS
2024,18,401671840,2025-01-05T18:00Z,STATUS_FINAL,Dallas Cowboys,DAL,19,7-10,Washington Commanders,WSH,23,12-5,False,42,4,AT&T Stadium,Arlington,False,FOX
2024,18,401671844,2025-01-05T18:00Z,STATUS_FINAL,Green Bay Packers,GB,22,11-6,Chicago Bears,CHI,24,5-12,False,46,2,Lambeau Field,Green Bay,False,FOX
2024,18,401671826,2025-01-05T18:00Z,STATUS_FINAL,Tennessee Titans,TEN,14,3-14,Houston Texans,HOU,23,10-7,False,37,9,Nissan Stadium,Nashville,False,CBS
2024,18,401671837,2025-01-05T18:00Z,STATUS_FINAL,Indianapolis Colts,IND,26,8-9,Jacksonville Jaguars,JAX,23,4-13,True,49,3,Lucas Oil Stadium,Indianapolis,False,FOX
2024,18,401671831,2025-01-05T18:00Z,STATUS_FINAL,New England Patriots,NE,23,4-13,Buffalo Bills,BUF,16,13-4,True,39,7,Gillette Stadium,Foxborough,False,CBS
2024,18,401671841,2025-01-05T18:00Z,STATUS_FINAL,Philadelphia Eagles,PHI,20,14-3,New York Giants,NYG,13,3-14,True,33,7,Lincoln Financial Field,Philadelphia,False,CBS
2024,18,401671828,2025-01-05T18:00Z,STATUS_FINAL,Tampa Bay Buccaneers,TB,27,10-7,New Orleans Saints,NO,19,5-12,True,46,8,Raymond James Stadium,Tampa,False,FOX
2024,18,401671838,2025-01-05T21:25Z,STATUS_FINAL,Denver Broncos,DEN,38,10-7,Kansas City Chiefs,KC,0,15-2,True,38,38,Empower Field at Mile High,Denver,False,CBS
2024,18,401671839,2025-01-05T21:25Z,STATUS_FINAL,Las Vegas Raiders,LV,20,4-13,Los Angeles Chargers,LAC,34,11-6,False,54,14,Allegiant Stadium,Las Vegas,False,CBS
2024,18,401671830,2025-01-05T21:25Z,STATUS_FINAL,Los Angeles Rams,LAR,25,10-7,Seattle Seahawks,SEA,30,10-7,False,55,5,SoFi Stadium,Inglewood,False,FOX
2024,18,401671833,2025-01-05T21:25Z,STATUS_FINAL,New York Jets,NYJ,32,5-12,Miami Dolphins,MIA,20,8-9,True,52,12,MetLife Stadium,East Rutherford,False,FOX
2024,18,401671845,2025-01-05T21:25Z,STATUS_FINAL,Arizona Cardinals,ARI,47,8-9,San Francisco 49ers,SF,24,6-11,True,71,23,State Farm Stadium,Glendale,False,FOX
2024,18,401671843,2025-01-06T01:20Z,STATUS_FINAL,Detroit Lions,DET,31,15-2,Minnesota Vikings,MIN,9,14-3,True,40,22,Ford Field,Detroit,False,NBC
