game_id,date,season,home_team,away_team,home_score,away_score,total_points,home_win,margin,home_elo_before,away_elo_before,elo_diff,home_ppg_last_3,away_ppg_last_3,home_win_pct_last_3,away_win_pct_last_3,home_ppg_last_5,away_ppg_last_5,home_win_pct_last_5,away_win_pct_last_5,home_ppg_last_10,away_ppg_last_10,home_win_pct_last_10,away_win_pct_last_10,home_rest_days,away_rest_days,rest_advantage,home_court_advantage,implied_spread,implied_total,home_momentum,away_momentum
22200008,2022-10-19,2022-23,TOR,CLE,108,105,213,1,3,1500.0,1500.0,0.0,0.0,0.0,0.0,0.0,0.0,0.0,0.0,0.0,0.0,0.0,0.0,0.0,0,0,0,1,0.0,115.0,0.0,0.0
22200009,2022-10-19,2022-23,MEM,NYK,115,112,227,1,3,1500.0,1500.0,0.0,0.0,0.0,0.0,0.0,0.0,0.0,0.0,0.0,0.0,0.0,0.0,0.0,0,0,0,1,0.0,115.0,0.0,0.0
22200014,2022-10-19,2022-23,SAC,POR,108,115,223,0,-7,1500.0,1500.0,0.0,0.0,0.0,0.0,0.0,0.0,0.0,0.0,0.0,0.0,0.0,0.0,0.0,0,0,0,1,0.0,115.0,0.0,0.0
22200012,2022-10-19,2022-23,UTA,DEN,123,102,225,1,21,1500.0,1500.0,0.0,0.0,0.0,0.0,0.0,0.0,0.0,0.0,0.0,0.0,0.0,0.0,0.0,0,0,0,1,0.0,115.0,0.0,0.0
22200016,2022-10-20,2022-23,LAL,LAC,97,103,200,0,-6,1472.9194979889778,1500.0,-27.08050201102219,0.0,0.0,0.0,0.0,0.0,0.0,0.0,0.0,0.0,0.0,0.0,0.0,0,0,0,1,-1.0832200804408876,115.0,0.0,0.0
22200015,2022-10-20,2022-23,PHI,MIL,88,90,178,0,-2,1476.9741490700596,1500.0,-23.02585092994036,0.0,0.0,0.0,0.0,0.0,0.0,0.0,0.0,0.0,0.0,0.0,0.0,0,0,0,1,-0.9210340371976145,115.0,0.0,0.0
22200025,2022-10-21,2022-23,MIN,UTA,126,132,258,0,-6,1520.7944154167983,1530.9104245335832,-10.11600911678488,0.0,0.0,0.0,0.0,0.0,0.0,0.0,0.0,0.0,0.0,0.0,0.0,1,0,1,1,-0.4046403646713952,115.0,0.0,0.0
22200023,2022-10-21,2022-23,NYK,DET,130,106,236,1,24,1486.137056388801,1516.094379124341,-29.957322735539947,0.0,0.0,0.0,0.0,0.0,0.0,0.0,0.0,0.0,0.0,0.0,0.0,0,0,0,1,-1.198292909421598,115.0,0.0,0.0
22200019,2022-10-21,2022-23,WAS,CHI,102,100,202,1,2,1520.7944154167983,1521.9722457733621,-1.1778303565638453,0.0,0.0,0.0,0.0,0.0,0.0,0.0,0.0,0.0,0.0,0.0,0.0,0,1,-1,1,-0.04711321426255381,115.0,0.0,0.0
22200026,2022-10-21,2022-23,GSW,DEN,123,128,251,0,-5,1527.0805020110222,1469.0895754664168,57.99092654460537,0.0,0.0,0.0,0.0,0.0,0.0,0.0,0.0,0.0,0.0,0.0,0.0,2,1,1,1,2.319637061784215,115.0,0.0,0.0
22200017,2022-10-21,2022-23,CHA,NOP,112,124,236,0,-12,1533.322045101752,1531.3549421592916,1.9671029424605422,0.0,0.0,0.0,0.0,0.0,0.0,0.0,0.0,0.0,0.0,0.0,0.0,0,1,-1,1,0.0786841176984217,115.0,0.0,0.0
22200024,2022-10-21,2022-23,HOU,MEM,122,129,251,0,-7,1476.0210472720164,1513.862943611199,-37.84189633918254,0.0,0.0,0.0,0.0,0.0,0.0,0.0,0.0,0.0,0.0,0.0,0.0,0,0,0,1,-1.5136758535673016,115.0,0.0,0.0
22200018,2022-10-21,2022-23,IND,SAS,134,137,271,0,-3,1479.2055845832017,1466.677954898248,12.527629684953808,0.0,0.0,0.0,0.0,0.0,0.0,0.0,0.0,0.0,0.0,0.0,0.0,1,0,1,1,0.5011051873981524,115.0,0.0,0.0
22200022,2022-10-21,2022-23,MIA,BOS,104,111,215,0,-7,1478.0277542266379,1523.0258509299404,-44.99809670330251,0.0,0.0,0.0,0.0,0.0,0.0,0.0,0.0,0.0,0.0,0.0,0.0,1,0,1,1,-1.7999238681321004,115.0,0.0,0.0
22200020,2022-10-21,2022-23,ATL,ORL,108,98,206,1,10,1523.9789527279836,1483.905620875659,40.0733318523246,0.0,0.0,0.0,0.0,0.0,0.0,0.0,0.0,0.0,0.0,0.0,0.0,1,1,0,1,1.602933274092984,115.0,0.0,0.0
22200027,2022-10-21,2022-23,POR,PHX,113,111,224,1,2,1520.7944154167983,1510.9861228866812,9.808292530117114,0.0,0.0,0.0,0.0,0.0,0.0,0.0,0.0,0.0,0.0,0.0,0.0,0,0,0,1,0.3923317012046846,115.0,0.0,0.0
22200021,2022-10-21,2022-23,BKN,TOR,109,105,214,1,4,1468.6450578407084,1513.862943611199,-45.21788577049051,0.0,0.0,0.0,0.0,0.0,0.0,0.0,0.0,0.0,0.0,0.0,0.0,1,0,1,1,-1.8087154308196205,115.0,0.0,0.0
22200031,2022-10-22,2022-23,MIA,TOR,112,109,221,1,3,1459.9115678793016,1495.6856677233366,-35.774099844034936,0.0,0.0,0.0,0.0,0.0,0.0,0.0,0.0,0.0,0.0,0.0,0.0,0,0,0,1,-1.4309639937613974,115.0,0.0,0.0
22200028,2022-10-22,2022-23,PHI,SAS,105,114,219,0,-9,1466.7150533791712,1481.0405439268634,-14.325490547692198,0.0,0.0,0.0,0.0,0.0,0.0,0.0,0.0,0.0,0.0,0.0,0.0,1,0,1,1,-0.573019621907688,115.0,0.0,0.0
22200030,2022-10-22,2022-23,ORL,BOS,120,126,246,0,-6,1462.680208587015,1541.1420372772766,-78.46182869026165,0.0,0.0,0.0,0.0,0.0,0.0,0.0,0.0,0.0,0.0,0.0,0.0,0,0,0,1,-3.1384731476104664,115.0,0.0,0.0
22200029,2022-10-22,2022-23,IND,DET,124,115,239,1,9,1464.8429955545862,1481.137031690356,-16.29403613576983,0.0,0.0,0.0,0.0,0.0,0.0,0.0,0.0,0.0,0.0,0.0,0.0,0,0,0,1,-0.6517614454307932,115.0,0.0,0.0
22200033,2022-10-22,2022-23,MIL,HOU,125,105,230,1,20,1510.2590956908884,1457.4825985898076,52.77649710108085,0.0,0.0,0.0,0.0,0.0,0.0,0.0,0.0,0.0,0.0,0.0,0.0,0,2,-2,1,2.111059884043234,115.0,0.0,0.0
22200036,2022-10-22,2022-23,SAC,LAC,109,111,220,0,-2,1479.2055845832017,1517.945446292933,-38.73986170973126,0.0,0.0,0.0,0.0,0.0,0.0,0.0,0.0,0.0,0.0,0.0,0.0,2,1,1,1,-1.5495944683892504,115.0,0.0,0.0
22200032,2022-10-22,2022-23,CHI,CLE,96,128,224,0,-32,1510.9488793226772,1486.137056388801,24.8118229338761,0.0,0.0,0.0,0.0,0.0,0.0,0.0,0.0,0.0,0.0,0.0,0.0,0,2,-2,1,0.9924729173550441,115.0,0.0,0.0
22200035,2022-10-22,2022-23,DEN,OKC,122,117,239,1,5,1489.9703527416082,1479.2055845832017,10.764768158406469,0.0,0.0,0.0,0.0,0.0,0.0,0.0,0.0,0.0,0.0,0.0,0.0,0,2,-2,1,0.4305907263362587,115.0,0.0,0.0
22200034,2022-10-22,2022-23,DAL,MEM,137,96,233,1,41,1489.0138771133188,1532.4013922934078,-43.38751518008894,0.0,0.0,0.0,0.0,0.0,0.0,0.0,0.0,0.0,0.0,0.0,0.0,0,0,0,1,-1.7355006072035577,115.0,0.0,0.0
22200041,2022-10-23,2022-23,OKC,MIN,106,116,222,0,-10,1461.842961991738,1501.90172925268,-40.05876726094198,0.0,0.0,0.0,0.0,0.0,0.0,0.0,0.0,0.0,0.0,0.0,0.0,0,0,0,1,-1.602350690437679,115.0,0.0,0.0
22200038,2022-10-23,2022-23,ATL,CHA,109,126,235,0,-17,1545.2043650166277,1507.5273313560701,37.67703366055753,0.0,0.0,0.0,0.0,0.0,0.0,0.0,0.0,0.0,0.0,0.0,0.0,1,3,-2,1,1.507081346422301,115.0,0.0,0.0
22200040,2022-10-23,2022-23,NOP,UTA,121,122,243,0,-1,1557.1496559049735,1549.8031106977014,7.346545207272129,0.0,0.0,0.0,0.0,0.0,0.0,0.0,0.0,0.0,0.0,0.0,0.0,0,1,-1,1,0.29386180829088515,115.0,0.0,0.0
22200037,2022-10-23,2022-23,LAL,POR,104,106,210,0,-2,1454.9740516960449,1531.4704765393988,-76.4964248433539,0.0,0.0,0.0,0.0,0.0,0.0,0.0,0.0,0.0,0.0,0.0,0.0,2,3,-1,1,-3.059856993734156,115.0,0.0,0.0
22200042,2022-10-23,2022-23,GSW,SAC,130,125,255,1,5,1506.1997247358308,1469.4393880046923,36.76033673113852,0.0,0.0,0.0,0.0,0.0,0.0,0.0,0.0,0.0,0.0,0.0,0.0,1,0,1,1,1.4704134692455408,115.0,0.0,0.0
22200043,2022-10-23,2022-23,LAC,PHX,95,112,207,0,-17,1527.7116428714423,1500.3100617640807,27.401581107361608,0.0,0.0,0.0,0.0,0.0,0.0,0.0,0.0,0.0,0.0,0.0,0.0,0,1,-1,1,1.0960632442944642,115.0,0.0,0.0
22200039,2022-10-23,2022-23,CLE,WAS,117,107,224,1,10,1523.5948975060182,1531.8177818674833,-8.222884361465049,0.0,0.0,0.0,0.0,0.0,0.0,0.0,0.0,0.0,0.0,0.0,0.0,0,3,-3,1,-0.328915374458602,115.0,0.0,0.0
22200050,2022-10-24,2022-23,MIN,SAS,106,115,221,0,-9,1523.1281334952137,1503.117528872366,20.010604622847723,119.0,117.66666666666667,0.6666666666666666,0.6666666666666666,0.0,0.0,0.0,0.0,0.0,0.0,0.0,0.0,2,1,1,1,0.8004241849139089,115.0,119.0,117.66666666666667
22200044,2022-10-24,2022-23,PHI,IND,120,106,226,1,14,1444.6380684336686,1488.9479219785349,-44.3098535448662,103.33333333333333,121.66666666666667,0.0,0.3333333333333333,0.0,0.0,0.0,0.0,0.0,0.0,0.0,0.0,1,0,1,1,-1.772394141794648,115.0,103.33333333333333,121.66666666666667
22200049,2022-10-24,2022-23,MEM,BKN,134,124,258,1,10,1490.3812331544364,1486.8223337285708,3.5588994258655475,113.33333333333333,0.0,0.6666666666666666,0.0,0.0,0.0,0.0,0.0,0.0,0.0,0.0,0.0,4,0,4,1,0.1423559770346219,115.0,113.33333333333333,0.0
22200051,2022-10-24,2022-23,POR,DEN,135,110,245,1,25,1540.076079207432,1507.3329753330718,32.74310387436026,111.33333333333333,117.33333333333333,1.0,0.6666666666666666,0.0,0.0,0.0,0.0,0.0,0.0,0.0,0.0,2,2,0,1,1.3097241549744103,115.0,111.33333333333333,117.33333333333333
22200046,2022-10-24,2022-23,NYK,ORL,115,102,217,1,13,1521.094403822786,1447.542368650849,73.55203517193695,0.0,109.0,0.0,0.0,0.0,0.0,0.0,0.0,0.0,0.0,0.0,0.0,2,2,0,1,2.942081406877478,115.0,0.0,109.0
22200045,2022-10-24,2022-23,MIA,TOR,90,98,188,0,-8,1475.196902040641,1480.4003335619973,-5.203431521356379,108.0,107.33333333333333,0.3333333333333333,0.3333333333333333,0.0,0.0,0.0,0.0,0.0,0.0,0.0,0.0,1,1,0,1,-0.20813726085425516,115.0,108.0,107.33333333333333
22200048,2022-10-24,2022-23,HOU,UTA,114,108,222,1,6,1431.6268484217162,1556.881127028654,-125.25427860693776,111.33333333333333,125.66666666666667,0.0,1.0,0.0,0.0,0.0,0.0,0.0,0.0,0.0,0.0,2,0,2,1,-5.0101711442775105,115.0,111.33333333333333,125.66666666666667
22200047,2022-10-24,2022-23,CHI,BOS,120,102,222,1,18,1473.49103820546,1556.2798772134424,-82.78883900798246,104.0,121.0,0.3333333333333333,1.0,0.0,0.0,0.0,0.0,0.0,0.0,0.0,0.0,1,1,0,1,-3.3115535603192985,115.0,104.0,121.0
22200053,2022-10-25,2022-23,NOP,DAL,113,111,224,1,2,1550.071639574021,1531.0340362522902,19.037603321730785,125.0,0.0,0.6666666666666666,0.0,0.0,0.0,0.0,0.0,0.0,0.0,0.0,0.0,1,5,-4,1,0.7615041328692314,115.0,125.0,0.0
22200052,2022-10-25,2022-23,WAS,DET,120,99,219,1,21,1507.2714164847057,1457.0321052664074,50.239311218298326,107.66666666666667,111.33333333333333,0.6666666666666666,0.3333333333333333,0.0,0.0,0.0,0.0,0.0,0.0,0.0,0.0,3,2,1,1,2.009572448731933,115.0,107.66666666666667,111.33333333333333
22200055,2022-10-25,2022-23,PHX,GSW,134,105,239,1,29,1531.4886456144636,1522.2285953371857,9.26005027727797,110.0,125.33333333333333,0.6666666666666666,0.6666666666666666,0.0,0.0,0.0,0.0,0.0,0.0,0.0,0.0,5,0,5,1,0.37040201109111875,115.0,110.0,125.33333333333333
22200054,2022-10-25,2022-23,OKC,LAC,108,94,202,1,14,1440.6165577492045,1496.5330590210594,-55.91650127185494,110.33333333333333,103.0,0.0,0.6666666666666666,0.0,0.0,0.0,0.0,0.0,0.0,0.0,0.0,1,2,-1,1,-2.236660050874198,115.0,110.33333333333333,103.0
22200062,2022-10-26,2022-23,MIN,SAS,134,122,256,1,12,1498.7775696857093,1527.4680926818703,-28.690522996161008,116.0,122.0,0.3333333333333333,1.0,0.0,0.0,0.0,0.0,0.0,0.0,0.0,0.0,1,1,0,1,-1.1476209198464402,115.0,116.0,122.0
22200060,2022-10-26,2022-23,MIL,BKN,110,99,209,1,11,1536.1148458589798,1463.0889968788413,73.02584898013856,0.0,113.66666666666667,0.0,0.3333333333333333,0.0,0.0,0.0,0.0,0.0,0.0,0.0,0.0,3,1,2,1,2.9210339592055425,115.0,0.0,113.66666666666667
22200056,2022-10-26,2022-23,CLE,ORL,103,92,195,1,11,1548.1412628887958,1426.6566813235158,121.48458156528,116.66666666666667,103.0,0.6666666666666666,0.0,0.0,0.0,0.0,0.0,0.0,0.0,0.0,0.0,2,1,1,1,4.8593832626112,115.0,116.66666666666667,103.0
22200059,2022-10-26,2022-23,TOR,PHI,119,109,228,1,10,1502.0435326470135,1475.1536518512364,26.889880795777117,104.0,114.0,0.3333333333333333,0.3333333333333333,0.0,0.0,0.0,0.0,0.0,0.0,0.0,0.0,6,7,-1,1,1.0755952318310846,115.0,104.0,114.0
22200058,2022-10-26,2022-23,NYK,CHA,134,131,265,1,3,1541.9800911501193,1539.5532318395565,2.4268593105628042,119.0,122.33333333333333,0.6666666666666666,0.6666666666666666,0.0,0.0,0.0,0.0,0.0,0.0,0.0,0.0,1,2,-1,1,0.09707437242251217,115.0,119.0,122.33333333333333
22200057,2022-10-26,2022-23,DET,ATL,113,118,231,0,-5,1430.5604452291752,1513.1784645331413,-82.6180193039661,106.66666666666667,111.33333333333333,0.0,0.6666666666666666,0.0,0.0,0.0,0.0,0.0,0.0,0.0,0.0,6,0,6,1,-3.304720772158644,115.0,106.66666666666667,111.33333333333333
22200065,2022-10-26,2022-23,POR,MIA,98,119,217,0,-21,1569.5955999447888,1453.5537029556247,116.04189698916412,118.66666666666667,102.0,1.0,0.3333333333333333,0.0,0.0,0.0,0.0,0.0,0.0,0.0,0.0,1,0,1,1,4.641675879566565,115.0,118.66666666666667,102.0
22200063,2022-10-26,2022-23,UTA,HOU,109,101,210,1,8,1530.6957171017982,1457.812258348572,72.88345875322625,120.66666666666667,108.66666666666667,0.6666666666666666,0.3333333333333333,0.0,0.0,0.0,0.0,0.0,0.0,0.0,0.0,6,3,3,1,2.91533835012905,115.0,120.66666666666667,108.66666666666667
22200064,2022-10-26,2022-23,DEN,LAL,110,99,209,1,11,1477.813454595715,1446.3684490280116,31.445005567703447,113.33333333333333,103.33333333333333,0.3333333333333333,0.0,0.0,0.0,0.0,0.0,0.0,0.0,0.0,0.0,3,7,-4,1,1.257800222708138,115.0,113.33333333333333,103.33333333333333
22200061,2022-10-26,2022-23,CHI,IND,124,109,233,1,15,1509.8217528279592,1458.432338560967,51.38941426699216,112.0,121.33333333333333,0.6666666666666666,0.3333333333333333,0.0,0.0,0.0,0.0,0.0,0.0,0.0,0.0,1,1,0,1,2.0555765706796865,115.0,112.0,121.33333333333333
22200069,2022-10-27,2022-23,SAC,MEM,110,125,235,0,-15,1453.4105174033375,1514.114570004166,-60.70405260082839,114.0,119.66666666666667,0.0,0.6666666666666666,0.0,0.0,0.0,0.0,0.0,0.0,0.0,0.0,4,4,0,1,-2.428162104033136,115.0,114.0,119.66666666666667
22200067,2022-10-27,2022-23,OKC,LAC,118,110,228,1,8,1472.018168731352,1465.131448038912,6.886720692440122,111.0,102.66666666666667,0.3333333333333333,0.6666666666666666,0.0,0.0,0.0,0.0,0.0,0.0,0.0,0.0,1,1,0,1,0.2754688276976049,115.0,111.0,102.66666666666667
22200068,2022-10-27,2022-23,GSW,MIA,123,110,233,1,13,1489.1229133495326,1494.4205688695629,-5.2976555200302755,119.33333333333333,107.0,0.3333333333333333,0.6666666666666666,0.0,106.6,0.0,0.4,0.0,0.0,0.0,0.0,3,0,3,1,-0.21190622080121102,141.65,119.33333333333333,107.0
22200066,2022-10-27,2022-23,BKN,DAL,125,129,254,0,-4,1443.3872615631076,1520.6492921218914,-77.26203055878386,110.66666666666667,117.66666666666667,0.3333333333333333,0.3333333333333333,0.0,0.0,0.0,0.0,0.0,0.0,0.0,0.0,5,1,4,1,-3.0904812223513547,115.0,110.66666666666667,117.66666666666667
22200071,2022-10-28,2022-23,ORL,CHA,113,93,206,1,20,1410.158755672595,1525.7871201823104,-115.62836450971554,97.33333333333333,128.66666666666666,0.0,0.6666666666666666,104.2,0.0,0.0,0.0,0.0,0.0,0.0,0.0,5,1,4,1,-4.625134580388622,141.05,97.33333333333333,128.66666666666666
22200070,2022-10-28,2022-23,DET,ATL,112,136,248,0,-24,1416.8250106058958,1526.9138991564207,-110.08888855052487,106.66666666666667,111.66666666666667,0.0,0.6666666666666666,109.2,0.0,0.2,0.0,0.0,0.0,0.0,0.0,1,1,0,1,-4.403555542020995,142.3,106.66666666666667,111.66666666666667
22200078,2022-10-28,2022-23,DEN,UTA,117,101,218,1,16,1500.419652137546,1548.125166671997,-47.70551453445091,113.33333333333333,120.66666666666667,0.3333333333333333,0.6666666666666666,114.4,118.8,0.6,0.8,0.0,0.0,0.0,0.0,1,3,-2,1,-1.9082205813780364,173.3,113.33333333333333,120.66666666666667
22200077,2022-10-28,2022-23,SAS,CHI,129,124,253,1,5,1499.705317561877,1533.476333629884,-33.77101606800693,117.0,113.33333333333333,0.6666666666666666,0.6666666666666666,118.0,111.2,0.6,0.6,0.0,0.0,0.0,0.0,8,6,2,1,-1.3508406427202773,172.3,117.0,113.33333333333333
22200074,2022-10-28,2022-23,WAS,IND,117,127,244,0,-10,1533.7430765219378,1434.7777577590423,98.96531876289555,113.66666666666667,113.0,0.6666666666666666,0.3333333333333333,0.0,116.0,0.0,0.2,0.0,0.0,0.0,0.0,2,1,1,1,3.958612750515822,144.0,113.66666666666667,113.0
22200080,2022-10-28,2022-23,POR,HOU,125,111,236,1,14,1528.7287340308505,1440.3828087783731,88.3459252524774,106.33333333333333,104.33333333333333,0.6666666666666666,0.0,113.4,109.8,0.8,0.2,0.0,0.0,0.0,0.0,1,1,0,1,3.533837010099096,170.8,106.33333333333333,104.33333333333333
22200075,2022-10-28,2022-23,MIL,NYK,119,108,227,1,11,1555.8165811747135,1555.7462028073653,0.07037836734821212,108.33333333333333,120.33333333333333,1.0,0.6666666666666666,0.0,0.0,0.0,0.0,0.0,0.0,0.0,0.0,1,8,-7,1,0.002815134693928485,115.0,108.33333333333333,120.33333333333333
22200079,2022-10-28,2022-23,PHX,NOP,124,111,235,1,13,1564.5943276021167,1560.4563837044197,4.137943897696914,119.0,122.33333333333333,0.6666666666666666,1.0,0.0,0.0,0.0,0.0,0.0,0.0,0.0,0.0,2,6,-4,1,0.16551775590787657,115.0,119.0,122.33333333333333
22200076,2022-10-28,2022-23,MIN,LAL,111,102,213,1,9,1526.5403448057025,1423.7622514861805,102.77809331952199,118.66666666666667,104.0,0.6666666666666666,0.0,119.4,0.0,0.6,0.0,0.0,0.0,0.0,0.0,1,1,0,1,4.11112373278088,144.85,118.66666666666667,104.0
22200073,2022-10-28,2022-23,TOR,PHI,90,112,202,0,-22,1524.1703238677696,1453.0268606304803,71.14346323728932,104.0,115.33333333333333,0.3333333333333333,0.3333333333333333,107.8,107.8,0.6,0.2,0.0,0.0,0.0,0.0,1,1,0,1,2.845738529491573,168.9,104.0,115.33333333333333
22200072,2022-10-28,2022-23,BOS,CLE,123,132,255,0,-9,1519.9491625909432,1564.6391885397168,-44.69002594877361,113.0,112.0,0.6666666666666666,0.6666666666666666,0.0,0.0,0.0,0.0,0.0,0.0,0.0,0.0,9,5,4,1,-1.7876010379509444,115.0,113.0,112.0
22200084,2022-10-29,2022-23,CHI,PHI,109,114,223,0,-5,1513.8225986810667,1490.7140150159203,23.108583665146398,113.33333333333333,112.66666666666667,0.3333333333333333,0.3333333333333333,116.8,112.6,0.6,0.4,0.0,0.0,0.0,0.0,2,0,2,1,0.9243433466058559,172.35,113.33333333333333,112.66666666666667
22200081,2022-10-29,2022-23,SAC,MIA,119,113,232,1,6,1430.4802062857818,1467.6276265067345,-37.147420220952654,114.66666666666667,106.33333333333333,0.0,0.3333333333333333,0.0,107.0,0.0,0.4,0.0,0.0,0.0,0.0,1,1,0,1,-1.4858968088381062,141.75,114.66666666666667,106.33333333333333
22200083,2022-10-29,2022-23,BKN,IND,116,125,241,0,-9,1430.8140655824673,1465.4080729760303,-34.59400739356306,116.0,114.0,0.0,0.3333333333333333,113.0,120.0,0.2,0.4,0.0,0.0,0.0,0.0,1,0,1,1,-1.3837602957425224,173.25,116.0,114.0
22200086,2022-10-29,2022-23,DAL,OKC,111,117,228,0,-6,1533.2224881025318,1493.5549470055337,39.66754109699809,115.0,114.33333333333333,0.3333333333333333,0.3333333333333333,0.0,111.4,0.0,0.4,0.0,0.0,0.0,0.0,6,6,0,1,1.5867016438799237,142.85,115.0,114.33333333333333
22200087,2022-10-29,2022-23,UTA,MEM,124,123,247,1,1,1515.9270834730062,1537.0448811217216,-21.117797648715396,110.33333333333333,116.66666666666667,0.3333333333333333,0.6666666666666666,114.4,119.8,0.6,0.8,0.0,0.0,0.0,0.0,2,1,1,1,-0.8447119059486158,173.55,110.33333333333333,116.66666666666667
22200085,2022-10-29,2022-23,MIL,ATL,123,115,238,1,8,1580.660614115931,1549.2314553542124,31.429158761718554,106.33333333333333,121.0,1.0,0.6666666666666666,0.0,117.6,0.0,0.8,0.0,0.0,0.0,0.0,0,0,0,1,1.2571663504687423,144.4,106.33333333333333,121.0
22200082,2022-10-29,2022-23,CHA,GSW,120,113,233,1,7,1485.567788242512,1515.915855712361,-30.348067469848957,116.66666666666667,119.33333333333333,0.3333333333333333,0.6666666666666666,118.2,120.8,0.4,0.6,0.0,0.0,0.0,0.0,7,3,4,1,-1.2139226987939582,174.75,116.66666666666667,119.33333333333333
22200088,2022-10-30,2022-23,LAC,NOP,91,112,203,0,-21,1443.5946697647303,1534.3801062179261,-90.78543645319587,105.0,121.66666666666667,0.3333333333333333,0.6666666666666666,102.6,119.8,0.4,0.6,0.0,0.0,0.0,0.0,6,1,5,1,-3.6314174581278347,170.6,105.0,121.66666666666667
22200093,2022-10-30,2022-23,DAL,ORL,114,105,219,1,9,1511.5512984740753,1450.3780876123933,61.17321086168204,115.0,97.33333333333333,0.3333333333333333,0.0,118.6,102.8,0.4,0.2,0.0,0.0,0.0,0.0,0,3,-3,1,2.4469284344672815,170.35,115.0,97.33333333333333
22200092,2022-10-30,2022-23,SAS,MIN,107,98,205,1,9,1519.3590525106945,1542.9466803078308,-23.587627797136292,117.0,120.33333333333333,0.6666666666666666,1.0,123.4,118.6,0.8,0.6,0.0,0.0,0.0,0.0,1,6,-5,1,-0.9435051118854517,175.5,117.0,120.33333333333333
22200095,2022-10-30,2022-23,LAL,DEN,121,110,231,1,11,1407.3559159840522,1532.617735336537,-125.26181935248474,103.33333333333333,113.33333333333333,0.0,0.3333333333333333,102.2,113.4,0.0,0.6,0.0,0.0,0.0,0.0,6,5,1,1,-5.010472774099389,168.9,103.33333333333333,113.33333333333333
22200091,2022-10-30,2022-23,DET,GSW,128,114,242,1,14,1394.5074544081042,1493.3096793529485,-98.80222494484428,106.66666666666667,113.66666666666667,0.0,0.3333333333333333,109.0,118.8,0.0,0.4,0.0,0.0,0.0,0.0,1,0,1,1,-3.9520889977937714,171.95,106.66666666666667,113.66666666666667
22200094,2022-10-30,2022-23,PHX,HOU,124,109,233,1,15,1590.6706050886103,1420.0436646742503,170.62694041435998,115.66666666666667,105.66666666666667,0.6666666666666666,0.0,117.6,107.6,0.8,0.2,0.0,0.0,0.0,0.0,1,1,0,1,6.825077616574399,171.3,115.66666666666667,105.66666666666667
22200090,2022-10-30,2022-23,CLE,NYK,121,108,229,1,13,1584.719491941051,1530.902169866148,53.81732207490313,121.66666666666667,118.0,0.6666666666666666,0.3333333333333333,117.0,119.8,0.8,0.6,0.0,0.0,0.0,0.0,3,1,2,1,2.152692882996125,174.2,121.66666666666667,118.0
22200089,2022-10-30,2022-23,BOS,WAS,112,94,206,1,18,1499.8688591896089,1503.1127613049498,-3.2439021153409158,113.0,112.66666666666667,0.6666666666666666,0.3333333333333333,117.6,112.0,0.6,0.6,0.0,0.0,0.0,0.0,1,6,-5,1,-0.12975608461363664,172.4,113.0,112.66666666666667
22200098,2022-10-31,2022-23,BKN,IND,116,109,225,1,7,1410.073341762375,1486.1487967961225,-76.0754550337474,113.0,120.33333333333333,0.0,0.6666666666666666,114.6,118.2,0.2,0.6,0.0,0.0,0.0,0.0,1,1,0,1,-3.0430182013498963,173.2,113.0,120.33333333333333
22200100,2022-10-31,2022-23,MIL,DET,110,108,218,1,2,1600.6506458811639,1429.0879014616332,171.56274441953065,110.66666666666667,106.66666666666667,1.0,0.0,113.4,112.0,1.0,0.2,0.0,0.0,0.0,0.0,1,5,-4,1,6.862509776781226,171.35,110.66666666666667,106.66666666666667
22200096,2022-10-31,2022-23,CHA,SAC,108,115,223,0,-7,1508.1739646019246,1452.0119609874607,56.162003614463856,116.66666666666667,118.0,0.3333333333333333,0.3333333333333333,119.8,114.2,0.6,0.2,0.0,0.0,0.0,0.0,1,7,-6,1,2.246480144578554,173.5,116.66666666666667,118.0
22200099,2022-10-31,2022-23,TOR,ATL,139,109,248,1,30,1486.4831694823297,1529.2414235889794,-42.7582541066497,104.0,123.0,0.3333333333333333,0.6666666666666666,104.2,117.2,0.4,0.6,0.0,0.0,0.0,0.0,2,1,1,1,-1.710330164265988,170.35,104.0,123.0
22200101,2022-10-31,2022-23,UTA,MEM,121,105,226,1,16,1523.2793452903368,1529.692619304391,-6.4132740140541955,110.33333333333333,114.66666666666667,0.3333333333333333,0.3333333333333333,117.4,121.4,0.6,0.6,0.0,0.0,0.0,0.0,1,1,0,1,-0.25653096056216784,174.7,110.33333333333333,114.66666666666667
22200097,2022-10-31,2022-23,WAS,PHI,111,118,229,0,-7,1473.3934660432049,1509.82158784985,-36.428121806645095,105.0,111.66666666666667,0.3333333333333333,0.6666666666666666,110.4,114.4,0.4,0.6,0.0,0.0,0.0,0.0,2,1,1,1,-1.457124872265804,171.2,105.0,111.66666666666667
22200102,2022-10-31,2022-23,LAC,HOU,95,93,188,1,2,1420.5822437658408,1404.9356089958032,15.646634770037508,105.0,107.0,0.3333333333333333,0.0,101.8,106.6,0.4,0.0,0.0,0.0,0.0,0.0,0,0,0,1,0.6258653908015003,167.1,105.0,107.0
22200106,2022-11-01,2022-23,PHX,MIN,116,107,223,1,9,1605.7786607670573,1518.3599866984218,87.41867406863548,115.66666666666667,108.33333333333333,0.6666666666666666,0.6666666666666666,121.0,113.0,0.8,0.6,0.0,0.0,0.0,0.0,1,1,0,1,3.4967469627454193,173.5,115.66666666666667,108.33333333333333
22200103,2022-11-01,2022-23,BKN,CHI,99,108,207,0,-9,1435.3495614494127,1494.715025847137,-59.36546439772428,113.0,113.33333333333333,0.3333333333333333,0.3333333333333333,116.0,114.6,0.2,0.4,0.0,0.0,0.0,0.0,0,3,-3,1,-2.374618575908971,172.65,113.0,113.33333333333333
22200105,2022-11-01,2022-23,OKC,ORL,116,108,224,1,8,1515.22613663399,1431.365032046127,83.86110458786311,114.0,99.66666666666667,0.3333333333333333,0.0,113.6,101.2,0.6,0.0,0.0,0.0,0.0,0.0,4,1,3,1,3.3544441835145244,168.7,114.0,99.66666666666667
22200104,2022-11-01,2022-23,MIA,GSW,116,109,225,1,7,1446.0958718050556,1458.7292322994194,-12.633360494363842,114.0,110.66666666666667,0.3333333333333333,0.0,108.8,117.0,0.4,0.4,0.0,0.0,0.0,0.0,7,1,6,1,-0.5053344197745537,171.45,114.0,110.66666666666667
22200107,2022-11-02,2022-23,CLE,BOS,114,113,227,1,1,1607.054583077126,1529.5881544513538,77.4664286257721,121.66666666666667,113.0,0.6666666666666666,0.6666666666666666,117.8,114.8,0.8,0.6,0.0,0.0,0.0,0.0,2,8,-6,1,3.098657145030884,173.15,121.66666666666667,113.0
22200111,2022-11-02,2022-23,CHI,CHA,106,88,194,1,18,1513.8443532291387,1484.04716377035,29.797189458788807,110.66666666666667,116.66666666666667,0.3333333333333333,0.3333333333333333,111.4,117.4,0.4,0.4,0.0,0.0,0.0,0.0,3,4,-1,1,1.1918875783515523,172.2,110.66666666666667,116.66666666666667
22200113,2022-11-02,2022-23,MIL,DET,116,91,207,1,25,1606.6136378934218,1423.1249094493753,183.4887284440465,107.66666666666667,107.33333333333333,1.0,0.0,110.4,111.2,1.0,0.2,0.0,0.0,0.0,0.0,1,1,0,1,7.3395491377618605,170.4,107.66666666666667,107.33333333333333
22200110,2022-11-02,2022-23,NYK,ATL,99,112,211,0,-13,1508.567078730073,1490.6966146808436,17.87046404922944,109.33333333333333,120.0,0.0,0.3333333333333333,115.4,117.4,0.4,0.4,0.0,0.0,0.0,0.0,6,1,5,1,0.7148185619691776,173.2,109.33333333333333,120.0
22200112,2022-11-02,2022-23,HOU,LAC,101,109,210,0,-8,1394.4439079395956,1431.0739448220484,-36.630036882452714,104.33333333333333,105.0,0.0,0.3333333333333333,103.8,102.6,0.0,0.6,0.0,0.0,0.0,0.0,8,5,3,1,-1.4652014752981086,166.6,104.33333333333333,105.0
22200116,2022-11-02,2022-23,POR,MEM,106,111,217,0,-5,1549.0678781349734,1500.837565620673,48.230312514300294,115.33333333333333,117.66666666666667,1.0,0.3333333333333333,115.8,115.6,0.8,0.4,0.0,0.0,0.0,0.0,4,1,3,1,1.9292125005720118,172.85,115.33333333333333,117.66666666666667
22200115,2022-11-02,2022-23,DAL,UTA,103,100,203,1,3,1530.5643540403416,1552.1343989740546,-21.570044933713007,115.0,110.33333333333333,0.3333333333333333,0.3333333333333333,114.0,116.8,0.4,0.6,0.0,0.0,0.0,0.0,2,4,-2,1,-0.8628017973485202,172.7,115.0,110.33333333333333
22200109,2022-11-02,2022-23,MIA,SAC,110,107,217,1,3,1467.6460751675204,1476.1387618190354,-8.492686651514987,114.0,119.66666666666667,0.3333333333333333,0.6666666666666666,109.6,115.6,0.4,0.4,0.0,0.0,0.0,0.0,0,1,-1,1,-0.3397074660605995,171.3,114.0,119.66666666666667
22200114,2022-11-02,2022-23,SAS,TOR,100,143,243,0,-43,1543.9457461201034,1525.0279783904655,18.917767729637944,117.0,104.0,0.6666666666666666,0.3333333333333333,119.0,108.2,0.8,0.4,0.0,0.0,0.0,0.0,2,8,-6,1,0.7567107091855177,171.8,117.0,104.0
22200117,2022-11-02,2022-23,LAL,NOP,120,117,237,1,3,1440.7948819923047,1557.3925322168157,-116.59765022451097,103.33333333333333,115.66666666666667,0.0,0.6666666666666666,107.0,118.0,0.2,0.8,0.0,0.0,0.0,0.0,2,2,0,1,-4.6639060089804385,171.25,103.33333333333333,115.66666666666667
22200108,2022-11-02,2022-23,PHI,WAS,111,121,232,0,-10,1528.4436930968666,1454.7713607961882,73.67233230067836,114.66666666666667,105.0,1.0,0.3333333333333333,114.0,108.6,0.6,0.2,0.0,0.0,0.0,0.0,8,2,6,1,2.9468932920271347,170.65,114.66666666666667,105.0
22200118,2022-11-03,2022-23,ORL,GSW,130,129,259,1,1,1414.5956146087387,1437.1790289369546,-22.583414328215895,101.66666666666667,112.0,0.0,0.0,101.0,112.8,0.0,0.2,0.0,0.0,0.0,0.0,5,1,4,1,-0.9033365731286358,168.45,101.66666666666667,112.0
22200119,2022-11-03,2022-23,OKC,DEN,110,122,232,0,-12,1531.9955540713784,1499.1787693282845,32.816784743093876,114.0,116.0,0.3333333333333333,0.3333333333333333,115.2,113.4,0.6,0.4,0.0,0.0,0.0,0.0,1,3,-2,1,1.312671389723755,172.15,114.0,116.0
22200124,2022-11-04,2022-23,BOS,CHI,123,119,242,1,4,1524.1770558117055,1540.7696709469246,-16.592615135219148,113.66666666666667,110.66666666666667,0.3333333333333333,0.3333333333333333,112.8,110.8,0.6,0.6,0.0,0.0,0.0,0.0,4,2,2,1,-0.663704605408766,170.9,113.66666666666667,110.66666666666667
22200125,2022-11-04,2022-23,MEM,CHA,130,99,229,1,31,1521.226590122395,1457.121846052564,64.10474406983099,113.0,104.0,0.3333333333333333,0.0,112.0,113.4,0.4,0.4,0.0,0.0,0.0,0.0,10,1,9,1,2.5641897627932395,171.35,113.0,104.0
22200126,2022-11-04,2022-23,SAS,LAC,106,113,219,0,-7,1504.0454032786886,1450.7382079250126,53.30719535367598,117.0,104.33333333333333,0.6666666666666666,0.3333333333333333,117.6,105.4,0.6,0.6,0.0,0.0,0.0,0.0,1,1,0,1,2.1322878141470394,170.75,117.0,104.33333333333333
22200128,2022-11-04,2022-23,NOP,GSW,114,105,219,1,9,1539.044383607783,1429.7976429001194,109.24674070766355,113.33333333333333,117.33333333333333,0.3333333333333333,0.0,118.8,114.0,0.6,0.0,0.0,0.0,0.0,0.0,9,0,9,1,4.369869628306542,173.2,113.33333333333333,117.33333333333333
22200121,2022-11-04,2022-23,IND,MIA,101,99,200,1,2,1460.872577109085,1481.8478159481804,-20.975238839095482,120.33333333333333,114.0,0.6666666666666666,0.3333333333333333,115.2,113.6,0.4,0.6,0.0,0.0,0.0,0.0,12,5,7,1,-0.8390095535638192,172.2,120.33333333333333,114.0
22200131,2022-11-04,2022-23,LAL,UTA,116,130,246,0,-14,1459.1430306013374,1537.4118982624832,-78.2688676611458,103.33333333333333,103.0,0.0,0.0,110.2,112.6,0.4,0.4,0.0,0.0,0.0,0.0,1,1,0,1,-3.130754706445832,170.7,103.33333333333333,103.0
22200127,2022-11-04,2022-23,DAL,TOR,111,110,221,1,1,1545.286854751913,1564.9283212318803,-19.64146647996722,115.0,116.66666666666667,0.3333333333333333,0.6666666666666666,112.4,118.8,0.6,0.6,0.0,0.0,0.0,0.0,1,1,0,1,-0.7856586591986888,172.8,115.0,116.66666666666667
22200122,2022-11-04,2022-23,PHI,NYK,104,106,210,0,-2,1499.4549605874117,1480.8202933676787,18.634667219733046,114.66666666666667,109.33333333333333,1.0,0.0,114.0,112.2,0.6,0.2,0.0,0.0,0.0,0.0,1,4,-3,1,0.7453866887893219,171.55,114.66666666666667,109.33333333333333
22200120,2022-11-04,2022-23,DET,CLE,88,112,200,0,-24,1406.3113395474907,1612.4656817167743,-206.1543421692836,99.33333333333333,121.66666666666667,0.0,0.6666666666666666,103.8,120.0,0.0,0.8,0.0,0.0,0.0,0.0,4,6,-2,1,-8.246173686771344,170.95,99.33333333333333,121.66666666666667
22200130,2022-11-04,2022-23,PHX,POR,106,108,214,0,-2,1623.1301916814098,1528.6788536332515,94.45133804815828,113.0,109.0,0.6666666666666666,0.6666666666666666,117.4,110.0,0.8,0.6,0.0,0.0,0.0,0.0,2,11,-9,1,3.778053521926331,171.85,113.0,109.0
22200129,2022-11-04,2022-23,MIN,MIL,102,115,217,0,-13,1501.0084557840694,1623.4272077953065,-122.41875201123707,107.0,105.33333333333333,0.3333333333333333,1.0,113.2,111.6,0.6,1.0,0.0,0.0,0.0,0.0,6,14,-8,1,-4.896750080449483,171.2,107.0,105.33333333333333
22200123,2022-11-04,2022-23,WAS,BKN,86,128,214,0,-42,1483.760093305643,1416.220234067411,67.53985923823211,107.33333333333333,107.33333333333333,0.3333333333333333,0.0,109.4,110.8,0.4,0.2,0.0,0.0,0.0,0.0,3,8,-5,1,2.7015943695292846,170.05,107.33333333333333,107.33333333333333
22200133,2022-11-05,2022-23,CHA,BKN,94,98,192,0,-4,1428.7874675009477,1461.0531035706128,-32.265636069665106,93.33333333333333,117.0,0.0,0.3333333333333333,107.4,113.2,0.2,0.4,0.0,0.0,0.0,0.0,4,0,4,1,-1.2906254427866042,170.15,93.33333333333333,117.0
22200132,2022-11-05,2022-23,ORL,SAC,123,126,249,0,-3,1421.977000645574,1461.9370210383754,-39.960020392801425,101.66666666666667,115.66666666666667,0.0,0.3333333333333333,101.0,115.2,0.0,0.4,0.0,0.0,0.0,0.0,1,2,-1,1,-1.598400815712057,169.05,101.66666666666667,115.66666666666667
22200136,2022-11-05,2022-23,MIL,OKC,108,94,202,1,14,1640.885692431006,1503.9305347510453,136.95515767996062,107.0,114.0,1.0,0.3333333333333333,110.8,113.6,1.0,0.4,0.0,0.0,0.0,0.0,2,6,-4,1,5.478206307198425,171.1,107.0,114.0
22200135,2022-11-05,2022-23,NYK,BOS,118,133,251,0,-15,1492.395091305179,1541.0394765820702,-48.64438527689117,107.33333333333333,113.66666666666667,0.3333333333333333,0.3333333333333333,106.6,115.0,0.2,0.6,0.0,0.0,0.0,0.0,2,2,0,1,-1.9457754110756469,170.4,107.33333333333333,113.66666666666667
22200138,2022-11-05,2022-23,DEN,SAS,126,101,227,1,25,1527.2437886486175,1480.08529371796,47.158494930657525,114.0,117.0,0.3333333333333333,0.6666666666666666,114.4,118.8,0.4,0.6,0.0,0.0,0.0,0.0,7,9,-2,1,1.886339797226301,173.3,114.0,117.0
22200137,2022-11-05,2022-23,MIN,HOU,129,117,246,1,12,1483.5499711483699,1374.7796448366314,108.77032631173847,107.0,104.33333333333333,0.3333333333333333,0.0,106.8,103.8,0.4,0.0,0.0,0.0,0.0,0.0,0,4,-4,1,4.3508130524695385,167.65,107.0,104.33333333333333
22200134,2022-11-05,2022-23,ATL,NOP,124,121,245,1,3,1518.443400043238,1555.0595868240646,-36.61618678082664,112.0,113.33333333333333,0.3333333333333333,0.3333333333333333,118.0,118.8,0.6,0.6,0.0,0.0,0.0,0.0,12,2,10,1,-1.4646474712330655,174.2,112.0,113.33333333333333
22200139,2022-11-05,2022-23,PHX,POR,102,82,184,1,20,1609.228922736952,1542.5801225777093,66.64880015924268,109.66666666666667,109.66666666666667,0.3333333333333333,1.0,113.8,112.0,0.6,0.8,0.0,0.0,0.0,0.0,0,0,0,1,2.6659520063697073,171.45,109.66666666666667,109.66666666666667
22200140,2022-11-06,2022-23,LAL,CLE,100,114,214,0,-14,1438.0619660805467,1627.5201136718913,-189.45814759134464,103.33333333333333,124.0,0.0,1.0,109.2,118.2,0.2,0.8,0.0,0.0,0.0,0.0,1,1,0,1,-7.578325903653786,171.85,103.33333333333333,124.0
22200141,2022-11-06,2022-23,TOR,CHI,113,104,217,1,9,1557.6054116304545,1523.90725017656,33.6981614538945,117.0,117.0,0.6666666666666666,0.3333333333333333,113.0,113.4,0.4,0.4,0.0,112.2,0.0,0.5,5,1,4,1,1.34792645815578,171.6,117.0,4.799999999999997
22200142,2022-11-06,2022-23,MEM,WAS,103,97,200,1,6,1549.5609686740113,1438.9272238024412,110.63374487157012,113.0,107.33333333333333,0.3333333333333333,0.3333333333333333,112.0,104.4,0.4,0.4,0.0,0.0,0.0,0.0,1,3,-2,1,4.425349794862805,169.1,113.0,107.33333333333333
22200143,2022-11-06,2022-23,LAC,UTA,102,110,212,0,-8,1474.6983174857412,1558.492962783274,-83.79464529753272,110.66666666666667,110.33333333333333,0.6666666666666666,0.3333333333333333,107.4,112.2,0.6,0.4,0.0,117.0,0.0,0.7,5,1,4,1,-3.351785811901309,169.9,110.66666666666667,-6.666666666666671
22200157,2022-11-07,2022-23,UTA,LAL,139,116,255,1,23,1575.2663477060146,1424.4402752788067,150.82607242720792,113.33333333333333,103.33333333333333,0.6666666666666666,0.0,109.8,105.2,0.4,0.0,115.7,0.0,0.7,0.0,6,9,-3,1,6.0330428970883165,168.75,-2.3666666666666742,103.33333333333333
22200150,2022-11-07,2022-23,MIA,POR,107,110,217,0,-3,1470.1992479665926,1517.9046255159717,-47.705377549379136,107.33333333333333,98.66666666666667,0.0,0.6666666666666666,110.2,103.4,0.4,0.6,108.1,0.0,0.4,0.0,4,1,3,1,-1.9082151019751654,168.4,-0.7666666666666657,98.66666666666667
22200154,2022-11-07,2022-23,SAS,DEN,109,115,224,0,-6,1451.8996829867685,1555.429399379809,-103.52971639304042,112.66666666666667,114.0,0.3333333333333333,0.3333333333333333,117.8,114.4,0.6,0.4,113.3,0.0,0.5,0.0,2,3,-1,1,-4.141188655721617,173.05,-0.6333333333333258,114.0
22200146,2022-11-07,2022-23,DET,OKC,112,103,215,1,9,1391.2569075923736,1487.004288934085,-95.74738134171139,99.33333333333333,109.33333333333333,0.0,0.3333333333333333,103.8,109.2,0.0,0.2,107.3,0.0,0.2,0.0,2,1,1,1,-3.8298952536684556,168.25,-7.966666666666669,109.33333333333333
22200152,2022-11-07,2022-23,MEM,BOS,106,109,215,0,-3,1563.024989718435,1564.9086359470105,-1.8836462285753441,113.0,116.0,0.3333333333333333,0.3333333333333333,112.0,117.0,0.4,0.6,117.1,0.0,0.7,0.0,0,1,-1,1,-0.07534584914301376,172.25,-4.099999999999994,116.0
22200151,2022-11-07,2022-23,CHI,TOR,111,97,208,1,14,1503.1077251331383,1578.4049366738761,-75.29721154073786,110.33333333333333,117.0,0.3333333333333333,0.6666666666666666,111.0,113.0,0.2,0.4,113.0,113.4,0.5,0.6,4,2,2,1,-3.0118884616295145,171.0,-2.6666666666666714,3.5999999999999943
22200149,2022-11-07,2022-23,ATL,MIL,117,98,215,1,19,1533.7619720575399,1657.8119382479663,-124.0499661904264,112.0,104.33333333333333,0.3333333333333333,1.0,118.0,107.8,0.6,1.0,0.0,0.0,0.0,0.0,1,2,-1,1,-4.961998647617056,171.45,112.0,104.33333333333333
22200156,2022-11-07,2022-23,GSW,SAC,116,113,229,1,3,1413.7824396838378,1474.21252303404,-60.43008335020227,114.33333333333333,116.0,0.0,0.6666666666666666,114.0,118.4,0.0,0.6,117.4,0.0,0.3,0.0,10,1,9,1,-2.4172033340080907,173.1,-3.066666666666677,116.0
22200147,2022-11-07,2022-23,IND,NOP,129,122,251,1,7,1472.5211450906727,1539.7410148097626,-67.21986971908996,120.33333333333333,116.66666666666667,0.6666666666666666,0.3333333333333333,115.2,117.0,0.4,0.4,0.0,0.0,0.0,0.0,2,1,1,1,-2.688794788763598,173.05,120.33333333333333,116.66666666666667
22200153,2022-11-07,2022-23,MIN,NYK,107,120,227,0,-13,1501.4219245668069,1468.5259319402387,32.89599262656816,107.0,107.33333333333333,0.3333333333333333,0.3333333333333333,110.4,110.4,0.4,0.2,114.4,0.0,0.5,0.0,1,2,-1,1,1.3158397050627264,170.2,-7.400000000000006,107.33333333333333
22200158,2022-11-07,2022-23,LAC,CLE,119,117,236,1,2,1457.9249325630005,1641.1418044736313,-183.21687191063074,110.66666666666667,119.33333333333333,0.6666666666666666,1.0,107.4,118.2,0.6,0.8,102.3,0.0,0.5,0.0,0,0,0,1,-7.32867487642523,171.4,8.366666666666674,119.33333333333333
22200148,2022-11-07,2022-23,PHI,PHX,100,88,188,1,12,1487.8801626499114,1633.9044197986896,-146.02425714877813,114.66666666666667,108.33333333333333,1.0,0.6666666666666666,114.0,109.4,0.6,0.6,109.8,0.0,0.4,0.0,2,14,-12,1,-5.840970285951125,170.85,4.866666666666674,108.33333333333333
22200144,2022-11-07,2022-23,CHA,WAS,100,108,208,0,-8,1414.1834585424363,1425.4632027580174,-11.279744215581104,93.33333333333333,104.0,0.0,0.3333333333333333,107.4,106.6,0.2,0.4,110.0,106.9,0.3,0.4,1,0,1,1,-0.45118976862324417,168.5,-16.66666666666667,-2.9000000000000057
22200145,2022-11-07,2022-23,ORL,HOU,127,134,261,0,-7,1409.7014986499094,1356.9076914181944,52.793807231714936,101.66666666666667,106.33333333333333,0.0,0.0,101.0,106.2,0.0,0.0,110.0,108.0,0.2,0.1,1,1,0,1,2.1117522892685976,166.8,-8.333333333333329,-1.6666666666666714
22200155,2022-11-07,2022-23,DAL,BKN,96,94,190,1,2,1552.609764353339,1475.6571125291243,76.95265182421463,115.0,108.33333333333333,0.3333333333333333,0.6666666666666666,111.8,109.6,0.6,0.4,0.0,112.2,0.0,0.4,2,1,1,1,3.078106072968585,170.35,115.0,-3.8666666666666742
22200167,2022-11-09,2022-23,MIN,PHX,117,129,246,0,-12,1472.5400717854648,1598.0675614637069,-125.52748967824209,107.0,103.66666666666667,0.3333333333333333,0.3333333333333333,111.4,103.8,0.4,0.4,113.6,112.4,0.4,0.7,1,1,0,1,-5.021099587129684,168.8,-6.599999999999994,-8.733333333333334
22200169,2022-11-09,2022-23,SAS,MEM,122,124,246,0,-2,1438.0733145780555,1549.2372042853053,-111.16388970724984,112.66666666666667,113.0,0.3333333333333333,0.3333333333333333,117.8,112.0,0.6,0.4,114.0,116.2,0.5,0.6,1,6,-5,1,-4.446555588289994,172.45,-1.3333333333333286,-3.200000000000003
22200168,2022-11-09,2022-23,OKC,MIL,132,136,268,0,-4,1457.7888072767366,1617.5909940535748,-159.8021867768382,104.66666666666667,101.0,0.3333333333333333,0.6666666666666666,107.8,105.4,0.2,0.8,109.7,111.4,0.4,0.9,5,1,4,1,-6.392087471073528,168.3,-5.033333333333331,-10.400000000000006
22200165,2022-11-09,2022-23,TOR,HOU,116,109,225,1,7,1545.545664424136,1380.8377795192514,164.70788490488462,116.66666666666667,114.66666666666667,0.3333333333333333,0.3333333333333333,111.4,112.8,0.4,0.2,112.3,109.2,0.5,0.2,2,1,1,1,6.588315396195385,171.05,4.366666666666674,5.466666666666669
22200171,2022-11-09,2022-23,SAC,CLE,127,120,247,1,7,1457.9623973612918,1624.8455877737167,-166.88319041242494,115.33333333333333,114.33333333333333,0.3333333333333333,0.6666666666666666,117.2,120.6,0.4,0.8,0.0,116.3,0.0,0.8,10,1,9,1,-6.675327616496998,174.45,115.33333333333333,-1.9666666666666686
22200163,2022-11-09,2022-23,BOS,DET,128,112,240,1,16,1578.6964213801402,1420.472389249722,158.2240321304182,118.33333333333333,99.33333333333333,0.6666666666666666,0.0,116.6,103.8,0.6,0.0,117.8,107.2,0.7,0.2,4,6,-2,1,6.328961285216728,170.1,0.5333333333333314,-7.866666666666674
22200159,2022-11-09,2022-23,CHA,POR,95,105,200,0,-10,1392.924306886107,1529.8759610828092,-136.9516541967023,93.33333333333333,100.0,0.0,0.6666666666666666,107.4,104.2,0.2,0.8,108.8,109.8,0.3,0.7,1,1,0,1,-5.478066167868092,167.9,-15.466666666666669,-9.799999999999997
22200164,2022-11-09,2022-23,BKN,NYK,112,85,197,1,27,1467.0652547759425,1497.4077847215808,-30.342529945638262,106.66666666666667,111.33333333333333,0.6666666666666666,0.6666666666666666,108.6,110.8,0.4,0.4,110.8,115.0,0.4,0.5,7,1,6,1,-1.2137011978255305,169.85,-4.133333333333326,-3.6666666666666714
22200166,2022-11-09,2022-23,CHI,NOP,111,115,226,0,-4,1535.9669973828784,1514.9728722960879,20.99412508679052,110.33333333333333,120.0,0.3333333333333333,0.0,111.0,116.6,0.2,0.2,112.1,118.5,0.5,0.5,1,1,0,1,0.8397650034716208,171.9,-1.7666666666666657,1.5
22200161,2022-11-09,2022-23,ORL,DAL,94,87,181,1,7,1385.7714105488524,1561.2016221065207,-175.43021155766837,101.66666666666667,115.0,0.0,0.3333333333333333,101.0,110.4,0.0,0.6,110.7,0.0,0.2,0.0,1,12,-11,1,-7.017208462306735,167.85,-9.033333333333331,115.0
22200162,2022-11-09,2022-23,ATL,UTA,119,125,244,0,-6,1573.9829162519313,1594.0565176610992,-20.07360140916785,112.0,113.33333333333333,0.3333333333333333,0.6666666666666666,118.0,109.8,0.6,0.4,116.5,118.7,0.7,0.7,1,2,-1,1,-0.802944056366714,171.95,-4.5,-5.366666666666674
22200160,2022-11-09,2022-23,IND,DEN,119,122,241,0,-3,1497.2892876043475,1569.255767788522,-71.96648018417454,120.33333333333333,115.66666666666667,0.6666666666666666,0.6666666666666666,115.2,117.0,0.4,0.6,117.1,116.2,0.5,0.7,1,1,0,1,-2.8786592073669817,173.05,3.2333333333333343,-0.5333333333333314
22200170,2022-11-09,2022-23,LAC,LAL,114,101,215,1,13,1474.221149262915,1405.650105323722,68.57104393919303,110.66666666666667,105.66666666666667,0.6666666666666666,0.0,107.4,105.2,0.6,0.0,104.7,108.4,0.6,0.2,1,1,0,1,2.7428417575677213,168.15,5.966666666666669,-2.7333333333333343
22200172,2022-11-10,2022-23,WAS,DAL,113,105,218,1,8,1446.7223544143467,1530.717331172005,-83.99497675765838,108.66666666666667,109.0,0.6666666666666666,0.3333333333333333,105.4,105.6,0.4,0.4,107.5,110.4,0.4,0.6,5,0,5,1,-3.359799070306335,167.75,1.1666666666666714,-1.4000000000000057
22200173,2022-11-10,2022-23,ATL,PHI,104,95,199,1,9,1555.6468436156472,1523.7170209848941,31.92982263075305,112.0,114.66666666666667,0.3333333333333333,1.0,118.0,114.0,0.6,0.6,116.7,111.0,0.6,0.5,0,9,-9,1,1.277192905230122,173.0,-4.700000000000003,3.6666666666666714
22200174,2022-11-10,2022-23,MIA,CHA,117,112,229,1,5,1458.227912399755,1377.9364283168118,80.29148408294327,107.33333333333333,93.33333333333333,0.0,0.0,109.6,107.4,0.2,0.2,108.0,106.3,0.4,0.2,2,5,-3,1,3.2116593633177306,169.25,-0.6666666666666714,-12.966666666666669
22200175,2022-11-10,2022-23,NOP,POR,95,106,201,0,-11,1532.0385876337932,1544.8638396521044,-12.825252018311176,119.33333333333333,99.0,0.3333333333333333,0.6666666666666666,117.4,102.2,0.4,0.8,117.9,109.0,0.6,0.7,5,0,5,1,-0.513010080732447,169.9,1.433333333333323,-10.0
22200181,2022-11-11,2022-23,MEM,MIN,114,103,217,1,11,1556.8234892090773,1455.7744366268428,101.04905258223448,113.33333333333333,107.0,0.6666666666666666,0.3333333333333333,117.6,109.0,0.6,0.2,115.2,112.7,0.6,0.4,3,9,-6,1,4.0419621032893795,171.65,-1.8666666666666742,-5.700000000000003
22200178,2022-11-11,2022-23,NYK,DET,121,112,233,1,9,1461.1830073898493,1404.2191530462273,56.96385434362196,103.66666666666667,103.66666666666667,0.6666666666666666,0.0,105.4,105.0,0.4,0.0,110.5,107.1,0.4,0.2,5,1,4,1,2.2785541737448782,167.6,-6.833333333333329,-3.433333333333323
22200180,2022-11-11,2022-23,SAS,MIL,111,93,204,1,18,1430.4870296542836,1626.7641213188087,-196.2770916645252,112.66666666666667,116.33333333333333,0.3333333333333333,0.6666666666666666,117.8,109.4,0.6,0.8,113.3,112.5,0.4,0.9,1,1,0,1,-7.851083666581007,171.8,-0.6333333333333258,3.8333333333333286
22200177,2022-11-11,2022-23,ORL,PHX,114,97,211,1,17,1416.255701483368,1614.8331966223288,-198.57749513896078,101.66666666666667,109.66666666666667,0.0,0.6666666666666666,101.0,108.4,0.0,0.6,108.8,114.6,0.2,0.7,1,1,0,1,-7.943099805558432,167.35,-7.133333333333326,-4.933333333333323
22200182,2022-11-11,2022-23,GSW,CLE,106,101,207,1,5,1430.032565356586,1594.7663285710544,-164.73376321446835,114.33333333333333,117.0,0.0,0.3333333333333333,114.0,119.0,0.0,0.6,116.7,116.6,0.3,0.7,3,1,2,1,-6.589350528578734,173.25,-2.3666666666666742,0.4000000000000057
22200179,2022-11-11,2022-23,OKC,TOR,132,113,245,1,19,1448.6156800115027,1557.1597647821077,-108.54408477060497,104.66666666666667,116.66666666666667,0.3333333333333333,0.3333333333333333,107.8,111.4,0.2,0.4,112.3,112.0,0.4,0.5,1,3,-2,1,-4.341763390824199,169.8,-7.633333333333326,4.666666666666671
22200183,2022-11-11,2022-23,LAL,SAC,114,120,234,0,-6,1384.401472727617,1488.0416565639541,-103.6401838363372,106.33333333333333,115.33333333333333,0.0,0.3333333333333333,105.4,117.2,0.0,0.4,108.8,115.9,0.2,0.4,4,3,1,1,-4.145607353453488,170.65,-2.4666666666666686,-0.5666666666666771
22200176,2022-11-11,2022-23,BOS,DEN,131,112,243,1,19,1594.949657583635,1580.2875692881996,14.662088295435296,118.33333333333333,119.66666666666667,0.6666666666666666,1.0,116.6,115.8,0.6,0.6,118.0,116.2,0.7,0.7,1,1,0,1,0.5864835318174119,173.1,0.3333333333333286,3.4666666666666686
22200186,2022-11-12,2022-23,DET,BOS,108,117,225,0,-9,1384.9350413486618,1623.64350482283,-238.70846347416818,105.0,118.33333333333333,0.0,0.6666666666666666,104.4,116.6,0.0,0.6,107.1,118.8,0.2,0.8,4,4,0,1,-9.548338538966727,170.25,-2.0999999999999943,-0.46666666666666856
22200188,2022-11-12,2022-23,PHI,ATL,121,109,230,1,12,1502.8013409822465,1576.5625236182948,-73.76118263604826,109.0,112.0,0.6666666666666666,0.3333333333333333,109.6,118.0,0.6,0.6,110.0,116.3,0.5,0.6,4,9,-5,1,-2.9504473054419305,171.9,-1.0,-4.299999999999997
22200189,2022-11-12,2022-23,MIA,CHA,132,115,247,1,17,1472.076967946094,1364.0873727704727,107.98959517562139,107.33333333333333,99.66666666666667,0.0,0.0,111.6,104.6,0.4,0.0,109.3,106.7,0.5,0.2,1,1,0,1,4.319583807024856,169.05,-1.9666666666666686,-7.033333333333331
22200185,2022-11-12,2022-23,WAS,UTA,121,112,233,1,9,1473.9054193303705,1612.3925902973833,-138.48717096701284,108.66666666666667,121.66666666666667,0.6666666666666666,1.0,105.4,113.2,0.4,0.6,106.8,118.8,0.4,0.7,1,2,-1,1,-5.539486838680514,169.65,1.8666666666666742,2.8666666666666742
22200190,2022-11-12,2022-23,DAL,POR,117,112,229,1,5,1503.5342662559813,1568.7960430653513,-65.26177680937008,107.0,107.0,0.3333333333333333,1.0,107.4,102.2,0.2,0.8,107.2,106.1,0.5,0.7,4,1,3,1,-2.610471072374803,167.4,-0.20000000000000284,0.9000000000000057
22200191,2022-11-12,2022-23,NOP,HOU,119,106,225,1,13,1508.1063842205463,1369.2236791612797,138.88270505926653,119.33333333333333,120.0,0.3333333333333333,0.3333333333333333,117.4,112.4,0.4,0.2,116.1,108.7,0.5,0.1,1,2,-1,1,5.555308202370661,172.45,3.2333333333333343,11.299999999999997
22200187,2022-11-12,2022-23,IND,TOR,118,104,222,1,14,1486.2574861046699,1518.1363823777958,-31.878896273125974,120.33333333333333,106.66666666666667,0.6666666666666666,0.0,115.2,112.2,0.4,0.4,118.3,114.3,0.5,0.5,2,0,2,1,-1.275155850925039,171.85,2.0333333333333314,-7.633333333333326
22200184,2022-11-12,2022-23,LAC,BKN,95,110,205,0,-15,1495.4697818590203,1503.290032107674,-7.820250248653792,110.66666666666667,106.66666666666667,0.6666666666666666,0.6666666666666666,107.4,108.6,0.6,0.4,107.0,111.1,0.7,0.4,2,4,-2,1,-0.3128100099461517,169.0,3.6666666666666714,-4.433333333333323
22200193,2022-11-13,2022-23,CLE,MIN,124,129,253,0,-5,1568.9374027338804,1437.9554223552566,130.9819803786238,112.66666666666667,102.66666666666667,0.0,0.0,112.8,108.2,0.4,0.2,116.4,112.4,0.6,0.4,10,1,9,1,5.239279215144952,170.25,-3.7333333333333343,-9.733333333333334
22200194,2022-11-13,2022-23,WAS,MEM,102,92,194,1,10,1505.6522841362735,1574.6425034806634,-68.99021934438997,108.66666666666667,113.33333333333333,0.6666666666666666,0.6666666666666666,105.4,117.6,0.4,0.6,107.2,113.6,0.5,0.6,0,3,-3,1,-2.7596087737755988,170.75,1.4666666666666686,-0.2666666666666657
22200197,2022-11-13,2022-23,SAC,GSW,122,115,237,1,7,1501.862356869087,1455.86149119376,46.00086567532708,119.66666666666667,114.33333333333333,0.6666666666666666,0.0,116.2,114.0,0.6,0.0,117.1,115.0,0.5,0.4,3,8,-5,1,1.8400346270130832,172.55,2.566666666666677,-0.6666666666666714
22200192,2022-11-13,2022-23,NYK,OKC,135,145,280,0,-10,1480.4671190874149,1487.6390624158146,-7.1719433283997205,103.66666666666667,104.66666666666667,0.6666666666666666,0.3333333333333333,105.4,107.8,0.4,0.2,111.1,114.7,0.4,0.4,1,5,-4,1,-0.2868777331359888,168.3,-7.433333333333323,-10.033333333333331
22200196,2022-11-13,2022-23,CHI,DEN,103,126,229,0,-23,1518.901282045173,1551.5937220490046,-32.69244000383151,110.33333333333333,116.33333333333333,0.3333333333333333,0.6666666666666666,111.0,116.2,0.2,0.6,110.8,116.4,0.4,0.6,3,1,2,1,-1.3076976001532603,171.8,-0.46666666666666856,-0.06666666666667709
22200198,2022-11-13,2022-23,LAL,BKN,116,103,219,1,13,1370.580772422484,1530.391956856634,-159.81118443414994,106.33333333333333,100.66666666666667,0.0,0.6666666666666666,105.4,105.8,0.0,0.6,109.8,109.6,0.2,0.5,1,0,1,1,-6.392447377365998,167.8,-3.4666666666666686,-8.933333333333323
22200195,2022-11-13,2022-23,PHI,UTA,105,98,203,1,7,1533.815903232021,1580.6457254914803,-46.829822259459434,109.0,115.66666666666667,0.6666666666666666,0.6666666666666666,109.6,115.4,0.6,0.6,110.1,117.9,0.5,0.6,0,0,0,1,-1.8731928903783774,171.25,-1.0999999999999943,-2.2333333333333343
22200202,2022-11-14,2022-23,MIA,PHX,113,112,225,1,1,1492.2754053294857,1571.0007625529572,-78.72535722347152,107.33333333333333,104.66666666666667,0.0,0.3333333333333333,114.6,107.4,0.4,0.4,111.3,110.9,0.5,0.6,1,2,-1,1,-3.1490142889388606,170.5,-3.9666666666666686,-6.233333333333334
22200201,2022-11-14,2022-23,BOS,OKC,126,122,248,1,4,1632.943903827413,1511.1230996131972,121.82080421421574,119.66666666666667,114.0,1.0,0.3333333333333333,114.8,115.2,0.6,0.4,119.3,117.4,0.8,0.4,2,0,2,1,4.87283216856863,172.5,0.36666666666667425,-3.4000000000000057
22200200,2022-11-14,2022-23,ORL,CHA,105,112,217,0,-7,1460.0881355527397,1343.8889353870811,116.19920016565857,101.66666666666667,108.66666666666667,0.0,0.0,101.0,101.4,0.0,0.0,107.2,108.8,0.2,0.2,2,1,1,1,4.647968006626343,165.6,-5.533333333333331,-0.13333333333332575
22200199,2022-11-14,2022-23,DET,TOR,111,115,226,0,-4,1375.6346423440789,1488.5780629012197,-112.94342055714083,105.0,104.66666666666667,0.0,0.0,104.4,113.4,0.0,0.2,105.1,110.8,0.1,0.4,1,1,0,1,-4.517736822285633,169.45,-0.09999999999999432,-6.133333333333326
22200205,2022-11-14,2022-23,GSW,SAS,132,95,227,1,37,1437.8043040376062,1474.9959576144684,-37.19165357686211,116.33333333333333,112.66666666666667,0.0,0.3333333333333333,114.4,117.8,0.0,0.6,113.5,113.7,0.3,0.4,2,8,-6,1,-1.4876661430744844,173.05,2.8333333333333286,-1.0333333333333314
22200204,2022-11-14,2022-23,MIL,ATL,106,121,227,0,-15,1582.2551933586237,1545.5479613685204,36.70723199010331,109.0,110.0,0.3333333333333333,0.3333333333333333,106.4,116.2,0.6,0.4,110.8,116.3,0.8,0.6,8,1,7,1,1.4682892796041325,170.65,-1.7999999999999972,-6.299999999999997
22200203,2022-11-14,2022-23,HOU,LAC,106,122,228,0,-16,1352.854227474774,1468.3678571100604,-115.5136296352864,116.33333333333333,110.66666666666667,0.3333333333333333,0.6666666666666666,111.8,107.4,0.2,0.6,109.2,107.0,0.1,0.6,11,9,2,1,-4.620545185411456,169.8,7.133333333333326,3.6666666666666714
22200208,2022-11-15,2022-23,UTA,NYK,111,118,229,0,-7,1557.0653428903415,1456.9830818900323,100.08226100030924,111.66666666666667,103.66666666666667,0.3333333333333333,0.6666666666666666,115.0,105.4,0.6,0.4,113.8,111.2,0.5,0.3,7,5,2,1,4.0032904400123694,170.1,-2.1333333333333258,-7.533333333333331
22200209,2022-11-15,2022-23,POR,SAS,117,110,227,1,7,1547.5518669231576,1434.741004230614,112.81086269254365,107.66666666666667,106.0,0.6666666666666666,0.0,103.0,109.4,0.6,0.4,107.5,113.2,0.7,0.4,12,0,12,1,4.512434507701746,168.1,0.1666666666666714,-7.200000000000003
22200207,2022-11-15,2022-23,DAL,LAC,103,101,204,1,2,1524.778442398175,1487.6126606098646,37.16578178831037,107.0,114.66666666666667,0.3333333333333333,1.0,107.4,109.6,0.2,0.6,107.8,109.0,0.6,0.7,2,0,2,1,1.4866312715324148,169.25,-0.7999999999999972,5.666666666666671
22200206,2022-11-15,2022-23,NOP,MEM,113,102,215,1,11,1524.475835907052,1545.9636649360784,-21.487829029026443,119.33333333333333,109.0,0.3333333333333333,0.6666666666666666,117.4,111.0,0.4,0.4,116.6,112.5,0.5,0.5,2,1,1,1,-0.8595131611610577,172.1,2.7333333333333343,-3.5
22200210,2022-11-15,2022-23,SAC,BKN,153,121,274,1,32,1519.9195440252408,1492.6517832816699,27.26776074357099,119.66666666666667,102.33333333333333,0.6666666666666666,0.3333333333333333,116.2,106.6,0.6,0.6,118.4,108.3,0.6,0.5,1,1,0,1,1.0907104297428396,170.7,1.2666666666666657,-5.966666666666669
22200219,2022-11-16,2022-23,DEN,NYK,103,106,209,0,-3,1580.3926206646156,1483.607173648686,96.78544701592955,120.0,107.66666666666667,0.6666666666666666,0.6666666666666666,119.4,107.4,0.8,0.6,117.3,113.1,0.6,0.4,10,0,10,1,3.871417880637182,171.7,2.700000000000003,-5.433333333333323
22200211,2022-11-16,2022-23,CHA,IND,113,125,238,0,-12,1371.3897990134983,1515.815805581246,-144.42600656774766,113.0,120.33333333333333,0.3333333333333333,0.6666666666666666,105.2,115.2,0.2,0.4,110.0,116.7,0.3,0.6,6,15,-9,1,-5.777040262709907,170.1,3.0,3.6333333333333258
22200212,2022-11-16,2022-23,ORL,MIN,108,126,234,0,-18,1432.5872719263225,1462.3250750410177,-29.737803114695225,101.66666666666667,113.0,0.0,0.3333333333333333,101.0,110.6,0.0,0.4,105.4,111.9,0.2,0.4,1,2,-1,1,-1.189512124587809,167.9,-3.7333333333333343,1.0999999999999943
22200216,2022-11-16,2022-23,MIL,CLE,113,98,211,1,15,1551.61086408673,1544.5677500481193,7.043114038610838,109.0,112.66666666666667,0.3333333333333333,0.0,106.4,112.8,0.6,0.4,109.5,116.7,0.7,0.5,1,4,-3,1,0.28172456154443354,169.8,-0.5,-4.033333333333331
22200220,2022-11-16,2022-23,PHX,GSW,130,119,249,1,11,1562.5250289439991,1478.0592574214606,84.46577152253849,112.66666666666667,116.33333333333333,0.3333333333333333,0.0,107.6,114.4,0.4,0.0,109.7,114.4,0.5,0.3,10,2,8,1,3.3786308609015396,170.5,2.9666666666666686,1.933333333333323
22200215,2022-11-16,2022-23,TOR,MIA,112,104,216,1,8,1499.6173488739396,1500.7511389384438,-1.1337900645041827,110.66666666666667,107.33333333333333,0.3333333333333333,0.0,107.8,110.8,0.2,0.4,111.0,113.6,0.4,0.6,6,11,-5,1,-0.04535160258016731,169.65,-0.3333333333333286,-6.266666666666666
22200213,2022-11-16,2022-23,WAS,OKC,120,121,241,0,-1,1534.3311226808585,1500.4514443402288,33.87967834062965,108.66666666666667,123.33333333333333,0.6666666666666666,0.3333333333333333,105.4,116.2,0.4,0.4,106.3,118.0,0.6,0.3,2,1,1,1,1.3551871336251862,170.4,2.3666666666666742,5.333333333333329
22200217,2022-11-16,2022-23,NOP,CHI,124,110,234,1,14,1550.859784717931,1490.102383429562,60.75740128836901,119.33333333333333,110.33333333333333,0.3333333333333333,0.3333333333333333,117.4,111.0,0.4,0.2,118.4,110.2,0.6,0.4,0,9,-9,1,2.4302960515347602,172.1,0.9333333333333229,0.13333333333332575
22200218,2022-11-16,2022-23,DAL,HOU,92,101,193,0,-9,1534.5938230139939,1333.6094239749698,200.98439903902408,107.0,116.33333333333333,0.3333333333333333,0.3333333333333333,107.4,111.8,0.2,0.2,106.7,109.2,0.6,0.1,0,3,-3,1,8.039375961560964,169.8,0.29999999999999716,7.133333333333326
22200214,2022-11-16,2022-23,ATL,BOS,101,126,227,0,-25,1576.192290640414,1643.6155591003812,-67.42326845996718,114.0,119.66666666666667,0.6666666666666666,1.0,113.2,114.8,0.4,0.6,116.0,119.6,0.6,0.8,5,3,2,1,-2.696930738398687,172.0,-2.0,0.06666666666667709
22200221,2022-11-17,2022-23,POR,BKN,107,109,216,0,-2,1561.8221038915603,1460.4252486114174,101.39685528014297,107.66666666666667,111.33333333333333,0.6666666666666666,0.3333333333333333,103.0,105.2,0.6,0.4,106.7,108.8,0.7,0.4,1,1,0,1,4.055874211205719,167.05,0.9666666666666686,2.5333333333333314
22200222,2022-11-17,2022-23,SAC,SAS,130,112,242,1,18,1552.1460786954933,1420.4707672622112,131.6753114332821,119.66666666666667,102.0,0.6666666666666666,0.0,116.2,108.6,0.6,0.2,122.7,113.6,0.7,0.4,1,1,0,1,5.267012457331284,171.2,-3.0333333333333314,-11.599999999999994
22200223,2022-11-17,2022-23,LAC,DET,96,91,187,1,5,1477.7972799940458,1364.595356371359,113.20192362268676,112.0,105.0,0.6666666666666666,0.0,111.0,104.4,0.6,0.0,107.2,107.4,0.6,0.1,4,5,-1,1,4.528076944907471,168.85,4.799999999999997,-2.4000000000000057
22200228,2022-11-18,2022-23,HOU,IND,91,99,190,0,-8,1368.6446260723028,1531.3774937644423,-162.7328676921395,105.33333333333333,119.66666666666667,0.3333333333333333,0.6666666666666666,113.4,119.0,0.4,0.6,108.6,116.8,0.2,0.6,3,1,2,1,-6.50931470768558,173.1,-3.2666666666666657,2.8666666666666742
22200233,2022-11-18,2022-23,GSW,NYK,111,101,212,1,10,1459.1350292030108,1501.2350419565303,-42.10001275351942,113.0,103.0,0.0,0.6666666666666666,115.4,107.0,0.0,0.8,114.7,111.9,0.2,0.5,3,1,2,1,-1.684000510140777,170.6,-1.7000000000000028,-8.900000000000006
22200229,2022-11-18,2022-23,MEM,OKC,121,110,231,1,11,1519.5797161251994,1508.0566943127094,11.523021812490015,106.0,129.33333333333334,0.3333333333333333,0.6666666666666666,106.8,117.0,0.4,0.4,112.1,119.1,0.5,0.4,6,1,5,1,0.46092087249960056,170.95,-6.099999999999994,10.233333333333348
22200230,2022-11-18,2022-23,DAL,DEN,127,99,226,1,28,1499.5586209166609,1562.7647523567714,-63.20613144011054,107.0,120.0,0.3333333333333333,0.6666666666666666,107.4,119.4,0.2,0.8,105.6,115.0,0.5,0.5,1,4,-3,1,-2.5282452576044214,171.7,1.4000000000000057,5.0
22200224,2022-11-18,2022-23,WAS,MIA,107,106,213,1,1,1526.725872708378,1478.7071911674725,48.01868154090539,108.66666666666667,105.33333333333333,0.6666666666666666,0.0,105.4,109.0,0.4,0.2,109.7,112.4,0.6,0.5,1,1,0,1,1.9207472616362156,168.6,-1.0333333333333314,-7.066666666666677
22200225,2022-11-18,2022-23,CLE,CHA,132,122,254,1,10,1517.4038370417343,1355.828110830302,161.5757262114323,106.33333333333333,113.0,0.0,0.3333333333333333,110.0,105.2,0.2,0.2,115.1,111.8,0.4,0.3,4,3,1,1,6.463029048457292,168.8,-8.766666666666666,1.2000000000000028
22200231,2022-11-18,2022-23,NOP,BOS,109,117,226,0,-8,1573.2523052315116,1669.9520610143684,-96.69975578285676,119.33333333333333,117.33333333333333,0.3333333333333333,1.0,117.4,119.6,0.4,0.8,118.9,119.4,0.6,0.8,1,1,0,1,-3.86799023131427,174.25,0.4333333333333229,-2.066666666666677
22200226,2022-11-18,2022-23,PHI,MIL,110,102,212,1,8,1557.3962858331597,1578.774777093115,-21.378491259955354,109.0,109.0,0.6666666666666666,0.3333333333333333,109.6,106.4,0.6,0.6,109.5,108.5,0.6,0.7,4,6,-2,1,-0.8551396503982142,169.0,-0.5,0.5
22200232,2022-11-18,2022-23,UTA,PHX,134,133,267,1,1,1530.4412511316877,1581.449257162449,-51.00800603076118,111.66666666666667,112.66666666666667,0.3333333333333333,0.3333333333333333,115.0,107.6,0.6,0.4,113.8,110.3,0.5,0.5,2,3,-1,1,-2.040320241230447,170.65,-2.1333333333333258,2.3666666666666742
22200227,2022-11-18,2022-23,CHI,ORL,107,108,215,0,-1,1467.7098629159814,1405.6569581130823,62.05290480289909,111.0,101.66666666666667,0.0,0.0,113.0,101.0,0.2,0.0,110.6,103.5,0.3,0.2,4,16,-12,1,2.4821161921159636,168.5,0.4000000000000057,-1.8333333333333286
22200234,2022-11-18,2022-23,LAL,DET,128,121,249,1,7,1408.320945997448,1352.3175229777025,56.00342301974547,106.33333333333333,105.0,0.0,0.0,105.4,102.8,0.0,0.0,109.3,105.3,0.2,0.0,4,0,4,1,2.2401369207898187,167.05,-2.9666666666666686,-0.29999999999999716
22200238,2022-11-19,2022-23,POR,UTA,113,118,231,0,-5,1547.7177811053489,1538.3831031792606,9.334677926088261,107.66666666666667,111.66666666666667,0.6666666666666666,0.3333333333333333,103.0,115.0,0.6,0.6,106.8,113.8,0.7,0.5,1,5,-4,1,0.37338711704353045,169.5,0.8666666666666742,-2.1333333333333258
22200235,2022-11-19,2022-23,ATL,TOR,124,122,246,1,2,1549.855788726427,1521.6612966449109,28.194492081516046,114.0,110.66666666666667,0.6666666666666666,0.3333333333333333,113.2,107.8,0.4,0.2,114.4,110.6,0.5,0.4,2,4,-2,1,1.127779683260642,170.25,-0.4000000000000057,0.06666666666667709
22200237,2022-11-19,2022-23,PHI,MIN,109,112,221,0,-3,1580.7188294534544,1489.255388854258,91.46344059919647,109.0,119.33333333333333,0.6666666666666666,0.6666666666666666,109.6,112.6,0.6,0.4,110.1,113.4,0.7,0.4,0,2,-2,1,3.658537623967859,170.55,-1.0999999999999943,5.933333333333323
22200236,2022-11-19,2022-23,IND,ORL,114,113,227,1,1,1543.75024646404,1413.813411353366,129.93683511067388,111.0,107.0,0.6666666666666666,0.3333333333333333,117.0,103.0,0.8,0.2,116.6,104.9,0.6,0.2,6,0,6,1,5.1974734044269555,170.0,-5.599999999999994,2.0999999999999943
22200239,2022-11-19,2022-23,LAC,SAS,119,97,216,1,22,1490.0751133877022,1401.680293053727,88.3948203339753,112.0,105.66666666666667,0.6666666666666666,0.0,111.0,108.0,0.6,0.0,105.4,113.9,0.6,0.4,1,1,0,1,3.535792813359012,169.75,6.599999999999994,-8.233333333333334
22200247,2022-11-20,2022-23,LAL,SAS,123,92,215,1,31,1425.792224157341,1378.1349171323604,47.65730702498058,106.33333333333333,106.33333333333333,0.0,0.0,105.4,103.0,0.0,0.0,110.1,111.4,0.2,0.4,1,0,1,1,1.9062922809992233,167.1,-3.7666666666666657,-5.066666666666677
22200241,2022-11-20,2022-23,WAS,CHA,106,102,208,1,4,1532.7054070919537,1342.2606522674228,190.44475482453095,108.66666666666667,116.33333333333333,0.6666666666666666,0.3333333333333333,105.4,112.0,0.4,0.2,109.1,112.7,0.6,0.3,1,1,0,1,7.6177901929812375,169.35,-0.4333333333333229,3.6333333333333258
22200243,2022-11-20,2022-23,BKN,MEM,127,115,242,1,12,1474.5295713976288,1543.6049424482558,-69.07537105062693,111.0,106.0,0.3333333333333333,0.3333333333333333,107.4,106.8,0.4,0.4,109.8,112.8,0.5,0.5,10,4,6,1,-2.7630148420250773,168.55,1.2000000000000028,-6.799999999999997
22200244,2022-11-20,2022-23,CLE,MIA,113,87,200,1,26,1530.9712956046135,1472.7276567838967,58.2436388207168,106.33333333333333,103.0,0.0,0.0,110.0,106.4,0.2,0.0,115.9,112.0,0.5,0.4,1,1,0,1,2.3297455528286717,169.1,-9.566666666666677,-9.0
22200240,2022-11-20,2022-23,PHX,NYK,116,95,211,1,21,1573.507405114876,1474.3646118037163,99.14279331115972,114.0,108.33333333333333,0.0,0.6666666666666666,111.8,106.0,0.2,0.6,112.0,109.9,0.4,0.4,3,1,2,1,3.9657117324463886,169.45,2.0,-1.566666666666677
22200245,2022-11-20,2022-23,HOU,GSW,120,127,247,0,-7,1356.2718733727052,1486.0054593558248,-129.7335859831196,105.33333333333333,113.0,0.3333333333333333,0.0,113.4,115.4,0.4,0.0,108.6,115.2,0.2,0.2,1,3,-2,1,-5.189343439324785,172.2,-3.2666666666666657,-2.200000000000003
22200246,2022-11-20,2022-23,DAL,DEN,97,98,195,0,-1,1539.2907301015541,1523.0326431718781,16.258086929675983,107.0,112.33333333333333,0.3333333333333333,0.3333333333333333,107.4,114.8,0.2,0.6,107.2,114.6,0.5,0.5,1,1,0,1,0.6503234771870393,170.55,-0.20000000000000284,-2.2666666666666657
22200242,2022-11-20,2022-23,SAC,DET,137,129,266,1,8,1570.9365529039776,1334.8462448178095,236.09030808616808,119.66666666666667,108.0,0.6666666666666666,0.0,116.2,105.4,0.6,0.0,123.8,106.6,0.7,0.0,2,1,1,1,9.443612323446724,170.4,-4.133333333333326,1.4000000000000057
22200252,2022-11-21,2022-23,MIN,MIA,105,101,206,1,4,1506.685761310506,1445.2432036517198,61.4425576587862,122.33333333333333,99.0,1.0,0.0,115.4,101.8,0.6,0.0,114.4,110.0,0.5,0.4,11,0,11,1,2.457702306351448,169.3,7.933333333333323,-11.0
22200248,2022-11-21,2022-23,CLE,ATL,114,102,216,1,12,1558.4557487367904,1559.952336627544,-1.496587890753517,106.33333333333333,114.0,0.0,0.6666666666666666,110.0,113.2,0.2,0.4,114.0,114.9,0.5,0.6,0,6,-6,1,-0.05986351563014068,170.8,-7.666666666666671,-0.9000000000000057
22200253,2022-11-21,2022-23,NOP,GSW,128,83,211,1,45,1557.2423040709682,1499.3769977190045,57.86530635196368,119.33333333333333,120.33333333333333,0.3333333333333333,0.3333333333333333,117.4,119.0,0.4,0.2,118.5,114.7,0.5,0.2,2,0,2,1,2.3146122540785474,174.1,0.8333333333333286,5.633333333333326
22200255,2022-11-21,2022-23,LAC,UTA,121,114,235,1,7,1513.6204893090687,1556.7819805887514,-43.16149127968265,112.0,109.33333333333333,0.6666666666666666,0.3333333333333333,111.0,112.6,0.6,0.6,107.8,112.4,0.7,0.5,1,1,0,1,-1.726459651187306,170.9,4.200000000000003,-3.066666666666677
22200251,2022-11-21,2022-23,MIL,POR,119,111,230,1,8,1555.4522334728204,1529.3189036958581,26.133329776962228,110.33333333333333,107.66666666666667,0.3333333333333333,0.6666666666666666,108.8,103.0,0.4,0.6,107.7,106.4,0.6,0.6,4,8,-4,1,1.045333191078489,167.95,2.6333333333333258,1.2666666666666657
22200249,2022-11-21,2022-23,IND,ORL,123,102,225,1,21,1548.2038884513734,1409.3597693660327,138.8441190853407,111.0,109.66666666666667,0.6666666666666666,0.3333333333333333,117.0,105.2,0.8,0.2,115.1,104.8,0.6,0.1,1,1,0,1,5.5537647634136285,170.55,-4.099999999999994,4.866666666666674
22200254,2022-11-21,2022-23,OKC,NYK,119,129,248,0,-10,1484.031467989653,1452.0427972128828,31.988670776770277,117.66666666666667,100.66666666666667,0.3333333333333333,0.3333333333333333,120.2,101.0,0.4,0.4,116.9,105.9,0.4,0.4,9,0,9,1,1.2795468310708111,170.3,0.7666666666666657,-5.233333333333334
22200250,2022-11-21,2022-23,CHI,BOS,121,107,228,1,14,1459.5534096756976,1685.9620621749118,-226.4086524992142,111.0,120.0,0.0,1.0,113.0,120.4,0.2,1.0,110.2,118.0,0.2,0.8,2,2,0,1,-9.056346099968568,173.35,0.7999999999999972,2.0
22200257,2022-11-22,2022-23,MEM,SAC,109,113,222,0,-4,1512.9220917269276,1579.9186113743524,-66.99651964742475,103.0,119.66666666666667,0.0,0.6666666666666666,108.8,116.2,0.4,0.6,112.2,124.8,0.4,0.7,3,10,-7,1,-2.67986078589699,171.25,-9.200000000000003,-5.133333333333326
22200259,2022-11-22,2022-23,PHX,LAL,115,105,220,1,10,1595.8292197057096,1455.7252690098546,140.10395069585502,114.0,106.33333333333333,0.0,0.0,111.8,105.4,0.2,0.0,113.0,110.8,0.5,0.3,1,12,-11,1,5.604158027834201,169.3,1.0,-4.466666666666669
22200256,2022-11-22,2022-23,PHI,BKN,115,106,221,1,9,1563.2884569972064,1505.212422118957,58.0760348782494,109.0,111.0,0.6666666666666666,0.3333333333333333,109.6,107.4,0.6,0.4,111.0,111.3,0.6,0.5,2,4,-2,1,2.323041395129976,169.25,-2.0,-0.29999999999999716
22200258,2022-11-22,2022-23,DEN,DET,108,110,218,0,-2,1530.2882334401027,1325.8641863474347,204.42404709266793,107.66666666666667,113.66666666666667,0.6666666666666666,0.0,111.4,113.0,0.6,0.0,114.2,108.4,0.6,0.0,5,1,4,1,8.176961883706717,171.1,-6.533333333333331,5.266666666666666
22200260,2022-11-23,2022-23,CHA,PHI,107,101,208,1,6,1334.1994273700664,1582.5008443024465,-248.3014169323801,112.0,109.0,0.3333333333333333,0.6666666666666666,112.6,109.6,0.2,0.6,110.0,110.4,0.2,0.6,6,12,-6,1,-9.932056677295204,170.55,2.0,-1.4000000000000057
22200261,2022-11-23,2022-23,CLE,POR,114,96,210,1,18,1584.215727493897,1508.996251437077,75.21947605681999,106.33333333333333,109.66666666666667,0.0,0.3333333333333333,110.0,108.8,0.2,0.6,114.1,106.8,0.5,0.6,1,1,0,1,3.0087790422727996,169.7,-7.766666666666666,2.8666666666666742
22200262,2022-11-23,2022-23,IND,MIN,101,115,216,0,-14,1567.3798355427145,1519.9632203771507,47.416615165563826,111.0,122.33333333333333,0.6666666666666666,1.0,117.0,115.4,0.8,0.6,115.5,112.0,0.7,0.5,1,3,-2,1,1.896664606622553,173.1,-4.5,10.333333333333329
22200269,2022-11-23,2022-23,SAS,NOP,110,129,239,0,-19,1348.2018722798468,1589.2104385343277,-241.0085662544809,100.33333333333333,119.33333333333333,0.0,0.3333333333333333,101.2,117.4,0.0,0.4,109.5,118.9,0.3,0.5,11,13,-2,1,-9.640342650179237,169.65,-9.166666666666671,0.4333333333333229
22200267,2022-11-23,2022-23,MIL,CHI,113,118,231,0,-5,1575.7748857316014,1502.1451911710983,73.62969456050314,110.33333333333333,111.0,0.3333333333333333,0.0,108.8,113.0,0.4,0.2,108.0,111.2,0.6,0.3,1,6,-5,1,2.945187782420126,170.45,2.3333333333333286,-0.20000000000000284
22200266,2022-11-23,2022-23,TOR,BKN,98,112,210,0,-14,1511.5647487437939,1486.0000348137169,25.564713930077005,113.66666666666667,112.0,0.3333333333333333,0.3333333333333333,110.2,109.8,0.2,0.4,111.6,109.2,0.3,0.4,6,0,6,1,1.0225885572030802,170.0,2.066666666666677,2.799999999999997
22200268,2022-11-23,2022-23,OKC,DEN,126,131,257,0,-5,1457.8509713460037,1513.4934257834589,-55.64245443745517,117.66666666666667,107.66666666666667,0.3333333333333333,0.6666666666666666,120.2,111.4,0.4,0.6,115.6,114.2,0.3,0.6,1,2,-1,1,-2.2256981774982068,172.9,2.066666666666677,-6.533333333333331
22200270,2022-11-23,2022-23,UTA,DET,116,125,241,0,-9,1533.4175082333425,1342.6589940040785,190.75851422926394,110.0,120.0,0.3333333333333333,0.3333333333333333,113.4,112.6,0.4,0.2,111.6,108.8,0.4,0.1,4,0,4,1,7.630340569170557,171.5,-1.5999999999999943,11.200000000000003
22200265,2022-11-23,2022-23,MIA,WAS,113,105,218,1,8,1431.965744585075,1540.76663198931,-108.80088740423503,98.0,108.66666666666667,0.0,0.6666666666666666,99.4,105.4,0.0,0.4,108.4,107.6,0.3,0.6,8,15,-7,1,-4.352035496169401,166.2,-10.400000000000006,1.066666666666677
22200264,2022-11-23,2022-23,BOS,DAL,125,112,237,1,13,1643.370280679511,1532.0351398333296,111.3351408461815,116.66666666666667,107.0,0.6666666666666666,0.3333333333333333,115.2,107.4,0.8,0.2,116.1,107.3,0.7,0.4,8,12,-4,1,4.45340563384726,170.65,0.5666666666666771,-0.29999999999999716
22200271,2022-11-23,2022-23,GSW,LAC,124,107,231,1,17,1467.408863255645,1536.9849616644776,-69.57609840883265,109.66666666666667,112.0,0.3333333333333333,0.6666666666666666,109.8,111.0,0.2,0.6,111.9,110.3,0.1,0.7,4,7,-3,1,-2.783043936353306,170.2,-2.2333333333333343,1.7000000000000028
22200263,2022-11-23,2022-23,ATL,SAC,115,106,221,1,9,1534.1923578704373,1592.9473906924388,-58.75503282200157,110.66666666666667,115.33333333333333,0.3333333333333333,0.6666666666666666,110.6,115.8,0.4,0.6,114.7,123.9,0.5,0.7,3,0,3,1,-2.3502013128800625,171.6,-4.033333333333331,-8.566666666666677
22200277,2022-11-25,2022-23,MIA,WAS,110,107,217,1,3,1460.6022559674273,1512.130120606958,-51.52786463953066,98.0,103.33333333333333,0.0,0.3333333333333333,99.4,105.0,0.0,0.4,106.5,107.9,0.3,0.5,1,1,0,1,-2.0611145855812265,166.1,-8.5,-4.566666666666677
22200275,2022-11-25,2022-23,BOS,SAC,122,104,226,1,18,1661.5820929415756,1566.0643249217328,95.51776801984283,116.66666666666667,113.0,0.6666666666666666,0.6666666666666666,115.2,115.6,0.8,0.6,116.1,119.2,0.7,0.6,1,1,0,1,3.820710720793713,172.7,0.5666666666666771,-6.200000000000003
22200273,2022-11-25,2022-23,ORL,PHI,99,107,206,0,-8,1390.1838222746915,1551.1017111233982,-160.91788884870675,107.66666666666667,104.66666666666667,0.3333333333333333,0.3333333333333333,107.2,108.0,0.2,0.6,104.5,110.0,0.1,0.5,8,1,7,1,-6.43671555394827,168.8,3.1666666666666714,-5.333333333333329
22200278,2022-11-25,2022-23,HOU,ATL,128,122,250,1,6,1342.9003350095254,1561.0754236411433,-218.17508863161788,105.33333333333333,110.66666666666667,0.3333333333333333,0.3333333333333333,113.4,110.6,0.4,0.4,108.6,116.1,0.2,0.6,4,3,1,1,-8.727003545264715,171.0,-3.2666666666666657,-5.433333333333323
22200282,2022-11-25,2022-23,SAS,LAL,94,105,199,0,-11,1336.2291251292745,1440.923725758538,-104.6946006292635,100.33333333333333,107.33333333333333,0.0,0.0,101.2,104.6,0.0,0.0,109.5,111.3,0.3,0.3,1,2,-1,1,-4.18778402517054,166.45,-9.166666666666671,-3.9666666666666686
22200283,2022-11-25,2022-23,PHX,DET,108,102,210,1,6,1610.6307629570263,1377.1932969566687,233.43746600035752,114.0,121.33333333333333,0.0,0.6666666666666666,111.8,115.2,0.2,0.4,114.3,109.8,0.5,0.2,2,1,1,1,9.337498640014301,171.75,-0.29999999999999716,11.533333333333331
22200285,2022-11-25,2022-23,LAC,DEN,104,114,218,0,-10,1502.369249815711,1528.565768501061,-26.19651868534993,110.0,109.33333333333333,0.3333333333333333,0.6666666666666666,110.4,113.2,0.6,0.6,109.1,114.5,0.6,0.6,3,1,2,1,-1.0478607474139972,170.9,0.9000000000000057,-5.166666666666671
22200284,2022-11-25,2022-23,GSW,UTA,129,118,247,1,11,1502.0245751044115,1498.8832052807522,3.141369823659261,109.66666666666667,110.0,0.3333333333333333,0.3333333333333333,109.8,113.4,0.2,0.4,111.9,111.6,0.1,0.4,1,3,-2,1,0.12565479294637044,170.8,-2.2333333333333343,-1.5999999999999943
22200281,2022-11-25,2022-23,OKC,CHI,123,119,242,1,4,1442.7786286284015,1523.8040992651809,-81.02547063677935,117.66666666666667,110.66666666666667,0.3333333333333333,0.3333333333333333,120.2,111.8,0.4,0.4,116.3,112.7,0.3,0.4,1,1,0,1,-3.241018825471174,173.0,1.3666666666666742,-2.0333333333333314
22200276,2022-11-25,2022-23,IND,BKN,128,117,245,1,11,1536.6262714149314,1515.0695632578822,21.556708157049115,111.0,109.0,0.6666666666666666,0.6666666666666666,117.0,110.2,0.8,0.4,113.8,108.0,0.6,0.5,1,1,0,1,0.8622683262819646,171.8,-2.799999999999997,1.0
22200272,2022-11-25,2022-23,CHA,MIN,110,108,218,1,2,1365.5985605491146,1550.716784504934,-185.1182239558193,112.0,117.66666666666667,0.3333333333333333,1.0,112.6,117.0,0.2,0.8,110.0,112.8,0.2,0.6,1,1,0,1,-7.404728958232772,172.4,2.0,4.866666666666674
22200279,2022-11-25,2022-23,MEM,NOP,132,111,243,1,21,1499.8933124088412,1601.1831856849,-101.28987327605887,103.0,122.0,0.0,0.6666666666666666,108.8,120.8,0.4,0.4,112.2,120.9,0.4,0.6,2,1,1,1,-4.051594931042355,172.4,-9.200000000000003,1.0999999999999943
22200280,2022-11-25,2022-23,MIL,CLE,117,102,219,1,15,1554.1159776375189,1607.3831998487103,-53.26722221119144,110.33333333333333,106.33333333333333,0.3333333333333333,0.0,108.8,110.0,0.4,0.2,108.5,114.1,0.5,0.5,1,8,-7,1,-2.1306888884476574,169.7,1.8333333333333286,-7.766666666666666
22200274,2022-11-25,2022-23,NYK,POR,129,132,261,0,-3,1478.223293856532,1485.8287790822637,-7.605485225731627,108.33333333333333,106.33333333333333,0.3333333333333333,0.0,109.8,106.0,0.6,0.4,107.6,105.1,0.5,0.6,11,1,10,1,-0.3042194090292651,168.95,0.7333333333333343,1.2333333333333343
22200287,2022-11-26,2022-23,HOU,OKC,118,105,223,1,13,1373.1912442025719,1462.5597823719345,-89.36853816936264,105.33333333333333,117.66666666666667,0.3333333333333333,0.3333333333333333,113.4,120.2,0.4,0.4,108.6,116.0,0.2,0.4,0,7,-7,1,-3.5747415267745053,173.4,-3.2666666666666657,1.6666666666666714
22200286,2022-11-26,2022-23,TOR,DAL,105,100,205,1,5,1482.4952202996285,1513.823327571265,-31.328107271636554,113.66666666666667,101.33333333333333,0.3333333333333333,0.0,110.2,108.8,0.2,0.2,111.6,106.8,0.3,0.3,2,2,0,1,-1.253124290865462,169.75,2.066666666666677,-5.466666666666669
22200288,2022-11-26,2022-23,SAS,LAL,138,143,281,0,-5,1318.6492580292347,1458.5035928585778,-139.8543348293431,100.33333333333333,103.66666666666667,0.0,0.3333333333333333,101.2,105.8,0.0,0.2,109.5,110.4,0.3,0.4,0,0,0,1,-5.594173393173723,166.75,-9.166666666666671,-6.733333333333334
22200289,2022-11-26,2022-23,PHX,UTA,113,112,225,1,1,1618.6825538117112,1474.2588077109212,144.4237461007899,114.0,116.66666666666667,0.0,0.3333333333333333,111.8,112.0,0.2,0.2,112.1,112.6,0.5,0.4,0,0,0,1,5.776949844031597,170.95,1.9000000000000057,4.066666666666677
22200298,2022-11-27,2022-23,MIL,DAL,124,115,239,1,9,1586.0596743436797,1494.2944760241194,91.76519831956034,110.33333333333333,105.66666666666667,0.3333333333333333,0.0,108.8,106.6,0.4,0.2,109.6,106.5,0.6,0.2,1,0,1,1,3.6706079327824135,168.85,0.7333333333333343,-0.8333333333333286
22200291,2022-11-27,2022-23,MIN,GSW,114,137,251,0,-23,1534.3746137735075,1526.6489726742425,7.725641099264976,111.66666666666667,109.66666666666667,0.6666666666666666,0.3333333333333333,118.0,109.8,0.8,0.2,111.9,111.9,0.6,0.1,5,5,0,1,0.30902564397059906,171.95,-0.23333333333333428,-2.2333333333333343
22200292,2022-11-27,2022-23,LAC,IND,114,100,214,1,14,1480.1948830745694,1559.9355481263594,-79.74066505179007,110.0,111.0,0.3333333333333333,0.6666666666666666,110.4,117.0,0.6,0.8,107.4,115.2,0.5,0.6,1,8,-7,1,-3.189626602071603,171.85,2.5999999999999943,-4.200000000000003
22200296,2022-11-27,2022-23,NYK,MEM,123,127,250,0,-4,1464.6637664165544,1539.5683151401925,-74.90454872363807,108.33333333333333,103.0,0.3333333333333333,0.0,109.8,108.8,0.6,0.4,107.6,112.2,0.5,0.4,1,6,-5,1,-2.996181948945523,169.65,0.7333333333333343,-9.200000000000003
22200295,2022-11-27,2022-23,DET,CLE,94,102,196,0,-8,1369.1415061019839,1575.4395031425495,-206.29799704056563,112.33333333333333,100.33333333333333,0.6666666666666666,0.0,117.4,107.6,0.4,0.0,110.1,112.9,0.2,0.4,12,1,11,1,-8.251919881622625,171.25,2.2333333333333343,-12.566666666666677
22200293,2022-11-27,2022-23,ATL,MIA,98,106,204,0,-8,1530.7845144480968,1476.506257630767,54.27825681732975,115.0,98.0,0.3333333333333333,0.0,113.2,99.4,0.4,0.0,115.9,106.2,0.5,0.3,3,5,-2,1,2.17113027269319,168.15,-0.9000000000000057,-8.200000000000003
22200290,2022-11-27,2022-23,BKN,POR,111,97,208,1,14,1491.7602865464542,1499.3883065222415,-7.628019975787311,111.66666666666667,113.0,0.3333333333333333,0.3333333333333333,113.0,111.4,0.4,0.4,109.8,106.8,0.5,0.6,6,1,5,1,-0.3051207990314924,171.1,1.8666666666666742,6.200000000000003
22200297,2022-11-27,2022-23,ORL,PHI,103,133,236,0,-30,1377.7179853656526,1563.5675480324371,-185.84956266678455,107.66666666666667,101.0,0.3333333333333333,0.3333333333333333,107.2,107.0,0.2,0.6,103.6,109.7,0.1,0.5,1,1,0,1,-7.433982506671382,168.55,4.066666666666677,-8.700000000000003
22200294,2022-11-27,2022-23,BOS,WAS,130,121,251,1,9,1683.1295264498247,1496.226118943618,186.90340750620658,116.66666666666667,106.66666666666667,0.6666666666666666,0.3333333333333333,115.2,107.6,0.8,0.4,116.1,106.6,0.7,0.5,1,1,0,1,7.476136300248263,170.7,0.5666666666666771,0.06666666666667709
22200304,2022-11-28,2022-23,NOP,OKC,105,101,206,1,4,1561.5081829535488,1429.5267917508877,131.98139120266114,118.33333333333333,112.0,0.6666666666666666,0.3333333333333333,119.6,120.6,0.4,0.4,119.2,114.2,0.5,0.3,6,1,5,1,5.279255648106446,175.05,-0.8666666666666742,-2.200000000000003
22200300,2022-11-28,2022-23,WAS,MIN,142,127,269,1,15,1484.5159902639139,1501.8875140679536,-17.371523804039725,111.0,111.66666666666667,0.0,0.6666666666666666,107.6,118.0,0.2,0.8,108.0,112.8,0.4,0.5,7,2,5,1,-0.694860952161589,171.4,3.0,-1.1333333333333258
22200305,2022-11-28,2022-23,DEN,HOU,129,113,242,1,16,1550.7401352422028,1406.2242348236186,144.51590041858412,114.33333333333333,105.33333333333333,1.0,0.3333333333333333,113.6,113.4,0.8,0.4,114.9,108.6,0.7,0.2,5,11,-6,1,5.780636016743365,171.75,-0.5666666666666771,-3.2666666666666657
22200301,2022-11-28,2022-23,BOS,CHA,140,105,245,1,35,1694.8396551295289,1381.940731280541,312.8989238489878,116.66666666666667,112.0,0.6666666666666666,0.3333333333333333,115.2,112.6,0.8,0.2,116.1,110.0,0.7,0.2,0,7,-7,1,12.515956953959511,171.95,0.5666666666666771,2.0
22200308,2022-11-28,2022-23,LAL,IND,115,116,231,0,-1,1469.57461802867,1526.7466242395105,-57.172006210840436,117.66666666666667,108.0,0.6666666666666666,0.6666666666666666,114.0,111.6,0.4,0.6,113.1,112.9,0.4,0.5,7,0,7,1,-2.2868802484336173,171.4,4.566666666666677,-4.900000000000006
22200302,2022-11-28,2022-23,BKN,ORL,109,102,211,1,7,1519.4352510539713,1360.1748258794337,159.26042517453766,111.66666666666667,107.66666666666667,0.3333333333333333,0.3333333333333333,113.0,107.2,0.4,0.2,109.8,104.0,0.5,0.1,0,6,-6,1,6.370417006981507,170.05,1.8666666666666742,3.6666666666666714
22200303,2022-11-28,2022-23,TOR,CLE,100,88,188,1,12,1502.0240718467742,1585.7092423979207,-83.68517055114648,113.66666666666667,100.66666666666667,0.3333333333333333,0.3333333333333333,110.2,104.6,0.2,0.2,111.6,112.6,0.3,0.5,1,0,1,1,-3.3474068220458593,168.7,2.066666666666677,-11.933333333333323
22200306,2022-11-28,2022-23,UTA,CHI,107,114,221,0,-7,1470.0534076949066,1504.022945521648,-33.969537826741316,114.66666666666667,115.66666666666667,0.0,0.3333333333333333,112.0,114.0,0.2,0.2,113.7,113.9,0.4,0.4,4,2,2,1,-1.3587815130696526,171.5,0.9666666666666686,1.7666666666666657
22200299,2022-11-28,2022-23,PHI,ATL,104,101,205,1,3,1581.110707518656,1505.4073021908155,75.70340532784053,113.66666666666667,115.0,0.6666666666666666,0.3333333333333333,110.8,113.2,0.6,0.4,112.1,114.2,0.6,0.4,5,2,3,1,3.028136213113621,171.0,1.566666666666677,0.7999999999999972
22200307,2022-11-28,2022-23,SAC,PHX,117,122,239,0,-5,1544.5168914134838,1622.8879538277258,-78.37106241424203,107.66666666666667,114.0,0.3333333333333333,0.0,111.2,111.8,0.4,0.2,116.6,111.8,0.5,0.5,7,9,-2,1,-3.1348424965696813,170.75,-8.933333333333323,2.200000000000003
22200310,2022-11-29,2022-23,DAL,GSW,116,113,229,1,3,1477.2126662386606,1559.1360723797964,-81.92340614113573,109.0,115.66666666666667,0.0,0.6666666666666666,103.8,116.2,0.0,0.4,108.8,115.1,0.2,0.2,8,1,7,1,-3.276936245645429,170.0,0.20000000000000284,0.5666666666666771
22200311,2022-11-29,2022-23,POR,LAC,112,118,230,0,-6,1471.7133420147243,1513.3838069614183,-41.67046494669398,108.33333333333333,110.0,0.3333333333333333,0.3333333333333333,109.6,110.4,0.2,0.6,105.9,108.4,0.5,0.6,9,5,4,1,-1.6668185978677592,170.0,2.433333333333323,1.5999999999999943
22200309,2022-11-29,2022-23,DET,NYK,110,140,250,0,-30,1358.8717668466127,1451.9864382938513,-93.1146714472386,112.33333333333333,108.33333333333333,0.6666666666666666,0.3333333333333333,117.4,109.8,0.4,0.6,110.1,107.6,0.2,0.5,1,7,-6,1,-3.7245868578895442,171.8,2.2333333333333343,0.7333333333333343
22200323,2022-11-30,2022-23,SAC,IND,137,114,251,1,23,1530.573787206332,1532.5476776452354,-1.973890438903254,107.66666666666667,105.0,0.3333333333333333,0.6666666666666666,111.2,109.8,0.4,0.6,114.6,114.4,0.4,0.6,1,1,0,1,-0.07895561755613016,170.25,-6.933333333333323,-9.400000000000006
22200312,2022-11-30,2022-23,CLE,PHI,113,85,198,1,28,1553.9984431638243,1591.9999403488905,-38.00149718506623,97.33333333333333,113.66666666666667,0.3333333333333333,0.6666666666666666,98.2,110.8,0.2,0.6,108.6,111.0,0.4,0.6,6,2,4,1,-1.5200598874026492,167.25,-11.266666666666666,2.6666666666666714
22200315,2022-11-30,2022-23,BKN,WAS,113,107,220,1,6,1531.3136498970405,1513.6269974200295,17.686652477010966,111.66666666666667,111.0,0.3333333333333333,0.0,113.0,107.6,0.4,0.2,109.8,111.6,0.5,0.4,1,2,-1,1,0.7074660990804387,170.15,1.8666666666666742,-0.5999999999999943
22200318,2022-11-30,2022-23,NOP,TOR,126,108,234,1,18,1571.76678603197,1533.7348710808706,38.03191495109945,118.33333333333333,113.66666666666667,0.6666666666666666,0.3333333333333333,119.6,110.2,0.4,0.2,119.2,111.6,0.5,0.3,1,10,-9,1,1.5212765980439782,172.45,-0.8666666666666742,2.066666666666677
22200324,2022-11-30,2022-23,LAL,POR,128,109,237,1,19,1463.7735646229453,1454.5769845891696,9.196580033775717,117.66666666666667,108.33333333333333,0.6666666666666666,0.3333333333333333,114.0,109.6,0.4,0.2,111.8,105.9,0.3,0.5,1,2,-1,1,0.3678632013510287,170.9,5.866666666666674,2.433333333333323
22200322,2022-11-30,2022-23,UTA,LAC,125,112,237,1,13,1451.2856540190658,1530.520164386973,-79.2345103679072,114.66666666666667,108.66666666666667,0.0,0.3333333333333333,112.0,112.2,0.2,0.6,113.7,108.8,0.4,0.6,1,0,1,1,-3.1693804147162883,171.05,0.9666666666666686,-0.13333333333332575
22200319,2022-11-30,2022-23,OKC,SAS,119,111,230,1,8,1419.2681886724665,1307.5782328591424,111.6899558133241,105.33333333333333,100.33333333333333,0.0,0.0,111.8,101.2,0.2,0.0,113.5,109.5,0.3,0.3,4,9,-5,1,4.467598232532964,168.25,-8.166666666666671,-9.166666666666671
22200321,2022-11-30,2022-23,PHX,CHI,132,113,245,1,19,1636.8310580348775,1522.7906991974887,114.0403588373888,122.33333333333333,117.0,0.3333333333333333,0.6666666666666666,118.6,113.0,0.4,0.4,112.5,113.2,0.5,0.4,3,1,2,1,4.5616143534955516,172.9,9.833333333333329,3.799999999999997
22200317,2022-11-30,2022-23,MIN,MEM,109,101,210,1,8,1472.776506911838,1552.2456432628956,-79.46913635105761,116.66666666666667,114.66666666666667,0.3333333333333333,0.3333333333333333,117.6,112.0,0.6,0.4,114.1,112.0,0.5,0.4,2,2,0,1,-3.1787654540423045,172.4,2.566666666666677,2.6666666666666714
22200314,2022-11-30,2022-23,BOS,MIA,134,121,255,1,13,1704.9957884161045,1501.8834698880485,203.112318528056,116.66666666666667,98.0,0.6666666666666666,0.3333333333333333,115.2,100.8,0.8,0.2,116.1,105.5,0.7,0.3,1,2,-1,1,8.12449274112224,169.0,0.5666666666666771,-7.5
22200316,2022-11-30,2022-23,NYK,MIL,103,109,212,0,-6,1477.337229380106,1603.1414841291385,-125.80425474903245,121.33333333333333,110.33333333333333,0.6666666666666666,0.3333333333333333,114.2,108.8,0.6,0.4,110.8,110.7,0.6,0.6,2,11,-9,1,-5.032170189961298,170.75,10.533333333333331,-0.36666666666667425
22200320,2022-11-30,2022-23,DEN,HOU,120,100,220,1,20,1567.9231997167224,1389.041170349099,178.88202936762332,114.33333333333333,106.66666666666667,1.0,0.3333333333333333,113.6,112.6,0.8,0.4,114.9,109.4,0.7,0.2,1,1,0,1,7.155281174704933,171.55,-0.5666666666666771,-2.7333333333333343
22200313,2022-11-30,2022-23,ORL,ATL,108,125,233,0,-17,1348.2964270363645,1494.518069360581,-146.22164232421642,105.66666666666667,108.33333333333333,0.0,0.0,106.6,111.0,0.2,0.2,103.9,114.5,0.1,0.4,2,1,1,1,-5.848865692968657,169.4,1.7666666666666657,-6.166666666666671
22200325,2022-12-01,2022-23,DET,DAL,131,125,256,1,6,1333.520975760358,1494.2851527459031,-160.7641769855452,112.33333333333333,109.0,0.6666666666666666,0.0,117.4,103.8,0.4,0.0,110.1,107.7,0.2,0.2,1,3,-2,1,-6.430567079421808,170.3,2.2333333333333343,1.2999999999999972
22200328,2022-12-02,2022-23,BOS,MIA,116,120,236,0,-4,1717.5048189686422,1489.374439335511,228.13037963313127,116.66666666666667,109.33333333333333,0.6666666666666666,0.3333333333333333,115.2,104.2,0.8,0.2,116.1,106.6,0.7,0.2,1,1,0,1,9.125215185325251,169.85,0.5666666666666771,2.7333333333333343
22200336,2022-12-02,2022-23,GSW,CHI,119,111,230,1,8,1542.0635858725539,1502.3278567945367,39.73572907801713,111.0,115.33333333333333,0.3333333333333333,0.3333333333333333,115.8,114.8,0.4,0.4,115.1,112.9,0.2,0.3,6,1,5,1,1.5894291631206852,172.65,-4.099999999999994,2.433333333333323
22200334,2022-12-02,2022-23,PHX,HOU,121,122,243,0,-1,1657.2939004378295,1373.0186469289756,284.2752535088539,122.33333333333333,104.66666666666667,0.3333333333333333,0.3333333333333333,118.6,105.8,0.4,0.2,114.9,109.3,0.5,0.2,1,1,0,1,11.371010140354155,171.1,7.433333333333323,-4.633333333333326
22200326,2022-12-02,2022-23,CHA,WAS,117,116,233,1,1,1371.7845979939657,1495.1576315559137,-123.37303356194798,109.66666666666667,111.66666666666667,0.0,0.0,111.2,109.6,0.2,0.2,107.9,108.1,0.1,0.3,6,1,5,1,-4.934921342477919,170.2,1.7666666666666657,3.566666666666677
22200330,2022-12-02,2022-23,CLE,ORL,107,96,203,1,11,1591.339834766697,1330.886401386025,260.4534333806721,97.33333333333333,105.66666666666667,0.3333333333333333,0.0,98.2,106.6,0.2,0.2,108.6,103.9,0.4,0.1,1,3,-2,1,10.418137335226884,166.2,-11.266666666666666,1.7666666666666657
22200333,2022-12-02,2022-23,SAS,NOP,99,117,216,0,-18,1292.4357317915096,1598.0008682674484,-305.56513647593874,100.0,118.33333333333333,0.0,0.6666666666666666,104.4,119.6,0.0,0.4,106.9,119.2,0.2,0.5,5,6,-1,1,-12.222605459037549,171.0,-6.900000000000006,-0.8666666666666742
22200327,2022-12-02,2022-23,ATL,DEN,117,109,226,1,8,1511.9280950109205,1583.9457231368458,-72.01762812592528,116.0,114.33333333333333,0.3333333333333333,1.0,114.2,113.6,0.4,0.8,115.2,114.9,0.4,0.7,4,6,-2,1,-2.8807051250370113,171.95,0.7999999999999972,-0.5666666666666771
22200331,2022-12-02,2022-23,MIL,LAL,129,133,262,0,-4,1615.8471695317883,1492.9381056141128,122.90906391767544,101.33333333333333,117.66666666666667,0.3333333333333333,0.6666666666666666,107.6,114.0,0.4,0.4,109.7,112.3,0.6,0.3,4,5,-1,1,4.916362556707018,170.4,-8.366666666666674,5.366666666666674
22200335,2022-12-02,2022-23,UTA,IND,139,119,258,1,20,1483.592522800898,1500.5865860870224,-16.9940632861244,114.66666666666667,110.0,0.0,0.3333333333333333,112.0,110.8,0.2,0.6,113.7,113.0,0.4,0.5,1,1,0,1,-0.679762531444976,170.7,0.9666666666666686,-3.0
22200329,2022-12-02,2022-23,BKN,TOR,114,105,219,1,9,1549.7830157611563,1507.5007888453922,42.28222691576411,111.66666666666667,115.0,0.3333333333333333,0.3333333333333333,113.0,112.4,0.4,0.2,109.8,111.9,0.5,0.3,1,1,0,1,1.6912890766305646,171.35,1.8666666666666742,3.0999999999999943
22200332,2022-12-02,2022-23,MEM,PHI,117,109,226,1,8,1525.3335220006645,1554.6585487460177,-29.32502674535317,114.33333333333333,108.33333333333333,0.3333333333333333,0.6666666666666666,107.4,104.2,0.2,0.4,112.5,109.1,0.4,0.5,6,1,5,1,-1.1730010698141269,167.9,1.8333333333333286,-0.7666666666666657
22200341,2022-12-03,2022-23,MIN,OKC,128,135,263,0,-7,1499.688628174069,1434.4106897400993,65.27793843396967,116.66666666666667,105.33333333333333,0.3333333333333333,0.0,117.6,111.8,0.6,0.2,114.1,113.5,0.5,0.3,2,4,-2,1,2.6111175373587865,172.35,2.566666666666677,-8.166666666666671
22200343,2022-12-03,2022-23,UTA,POR,111,116,227,0,-5,1515.5257232941137,1425.412443598002,90.1132796961117,114.66666666666667,112.66666666666667,0.0,0.3333333333333333,112.0,109.0,0.2,0.2,113.7,106.0,0.4,0.4,0,2,-2,1,3.604531187844468,170.25,0.9666666666666686,6.666666666666671
22200342,2022-12-03,2022-23,GSW,HOU,120,101,221,1,19,1561.5337957063482,1384.6225851194738,176.9112105868744,111.0,111.66666666666667,0.3333333333333333,0.3333333333333333,115.8,108.4,0.4,0.4,115.1,110.4,0.2,0.3,0,0,0,1,7.076448423474976,171.05,-4.099999999999994,1.2666666666666657
22200339,2022-12-03,2022-23,CHA,MIL,96,105,201,0,-9,1381.078920411843,1594.2854249209531,-213.20650450911012,109.66666666666667,101.33333333333333,0.0,0.3333333333333333,111.2,107.6,0.2,0.4,107.9,111.3,0.1,0.6,0,2,-2,1,-8.528260180364406,169.7,1.7666666666666657,-9.966666666666669
22200337,2022-12-03,2022-23,NYK,DAL,100,121,221,0,-21,1464.6315439774562,1466.4139664825586,-1.7824225051024314,121.33333333333333,113.33333333333333,0.6666666666666666,0.0,114.2,111.4,0.6,0.0,110.8,110.5,0.6,0.2,2,1,1,1,-0.07129690020409725,171.4,10.533333333333331,2.8333333333333286
22200338,2022-12-03,2022-23,LAC,SAC,96,123,219,0,-27,1498.2132956051407,1562.534878764545,-64.32158315940433,112.33333333333333,107.66666666666667,0.3333333333333333,0.3333333333333333,112.0,111.2,0.4,0.4,109.7,116.6,0.5,0.5,5,7,-2,1,-2.572863326376173,170.8,2.6333333333333258,-8.933333333333323
22200340,2022-12-03,2022-23,TOR,ORL,121,108,229,1,13,1487.2633862040607,1321.8149331025484,165.4484531015123,111.66666666666667,100.0,0.0,0.0,110.8,104.2,0.2,0.2,111.5,102.6,0.3,0.1,4,0,4,1,6.617938124060492,168.75,0.1666666666666714,-2.5999999999999943
22200351,2022-12-04,2022-23,POR,IND,116,100,216,1,16,1447.8757902551438,1468.6533855938067,-20.777595338662877,107.33333333333333,116.33333333333333,0.3333333333333333,0.3333333333333333,110.0,109.6,0.4,0.4,109.4,114.3,0.5,0.5,4,1,3,1,-0.8311038135465151,169.9,-2.066666666666677,2.0333333333333314
22200350,2022-12-04,2022-23,SAC,CHI,110,101,211,1,9,1589.7574593965967,1482.8576469607424,106.8998124358543,111.0,112.66666666666667,0.3333333333333333,0.3333333333333333,113.2,115.0,0.6,0.4,115.2,114.0,0.5,0.3,3,1,2,1,4.275992497434172,172.05,-4.200000000000003,-1.3333333333333286
22200347,2022-12-04,2022-23,DET,MEM,112,122,234,0,-10,1361.3921620237024,1549.1559263913664,-187.76376436766395,112.33333333333333,114.33333333333333,0.6666666666666666,0.3333333333333333,117.4,107.4,0.4,0.2,110.1,112.5,0.2,0.4,2,3,-1,1,-7.510550574706558,171.2,2.2333333333333343,1.8333333333333286
22200346,2022-12-04,2022-23,BKN,BOS,92,103,195,0,-11,1570.0204184024878,1692.1383987470883,-122.11798034460048,111.66666666666667,116.66666666666667,0.3333333333333333,0.6666666666666666,113.0,115.2,0.4,0.8,109.8,116.1,0.5,0.7,1,12,-11,1,-4.884719213784019,172.05,1.8666666666666742,0.5666666666666771
22200345,2022-12-04,2022-23,SAS,PHX,95,133,228,0,-38,1283.7838602845343,1645.6899622473313,-361.90610196279704,100.0,122.33333333333333,0.0,0.3333333333333333,104.4,118.6,0.0,0.4,106.9,115.7,0.2,0.4,1,5,-4,1,-14.47624407851188,170.75,-6.900000000000006,6.633333333333326
22200344,2022-12-04,2022-23,NOP,DEN,121,106,227,1,15,1606.6527397744237,1557.483123627095,49.169616147328725,119.0,118.0,0.6666666666666666,0.6666666666666666,118.8,110.2,0.6,0.6,117.9,114.8,0.5,0.7,3,1,2,1,1.966784645893149,172.25,1.0999999999999943,3.200000000000003
22200349,2022-12-04,2022-23,WAS,LAL,119,130,249,0,-11,1485.8633091380364,1514.499850224948,-28.63654108691162,114.66666666666667,127.0,0.0,1.0,111.2,117.4,0.0,0.6,108.3,114.1,0.2,0.4,5,1,4,1,-1.1454616434764648,172.15,6.366666666666674,12.900000000000006
22200348,2022-12-04,2022-23,NYK,CLE,92,81,173,1,11,1433.8796954656618,1600.4113030501737,-166.5316075845119,121.33333333333333,97.33333333333333,0.6666666666666666,0.3333333333333333,114.2,98.2,0.6,0.2,110.8,108.6,0.6,0.4,0,5,-5,1,-6.661264303380476,168.1,10.533333333333331,-11.266666666666666
22200354,2022-12-05,2022-23,ATL,OKC,114,121,235,0,-7,1538.3906945206713,1459.0667312154399,79.32396330523147,116.0,113.66666666666667,0.3333333333333333,0.3333333333333333,114.2,114.4,0.4,0.4,115.2,115.3,0.4,0.4,2,1,1,1,3.172958532209259,172.15,0.7999999999999972,-1.6333333333333258
22200352,2022-12-05,2022-23,CHA,LAC,117,119,236,0,-2,1370.6412258846237,1470.990714973089,-100.34948908846536,109.66666666666667,112.33333333333333,0.0,0.3333333333333333,111.2,112.0,0.2,0.4,107.9,109.7,0.1,0.5,1,4,-3,1,-4.013979563538615,170.8,1.7666666666666657,2.6333333333333258
22200356,2022-12-05,2022-23,HOU,PHI,132,123,255,1,9,1368.7246813274778,1530.8361443553158,-162.111463027838,107.66666666666667,109.0,0.3333333333333333,0.3333333333333333,107.4,107.0,0.4,0.4,109.6,108.3,0.3,0.5,8,2,6,1,-6.48445852111352,168.6,-1.933333333333323,0.7000000000000028
22200353,2022-12-05,2022-23,ORL,MIL,102,109,211,0,-7,1307.1205114726058,1604.7231194481724,-297.60260797556657,102.0,105.33333333333333,0.0,0.6666666666666666,104.2,109.0,0.0,0.6,103.6,110.1,0.1,0.6,4,1,3,1,-11.904104319022663,168.3,-1.5999999999999943,-4.766666666666666
22200359,2022-12-05,2022-23,GSW,IND,104,112,216,0,-8,1577.4316994983442,1438.6289302959035,138.8027692024407,111.0,111.0,0.3333333333333333,0.0,115.8,109.8,0.4,0.2,115.1,113.4,0.2,0.5,1,0,1,1,5.552110768097627,171.4,-4.099999999999994,-2.4000000000000057
22200355,2022-12-05,2022-23,TOR,BOS,110,116,226,0,-6,1501.9578078340032,1708.5961641396866,-206.63835630568337,111.66666666666667,109.0,0.0,0.6666666666666666,110.8,114.0,0.2,0.8,111.5,115.3,0.3,0.7,1,0,1,1,-8.265534252227335,171.2,0.1666666666666714,-6.299999999999997
22200358,2022-12-05,2022-23,DAL,PHX,130,111,241,1,19,1497.165814994353,1653.8033371464094,-156.63752215205636,120.33333333333333,129.33333333333334,0.3333333333333333,0.6666666666666666,114.6,119.4,0.2,0.4,111.0,115.8,0.2,0.4,5,0,5,1,-6.265500886082254,173.5,9.333333333333329,13.533333333333346
22200357,2022-12-05,2022-23,MEM,MIA,101,93,194,1,8,1561.3057849615186,1514.7408595570648,46.56492540445379,116.66666666666667,115.66666666666667,0.6666666666666666,0.6666666666666666,113.4,107.0,0.4,0.4,112.2,106.7,0.4,0.2,2,2,0,1,1.8625970161781515,170.1,4.466666666666669,8.966666666666669
22200361,2022-12-06,2022-23,MIA,DET,96,116,212,0,-20,1495.6959294210942,1349.2423034535502,146.45362596754399,111.33333333333333,112.33333333333333,0.3333333333333333,0.6666666666666666,108.2,117.4,0.4,0.4,105.0,110.1,0.2,0.2,10,10,0,1,5.8581450387017595,171.4,6.333333333333329,2.2333333333333343
22200362,2022-12-06,2022-23,DEN,DAL,115,116,231,0,-1,1533.6550587959143,1539.7827561378685,-6.127697341954217,109.66666666666667,120.33333333333333,0.3333333333333333,0.3333333333333333,111.6,114.6,0.6,0.2,113.2,111.0,0.6,0.2,5,2,3,1,-0.24510789367816868,171.55,-3.5333333333333314,9.333333333333329
22200360,2022-12-06,2022-23,CLE,LAL,116,102,218,1,14,1564.4871058150334,1537.3054176815701,27.18168813346324,90.33333333333333,135.33333333333334,0.3333333333333333,1.0,94.2,123.2,0.2,0.8,103.5,114.3,0.3,0.4,3,1,2,1,1.0872675253385296,169.35,-13.166666666666671,21.033333333333346
22200366,2022-12-07,2022-23,TOR,LAL,126,113,239,1,13,1492.876350269863,1512.3392518082871,-19.46290153842415,111.66666666666667,121.66666666666667,0.0,0.6666666666666666,110.8,122.6,0.2,0.8,111.5,113.6,0.3,0.4,1,0,1,1,-0.778516061536966,173.35,0.1666666666666714,8.066666666666677
22200371,2022-12-07,2022-23,NOP,DET,104,98,202,1,6,1630.4808046056044,1391.8113161044148,238.66948850118956,119.0,114.33333333333333,0.6666666666666666,0.6666666666666666,118.8,116.4,0.6,0.6,117.9,110.9,0.5,0.3,2,0,2,1,9.546779540047583,173.8,1.0999999999999943,3.433333333333323
22200370,2022-12-07,2022-23,MIN,IND,121,115,236,1,6,1475.0325866987284,1468.9402280590054,6.092358639722988,116.66666666666667,110.33333333333333,0.3333333333333333,0.3333333333333333,117.6,112.2,0.6,0.4,114.1,111.9,0.5,0.5,3,1,2,1,0.24369434558891953,172.45,2.566666666666677,-1.566666666666677
22200369,2022-12-07,2022-23,MIL,SAC,126,113,239,1,13,1611.0761088020483,1605.9140722790212,5.1620365230271545,107.66666666666667,111.0,1.0,0.3333333333333333,103.6,113.2,0.6,0.6,108.6,115.2,0.6,0.5,4,3,1,1,0.20648146092108619,169.2,-0.9333333333333229,-4.200000000000003
22200368,2022-12-07,2022-23,MEM,OKC,123,102,225,1,21,1580.3507150974892,1484.5279679018206,95.82274719566863,116.66666666666667,119.0,0.6666666666666666,0.6666666666666666,113.4,114.4,0.4,0.4,112.2,115.7,0.4,0.4,1,1,0,1,3.832909887826745,171.95,4.466666666666669,3.299999999999997
22200364,2022-12-07,2022-23,BKN,CHA,122,116,238,1,6,1553.5626530098896,1362.7428265739763,190.81982643591323,111.66666666666667,109.66666666666667,0.3333333333333333,0.0,113.0,111.2,0.4,0.2,109.8,107.9,0.5,0.1,2,8,-6,1,7.632793057436529,171.05,1.8666666666666742,1.7666666666666657
22200365,2022-12-07,2022-23,NYK,ATL,113,89,202,1,24,1469.8038927008022,1512.9294578342906,-43.12556513348841,121.33333333333333,116.0,0.6666666666666666,0.3333333333333333,114.2,114.2,0.6,0.4,110.8,115.2,0.6,0.4,2,6,-4,1,-1.7250226053395363,172.1,10.533333333333331,0.7999999999999972
22200373,2022-12-07,2022-23,PHX,BOS,98,125,223,0,-27,1611.1863960028938,1717.6776217038268,-106.491225700933,122.0,108.66666666666667,0.6666666666666666,0.6666666666666666,122.2,113.8,0.4,0.8,114.8,114.3,0.4,0.7,4,1,3,1,-4.25964902803732,174.0,7.200000000000003,-5.633333333333326
22200363,2022-12-07,2022-23,ORL,LAC,116,111,227,1,5,1300.7675221187299,1478.8891142837365,-178.12159216500663,102.0,116.33333333333333,0.0,0.6666666666666666,104.2,111.4,0.0,0.4,103.6,110.5,0.1,0.5,1,1,0,1,-7.124863686600265,168.9,-1.5999999999999943,5.833333333333329
22200372,2022-12-07,2022-23,UTA,GSW,124,123,247,1,1,1493.062376636972,1547.1204017352422,-54.058025098270264,114.66666666666667,111.0,0.0,0.3333333333333333,112.0,115.8,0.2,0.4,113.7,115.1,0.4,0.2,3,7,-4,1,-2.1623210039308107,171.95,0.9666666666666686,-4.099999999999994
22200367,2022-12-07,2022-23,CHI,WAS,115,111,226,1,4,1466.701034078318,1463.0577416814142,3.6432923969036892,108.33333333333333,114.66666666666667,0.0,0.0,111.6,111.2,0.2,0.0,111.7,108.3,0.3,0.2,15,4,11,1,0.14573169587614757,170.7,-3.3666666666666742,6.366666666666674
22200374,2022-12-08,2022-23,MIA,LAC,115,110,225,1,5,1453.1269167702299,1452.513932432913,0.6129843373169024,111.33333333333333,114.0,0.3333333333333333,0.3333333333333333,108.2,113.4,0.4,0.4,105.0,112.2,0.2,0.5,1,0,1,1,0.024519373492676095,170.4,6.333333333333329,1.7999999999999972
22200376,2022-12-08,2022-23,POR,DEN,120,121,241,0,-1,1477.900245553047,1526.8458242039865,-48.945578650939524,107.33333333333333,109.66666666666667,0.3333333333333333,0.3333333333333333,110.0,111.6,0.4,0.6,109.4,113.2,0.5,0.6,3,3,0,1,-1.957823146037581,170.4,-2.066666666666677,-3.5333333333333314
22200375,2022-12-08,2022-23,SAS,HOU,118,109,227,1,9,1275.6704853854562,1401.7769886575406,-126.10650327208441,100.0,107.66666666666667,0.0,0.3333333333333333,104.4,107.4,0.0,0.4,106.9,109.6,0.2,0.3,3,4,-1,1,-5.0442601308833765,167.95,-6.900000000000006,-1.933333333333323
22200386,2022-12-09,2022-23,DAL,MIL,105,106,211,0,-1,1546.5919907297964,1637.074612069242,-90.48262133944559,120.66666666666667,107.66666666666667,0.6666666666666666,1.0,115.4,103.6,0.4,0.6,112.1,108.3,0.3,0.7,3,3,0,1,-3.6193048535778236,169.75,8.566666666666677,-0.6333333333333258
22200377,2022-12-09,2022-23,CHA,NYK,102,121,223,0,-19,1353.0120712423393,1505.9676982529306,-152.95562701059134,107.66666666666667,121.33333333333333,0.0,0.6666666666666666,111.4,114.2,0.2,0.6,106.4,110.8,0.1,0.6,3,9,-6,1,-6.118225080423653,171.4,1.2666666666666657,10.533333333333331
22200384,2022-12-09,2022-23,NOP,PHX,128,117,245,1,11,1638.3419609392517,1587.7695120404128,50.57244889883896,119.0,122.0,0.6666666666666666,0.6666666666666666,118.8,122.2,0.6,0.4,117.9,114.8,0.5,0.4,1,3,-2,1,2.0228979559535585,175.25,1.0999999999999943,7.200000000000003
22200381,2022-12-09,2022-23,CLE,SAC,95,106,201,0,-11,1589.4532716883164,1579.9155690118275,9.537702676488834,90.33333333333333,113.33333333333333,0.3333333333333333,0.3333333333333333,94.2,111.8,0.2,0.4,103.5,114.0,0.3,0.5,2,1,1,1,0.38150810705955335,166.5,-13.166666666666671,-0.6666666666666714
22200378,2022-12-09,2022-23,IND,WAS,121,111,232,1,10,1449.8223111810732,1447.1321258685666,2.690185312506628,109.0,111.33333333333333,0.3333333333333333,0.0,112.0,112.4,0.2,0.0,110.9,108.7,0.4,0.2,13,1,12,1,0.10760741250026512,171.1,-1.9000000000000057,2.6333333333333258
22200382,2022-12-09,2022-23,PHI,LAL,133,122,255,1,11,1497.783837025253,1484.47185649608,13.31198052917307,105.66666666666667,115.0,0.0,0.3333333333333333,111.4,124.2,0.4,0.6,109.7,115.0,0.5,0.4,10,1,9,1,0.5324792211669228,173.9,-4.033333333333331,0.0
22200379,2022-12-09,2022-23,ORL,TOR,113,109,222,1,4,1327.1427039695534,1520.7437455820702,-193.60104161251684,102.0,111.66666666666667,0.0,0.0,104.2,110.8,0.0,0.2,103.6,111.5,0.1,0.3,1,6,-5,1,-7.744041664500673,168.75,-1.5999999999999943,0.1666666666666714
22200380,2022-12-09,2022-23,BKN,ATL,120,116,236,1,4,1563.2934083415266,1476.7656522821621,86.52775605936449,111.66666666666667,105.0,0.3333333333333333,0.3333333333333333,113.0,107.8,0.4,0.2,109.8,110.5,0.5,0.3,1,1,0,1,3.4611102423745796,170.2,1.8666666666666742,-5.5
22200385,2022-12-09,2022-23,UTA,MIN,108,118,226,0,-10,1501.0637071612457,1494.1505035766606,6.913203584585062,114.66666666666667,116.66666666666667,0.0,0.3333333333333333,112.0,117.6,0.2,0.6,113.7,114.1,0.4,0.5,1,10,-9,1,0.2765281433834025,172.4,0.9666666666666686,2.566666666666677
22200383,2022-12-09,2022-23,MEM,DET,114,103,217,1,11,1602.945818729653,1383.9501597707674,218.99565895888554,116.66666666666667,105.33333333333333,0.6666666666666666,0.3333333333333333,113.4,110.2,0.4,0.6,112.2,111.6,0.4,0.3,1,1,0,1,8.759826358355422,170.9,4.466666666666669,-6.266666666666666
22200390,2022-12-10,2022-23,CLE,OKC,110,102,212,1,8,1563.922227002342,1461.9328642696569,101.9893627326851,90.33333333333333,119.33333333333333,0.3333333333333333,0.6666666666666666,94.2,112.8,0.2,0.4,103.5,116.5,0.3,0.4,0,2,-2,1,4.079574509307403,166.75,-13.166666666666671,2.8333333333333286
22200392,2022-12-10,2022-23,GSW,BOS,123,107,230,1,16,1539.1190712109685,1741.094505666308,-201.97543445533938,124.33333333333333,114.66666666666667,0.3333333333333333,1.0,116.6,113.6,0.4,0.8,116.0,116.6,0.2,0.8,4,2,2,1,-8.079017378213575,172.55,8.333333333333329,-1.933333333333323
22200394,2022-12-10,2022-23,POR,MIN,124,118,242,1,6,1471.9388476530462,1518.6065217371702,-46.66767408412397,107.33333333333333,117.66666666666667,0.3333333333333333,0.3333333333333333,110.0,116.0,0.4,0.6,109.4,114.3,0.5,0.5,1,0,1,1,-1.866706963364959,171.5,-2.066666666666677,3.3666666666666742
22200391,2022-12-10,2022-23,CHI,DAL,144,115,259,1,29,1482.6266498911655,1541.4259482009284,-58.79929830976289,108.33333333333333,120.66666666666667,0.0,0.6666666666666666,111.6,115.4,0.2,0.4,111.7,112.1,0.3,0.3,2,3,-1,1,-2.3519719323905157,171.75,-3.3666666666666742,8.566666666666677
22200389,2022-12-10,2022-23,WAS,LAC,107,114,221,0,-7,1423.3388378795923,1434.627949912702,-11.289112033109632,112.66666666666667,113.33333333333333,0.0,0.3333333333333333,113.2,114.0,0.0,0.4,110.4,112.2,0.2,0.5,5,1,4,1,-0.45156448132438526,171.8,2.2666666666666657,1.1333333333333258
22200388,2022-12-10,2022-23,IND,BKN,133,136,269,0,-3,1473.6155991700475,1575.460396404918,-101.84479723487038,109.0,111.66666666666667,0.3333333333333333,0.3333333333333333,112.0,113.0,0.2,0.4,110.9,109.8,0.4,0.5,0,14,-14,1,-4.0737918893948155,171.25,-1.9000000000000057,1.8666666666666742
22200393,2022-12-10,2022-23,DEN,UTA,115,110,225,1,5,1532.8072221039872,1476.6076890007362,56.19953310325104,112.0,114.66666666666667,0.3333333333333333,0.0,116.2,112.0,0.6,0.2,113.8,113.7,0.6,0.4,3,13,-10,1,2.2479813241300417,172.05,-1.7999999999999972,0.9666666666666686
22200387,2022-12-10,2022-23,MIA,SAS,111,115,226,0,-4,1471.0128992904408,1306.7052306187193,164.30766867172156,111.33333333333333,100.0,0.3333333333333333,0.0,108.2,104.4,0.4,0.0,105.0,106.9,0.2,0.2,1,9,-8,1,6.572306746868862,168.15,6.333333333333329,-6.900000000000006
22200401,2022-12-11,2022-23,HOU,MIL,97,92,189,1,5,1370.7422434242776,1642.24065459811,-271.49841117383244,110.66666666666667,106.66666666666667,0.3333333333333333,1.0,109.0,106.2,0.2,0.8,111.2,106.3,0.3,0.7,5,1,4,1,-10.859936446953297,168.8,-0.5333333333333314,0.36666666666667425
22200395,2022-12-11,2022-23,NOP,PHX,129,124,253,1,5,1659.5993474433292,1566.5121255363354,93.08722190699382,119.0,120.33333333333333,0.6666666666666666,0.3333333333333333,118.8,123.2,0.6,0.4,117.9,115.4,0.5,0.4,1,1,0,1,3.723488876279753,175.5,1.0999999999999943,4.933333333333323
22200400,2022-12-11,2022-23,ATL,CHI,123,122,245,1,1,1464.5986642187709,1522.3404093819124,-57.74174516314156,110.0,108.33333333333333,0.3333333333333333,0.0,110.6,111.6,0.2,0.2,110.6,111.7,0.3,0.3,5,6,-1,1,-2.3096698065256622,170.55,-0.5999999999999943,-3.3666666666666742
22200399,2022-12-11,2022-23,PHI,CHA,131,113,244,1,18,1521.6812781644762,1335.4524293358138,186.22884882866242,105.66666666666667,107.66666666666667,0.0,0.0,111.4,111.4,0.4,0.2,109.7,106.4,0.5,0.1,1,3,-2,1,7.449153953146497,170.7,-4.033333333333331,1.2666666666666657
22200398,2022-12-11,2022-23,ORL,TOR,111,99,210,1,12,1351.3795234926663,1496.5069260589573,-145.12740256629104,102.0,107.33333333333333,0.0,0.0,104.2,111.8,0.0,0.2,103.6,112.6,0.1,0.2,1,1,0,1,-5.805096102651642,169.0,-1.5999999999999943,-5.266666666666666
22200397,2022-12-11,2022-23,NYK,SAC,112,99,211,1,13,1523.5273401594561,1605.446613697802,-81.9192735383458,130.0,114.0,1.0,0.6666666666666666,117.2,110.4,0.6,0.4,112.1,113.1,0.7,0.5,3,1,2,1,-3.276770941533832,171.9,17.900000000000006,0.9000000000000057
22200396,2022-12-11,2022-23,DET,LAL,117,124,241,0,-7,1372.9736472611141,1460.5744153568567,-87.60076809574252,105.66666666666667,112.33333333333333,0.3333333333333333,0.0,108.8,120.0,0.4,0.4,110.7,117.0,0.3,0.4,6,1,5,1,-3.504030723829701,172.2,-5.033333333333331,-4.666666666666671
22200402,2022-12-12,2022-23,IND,MIA,82,87,169,0,-5,1463.7038130853855,1447.828109888198,15.875703197187477,109.0,111.33333333333333,0.3333333333333333,0.3333333333333333,112.0,108.2,0.2,0.4,110.9,105.0,0.4,0.2,1,6,-5,1,0.6350281278874991,170.05,-1.9000000000000057,6.333333333333329
22200406,2022-12-12,2022-23,SAS,CLE,112,111,223,1,1,1329.890020020962,1579.623637443118,-249.73361742215593,106.0,90.33333333333333,0.3333333333333333,0.3333333333333333,105.4,94.2,0.2,0.2,107.0,103.5,0.2,0.3,3,7,-4,1,-9.989344696886237,164.9,-1.0,-13.166666666666671
22200407,2022-12-12,2022-23,POR,MIN,133,112,245,1,21,1493.9960962656353,1496.549273124581,-2.5531768589457897,107.33333333333333,121.0,0.3333333333333333,0.3333333333333333,110.0,117.2,0.4,0.4,109.4,116.3,0.5,0.5,1,1,0,1,-0.10212707435783158,171.8,-2.066666666666677,4.700000000000003
22200403,2022-12-12,2022-23,WAS,BKN,100,112,212,0,-12,1403.2198509896004,1585.37218248958,-182.15233149997948,112.66666666666667,121.66666666666667,0.0,0.6666666666666666,113.2,116.0,0.0,0.6,110.4,110.6,0.2,0.5,1,1,0,1,-7.28609325999918,172.3,2.2666666666666657,11.066666666666677
22200408,2022-12-12,2022-23,LAC,BOS,113,93,206,1,20,1454.7469368026939,1697.9267349382178,-243.17979813552392,111.66666666666667,116.0,0.3333333333333333,0.6666666666666666,113.2,111.6,0.4,0.6,112.7,116.0,0.5,0.8,8,1,7,1,-9.727191925420957,171.2,-1.0333333333333314,0.0
22200404,2022-12-12,2022-23,MEM,ATL,128,103,231,1,25,1613.9223312393062,1472.6716156530963,141.25071558620994,116.66666666666667,110.0,0.6666666666666666,0.3333333333333333,113.4,110.6,0.4,0.2,112.2,110.6,0.4,0.3,2,2,0,1,5.650028623448398,171.0,4.466666666666669,-0.5999999999999943
22200405,2022-12-12,2022-23,DAL,OKC,121,114,235,1,7,1501.7121887101814,1446.2314538288808,55.48073488130058,117.33333333333333,108.33333333333333,0.6666666666666666,0.3333333333333333,118.4,112.2,0.4,0.4,112.5,116.4,0.3,0.4,2,1,1,1,2.219229395252023,172.65,4.833333333333329,-8.066666666666677
22200410,2022-12-13,2022-23,MIL,GSW,128,111,239,1,17,1612.6133791478146,1582.2868419390586,30.326537208756008,102.33333333333333,124.33333333333333,0.6666666666666666,0.3333333333333333,104.2,116.6,0.8,0.4,106.5,116.0,0.6,0.2,5,5,0,1,1.2130614883502404,170.2,-4.166666666666671,8.333333333333329
22200411,2022-12-13,2022-23,HOU,PHX,111,97,208,1,14,1400.369518874573,1553.283465840471,-152.91394696589805,110.66666666666667,117.33333333333333,0.3333333333333333,0.0,109.0,121.4,0.2,0.4,111.2,116.6,0.3,0.3,1,1,0,1,-6.116557878635922,172.6,-0.5333333333333314,0.7333333333333343
22200412,2022-12-13,2022-23,UTA,NOP,121,100,221,1,21,1461.5633437823908,1672.8280071391935,-211.26466335680266,113.33333333333333,119.0,0.0,0.6666666666666666,114.4,118.8,0.2,0.6,114.7,117.9,0.4,0.5,3,10,-7,1,-8.450586534272107,173.3,-1.3666666666666742,1.0999999999999943
22200409,2022-12-13,2022-23,PHI,SAC,123,103,226,1,20,1536.6990496567398,1572.946403010314,-36.247353353574226,105.66666666666667,106.0,0.0,0.3333333333333333,111.4,109.0,0.4,0.4,109.7,112.3,0.5,0.5,1,1,0,1,-1.449894134142969,170.1,-4.033333333333331,-6.299999999999997
22200413,2022-12-13,2022-23,LAL,BOS,118,122,240,0,-4,1476.2341738299694,1649.0827947862324,-172.84862095626295,119.66666666666667,108.33333333333333,0.3333333333333333,0.3333333333333333,118.2,108.8,0.4,0.6,117.8,112.0,0.5,0.7,12,0,12,1,-6.913944838250518,171.75,1.8666666666666742,-3.6666666666666714
22200416,2022-12-14,2022-23,ORL,ATL,135,124,259,1,11,1387.1605588909788,1452.6519583710335,-65.49139948005472,102.0,102.66666666666667,0.0,0.0,104.2,106.8,0.0,0.2,103.6,110.0,0.1,0.3,2,1,1,1,-2.619655979202189,167.75,-1.5999999999999943,-7.333333333333329
22200417,2022-12-14,2022-23,TOR,SAC,123,124,247,0,-1,1460.7258906606448,1539.3363551288348,-78.61046446819,104.33333333333333,102.66666666666667,0.0,0.3333333333333333,108.6,108.8,0.0,0.4,108.2,110.0,0.1,0.4,6,0,6,1,-3.1444185787276,169.35,-3.8666666666666742,-7.333333333333329
22200414,2022-12-14,2022-23,CHA,DET,134,141,275,0,-7,1320.4346578435502,1357.3138887880013,-36.87923094445114,111.33333333333333,105.66666666666667,0.0,0.3333333333333333,111.6,108.8,0.0,0.4,108.4,110.7,0.1,0.3,4,4,0,1,-1.4751692377780454,170.1,2.933333333333323,-5.033333333333331
22200421,2022-12-14,2022-23,DAL,CLE,90,105,195,0,-15,1519.2139587107727,1568.4212703637606,-49.20731165298798,117.33333333333333,93.33333333333333,0.6666666666666666,0.0,118.4,96.8,0.4,0.2,112.5,103.4,0.3,0.2,1,1,0,1,-1.9682924661195194,168.8,4.833333333333329,-10.066666666666677
22200419,2022-12-14,2022-23,OKC,MIA,108,110,218,0,-2,1428.7296838282896,1466.5638608606969,-37.8341770324073,106.0,100.0,0.0,0.6666666666666666,114.8,105.4,0.4,0.6,113.3,102.4,0.3,0.3,13,1,12,1,-1.5133670812962918,170.05,-7.299999999999997,-2.4000000000000057
22200418,2022-12-14,2022-23,CHI,NYK,120,128,248,0,-8,1514.267457947587,1556.027550846944,-41.760092899357005,111.33333333333333,130.0,0.0,1.0,112.2,117.2,0.2,0.6,113.1,112.1,0.2,0.7,3,4,-1,1,-1.6704037159742802,172.35,-1.7666666666666657,17.900000000000006
22200423,2022-12-14,2022-23,LAC,MIN,99,88,187,1,11,1503.5908769546793,1465.4117032917861,38.17917366289316,111.66666666666667,116.0,0.3333333333333333,0.3333333333333333,113.2,116.6,0.4,0.2,112.7,116.8,0.5,0.5,1,1,0,1,1.5271669465157265,172.45,-1.0333333333333314,-0.7999999999999972
22200420,2022-12-14,2022-23,SAS,POR,112,128,240,0,-16,1341.0923871003195,1525.1336660984302,-184.04127899811078,106.0,107.33333333333333,0.3333333333333333,0.3333333333333333,105.4,110.0,0.2,0.4,107.0,109.4,0.2,0.5,1,10,-9,1,-7.361651159924431,168.85,-1.0,-2.066666666666677
22200415,2022-12-14,2022-23,IND,GSW,125,119,244,1,6,1444.9680621128866,1555.899649227815,-110.93158711492833,109.0,115.66666666666667,0.3333333333333333,0.0,112.0,113.4,0.2,0.2,110.9,116.2,0.4,0.2,1,0,1,1,-4.437263484597134,171.35,-1.9000000000000057,-0.5333333333333314
22200422,2022-12-14,2022-23,DEN,WAS,141,128,269,1,13,1547.8515673223326,1389.9076078451246,157.94395947720795,112.0,112.66666666666667,0.3333333333333333,0.0,116.2,113.2,0.6,0.0,113.8,110.4,0.6,0.2,3,4,-1,1,6.3177583790883185,172.35,-1.7999999999999972,2.2666666666666657
22200425,2022-12-15,2022-23,MEM,MIL,142,101,243,1,41,1633.941988521369,1639.0005718590583,-5.058583337689242,116.66666666666667,102.33333333333333,0.6666666666666666,0.6666666666666666,113.4,104.2,0.4,0.8,112.2,106.5,0.4,0.6,2,3,-1,1,-0.2023433335075697,169.4,4.466666666666669,-4.166666666666671
22200426,2022-12-15,2022-23,UTA,NOP,132,129,261,1,3,1509.2508987193519,1625.1404522022324,-115.8895534828805,113.33333333333333,109.33333333333333,0.0,0.3333333333333333,114.4,114.4,0.2,0.6,114.7,115.5,0.4,0.4,1,1,0,1,-4.63558213931522,172.2,-1.3666666666666742,-6.166666666666671
22200427,2022-12-15,2022-23,LAC,PHX,95,111,206,0,-16,1525.7202553071043,1514.9985326057658,10.721722701338422,111.66666666666667,112.66666666666667,0.3333333333333333,0.0,113.2,116.4,0.4,0.2,112.7,117.5,0.5,0.3,0,1,-1,1,0.4288689080535369,172.4,-1.0333333333333314,-4.833333333333329
22200424,2022-12-15,2022-23,HOU,MIA,108,111,219,0,-3,1438.6544521092783,1476.3583507384658,-37.703898629187506,110.66666666666667,96.66666666666667,0.3333333333333333,0.6666666666666666,109.0,106.2,0.2,0.6,111.2,103.5,0.3,0.4,1,0,1,1,-1.5081559451675002,168.8,-0.5333333333333314,-6.833333333333329
22200437,2022-12-16,2022-23,LAL,DEN,126,108,234,1,18,1467.5455821483556,1563.0084058280056,-95.46282367965,119.66666666666667,112.0,0.3333333333333333,0.3333333333333333,118.2,116.2,0.4,0.6,117.8,113.8,0.5,0.6,2,7,-5,1,-3.818512947186,173.6,1.8666666666666742,-1.7999999999999972
22200431,2022-12-16,2022-23,CLE,IND,118,112,230,1,6,1592.2463865343645,1470.437338188604,121.80904834576063,99.0,109.0,0.3333333333333333,0.3333333333333333,97.4,112.0,0.4,0.2,102.5,110.9,0.2,0.4,5,8,-3,1,4.872361933830425,167.35,-3.5,-1.9000000000000057
22200429,2022-12-16,2022-23,DET,SAC,113,122,235,0,-9,1375.9092929246747,1544.725743673745,-168.81645074907033,114.0,108.66666666666667,0.3333333333333333,0.3333333333333333,112.0,109.0,0.4,0.4,113.6,111.1,0.4,0.5,4,1,3,1,-6.752658029962813,170.25,0.4000000000000057,-2.433333333333323
22200428,2022-12-16,2022-23,CHA,ATL,106,125,231,0,-19,1301.839253706877,1423.173558164883,-121.33430445800605,111.33333333333333,114.33333333333333,0.0,0.0,111.6,111.4,0.0,0.2,108.4,111.2,0.1,0.2,1,1,0,1,-4.8533721783202415,170.75,2.933333333333323,3.1333333333333258
22200433,2022-12-16,2022-23,TOR,BKN,116,119,235,0,-3,1455.3365021157347,1598.6844256340557,-143.34792351832107,104.33333333333333,121.66666666666667,0.0,0.6666666666666666,108.6,116.6,0.0,0.6,108.2,112.0,0.1,0.5,1,3,-2,1,-5.7339169407328425,171.3,-3.8666666666666742,9.666666666666671
22200430,2022-12-16,2022-23,BOS,ORL,109,117,226,0,-8,1657.7713864678462,1416.6389590971294,241.13242737071687,107.33333333333333,102.0,0.3333333333333333,0.0,112.6,104.2,0.6,0.0,113.3,103.6,0.7,0.1,13,12,1,1,9.645297094828674,169.2,-5.966666666666669,-1.5999999999999943
22200432,2022-12-16,2022-23,PHI,GSW,118,106,224,1,12,1570.309097538219,1530.4303731520977,39.87872438612135,105.66666666666667,117.66666666666667,0.0,0.0,111.4,120.6,0.4,0.2,109.7,115.2,0.5,0.2,2,1,1,1,1.595148975444854,173.0,-4.033333333333331,2.4666666666666686
22200436,2022-12-16,2022-23,DAL,POR,130,110,240,1,20,1495.3888425401688,1539.720125928164,-44.3312833879952,117.33333333333333,117.66666666666667,0.6666666666666666,0.6666666666666666,118.4,116.4,0.4,0.6,112.5,111.2,0.3,0.5,1,1,0,1,-1.773251335519808,173.7,4.833333333333329,6.466666666666669
22200434,2022-12-16,2022-23,CHI,NYK,91,114,205,0,-23,1494.923526040317,1575.371482754214,-80.44795671389693,111.33333333333333,129.66666666666666,0.0,1.0,112.2,122.6,0.2,0.8,113.1,114.3,0.2,0.7,1,1,0,1,-3.217918268555877,173.7,-1.7666666666666657,15.36666666666666
22200435,2022-12-16,2022-23,OKC,MIN,110,112,222,0,-2,1418.9351939505207,1443.2823249393612,-24.34713098884049,106.0,106.0,0.0,0.0,114.8,112.6,0.4,0.2,113.3,115.3,0.3,0.5,1,1,0,1,-0.9738852395536196,171.85,-7.299999999999997,-9.299999999999997
22200443,2022-12-17,2022-23,OKC,MEM,115,109,224,1,6,1408.7176842971746,1671.8628424738458,-263.1451581766712,106.0,116.66666666666667,0.0,0.6666666666666666,114.8,113.4,0.4,0.4,113.3,112.2,0.3,0.4,0,12,-12,1,-10.525806327066848,172.05,-7.299999999999997,4.466666666666669
22200444,2022-12-17,2022-23,PHX,NOP,118,114,232,1,4,1544.2047068747952,1606.8176163284852,-62.61290945369001,110.66666666666667,115.33333333333333,0.3333333333333333,0.3333333333333333,112.0,117.2,0.2,0.4,115.7,117.3,0.3,0.4,9,1,8,1,-2.5045163781476005,172.3,-5.033333333333331,-1.9666666666666686
22200441,2022-12-17,2022-23,HOU,POR,95,107,202,0,-12,1426.2900446810124,1505.4111674528613,-79.12112277184883,110.66666666666667,118.0,0.3333333333333333,0.6666666666666666,109.0,112.0,0.2,0.4,111.2,111.7,0.3,0.4,1,0,1,1,-3.164844910873953,170.25,-0.5333333333333314,6.299999999999997
22200442,2022-12-17,2022-23,MIL,UTA,123,97,220,1,26,1601.0797179065814,1527.573734593099,73.50598331348237,99.66666666666667,113.33333333333333,0.3333333333333333,0.0,102.6,114.4,0.6,0.2,105.1,114.7,0.5,0.4,3,6,-3,1,2.940239332539295,169.25,-5.433333333333323,-1.3666666666666742
22200439,2022-12-17,2022-23,SAS,MIA,101,111,212,0,-10,1326.5059272705857,1488.7227581667316,-162.2168308961459,106.0,102.66666666666667,0.3333333333333333,1.0,105.4,104.2,0.2,0.8,107.0,104.2,0.2,0.5,2,1,1,1,-6.488673235845836,167.4,-1.0,-1.5333333333333314
22200438,2022-12-17,2022-23,LAC,WAS,102,93,195,1,9,1496.514081038075,1374.7507693394516,121.76331169862328,111.66666666666667,116.66666666666667,0.3333333333333333,0.0,113.2,114.6,0.4,0.0,112.7,111.1,0.5,0.1,1,2,-1,1,4.8705324679449316,171.95,-1.0333333333333314,5.566666666666677
22200440,2022-12-17,2022-23,CLE,DAL,100,99,199,1,1,1605.1496626037244,1529.6978010154714,75.451861588253,99.0,117.33333333333333,0.3333333333333333,0.6666666666666666,97.4,118.4,0.4,0.4,102.5,112.5,0.2,0.3,0,6,-6,1,3.01807446353012,168.95,-3.5,4.833333333333329
22200449,2022-12-18,2022-23,MIN,CHI,150,126,276,1,24,1453.4998345927072,1470.3729519206909,-16.873117327983664,104.0,111.33333333333333,0.3333333333333333,0.0,109.6,112.2,0.4,0.2,113.6,113.1,0.5,0.2,10,6,4,1,-0.6749246931193466,170.45,-9.599999999999994,-1.7666666666666657
22200446,2022-12-18,2022-23,IND,NYK,106,109,215,0,-3,1457.534062119244,1599.9220568738401,-142.3879947545961,113.0,121.0,0.3333333333333333,1.0,111.6,126.4,0.2,1.0,111.2,113.7,0.4,0.7,3,1,2,1,-5.695519790183844,174.5,1.7999999999999972,7.299999999999997
22200445,2022-12-18,2022-23,BOS,ORL,92,95,187,0,-3,1622.603316334775,1451.8070292302007,170.79628710457428,107.33333333333333,107.0,0.3333333333333333,0.3333333333333333,112.6,105.0,0.6,0.2,113.3,105.1,0.7,0.2,1,1,0,1,6.831851484182971,169.4,-5.966666666666669,1.9000000000000057
22200451,2022-12-18,2022-23,LAL,WAS,119,117,236,1,2,1504.8826065689618,1359.4797044259237,145.4029021430381,119.66666666666667,110.66666666666667,0.3333333333333333,0.0,118.2,111.8,0.4,0.0,117.8,110.7,0.5,0.1,1,0,1,1,5.816116085721523,172.5,1.8666666666666742,-0.03333333333333144
22200447,2022-12-18,2022-23,DET,BKN,121,124,245,0,-3,1363.2669616343169,1607.1315562770187,-243.86459464270183,114.0,122.33333333333333,0.3333333333333333,1.0,112.0,119.2,0.4,0.8,113.6,114.5,0.4,0.6,1,1,0,1,-9.754583785708073,172.8,0.4000000000000057,7.833333333333329
22200450,2022-12-18,2022-23,DEN,CHA,119,115,234,1,4,1525.6713814073994,1281.9383314683062,243.73304993909323,111.66666666666667,111.33333333333333,0.3333333333333333,0.0,111.6,111.6,0.4,0.0,112.4,108.4,0.5,0.1,3,6,-3,1,9.74932199756373,170.8,-0.7333333333333343,2.933333333333323
22200448,2022-12-18,2022-23,TOR,GSW,110,126,236,0,-16,1446.8893714727717,1507.7120724260105,-60.82270095323884,104.33333333333333,112.0,0.0,0.0,108.6,114.4,0.0,0.0,108.2,115.3,0.1,0.2,1,1,0,1,-2.4329080381295536,170.75,-3.8666666666666742,-3.299999999999997
22200454,2022-12-19,2022-23,ATL,ORL,126,125,251,1,1,1443.0744804034537,1471.9842450394062,-28.90976463595257,117.33333333333333,106.66666666666667,0.3333333333333333,0.6666666666666666,111.4,103.6,0.2,0.4,112.8,105.4,0.3,0.3,7,0,7,1,-1.1563905854381027,168.75,4.533333333333331,1.2666666666666657
22200456,2022-12-19,2022-23,MIN,DAL,116,106,222,1,10,1487.2506035479196,1524.2483963789857,-36.997792831066135,104.0,110.0,0.3333333333333333,0.3333333333333333,109.6,115.2,0.4,0.4,113.6,109.5,0.5,0.2,0,1,-1,1,-1.4799117132426454,171.2,-9.599999999999994,0.5
22200452,2022-12-19,2022-23,CLE,UTA,122,99,221,1,23,1610.5990672402102,1501.4860687241226,109.1129985160876,99.0,106.33333333333333,0.3333333333333333,0.0,97.4,110.2,0.4,0.0,102.5,111.4,0.2,0.3,1,1,0,1,4.364519940643504,166.9,-3.5,-5.066666666666677
22200457,2022-12-19,2022-23,NOP,MIL,119,128,247,0,-9,1587.8537944977963,1627.167383775558,-39.313589277761594,114.33333333333333,99.66666666666667,0.0,0.3333333333333333,114.2,102.6,0.2,0.6,117.5,105.1,0.3,0.5,7,3,4,1,-1.5725435711104638,169.2,-3.1666666666666714,-5.433333333333323
22200455,2022-12-19,2022-23,HOU,SAS,105,124,229,0,-19,1406.3827590049439,1312.9743454050265,93.40841359991737,110.66666666666667,106.0,0.3333333333333333,0.3333333333333333,109.0,105.4,0.2,0.2,111.2,107.0,0.3,0.2,1,8,-7,1,3.7363365439966945,168.6,-0.5333333333333314,-1.0
22200453,2022-12-19,2022-23,PHI,TOR,104,101,205,1,3,1593.0273982643062,1423.467058157852,169.56034010645408,105.66666666666667,104.33333333333333,0.0,0.0,111.4,108.6,0.4,0.0,109.7,108.2,0.5,0.1,2,7,-5,1,6.7824136042581635,170.0,-4.033333333333331,-3.8666666666666742
22200459,2022-12-19,2022-23,PHX,LAL,130,104,234,1,26,1563.168528705484,1511.5218644457648,51.64666425971927,110.66666666666667,119.66666666666667,0.3333333333333333,0.3333333333333333,112.0,118.2,0.2,0.4,115.7,117.8,0.3,0.5,1,7,-6,1,2.065866570388771,172.55,-5.033333333333331,1.8666666666666742
22200460,2022-12-19,2022-23,SAC,CHA,119,125,244,0,-6,1557.3680749641028,1275.5863912550044,281.7816837090984,116.33333333333333,114.66666666666667,0.6666666666666666,0.0,110.8,110.2,0.6,0.0,111.3,111.1,0.5,0.1,14,0,14,1,11.271267348363935,170.25,5.033333333333331,3.566666666666677
22200458,2022-12-19,2022-23,OKC,POR,123,121,244,1,2,1440.6216325077003,1525.3184531289298,-84.69682062122956,106.0,115.0,0.0,0.6666666666666666,114.8,114.0,0.4,0.6,113.3,111.8,0.3,0.4,1,1,0,1,-3.3878728248491825,172.2,-7.299999999999997,3.200000000000003
22200464,2022-12-20,2022-23,PHX,WAS,110,113,223,0,-3,1591.263371952587,1352.8404465491208,238.42292540346625,110.66666666666667,112.66666666666667,0.3333333333333333,0.0,112.0,112.0,0.2,0.0,115.7,111.6,0.3,0.0,0,1,-1,1,9.53691701613865,171.0,-5.033333333333331,1.066666666666677
22200461,2022-12-20,2022-23,DET,UTA,111,126,237,0,-15,1357.7990228341107,1479.3706043460857,-121.57158151197495,114.0,102.0,0.3333333333333333,0.0,112.0,107.2,0.4,0.0,113.6,110.3,0.4,0.2,1,0,1,1,-4.862863260478998,169.8,0.4000000000000057,-8.299999999999997
22200463,2022-12-20,2022-23,NYK,GSW,132,94,226,1,38,1608.4016786901482,1531.1343857409302,77.26729294921802,117.0,117.0,1.0,0.3333333333333333,122.4,117.0,1.0,0.2,116.1,116.4,0.8,0.3,8,1,7,1,3.0906917179687206,174.85,0.9000000000000057,0.5999999999999943
22200462,2022-12-20,2022-23,MIA,CHI,103,113,216,0,-10,1502.2543400322909,1436.6221829654785,65.6321570668124,110.66666666666667,116.33333333333333,1.0,0.0,102.4,114.6,0.8,0.0,104.7,113.8,0.6,0.2,9,1,8,1,2.625286282672496,169.25,5.966666666666669,2.5333333333333314
22200465,2022-12-20,2022-23,DEN,MEM,105,91,196,1,14,1532.0233216207012,1639.9588942633202,-107.93557264261904,111.66666666666667,110.66666666666667,0.3333333333333333,0.3333333333333333,111.6,114.8,0.4,0.4,112.4,110.8,0.5,0.4,1,2,-1,1,-4.3174229057047615,171.6,-0.7333333333333343,-0.13333333333332575
22200475,2022-12-21,2022-23,SAC,LAL,134,120,254,1,14,1524.8682687712087,1483.4270211986618,41.4412475725469,116.33333333333333,116.66666666666667,0.6666666666666666,0.3333333333333333,110.8,113.0,0.6,0.2,111.3,118.1,0.5,0.5,1,1,0,1,1.657649902901876,170.95,5.033333333333331,-1.433333333333323
22200471,2022-12-21,2022-23,NYK,TOR,106,113,219,0,-7,1637.0215017269954,1415.87923922307,221.1422625039254,117.0,103.0,1.0,0.0,122.4,104.4,1.0,0.0,116.1,107.3,0.8,0.1,0,1,-1,1,8.845690500157016,171.7,0.9000000000000057,-4.299999999999997
22200472,2022-12-21,2022-23,HOU,ORL,110,116,226,0,-6,1368.559979734147,1464.4773398931404,-95.91736015899346,110.66666666666667,112.33333333333333,0.3333333333333333,0.6666666666666666,109.0,108.2,0.2,0.4,111.2,107.4,0.3,0.3,1,1,0,1,-3.8366944063597384,169.3,-0.5333333333333314,4.933333333333323
22200474,2022-12-21,2022-23,OKC,POR,101,98,199,1,3,1454.234099464622,1511.7059861720081,-57.47188670738615,106.0,112.66666666666667,0.0,0.3333333333333333,114.8,116.4,0.4,0.6,113.3,112.7,0.3,0.4,1,1,0,1,-2.2988754682954458,172.8,-7.299999999999997,-0.03333333333333144
22200466,2022-12-21,2022-23,CLE,MIL,114,106,220,1,8,1632.714531618247,1647.598839857804,-14.884308239556958,99.0,107.0,0.3333333333333333,0.3333333333333333,97.4,107.2,0.4,0.6,102.5,108.1,0.2,0.6,1,1,0,1,-0.5953723295822784,166.15,-3.5,-1.0999999999999943
22200476,2022-12-21,2022-23,LAC,CHA,126,105,231,1,21,1511.7851459516028,1308.0861974478985,203.6989485037043,111.66666666666667,117.66666666666667,0.3333333333333333,0.3333333333333333,113.2,114.8,0.4,0.2,112.7,113.7,0.5,0.2,3,1,2,1,8.14795794014817,172.0,-1.0333333333333314,3.9666666666666686
22200473,2022-12-21,2022-23,MIN,DAL,99,104,203,0,-5,1513.7734236415847,1497.7255762853206,16.04784735626413,104.0,106.66666666666667,0.3333333333333333,0.0,109.6,111.4,0.4,0.4,113.6,111.4,0.5,0.2,1,1,0,1,0.6419138942505651,170.25,-9.599999999999994,-4.733333333333334
22200470,2022-12-21,2022-23,BKN,GSW,143,113,256,1,30,1612.599495077225,1502.514562704083,110.08493237314201,118.33333333333333,108.66666666666667,1.0,0.3333333333333333,121.6,111.2,0.8,0.2,115.9,113.9,0.6,0.3,11,0,11,1,4.40339729492568,173.2,2.433333333333323,-5.233333333333334
22200469,2022-12-21,2022-23,BOS,IND,112,117,229,0,-5,1602.4261005255694,1449.054440302936,153.3716602226334,107.33333333333333,113.0,0.3333333333333333,0.3333333333333333,112.6,111.6,0.6,0.2,113.3,111.2,0.7,0.4,2,4,-2,1,6.134866408905336,171.05,-5.966666666666669,1.7999999999999972
22200468,2022-12-21,2022-23,ATL,CHI,108,110,218,0,-2,1450.5813855497195,1465.0777456533244,-14.496360103604957,117.33333333333333,120.33333333333333,0.3333333333333333,0.3333333333333333,111.4,114.6,0.2,0.2,112.8,114.7,0.3,0.3,1,0,1,1,-0.5798544041441983,171.5,4.533333333333331,5.633333333333326
22200467,2022-12-21,2022-23,PHI,DET,113,93,206,1,20,1600.6152171990882,1339.3972609763493,261.21795622273885,105.66666666666667,114.0,0.0,0.3333333333333333,111.4,112.0,0.4,0.4,109.7,113.6,0.5,0.4,1,6,-5,1,10.448718248909554,170.85,-4.033333333333331,0.4000000000000057
22200478,2022-12-22,2022-23,UTA,WAS,120,112,232,1,8,1497.772366203847,1374.959587091333,122.81277911251391,107.33333333333333,107.66666666666667,0.3333333333333333,0.3333333333333333,108.8,112.4,0.2,0.2,110.4,112.4,0.2,0.1,6,1,5,1,4.912511164500557,170.3,-3.066666666666677,-4.733333333333334
22200477,2022-12-22,2022-23,NOP,SAS,126,117,243,1,9,1567.4223384155503,1350.7971246758234,216.62521373972686,114.33333333333333,116.66666666666667,0.0,0.6666666666666666,114.2,107.8,0.2,0.4,117.5,107.9,0.3,0.2,2,2,0,1,8.665008549589075,170.5,-3.1666666666666714,8.766666666666666
22200485,2022-12-23,2022-23,NYK,CHI,117,118,235,0,-1,1604.5300036351566,1475.6057506973723,128.92425293778433,117.0,116.33333333333333,1.0,0.6666666666666666,122.4,114.4,1.0,0.4,116.1,114.7,0.8,0.4,1,1,0,1,5.156970117511373,174.2,0.9000000000000057,1.6333333333333258
22200481,2022-12-23,2022-23,ATL,DET,130,105,235,1,25,1440.0533805056716,1328.3227737456266,111.73060676004502,117.33333333333333,112.33333333333333,0.3333333333333333,0.3333333333333333,111.4,110.2,0.2,0.4,112.8,113.8,0.3,0.4,1,1,0,1,4.469224270401801,170.4,4.533333333333331,-1.4666666666666686
22200492,2022-12-23,2022-23,LAL,CHA,130,134,264,0,-4,1459.5613820879482,1293.4724919374432,166.088890150505,116.0,115.0,0.3333333333333333,0.3333333333333333,116.6,114.8,0.2,0.2,119.6,113.0,0.5,0.2,4,1,3,1,6.6435556060201995,172.85,-3.5999999999999943,2.0
22200484,2022-12-23,2022-23,CLE,TOR,107,118,225,0,-11,1655.6275035729147,1448.3707373149089,207.25676625800588,99.0,104.33333333333333,0.3333333333333333,0.3333333333333333,97.4,105.4,0.4,0.2,102.5,108.9,0.2,0.2,1,1,0,1,8.290270650320235,165.7,-3.5,-4.566666666666677
22200482,2022-12-23,2022-23,BOS,MIN,121,109,230,1,12,1577.0756314417722,1495.0288137369153,82.04681770485695,107.33333333333333,104.0,0.3333333333333333,0.3333333333333333,112.6,109.6,0.6,0.4,113.3,113.6,0.7,0.5,1,6,-5,1,3.281872708194278,170.55,-5.966666666666669,-9.599999999999994
22200483,2022-12-23,2022-23,BKN,MIL,118,100,218,1,18,1636.408845568538,1624.6858679031363,11.722977665401686,118.33333333333333,111.66666666666667,1.0,0.3333333333333333,121.6,106.6,0.8,0.4,115.9,105.1,0.6,0.5,1,1,0,1,0.46891910661606745,172.05,2.433333333333323,6.566666666666677
22200480,2022-12-23,2022-23,PHI,LAC,119,114,233,1,5,1611.689704429811,1526.398851462058,85.29085296775293,105.66666666666667,111.66666666666667,0.0,0.3333333333333333,111.4,113.2,0.4,0.4,109.7,112.7,0.5,0.5,1,12,-11,1,3.411634118710117,171.15,-4.033333333333331,-1.0333333333333314
22200479,2022-12-23,2022-23,ORL,SAS,133,113,246,1,20,1478.6967655361573,1340.5174289083388,138.17933662781843,112.0,118.66666666666667,0.6666666666666666,0.6666666666666666,112.2,111.8,0.6,0.4,108.2,107.4,0.4,0.2,8,0,8,1,5.527173465112737,171.0,3.799999999999997,11.266666666666666
22200491,2022-12-23,2022-23,SAC,WAS,111,125,236,0,-14,1548.7339078819223,1360.4460694339318,188.28783844799045,116.33333333333333,114.0,0.6666666666666666,0.3333333333333333,110.8,112.6,0.6,0.2,111.3,112.9,0.5,0.1,1,0,1,1,7.5315135379196185,170.85,5.033333333333331,1.0999999999999943
22200487,2022-12-23,2022-23,HOU,DAL,106,112,218,0,-6,1354.3405540911301,1516.47018618999,-162.12963209885993,110.66666666666667,103.0,0.3333333333333333,0.3333333333333333,109.0,108.0,0.2,0.4,111.2,111.3,0.3,0.3,1,1,0,1,-6.485185283954397,169.25,-0.5333333333333314,-8.299999999999997
22200489,2022-12-23,2022-23,DEN,POR,120,107,227,1,13,1567.2561551191613,1495.5705601853135,71.68559493384782,111.66666666666667,108.66666666666667,0.3333333333333333,0.3333333333333333,111.6,112.8,0.4,0.4,112.4,111.4,0.5,0.4,2,1,1,1,2.867423797353913,171.1,-0.7333333333333343,-2.7333333333333343
22200488,2022-12-23,2022-23,OKC,NOP,125,128,253,0,-3,1470.3695254513166,1577.7020341830348,-107.33250873171824,106.0,114.33333333333333,0.0,0.0,114.8,114.2,0.4,0.2,113.3,117.5,0.3,0.3,1,5,-4,1,-4.29330034926873,172.25,-7.299999999999997,-3.1666666666666714
22200486,2022-12-23,2022-23,MIA,IND,108,111,219,0,-3,1473.798777344445,1474.4049093867332,-0.606132042288209,110.66666666666667,114.66666666666667,1.0,0.3333333333333333,102.4,111.2,0.8,0.4,104.7,110.4,0.6,0.4,2,1,1,1,-0.024245281691528363,168.4,5.966666666666669,4.266666666666666
22200490,2022-12-23,2022-23,PHX,MEM,100,125,225,0,-25,1569.1442314103747,1604.72606076486,-35.58182935448531,110.66666666666667,107.33333333333333,0.3333333333333333,0.3333333333333333,112.0,110.0,0.2,0.4,115.7,109.4,0.3,0.4,2,2,0,1,-1.4232731741794122,170.5,-5.033333333333331,-2.066666666666677
22200496,2022-12-25,2022-23,GSW,MEM,123,109,232,1,14,1478.7052122127698,1633.9819370957996,-155.27672488302983,111.0,108.33333333333333,0.3333333333333333,0.3333333333333333,111.6,109.6,0.2,0.4,112.5,110.8,0.2,0.4,14,1,13,1,-6.2110689953211935,170.3,-1.5,-2.4666666666666686
22200494,2022-12-25,2022-23,DAL,LAL,124,115,239,1,9,1527.4551243876563,1436.3102454328139,91.1448789548424,107.33333333333333,116.0,0.6666666666666666,0.3333333333333333,107.2,116.6,0.4,0.2,111.3,119.6,0.4,0.5,8,3,5,1,3.645795158193696,170.95,-3.9666666666666686,-3.5999999999999943
22200493,2022-12-25,2022-23,NYK,PHI,112,119,231,0,-7,1595.1383402283275,1625.2950442050053,-30.156703976677818,117.0,105.66666666666667,1.0,0.0,122.4,111.4,1.0,0.4,116.1,109.7,0.8,0.5,1,19,-18,1,-1.2062681590671127,173.45,0.9000000000000057,-4.033333333333331
22200497,2022-12-25,2022-23,DEN,PHX,128,125,253,1,3,1588.2775960435465,1539.888355079435,48.38924096411142,111.66666666666667,110.66666666666667,0.3333333333333333,0.3333333333333333,111.6,112.0,0.4,0.2,112.4,115.7,0.5,0.3,1,9,-8,1,1.935569638564457,170.9,-0.7333333333333343,-5.033333333333331
22200495,2022-12-25,2022-23,BOS,MIL,139,118,257,1,21,1596.7781431956494,1596.2345974273271,0.5435457683222467,107.33333333333333,111.33333333333333,0.3333333333333333,0.3333333333333333,112.6,105.4,0.6,0.2,113.3,105.8,0.7,0.5,1,1,0,1,0.021741830732889867,169.5,-5.966666666666669,5.533333333333331
22200501,2022-12-26,2022-23,CHI,HOU,118,133,251,0,-15,1484.9974141042014,1343.355615893464,141.64179821073753,113.66666666666667,110.66666666666667,1.0,0.3333333333333333,117.8,109.0,0.6,0.2,114.7,111.2,0.4,0.3,9,17,-8,1,5.665671928429501,171.7,-1.0333333333333314,-0.5333333333333314
22200499,2022-12-26,2022-23,DET,LAC,131,142,273,0,-11,1305.8725588705672,1512.7935116868637,-206.92095281629645,113.0,112.66666666666667,0.3333333333333333,0.3333333333333333,108.0,113.6,0.2,0.4,112.2,112.8,0.4,0.4,5,2,3,1,-8.276838112651857,170.4,0.7999999999999972,-0.13333333333332575
22200503,2022-12-26,2022-23,SAS,UTA,126,122,248,1,4,1321.5801841529426,1512.2858838612483,-190.7056997083057,118.0,107.33333333333333,0.3333333333333333,0.3333333333333333,116.0,108.8,0.4,0.2,108.6,110.4,0.2,0.2,8,5,3,1,-7.628227988332228,171.2,9.400000000000006,-3.066666666666677
22200498,2022-12-26,2022-23,CLE,BKN,117,125,242,0,-8,1617.494675748412,1664.8601160443473,-47.36544029593529,99.0,118.33333333333333,0.3333333333333333,1.0,97.4,121.6,0.4,0.8,102.5,115.9,0.2,0.6,2,7,-5,1,-1.8946176118374114,169.75,-3.5,2.433333333333323
22200502,2022-12-26,2022-23,NOP,IND,113,93,206,1,20,1587.4135618958649,1488.2436678938482,99.16989400201669,123.66666666666667,113.33333333333333,0.3333333333333333,0.6666666666666666,117.6,113.4,0.4,0.6,118.6,111.6,0.4,0.4,3,2,1,1,3.9667957600806676,172.75,5.066666666666677,1.7333333333333343
22200500,2022-12-26,2022-23,MIA,MIN,113,110,223,1,3,1459.96001883733,1475.326301983038,-15.366283145708167,110.66666666666667,103.0,1.0,0.3333333333333333,102.4,107.8,0.8,0.2,104.7,111.9,0.6,0.4,2,2,0,1,-0.6146513258283267,167.55,5.966666666666669,-8.900000000000006
22200504,2022-12-26,2022-23,POR,CHA,124,113,237,1,11,1474.5491192609284,1316.7236285925776,157.82549066835077,108.66666666666667,121.33333333333333,0.0,0.6666666666666666,108.6,118.4,0.2,0.4,112.5,114.9,0.4,0.3,13,2,11,1,6.313019626734031,171.75,-3.8333333333333286,6.433333333333323
22200506,2022-12-27,2022-23,WAS,PHI,116,111,227,1,5,1400.9165803470848,1644.2890656024458,-243.37248525536097,116.66666666666667,117.0,0.6666666666666666,0.3333333333333333,112.0,113.8,0.4,0.4,113.3,110.4,0.2,0.5,14,1,13,1,-9.734899410214439,171.45,3.3666666666666742,6.599999999999994
22200509,2022-12-27,2022-23,TOR,LAC,113,124,237,0,-11,1486.5035651394116,1524.375979894751,-37.87241475533938,110.66666666666667,123.33333333333333,0.6666666666666666,0.6666666666666666,108.0,118.2,0.4,0.4,109.4,114.8,0.3,0.4,8,0,8,1,-1.5148965902135751,171.55,1.2666666666666657,8.533333333333331
2022200006,2022-12-27,2022-23,LIN,GBO,113,108,221,1,5,1500.0,1500.0,0.0,0.0,0.0,0.0,0.0,0.0,0.0,0.0,0.0,0.0,0.0,0.0,0.0,0,0,0,1,0.0,115.0,0.0,0.0
2022200007,2022-12-27,2022-23,GLI,ONT,114,108,222,1,6,1500.0,1500.0,0.0,0.0,0.0,0.0,0.0,0.0,0.0,0.0,0.0,0.0,0.0,0.0,0.0,0,0,0,1,0.0,115.0,0.0,0.0
22200513,2022-12-27,2022-23,GSW,CHA,110,105,215,1,5,1517.1423528830635,1302.4451814462113,214.69717143685216,111.0,117.33333333333333,0.3333333333333333,0.3333333333333333,111.6,118.4,0.2,0.4,112.5,115.0,0.2,0.2,1,0,1,1,8.587886857474086,172.5,-1.5,2.3333333333333286
22200512,2022-12-27,2022-23,DAL,NYK,126,121,247,1,5,1544.5753230902335,1576.144318830887,-31.568995740653463,107.33333333333333,117.0,0.6666666666666666,1.0,107.2,122.4,0.4,1.0,111.3,116.1,0.4,0.8,1,8,-7,1,-1.2627598296261384,172.4,-3.9666666666666686,0.9000000000000057
2022200001,2022-12-27,2022-23,FWN,MNE,113,126,239,0,-13,1500.0,1500.0,0.0,0.0,0.0,0.0,0.0,0.0,0.0,0.0,0.0,0.0,0.0,0.0,0.0,0,0,0,1,0.0,115.0,0.0,0.0
2022200002,2022-12-27,2022-23,OKL,SXF,112,108,220,1,4,1500.0,1500.0,0.0,0.0,0.0,0.0,0.0,0.0,0.0,0.0,0.0,0.0,0.0,0.0,0.0,0,0,0,1,0.0,115.0,0.0,0.0
22200507,2022-12-27,2022-23,BOS,HOU,126,102,228,1,24,1627.6402099402053,1381.79753649805,245.84267344215527,107.33333333333333,114.33333333333333,0.3333333333333333,0.3333333333333333,112.6,113.0,0.6,0.4,113.3,112.8,0.7,0.4,1,0,1,1,9.83370693768621,171.4,-5.966666666666669,1.5333333333333314
22200511,2022-12-27,2022-23,OKC,SAS,130,114,244,1,16,1460.6579977384865,1345.7167905137644,114.94120722472212,106.0,118.0,0.0,0.3333333333333333,114.8,116.0,0.4,0.4,113.3,108.6,0.3,0.2,3,3,0,1,4.597648288988885,172.7,-7.299999999999997,9.400000000000006
22200510,2022-12-27,2022-23,MEM,PHX,108,125,233,0,-17,1595.5447964255059,1527.943790912505,67.60100551300093,108.33333333333333,111.0,0.3333333333333333,0.3333333333333333,111.2,114.8,0.4,0.2,109.3,118.5,0.3,0.3,11,1,10,1,2.704040220520037,171.5,-0.9666666666666686,-7.5
2022200004,2022-12-27,2022-23,DEL,RGV,99,138,237,0,-39,1500.0,1500.0,0.0,0.0,0.0,0.0,0.0,0.0,0.0,0.0,0.0,0.0,0.0,0.0,0.0,0,0,0,1,0.0,115.0,0.0,0.0
22200508,2022-12-27,2022-23,IND,ATL,129,114,243,1,15,1466.2599867622682,1462.503595380731,3.7563913815372416,107.0,117.33333333333333,0.6666666666666666,0.3333333333333333,109.6,111.4,0.4,0.2,110.9,112.8,0.4,0.3,8,10,-2,1,0.15025565526148965,170.25,-3.9000000000000057,4.533333333333331
2022200003,2022-12-27,2022-23,CCG,MCC,115,108,223,1,7,1500.0,1500.0,0.0,0.0,0.0,0.0,0.0,0.0,0.0,0.0,0.0,0.0,0.0,0.0,0.0,0,0,0,1,0.0,115.0,0.0,0.0
22200505,2022-12-27,2022-23,ORL,LAL,110,129,239,0,-19,1497.6340102915535,1419.1900467302366,78.44396356131688,112.0,113.0,0.6666666666666666,0.0,112.2,117.0,0.6,0.2,108.2,120.6,0.4,0.4,3,1,2,1,3.137758542452675,172.3,3.799999999999997,-7.599999999999994
22200514,2022-12-27,2022-23,SAC,DEN,106,113,219,0,-7,1508.2633969687693,1600.2221602104767,-91.9587632417074,116.33333333333333,111.66666666666667,0.6666666666666666,0.3333333333333333,110.8,111.6,0.6,0.4,111.3,112.4,0.5,0.5,3,10,-7,1,-3.678350529668296,170.6,5.033333333333331,-0.7333333333333343
22200522,2022-12-28,2022-23,SAC,DEN,127,126,253,1,1,1492.8477970918907,1615.6377600873552,-122.78996299546452,116.33333333333333,114.0,0.6666666666666666,0.6666666666666666,110.8,111.4,0.6,0.4,111.3,112.5,0.5,0.6,0,0,0,1,-4.911598519818581,170.55,5.033333333333331,1.5
22200515,2022-12-28,2022-23,DET,ORL,121,101,222,1,20,1294.2900906626799,1461.0255618576311,-166.7354711949513,113.0,112.0,0.3333333333333333,0.6666666666666666,108.0,112.2,0.2,0.6,112.2,108.2,0.4,0.4,1,6,-5,1,-6.669418847798052,170.05,0.7999999999999972,3.799999999999997
22200519,2022-12-28,2022-23,CHI,MIL,119,113,232,1,6,1446.5554934996153,1565.3725306827712,-118.81703718315589,113.66666666666667,108.0,1.0,0.0,117.8,110.6,0.6,0.2,114.7,107.4,0.4,0.5,1,2,-1,1,-4.752681487326235,172.1,-1.0333333333333314,0.5999999999999943
22200520,2022-12-28,2022-23,NOP,MIN,119,118,237,1,1,1609.3972430274448,1460.8506314737601,148.54661155368467,123.66666666666667,110.33333333333333,0.3333333333333333,0.3333333333333333,117.6,106.2,0.4,0.2,118.6,111.7,0.4,0.3,1,1,0,1,5.941864462147387,170.95,5.066666666666677,-1.3666666666666742
2022200008,2022-12-28,2022-23,CLC,GRG,104,108,212,0,-4,1500.0,1500.0,0.0,0.0,0.0,0.0,0.0,0.0,0.0,0.0,0.0,0.0,0.0,0.0,0.0,0,0,0,1,0.0,115.0,0.0,0.0
2022200009,2022-12-28,2022-23,MXC,SLC,111,103,214,1,8,1500.0,1500.0,0.0,0.0,0.0,0.0,0.0,0.0,0.0,0.0,0.0,0.0,0.0,0.0,0.0,0,0,0,1,0.0,115.0,0.0,0.0
22200517,2022-12-28,2022-23,ATL,BKN,107,108,215,0,-1,1435.0774622140113,1683.8553345863784,-248.77787237236703,121.0,122.66666666666667,0.3333333333333333,1.0,116.4,123.2,0.2,1.0,112.1,118.1,0.2,0.7,4,1,3,1,-9.951114894894681,174.9,8.900000000000006,4.566666666666677
22200516,2022-12-28,2022-23,WAS,PHX,127,102,229,1,25,1429.668475752905,1562.401432815914,-132.73295706300905,116.66666666666667,120.33333333333333,0.6666666666666666,0.6666666666666666,112.0,116.4,0.4,0.4,113.3,119.8,0.2,0.4,0,0,0,1,-5.309318282520362,172.1,3.3666666666666742,0.5333333333333314
22200521,2022-12-28,2022-23,GSW,UTA,112,107,219,1,5,1525.210685467339,1488.1492775004265,37.06140796691261,111.0,115.66666666666667,0.3333333333333333,0.3333333333333333,111.6,110.8,0.2,0.2,112.5,111.4,0.2,0.2,0,1,-1,1,1.4824563186765045,170.6,-1.5,4.266666666666666
22200518,2022-12-28,2022-23,MIA,LAL,112,98,210,1,14,1474.435689346608,1455.798495164159,18.637194182448866,110.66666666666667,121.33333333333333,1.0,0.3333333333333333,102.4,118.4,0.8,0.4,104.7,119.2,0.6,0.4,1,0,1,1,0.7454877672979546,170.2,5.966666666666669,2.1333333333333258
2022200011,2022-12-29,2022-23,CCG,MCC,107,105,212,1,2,1520.7944154167983,1479.2055845832017,41.5888308335966,0.0,0.0,0.0,0.0,0.0,0.0,0.0,0.0,0.0,0.0,0.0,0.0,1,1,0,1,1.663553233343864,115.0,0.0,0.0
22200527,2022-12-29,2022-23,SAS,NYK,122,115,237,1,7,1326.4300880527694,1556.603145658426,-230.1730576056566,114.66666666666667,114.66666666666667,0.0,0.6666666666666666,116.6,118.6,0.4,0.8,110.5,116.4,0.2,0.7,2,1,1,1,-9.206922304226264,173.8,4.166666666666671,-1.7333333333333343
2022200017,2022-12-29,2022-23,AUS,OKL,108,105,213,1,3,1500.0,1516.094379124341,-16.094379124341003,0.0,0.0,0.0,0.0,0.0,0.0,0.0,0.0,0.0,0.0,0.0,0.0,0,0,0,1,-0.6437751649736402,115.0,0.0,0.0
2022200013,2022-12-29,2022-23,LIN,GBO,122,95,217,1,27,1517.9175946922805,1482.0824053077195,35.83518938456109,0.0,0.0,0.0,0.0,0.0,0.0,0.0,0.0,0.0,0.0,0.0,0.0,1,1,0,1,1.4334075753824436,115.0,0.0,0.0
2022200019,2022-12-29,2022-23,SCW,STO,112,121,233,0,-9,1500.0,1500.0,0.0,0.0,0.0,0.0,0.0,0.0,0.0,0.0,0.0,0.0,0.0,0.0,0.0,0,0,0,1,0.0,115.0,0.0,0.0
2022200010,2022-12-29,2022-23,FWN,WCB,131,121,252,1,10,1473.6094267038475,1500.0,-26.390573296152525,0.0,0.0,0.0,0.0,0.0,0.0,0.0,0.0,0.0,0.0,0.0,0.0,1,0,1,1,-1.055622931846101,115.0,0.0,0.0
22200525,2022-12-29,2022-23,BOS,LAC,116,110,226,1,6,1640.2207136569814,1546.5270373360233,93.69367632095805,107.33333333333333,126.66666666666667,0.3333333333333333,0.6666666666666666,112.6,120.8,0.6,0.6,113.3,117.1,0.7,0.5,1,1,0,1,3.747747052838322,173.35,-5.966666666666669,9.566666666666677
22200526,2022-12-29,2022-23,TOR,MEM,106,119,225,0,-13,1464.3525076981393,1561.0871545220969,-96.73464682395752,110.66666666666667,108.33333333333333,0.6666666666666666,0.3333333333333333,108.0,111.2,0.4,0.4,109.4,109.3,0.3,0.3,1,3,-2,1,-3.8693858729583006,169.8,1.2666666666666657,-0.9666666666666686
2022200016,2022-12-29,2022-23,MHU,SBL,122,103,225,1,19,1500.0,1500.0,0.0,0.0,0.0,0.0,0.0,0.0,0.0,0.0,0.0,0.0,0.0,0.0,0.0,0,0,0,1,0.0,115.0,0.0,0.0
22200523,2022-12-29,2022-23,CHA,OKC,121,113,234,1,8,1294.3768488619357,1479.9447001994815,-185.5678513375458,117.33333333333333,106.0,0.3333333333333333,0.0,116.4,114.8,0.4,0.4,113.3,113.3,0.2,0.3,12,16,-4,1,-7.422714053501831,172.8,4.033333333333331,-7.299999999999997
2022200015,2022-12-29,2022-23,IWA,RAP,118,127,245,0,-9,1500.0,1500.0,0.0,0.0,0.0,0.0,0.0,0.0,0.0,0.0,0.0,0.0,0.0,0.0,0.0,0,0,0,1,0.0,115.0,0.0,0.0
22200524,2022-12-29,2022-23,IND,CLE,135,126,261,1,9,1493.6861199289879,1598.4994572063808,-104.81333727739298,107.0,99.0,0.6666666666666666,0.3333333333333333,109.6,97.4,0.4,0.4,110.9,102.5,0.4,0.2,1,14,-13,1,-4.192533491095719,166.75,-3.9000000000000057,-3.5
22200528,2022-12-29,2022-23,DAL,HOU,129,114,243,1,15,1564.1164962626945,1369.217032781274,194.89946348142053,107.33333333333333,114.66666666666667,0.6666666666666666,0.3333333333333333,107.2,113.4,0.4,0.4,111.3,109.6,0.4,0.3,1,1,0,1,7.795978539256821,170.15,-3.9666666666666686,5.066666666666677
2022200014,2022-12-29,2022-23,BHM,TEX,134,101,235,1,33,1500.0,1500.0,0.0,0.0,0.0,0.0,0.0,0.0,0.0,0.0,0.0,0.0,0.0,0.0,0.0,0,0,0,1,0.0,115.0,0.0,0.0
2022200018,2022-12-29,2022-23,GLI,ONT,96,111,207,0,-15,1519.4591014905532,1480.5408985094468,38.91820298110633,0.0,0.0,0.0,0.0,0.0,0.0,0.0,0.0,0.0,0.0,0.0,0.0,1,1,0,1,1.5567281192442533,115.0,0.0,0.0
2022200023,2022-12-30,2022-23,MXC,SLC,136,109,245,1,27,1521.9722457733621,1478.0277542266379,43.944491546724294,0.0,0.0,0.0,0.0,0.0,0.0,0.0,0.0,0.0,0.0,0.0,0.0,1,1,0,1,1.7577796618689718,115.0,0.0,0.0
22200534,2022-12-30,2022-23,NOP,PHI,127,116,243,1,11,1613.533439079684,1615.5371701966258,-2.003731116941708,123.66666666666667,117.66666666666667,0.3333333333333333,0.3333333333333333,117.6,109.4,0.4,0.2,118.6,110.1,0.4,0.4,1,2,-1,1,-0.08014924467766832,171.75,5.066666666666677,7.566666666666677
2022200020,2022-12-30,2022-23,MNE,RGV,118,98,216,1,20,1526.3905732961525,1536.8887945411393,-10.49822124498678,0.0,0.0,0.0,0.0,0.0,0.0,0.0,0.0,0.0,0.0,0.0,0.0,0,2,-2,1,-0.4199288497994712,115.0,0.0,0.0
22200530,2022-12-30,2022-23,ATL,LAL,121,130,251,0,-9,1432.4050371788253,1430.1692579615788,2.235779217246545,121.0,114.0,0.3333333333333333,0.3333333333333333,116.4,113.2,0.2,0.2,112.1,115.7,0.2,0.3,1,1,0,1,0.08943116868986181,172.4,8.900000000000006,-1.7000000000000028
2022200024,2022-12-30,2022-23,MHU,SBL,118,117,235,1,1,1529.95732273554,1470.04267726446,59.91464547107989,0.0,0.0,0.0,0.0,0.0,0.0,0.0,0.0,0.0,0.0,0.0,0.0,0,0,0,1,2.396585818843196,115.0,0.0,0.0
22200529,2022-12-30,2022-23,ORL,WAS,100,119,219,0,-19,1416.996709436004,1474.1243705694826,-57.12766113347857,114.0,116.66666666666667,0.3333333333333333,0.6666666666666666,110.8,112.0,0.6,0.4,107.5,113.3,0.3,0.2,2,6,-4,1,-2.2851064453391428,170.7,6.5,3.3666666666666742
22200533,2022-12-30,2022-23,MIL,MIN,123,114,237,1,9,1539.506587833649,1456.7144354215209,82.79215241212819,110.33333333333333,112.33333333333333,0.0,0.0,113.0,107.4,0.2,0.2,107.8,112.0,0.4,0.2,12,1,11,1,3.3116860964851274,170.1,2.5333333333333314,0.3333333333333286
22200532,2022-12-30,2022-23,CHI,DET,132,118,250,1,14,1472.4214363487374,1338.318943084307,134.10249326443045,113.66666666666667,113.0,1.0,0.3333333333333333,117.8,108.0,0.6,0.2,114.7,112.2,0.4,0.4,1,6,-5,1,5.364099730577218,171.45,-1.0333333333333314,0.7999999999999972
2022200021,2022-12-30,2022-23,DEL,LIN,111,108,219,1,3,1463.1112054588607,1547.814874463888,-84.70366900502722,0.0,0.0,0.0,0.0,0.0,0.0,0.0,0.0,0.0,0.0,0.0,0.0,2,0,2,1,-3.388146760201089,115.0,0.0,0.0
2022200022,2022-12-30,2022-23,BHM,TEX,94,104,198,0,-10,1535.2636052461617,1464.7363947538383,70.52721049232332,0.0,0.0,0.0,0.0,0.0,0.0,0.0,0.0,0.0,0.0,0.0,0.0,0,0,0,1,2.821088419692933,115.0,0.0,0.0
2022200025,2022-12-30,2022-23,SCW,STO,112,113,225,0,-1,1476.9741490700596,1523.0258509299404,-46.05170185988072,0.0,0.0,0.0,0.0,0.0,0.0,0.0,0.0,0.0,0.0,0.0,0.0,0,0,0,1,-1.842068074395229,115.0,0.0,0.0
22200536,2022-12-30,2022-23,GSW,POR,118,112,230,1,6,1541.2242034604244,1488.8275664072946,52.39663705312978,111.0,108.66666666666667,0.3333333333333333,0.0,111.6,108.6,0.2,0.2,112.5,112.5,0.2,0.4,1,6,-5,1,2.095865482125191,170.05,-1.5,-3.8333333333333286
22200537,2022-12-30,2022-23,SAC,UTA,126,125,251,1,1,1502.1318328977864,1472.1357595073412,29.99607339044519,116.33333333333333,118.33333333333333,0.6666666666666666,0.3333333333333333,110.8,110.2,0.6,0.2,111.3,112.3,0.5,0.2,1,1,0,1,1.1998429356178075,170.25,5.033333333333331,6.033333333333331
22200531,2022-12-30,2022-23,TOR,PHX,113,104,217,1,9,1445.1255624620062,1517.9455379993362,-72.81997553733004,110.66666666666667,117.33333333333333,0.6666666666666666,0.3333333333333333,108.0,112.0,0.4,0.4,109.4,116.7,0.3,0.4,0,1,-1,1,-2.9127990214932016,170.0,1.2666666666666657,0.6333333333333258
22200535,2022-12-30,2022-23,DEN,MIA,124,119,243,1,5,1606.3537242814596,1500.0649265491882,106.2887977322714,115.66666666666667,110.66666666666667,0.3333333333333333,1.0,114.8,102.4,0.4,0.8,112.5,104.7,0.5,0.6,4,12,-8,1,4.251551909290856,169.3,3.1666666666666714,5.966666666666669
2022200026,2022-12-31,2022-23,GBO,CCG,124,131,255,0,-7,1452.185125536112,1530.4717196062054,-78.28659407009332,0.0,0.0,0.0,0.0,0.0,0.0,0.0,0.0,0.0,0.0,0.0,0.0,0,0,0,1,-3.1314637628037327,115.0,0.0,0.0
22200539,2022-12-31,2022-23,CHA,BKN,106,123,229,0,-17,1327.0828530833528,1686.5277596215644,-359.4449065382116,117.33333333333333,119.0,0.3333333333333333,1.0,116.4,117.6,0.4,1.0,113.3,116.8,0.2,0.8,1,2,-1,1,-14.377796261528465,173.5,4.033333333333331,2.200000000000003
22200541,2022-12-31,2022-23,HOU,NYK,88,108,196,0,-20,1355.5951277045694,1523.7475745577012,-168.15244685313178,116.33333333333333,115.0,0.3333333333333333,0.3333333333333333,111.8,117.4,0.2,0.6,110.1,117.3,0.3,0.6,7,1,6,1,-6.726097874125271,172.3,6.233333333333334,-2.299999999999997
2022200032,2022-12-31,2022-23,WIS,GRG,93,91,184,1,2,1500.0,1516.094379124341,-16.094379124341003,0.0,0.0,0.0,0.0,0.0,0.0,0.0,0.0,0.0,0.0,0.0,0.0,0,2,-2,1,-0.6437751649736402,115.0,0.0,0.0
2022200030,2022-12-31,2022-23,CPS,OSC,124,96,220,1,28,1500.0,1500.0,0.0,0.0,0.0,0.0,0.0,0.0,0.0,0.0,0.0,0.0,0.0,0.0,0.0,0,0,0,1,0.0,115.0,0.0,0.0
2022200027,2022-12-31,2022-23,MNE,RGV,136,132,268,1,4,1557.755460126675,1505.5239077106169,52.23155241605809,0.0,0.0,0.0,0.0,0.0,0.0,0.0,0.0,0.0,0.0,0.0,0.0,0,0,0,1,2.0892620966423237,115.0,0.0,0.0
22200538,2022-12-31,2022-23,IND,LAC,131,130,261,1,1,1523.45501251572,1532.1919001656202,-8.736887649900154,107.0,125.33333333333333,0.6666666666666666,0.6666666666666666,109.6,120.8,0.4,0.6,110.9,117.4,0.4,0.5,1,1,0,1,-0.3494755059960062,172.6,-3.9000000000000057,7.933333333333323
22200546,2022-12-31,2022-23,UTA,MIA,123,126,249,0,-3,1465.8012382959273,1487.4639167833557,-21.662678487428366,118.0,113.66666666666667,0.0,0.6666666666666666,115.8,107.6,0.2,0.8,113.0,107.9,0.1,0.6,8,0,8,1,-0.8665071394971346,170.85,5.0,5.766666666666666
22200544,2022-12-31,2022-23,MIN,DET,104,116,220,0,-12,1439.073977165643,1321.2010254793413,117.8729516863018,114.0,105.33333333333333,0.0,0.0,112.6,112.0,0.2,0.2,112.6,111.1,0.2,0.4,9,0,9,1,4.714918067452072,171.15,1.4000000000000057,-5.766666666666666
22200545,2022-12-31,2022-23,OKC,PHI,96,115,211,0,-19,1447.2386959780645,1590.5447957077797,-143.30609972971524,109.66666666666667,115.33333333333333,0.0,0.3333333333333333,110.4,115.6,0.2,0.2,112.4,109.9,0.3,0.3,3,0,3,1,-5.73224398918861,171.5,-2.7333333333333343,5.433333333333323
22200543,2022-12-31,2022-23,MEM,NOP,116,101,217,1,15,1580.31409975823,1638.52581356853,-58.211713810300125,117.66666666666667,123.66666666666667,0.6666666666666666,0.3333333333333333,110.6,117.6,0.4,0.4,112.0,118.6,0.4,0.4,3,7,-4,1,-2.328468552412005,172.05,5.666666666666671,5.066666666666677
2022200029,2022-12-31,2022-23,MCC,WCB,122,108,230,1,14,1469.5282803937946,1474.203144637627,-4.674864243832417,0.0,0.0,0.0,0.0,0.0,0.0,0.0,0.0,0.0,0.0,0.0,0.0,0,1,-1,1,-0.18699456975329667,115.0,0.0,0.0
22200542,2022-12-31,2022-23,SAS,DAL,125,126,251,0,-1,1359.2856591534942,1577.738401339399,-218.45274218590475,114.66666666666667,107.33333333333333,0.0,0.6666666666666666,116.6,107.2,0.4,0.4,110.5,111.3,0.2,0.4,1,7,-6,1,-8.73810968743619,170.95,4.166666666666671,-3.9666666666666686
2022200031,2022-12-31,2022-23,SXF,ONT,95,99,194,0,-4,1483.905620875659,1511.3595925681136,-27.453971692454616,0.0,0.0,0.0,0.0,0.0,0.0,0.0,0.0,0.0,0.0,0.0,0.0,0,1,-1,1,-1.0981588676981846,115.0,0.0,0.0
2022200028,2022-12-31,2022-23,IWA,RAP,128,124,252,1,4,1476.9741490700596,1523.0258509299404,-46.05170185988072,0.0,0.0,0.0,0.0,0.0,0.0,0.0,0.0,0.0,0.0,0.0,0.0,1,1,0,1,-1.842068074395229,115.0,0.0,0.0
22200540,2022-12-31,2022-23,CHI,CLE,102,103,205,0,-1,1489.539353953703,1568.7305646196487,-79.19121066594562,113.66666666666667,114.0,1.0,0.3333333333333333,117.8,102.2,0.6,0.2,114.7,103.4,0.4,0.2,0,1,-1,1,-3.167648426637825,170.0,-1.0333333333333314,10.599999999999994
2022200036,2023-01-01,2022-23,AUS,STO,94,108,202,0,-14,1514.5046626102098,1529.0439167066247,-14.53925409641488,0.0,0.0,0.0,0.0,0.0,0.0,0.0,0.0,0.0,0.0,0.0,0.0,2,1,1,1,-0.5815701638565952,115.0,0.0,0.0
22200547,2023-01-01,2022-23,MEM,SAC,118,108,226,1,10,1612.6423844546043,1508.4663541092002,104.17603034540411,117.66666666666667,116.33333333333333,0.6666666666666666,0.6666666666666666,110.6,110.8,0.4,0.6,112.0,111.3,0.4,0.5,0,15,-15,1,4.167041213816165,170.35,5.666666666666671,5.033333333333331
2022200033,2023-01-01,2022-23,IWA,TEX,126,138,264,0,-12,1495.1893913149781,1493.5171476146243,1.6722437003538744,0.0,0.0,0.0,0.0,0.0,0.0,0.0,0.0,0.0,0.0,0.0,0.0,0,1,-1,1,0.06688974801415498,115.0,0.0,0.0
2022200034,2023-01-01,2022-23,BHM,GLI,124,126,250,0,-2,1506.4828523853757,1488.6404074318864,17.84244495348935,0.0,0.0,0.0,0.0,0.0,0.0,0.0,0.0,0.0,0.0,0.0,0.0,1,0,1,1,0.7136977981395739,115.0,0.0,0.0
2022200035,2023-01-01,2022-23,SXF,ONT,123,110,233,1,13,1469.0803612485402,1526.1848521952325,-57.104490946692295,0.0,106.0,0.0,0.6666666666666666,0.0,0.0,0.0,0.0,0.0,0.0,0.0,0.0,0,0,0,1,-2.284179637867692,115.0,0.0,106.0
22200549,2023-01-01,2022-23,DEN,BOS,123,111,234,1,12,1618.954734047292,1654.5558508273846,-35.601116780092525,115.66666666666667,107.33333333333333,0.3333333333333333,0.3333333333333333,114.8,112.6,0.4,0.6,112.5,113.3,0.5,0.7,1,18,-17,1,-1.424044671203701,171.85,3.1666666666666714,-5.966666666666669
22200548,2023-01-01,2022-23,MIL,WAS,95,118,213,0,-23,1557.1470460895268,1499.199828260255,57.94721782927195,110.33333333333333,118.66666666666667,0.0,0.6666666666666666,113.0,117.2,0.2,0.6,107.8,114.5,0.4,0.3,1,1,0,1,2.317888713170878,172.55,2.5333333333333314,4.166666666666671
2022200039,2023-01-02,2022-23,LIN,RAP,110,102,212,1,8,1530.6375959806248,1504.8106086850219,25.826987295602976,114.33333333333333,0.0,0.6666666666666666,0.0,0.0,0.0,0.0,0.0,0.0,0.0,0.0,0.0,3,1,2,1,1.033079491824119,115.0,114.33333333333333,0.0
22200550,2023-01-02,2022-23,NYK,PHX,102,83,185,1,19,1540.509902033206,1490.1630839276484,50.34681810555753,114.66666666666667,110.33333333333333,0.3333333333333333,0.3333333333333333,113.4,113.4,0.6,0.4,118.0,114.9,0.7,0.3,7,2,5,1,2.0138727242223013,171.7,-3.3333333333333286,-4.566666666666677
22200557,2023-01-02,2022-23,MIN,DEN,124,111,235,1,13,1405.0416745683124,1647.2233261573037,-242.18165158899137,114.0,115.66666666666667,0.0,0.3333333333333333,112.6,114.8,0.2,0.4,112.6,112.5,0.2,0.5,1,4,-3,1,-9.687266063559655,171.85,1.4000000000000057,3.1666666666666714
22200556,2023-01-02,2022-23,HOU,DAL,106,111,217,0,-5,1338.8328002290648,1580.8076841680775,-241.97488393901267,116.33333333333333,114.0,0.3333333333333333,1.0,111.8,109.4,0.2,0.6,110.1,113.9,0.3,0.5,1,1,0,1,-9.678995357560506,170.3,6.233333333333334,0.09999999999999432
22200551,2023-01-02,2022-23,CHA,LAL,115,121,236,0,-6,1320.6007027121964,1453.3432802663392,-132.74257755414283,117.33333333333333,119.0,0.3333333333333333,0.6666666666666666,116.4,118.4,0.4,0.4,113.3,115.7,0.2,0.3,1,2,-1,1,-5.309703102165713,173.7,4.033333333333331,3.299999999999997
22200559,2023-01-02,2022-23,POR,DET,135,106,241,1,29,1472.2810377498238,1355.233328076672,117.04770967315176,105.66666666666667,113.0,0.0,0.3333333333333333,109.0,114.6,0.2,0.4,110.5,111.7,0.3,0.4,6,1,5,1,4.681908386926071,170.9,-4.833333333333329,1.2999999999999972
22200558,2023-01-02,2022-23,GSW,ATL,143,141,284,1,2,1557.7707321178952,1409.2310148740648,148.5397172438304,111.0,121.0,0.3333333333333333,0.3333333333333333,111.6,116.4,0.2,0.2,112.5,112.1,0.2,0.2,2,5,-3,1,5.941588689753217,172.0,-1.5,8.900000000000006
22200552,2023-01-02,2022-23,CLE,CHI,145,134,279,1,11,1574.1089446203666,1484.1609739529852,89.94797066738147,111.33333333333333,113.66666666666667,0.6666666666666666,1.0,105.2,117.8,0.4,0.6,101.7,114.7,0.3,0.4,6,9,-3,1,3.597918826695259,170.75,9.633333333333326,-1.0333333333333314
2022200037,2023-01-02,2022-23,CPS,OSC,116,131,247,0,-15,1533.6729582998648,1466.3270417001352,67.34591659972966,0.0,0.0,0.0,0.0,0.0,0.0,0.0,0.0,0.0,0.0,0.0,0.0,1,1,0,1,2.6938366639891864,115.0,0.0,0.0
22200560,2023-01-02,2022-23,LAC,MIA,100,110,210,0,-10,1525.0861608669466,1500.4636214158245,24.622539451122066,121.33333333333333,118.66666666666667,0.3333333333333333,0.6666666666666666,124.0,115.4,0.4,0.8,118.6,110.4,0.4,0.7,11,1,10,1,0.9849015780448827,174.85,2.7333333333333343,8.266666666666666
22200553,2023-01-02,2022-23,IND,TOR,122,114,236,1,8,1530.5607518143936,1472.908016533694,57.65273528069952,107.0,110.66666666666667,0.6666666666666666,0.6666666666666666,109.6,108.0,0.4,0.4,110.9,109.4,0.4,0.3,1,9,-8,1,2.3061094112279807,169.4,-3.9000000000000057,1.2666666666666657
2022200040,2023-01-02,2022-23,WES,CLC,103,115,218,0,-12,1500.0,1483.905620875659,16.094379124341003,0.0,0.0,0.0,0.0,0.0,0.0,0.0,0.0,0.0,0.0,0.0,0.0,0,0,0,1,0.6437751649736402,115.0,0.0,0.0
2022200038,2023-01-02,2022-23,GRG,DEL,107,125,232,0,-18,1504.5997059629435,1480.2884839421238,24.31122202081974,0.0,0.0,0.0,0.0,0.0,0.0,0.0,0.0,0.0,0.0,0.0,0.0,0,0,0,1,0.9724488808327897,115.0,0.0,0.0
22200554,2023-01-02,2022-23,PHI,NOP,120,111,231,1,9,1608.8017973063772,1606.1975288721558,2.604268434221467,114.0,114.33333333333333,0.3333333333333333,0.3333333333333333,116.8,114.4,0.4,0.2,111.9,116.6,0.4,0.4,9,1,8,1,0.10417073736885868,172.8,2.0999999999999943,-2.2666666666666657
22200555,2023-01-02,2022-23,BKN,SAS,139,103,242,1,36,1693.009909992721,1356.2163763248157,336.7935336679054,118.66666666666667,114.66666666666667,1.0,0.0,119.8,116.6,1.0,0.4,118.2,110.5,0.8,0.2,9,5,4,1,13.471741346716216,174.1,0.46666666666666856,4.166666666666671
2022200041,2023-01-03,2022-23,OKL,RGV,122,117,239,1,5,1501.5897165141312,1491.8310046160807,9.758711898050478,0.0,122.66666666666667,0.0,0.3333333333333333,0.0,0.0,0.0,0.0,0.0,0.0,0.0,0.0,6,2,4,1,0.39034847592201916,115.0,0.0,122.66666666666667
2022200042,2023-01-03,2022-23,GRG,DEL,119,113,232,1,6,1473.0983504649362,1511.7898394401311,-38.69148897519494,102.0,111.66666666666667,0.3333333333333333,0.6666666666666666,0.0,0.0,0.0,0.0,0.0,0.0,0.0,0.0,0,0,0,1,-1.5476595590077977,115.0,102.0,111.66666666666667
2022200046,2023-01-03,2022-23,MHU,MXC,128,113,241,1,15,1535.7051843128913,1551.1019703362483,-15.39678602335698,0.0,0.0,0.0,0.0,0.0,0.0,0.0,0.0,0.0,0.0,0.0,0.0,3,0,3,1,-0.6158714409342793,115.0,0.0,0.0
22200562,2023-01-03,2022-23,OKC,BOS,150,117,267,1,33,1428.981694379467,1626.2872587173729,-197.30556433790593,109.66666666666667,108.66666666666667,0.0,0.3333333333333333,110.4,111.6,0.2,0.4,112.4,112.7,0.3,0.6,2,1,1,1,-7.8922225735162375,170.5,-2.7333333333333343,-4.033333333333331
22200561,2023-01-03,2022-23,MIL,WAS,123,113,236,1,10,1520.1145830468772,1536.2322913029045,-16.1177082560273,110.33333333333333,120.66666666666667,0.0,1.0,113.0,117.4,0.2,0.8,107.8,114.7,0.4,0.4,1,1,0,1,-0.644708330241092,172.6,2.5333333333333314,5.966666666666669
2022200045,2023-01-03,2022-23,BHM,GLI,116,119,235,0,-3,1494.9330360780682,1500.190223739194,-5.257187661125727,117.33333333333333,112.0,0.3333333333333333,0.6666666666666666,0.0,0.0,0.0,0.0,0.0,0.0,0.0,0.0,1,1,0,1,-0.21028750644502905,115.0,117.33333333333333,112.0
2022200043,2023-01-03,2022-23,WES,CLC,97,99,196,0,-2,1473.1631851894717,1510.7424356861873,-37.57925049671553,0.0,0.0,0.0,0.0,0.0,0.0,0.0,0.0,0.0,0.0,0.0,0.0,0,0,0,1,-1.5031700198686213,115.0,0.0,0.0
22200563,2023-01-03,2022-23,UTA,SAC,115,117,232,0,-2,1452.8015336634585,1491.4693211891627,-38.66778752570417,118.0,118.0,0.0,0.6666666666666666,115.8,111.2,0.2,0.4,113.0,110.8,0.1,0.4,2,1,1,1,-1.546711501028167,171.75,5.0,7.200000000000003
22200571,2023-01-04,2022-23,MIN,POR,113,106,219,1,7,1447.332437128021,1495.2493766469324,-47.91693951891148,114.0,105.66666666666667,0.0,0.0,112.6,109.0,0.2,0.2,112.6,110.5,0.2,0.3,1,4,-3,1,-1.916677580756459,170.4,1.4000000000000057,-4.833333333333329
22200573,2023-01-04,2022-23,GSW,DET,119,122,241,0,-3,1564.3266303065054,1332.2649891795634,232.06164112694205,111.0,113.33333333333333,0.3333333333333333,0.3333333333333333,111.6,107.6,0.2,0.2,112.5,109.8,0.2,0.3,1,1,0,1,9.282465645077682,169.8,-1.5,3.5333333333333314
22200567,2023-01-04,2022-23,PHI,IND,129,126,255,1,3,1631.6550568950402,1548.9200694378746,82.73498745716552,114.0,107.0,0.3333333333333333,0.6666666666666666,116.8,109.6,0.4,0.4,111.9,110.9,0.4,0.4,1,8,-7,1,3.309399498286621,171.6,2.0999999999999943,-3.9000000000000057
2022200051,2023-01-04,2022-23,SLC,STO,116,127,243,0,-11,1448.8980296637517,1554.9918328697324,-106.09380320598075,0.0,114.0,0.0,1.0,0.0,0.0,0.0,0.0,0.0,0.0,0.0,0.0,0,2,-2,1,-4.24375212823923,115.0,0.0,114.0
22200572,2023-01-04,2022-23,NOP,HOU,119,108,227,1,11,1583.3442692834928,1331.703672399615,251.64059688387783,113.33333333333333,116.33333333333333,0.3333333333333333,0.3333333333333333,116.6,111.8,0.2,0.2,115.5,110.1,0.4,0.3,4,5,-1,1,10.065623875355113,172.1,-2.1666666666666714,6.233333333333334
22200564,2023-01-04,2022-23,CHA,MEM,107,131,238,0,-24,1308.234413774008,1629.6394173746419,-321.4050036006338,117.33333333333333,117.66666666666667,0.3333333333333333,0.6666666666666666,116.4,110.6,0.4,0.4,113.3,112.0,0.2,0.4,1,5,-4,1,-12.856200144025351,171.75,4.033333333333331,5.666666666666671
2022200048,2023-01-04,2022-23,FWN,WCB,116,128,244,0,-12,1499.4062820662205,1446.7582872284377,52.64799483778279,0.0,0.0,0.0,0.0,0.0,0.0,0.0,0.0,0.0,0.0,0.0,0.0,5,3,2,1,2.1059197935113114,115.0,0.0,0.0
22200575,2023-01-04,2022-23,SAC,ATL,117,120,237,0,-3,1501.2377687472724,1402.6751166854547,98.56265206181774,115.66666666666667,126.66666666666667,0.6666666666666666,0.3333333333333333,114.8,121.4,0.6,0.2,111.9,116.0,0.5,0.2,4,1,3,1,3.94250608247271,174.05,3.7666666666666657,10.666666666666671
22200569,2023-01-04,2022-23,TOR,MIL,101,104,205,0,-3,1454.548698910213,1545.2051339235525,-90.65643501333943,115.0,110.33333333333333,0.6666666666666666,0.0,109.0,113.0,0.4,0.2,110.4,107.8,0.3,0.4,4,6,-2,1,-3.6262574005335773,170.5,4.599999999999994,2.5333333333333314
2022200044,2023-01-04,2022-23,SXF,TEX,132,130,262,1,2,1499.769846505737,1519.2900939229967,-19.520247417259725,108.66666666666667,114.33333333333333,0.3333333333333333,0.6666666666666666,0.0,0.0,0.0,0.0,0.0,0.0,0.0,0.0,2,2,0,1,-0.780809896690389,115.0,108.66666666666667,114.33333333333333
2022200050,2023-01-04,2022-23,WIS,CPS,126,121,247,1,5,1511.4946731613975,1500.6390775425707,10.855595618826783,0.0,0.0,0.0,0.0,0.0,0.0,0.0,0.0,0.0,0.0,0.0,0.0,3,0,3,1,0.4342238247530713,115.0,0.0,0.0
22200568,2023-01-04,2022-23,NYK,SAS,117,114,231,1,3,1566.156248410179,1347.1322883594046,219.02396005077435,114.66666666666667,110.0,0.3333333333333333,0.0,113.4,114.2,0.6,0.2,118.0,109.8,0.7,0.2,1,1,0,1,8.760958402030974,171.9,-3.3333333333333286,0.20000000000000284
22200570,2023-01-04,2022-23,CHI,BKN,121,112,233,1,9,1465.6051328664896,1702.0939979581321,-236.48886509164254,120.66666666666667,118.66666666666667,0.6666666666666666,1.0,120.2,119.8,0.6,1.0,116.2,118.2,0.4,0.8,3,3,0,1,-9.459554603665701,175.0,4.466666666666669,0.46666666666666856
22200565,2023-01-04,2022-23,CLE,PHX,90,88,178,1,2,1592.6647857068622,1464.5167375506753,128.14804815618686,111.33333333333333,96.33333333333333,0.6666666666666666,0.0,105.2,107.8,0.4,0.2,101.7,109.9,0.3,0.2,1,1,0,1,5.125921926247474,168.25,9.633333333333326,-13.566666666666677
2022200049,2023-01-04,2022-23,LIN,RAP,129,119,248,1,10,1550.9795137805781,1484.4686908850686,66.51082289550959,113.33333333333333,117.66666666666667,0.6666666666666666,0.3333333333333333,0.0,0.0,0.0,0.0,0.0,0.0,0.0,0.0,1,1,0,1,2.6604329158203837,115.0,113.33333333333333,117.66666666666667
22200574,2023-01-04,2022-23,LAL,MIA,112,109,221,1,3,1465.7095692045275,1526.1391079945754,-60.4295387900479,116.33333333333333,118.33333333333333,0.6666666666666666,0.6666666666666666,118.6,115.4,0.6,0.8,117.6,110.8,0.4,0.7,11,1,10,1,-2.417181551601916,173.5,-1.2666666666666657,7.533333333333331
22200566,2023-01-04,2022-23,ORL,OKC,126,115,241,1,11,1391.9212517452318,1482.364049699886,-90.44279795465422,114.0,109.66666666666667,0.3333333333333333,0.0,110.8,110.4,0.6,0.2,107.5,112.4,0.3,0.3,4,5,-1,1,-3.6177119181861688,170.3,6.5,-2.7333333333333343
2022200047,2023-01-04,2022-23,CCG,AUS,128,103,231,1,25,1546.6583136503273,1488.5567464471021,58.10156720322516,117.66666666666667,0.0,1.0,0.0,0.0,0.0,0.0,0.0,0.0,0.0,0.0,0.0,5,0,5,1,2.3240626881290063,115.0,117.66666666666667,0.0
2022200053,2023-01-05,2022-23,MNE,MCC,132,102,234,1,30,1571.4483632212111,1496.973137802984,74.47522541822718,126.66666666666667,111.66666666666667,1.0,0.3333333333333333,0.0,0.0,0.0,0.0,0.0,0.0,0.0,0.0,4,6,-2,1,2.9790090167290875,115.0,126.66666666666667,111.66666666666667
2022200054,2023-01-05,2022-23,MXC,OKL,98,95,193,1,3,1522.1481999064456,1519.0041771454462,3.1440227609994054,120.0,113.0,0.6666666666666666,0.6666666666666666,0.0,0.0,0.0,0.0,0.0,0.0,0.0,0.0,5,6,-1,1,0.12576091043997623,115.0,120.0,113.0
2022200056,2023-01-05,2022-23,SBL,BHM,113,107,220,1,6,1464.2948156871087,1481.279842237626,-16.985026550517432,0.0,111.33333333333333,0.0,0.0,0.0,0.0,0.0,0.0,0.0,0.0,0.0,0.0,0,0,0,1,-0.6794010620206973,115.0,0.0,111.33333333333333
2022200055,2023-01-05,2022-23,GLI,SCW,100,125,225,0,-25,1513.843417579636,1470.9560832933753,42.88733428626074,113.66666666666667,0.0,0.6666666666666666,0.0,0.0,0.0,0.0,0.0,0.0,0.0,0.0,0.0,6,0,6,1,1.7154933714504295,115.0,113.66666666666667,0.0
22200579,2023-01-05,2022-23,DEN,LAC,122,91,213,1,31,1604.9325635975952,1499.4106742881957,105.52188930939951,116.66666666666667,121.33333333333333,0.3333333333333333,0.3333333333333333,115.8,124.0,0.4,0.4,113.7,118.6,0.5,0.4,3,4,-1,1,4.220875572375981,174.95,2.9666666666666686,2.7333333333333343
22200577,2023-01-05,2022-23,DAL,BOS,95,124,219,0,-29,1587.9368119975272,1572.9049033969538,15.031908600573388,116.33333333333333,116.66666666666667,1.0,0.3333333333333333,111.8,110.0,0.8,0.2,113.5,111.8,0.6,0.5,6,1,5,1,0.6012763440229355,170.45,2.8333333333333286,4.866666666666674
22200576,2023-01-05,2022-23,ORL,MEM,115,123,238,0,-8,1423.0966524640671,1638.3853985246205,-215.28874606055342,114.0,119.66666666666667,0.3333333333333333,0.6666666666666666,110.8,115.0,0.6,0.6,107.5,114.9,0.3,0.5,0,0,0,1,-8.611549842422138,171.45,6.5,4.766666666666666
2022200052,2023-01-05,2022-23,GRG,FWN,108,129,237,0,-21,1494.7155629178883,1469.8995197596523,24.81604315823597,106.0,120.0,0.6666666666666666,0.3333333333333333,0.0,0.0,0.0,0.0,0.0,0.0,0.0,0.0,1,0,1,1,0.9926417263294388,115.0,106.0,120.0
22200578,2023-01-05,2022-23,HOU,UTA,114,131,245,0,-17,1322.249928255284,1443.0330861053487,-120.78315785006475,108.0,118.0,0.0,0.0,113.2,115.8,0.2,0.2,110.3,113.0,0.3,0.1,2,5,-3,1,-4.83132631400259,172.25,-2.299999999999997,5.0
2022200058,2023-01-06,2022-23,DEL,GBO,113,118,231,0,-5,1490.172626987179,1435.9985314919902,54.174095495188794,116.33333333333333,109.0,0.6666666666666666,0.0,0.0,0.0,0.0,0.0,0.0,0.0,0.0,0.0,6,7,-1,1,2.1669638198075516,115.0,116.33333333333333,109.0
22200584,2023-01-06,2022-23,OKC,WAS,127,110,237,1,17,1451.1886489810506,1511.1417404262293,-59.95309144517864,114.0,116.66666666666667,0.0,0.6666666666666666,109.2,117.4,0.0,0.6,111.8,114.9,0.2,0.4,2,2,0,1,-2.3981236578071456,171.65,2.200000000000003,1.7666666666666657
22200590,2023-01-06,2022-23,LAL,ATL,130,114,244,1,16,1481.9596737932052,1420.3685749093504,61.591098883854784,116.33333333333333,125.0,0.6666666666666666,0.3333333333333333,118.6,124.8,0.6,0.4,117.6,115.8,0.4,0.3,1,1,0,1,2.4636439553541916,175.85,-1.2666666666666657,9.200000000000003
22200588,2023-01-06,2022-23,DEN,CLE,121,108,229,1,13,1629.376054273942,1599.7730662560753,29.602988017866664,116.66666666666667,111.33333333333333,0.3333333333333333,0.6666666666666666,115.8,105.2,0.4,0.4,113.7,101.7,0.5,0.3,0,5,-5,1,1.1841195207146666,170.25,2.9666666666666686,9.633333333333326
22200587,2023-01-06,2022-23,MIN,LAC,128,115,243,1,13,1470.9766900469306,1474.967183611849,-3.9904935649183244,114.0,110.33333333333333,0.0,0.0,112.6,119.4,0.2,0.4,112.6,116.5,0.2,0.4,1,0,1,1,-0.15961974259673298,173.0,1.4000000000000057,-6.166666666666671
2022200063,2023-01-06,2022-23,WIS,CPS,120,116,236,1,4,1528.8526162231512,1483.281134480817,45.5714817423343,0.0,120.33333333333333,0.0,0.3333333333333333,0.0,0.0,0.0,0.0,0.0,0.0,0.0,0.0,1,1,0,1,1.8228592696933719,115.0,0.0,120.33333333333333
22200589,2023-01-06,2022-23,PHX,MIA,96,104,200,0,-8,1457.4084570014622,1509.8890034058977,-52.48054640443547,91.66666666666667,115.0,0.0,0.6666666666666666,100.4,115.0,0.2,0.6,107.6,109.6,0.2,0.7,13,1,12,1,-2.0992218561774187,168.85,-15.933333333333323,5.400000000000006
2022200060,2023-01-06,2022-23,WES,LIN,120,119,239,1,1,1463.3607285859584,1570.4233550130245,-107.0626264270661,0.0,115.66666666666667,0.0,0.6666666666666666,0.0,116.4,0.0,0.8,0.0,0.0,0.0,0.0,2,6,-4,1,-4.282505057082644,144.1,0.0,115.66666666666667
22200583,2023-01-06,2022-23,MIL,CHA,109,138,247,0,-29,1555.5307344093417,1299.4884326240294,256.04230178531225,111.66666666666667,117.33333333333333,0.3333333333333333,0.3333333333333333,108.2,116.4,0.2,0.4,107.7,113.3,0.4,0.2,2,9,-7,1,10.24169207141249,171.15,3.9666666666666686,4.033333333333331
2022200061,2023-01-06,2022-23,MXC,OKL,118,116,234,1,2,1535.8856980469186,1505.2666790049732,30.61901904194542,115.66666666666667,107.33333333333333,0.6666666666666666,0.3333333333333333,0.0,0.0,0.0,0.0,0.0,0.0,0.0,0.0,0,0,0,1,1.224760761677817,115.0,115.66666666666667,107.33333333333333
2022200066,2023-01-06,2022-23,GLI,SCW,136,115,251,1,21,1477.2609719324698,1507.5385289405415,-30.277557008071653,115.0,116.33333333333333,0.6666666666666666,0.3333333333333333,111.0,0.0,0.6,0.0,0.0,0.0,0.0,0.0,0,0,0,1,-1.2111022803228662,142.75,115.0,116.33333333333333
22200581,2023-01-06,2022-23,PHI,CHI,112,126,238,0,-14,1642.2778272764376,1502.2612416712145,140.0165856052231,114.0,120.66666666666667,0.3333333333333333,0.6666666666666666,116.8,120.2,0.4,0.6,111.9,116.2,0.4,0.4,1,3,-2,1,5.600663424208924,174.25,2.0999999999999943,4.466666666666669
22200580,2023-01-06,2022-23,IND,POR,108,99,207,1,9,1538.2972990564772,1471.6051237280228,66.69217532845437,110.0,108.33333333333333,0.3333333333333333,0.0,111.8,108.8,0.4,0.0,111.9,111.4,0.3,0.3,3,1,2,1,2.667687013138175,170.15,-1.9000000000000057,-3.066666666666677
2022200067,2023-01-06,2022-23,STO,ONT,104,92,196,1,12,1572.4802991250763,1495.4953669380357,76.98493218704061,116.0,106.66666666666667,1.0,0.6666666666666666,0.0,0.0,0.0,0.0,0.0,0.0,0.0,0.0,0,4,-4,1,3.0793972874816244,115.0,116.0,106.66666666666667
2022200059,2023-01-06,2022-23,MNE,MCC,112,106,218,1,6,1598.5379544984385,1469.8835465257566,128.65440797268184,131.33333333333334,105.0,1.0,0.0,0.0,0.0,0.0,0.0,0.0,0.0,0.0,0.0,0,0,0,1,5.146176318907274,115.0,131.33333333333334,105.0
2022200064,2023-01-06,2022-23,RGV,SXF,104,115,219,0,-11,1474.4165439847657,1511.3725627491888,-36.956018764423106,115.66666666666667,121.0,0.0,0.6666666666666666,0.0,0.0,0.0,0.0,0.0,0.0,0.0,0.0,0,9,-9,1,-1.4782407505769242,115.0,115.66666666666667,121.0
22200585,2023-01-06,2022-23,SAS,DET,121,109,230,1,12,1341.0094241474533,1354.2185501223346,-13.209125974881317,110.33333333333333,114.66666666666667,0.0,0.6666666666666666,112.2,113.4,0.0,0.4,110.0,111.8,0.2,0.4,5,1,4,1,-0.5283650389952527,171.4,0.3333333333333286,2.8666666666666742
2022200062,2023-01-06,2022-23,WCB,OSC,122,117,239,1,5,1476.2650495350058,1499.3609224574293,-23.095872922423496,119.0,0.0,0.3333333333333333,0.0,0.0,0.0,0.0,0.0,0.0,0.0,0.0,0.0,0,3,-3,1,-0.9238349168969399,115.0,119.0,0.0
22200582,2023-01-06,2022-23,TOR,NYK,108,112,220,0,-4,1444.2230984244238,1572.2791126221302,-128.05601419770642,115.0,114.66666666666667,0.6666666666666666,0.3333333333333333,109.0,113.4,0.4,0.6,110.4,118.0,0.3,0.7,1,5,-4,1,-5.122240567908257,170.6,4.599999999999994,-3.3333333333333286
2022200065,2023-01-06,2022-23,SLC,IWA,131,114,245,1,17,1431.4095634084078,1469.4164450066057,-38.00688159819788,109.33333333333333,124.0,0.0,0.3333333333333333,0.0,0.0,0.0,0.0,0.0,0.0,0.0,0.0,1,0,1,1,-1.5202752639279151,115.0,109.33333333333333,124.0
2022200057,2023-01-06,2022-23,CCG,AUS,97,85,182,1,12,1573.8410010316475,1461.374059065782,112.46694196586554,122.0,101.66666666666667,1.0,0.3333333333333333,0.0,0.0,0.0,0.0,0.0,0.0,0.0,0.0,1,1,0,1,4.498677678634622,115.0,122.0,101.66666666666667
22200586,2023-01-06,2022-23,NOP,BKN,102,108,210,0,-6,1592.798013427824,1665.4378891534072,-72.63987572558335,113.33333333333333,114.33333333333333,0.3333333333333333,0.6666666666666666,116.6,118.4,0.2,0.8,115.5,118.8,0.4,0.8,1,1,0,1,-2.905595029023334,173.75,-2.1666666666666714,-4.466666666666669
2022200071,2023-01-07,2022-23,TEX,MHU,105,118,223,0,-13,1507.6873776795449,1564.658954742694,-56.9715770631492,124.0,122.66666666666667,0.6666666666666666,1.0,0.0,0.0,0.0,0.0,0.0,0.0,0.0,0.0,0,0,0,1,-2.2788630825259677,115.0,124.0,122.66666666666667
22200592,2023-01-07,2022-23,CHI,UTA,126,118,244,1,8,1539.7003893201074,1462.2747944009993,77.42559491910811,126.0,121.0,0.6666666666666666,0.3333333333333333,120.2,122.2,0.8,0.4,117.4,114.7,0.4,0.2,2,1,1,1,3.0970237967643244,175.6,8.599999999999994,6.299999999999997
22200593,2023-01-07,2022-23,DAL,NOP,127,117,244,1,10,1552.4542170595882,1577.3490503541043,-24.894833294516047,116.33333333333333,113.33333333333333,1.0,0.3333333333333333,111.8,116.6,0.8,0.2,113.5,115.5,0.6,0.4,1,4,-3,1,-0.9957933317806419,172.1,2.8333333333333286,-2.1666666666666714
2022200072,2023-01-07,2022-23,SLC,IWA,118,115,233,1,3,1463.4625814899473,1437.3634269250663,26.09915456488102,114.33333333333333,122.66666666666667,0.3333333333333333,0.3333333333333333,0.0,0.0,0.0,0.0,0.0,0.0,0.0,0.0,0,0,0,1,1.0439661825952407,115.0,114.33333333333333,122.66666666666667
22200594,2023-01-07,2022-23,GSW,ORL,101,115,216,0,-14,1542.3730693637342,1413.2285843068057,129.1444850569285,111.0,114.0,0.3333333333333333,0.3333333333333333,111.6,110.8,0.2,0.6,112.5,107.5,0.2,0.3,2,9,-7,1,5.165779402277139,170.6,-1.5,6.5
22200591,2023-01-07,2022-23,SAS,BOS,116,121,237,0,-5,1367.6336142083437,1608.3874983348928,-240.7538841265491,110.33333333333333,117.33333333333333,0.0,0.3333333333333333,112.2,113.4,0.0,0.4,110.0,112.5,0.2,0.5,0,1,-1,1,-9.630155365061965,171.4,0.3333333333333286,4.833333333333329
2022200068,2023-01-07,2022-23,WCB,OSC,108,109,217,0,-1,1495.3719697531642,1480.254002239271,15.11796751389329,119.0,114.66666666666667,0.3333333333333333,0.3333333333333333,0.0,0.0,0.0,0.0,0.0,0.0,0.0,0.0,0,0,0,1,0.6047187005557316,115.0,119.0,114.66666666666667
2022200070,2023-01-07,2022-23,RGV,SXF,110,124,234,0,-14,1452.2006989048887,1533.5884078290658,-81.3877089241771,115.66666666666667,118.33333333333333,0.0,0.6666666666666666,117.8,114.6,0.2,0.6,0.0,0.0,0.0,0.0,0,0,0,1,-3.255508356967084,173.1,115.66666666666667,118.33333333333333
22200595,2023-01-07,2022-23,SAC,LAL,134,136,270,0,-2,1483.5443105233767,1505.3212321383808,-21.776921615004085,115.66666666666667,116.33333333333333,0.6666666666666666,0.6666666666666666,114.8,118.6,0.6,0.6,111.9,117.6,0.5,0.4,2,4,-2,1,-0.8710768646001634,173.35,3.7666666666666657,-1.2666666666666657
2022200069,2023-01-07,2022-23,SBL,BHM,128,98,226,1,30,1484.7044539684478,1460.870203956287,23.834250012160737,111.0,115.66666666666667,0.3333333333333333,0.0,0.0,115.0,0.0,0.2,0.0,0.0,0.0,0.0,1,1,0,1,0.9533700004864295,143.75,111.0,115.66666666666667
2022200076,2023-01-08,2022-23,DEL,GBO,121,117,238,1,4,1469.4836446661398,1456.6875138130295,12.796130853110299,117.0,107.0,0.3333333333333333,0.3333333333333333,112.2,0.0,0.4,0.0,0.0,0.0,0.0,0.0,1,1,0,1,0.511845234124412,143.05,117.0,107.0
2022200074,2023-01-08,2022-23,WES,LIN,97,130,227,0,-33,1472.363005791241,1561.421077807742,-89.058072016501,106.66666666666667,118.66666666666667,0.3333333333333333,0.3333333333333333,0.0,117.6,0.0,0.6,0.0,0.0,0.0,0.0,1,1,0,1,-3.56232288066004,144.4,106.66666666666667,118.66666666666667
22200602,2023-01-08,2022-23,OKC,DAL,120,109,229,1,11,1485.0310375053507,1578.1484014232417,-93.117363917891,114.0,116.33333333333333,0.0,1.0,109.2,111.8,0.0,0.8,111.8,113.5,0.2,0.6,1,5,-4,1,-3.7246945567156398,170.25,2.200000000000003,2.8333333333333286
22200600,2023-01-08,2022-23,MEM,UTA,123,118,241,1,5,1648.253466681882,1445.1195593436512,203.13390733823076,124.33333333333333,124.66666666666667,1.0,0.3333333333333333,121.4,120.6,0.8,0.2,115.7,114.7,0.6,0.2,6,0,6,1,8.12535629352923,175.5,8.633333333333326,9.966666666666669
22200597,2023-01-08,2022-23,TOR,POR,117,105,222,1,12,1433.8059231493035,1452.9457131006766,-19.13978995137313,115.0,105.66666666666667,0.6666666666666666,0.0,109.0,104.4,0.4,0.0,110.4,110.4,0.3,0.3,1,1,0,1,-0.7655915980549253,168.35,4.599999999999994,-4.733333333333334
2022200073,2023-01-08,2022-23,OKL,SCW,108,112,220,0,-4,1495.2462492040922,1473.9411886814767,21.305060522615577,105.33333333333333,117.33333333333333,0.0,0.3333333333333333,110.0,0.0,0.4,0.0,0.0,0.0,0.0,0.0,4,1,3,1,0.8522024209046231,142.5,105.33333333333333,117.33333333333333
2022200078,2023-01-08,2022-23,GRG,MNE,106,121,227,0,-15,1461.601067610297,1611.103638125063,-149.50257051476615,102.33333333333333,123.33333333333333,0.3333333333333333,1.0,106.6,124.8,0.4,1.0,0.0,0.0,0.0,0.0,2,11,-9,1,-5.980102820590646,172.85,102.33333333333333,123.33333333333333
22200598,2023-01-08,2022-23,IND,CHA,116,111,227,1,5,1556.9567096838234,1354.8360587842724,202.12065089955104,110.0,118.66666666666667,0.3333333333333333,0.3333333333333333,111.8,119.0,0.4,0.4,111.9,116.9,0.3,0.3,1,1,0,1,8.084826035982042,172.7,-1.9000000000000057,1.7666666666666657
22200599,2023-01-08,2022-23,MIA,BKN,101,102,203,0,-1,1528.5673299080509,1680.8868522271268,-152.319522319076,107.66666666666667,114.33333333333333,0.6666666666666666,0.6666666666666666,113.6,115.2,0.6,0.8,108.0,118.4,0.7,0.8,10,1,9,1,-6.09278089276304,172.2,-0.3333333333333286,-4.066666666666677
2022200080,2023-01-08,2022-23,GLI,MXC,115,121,236,0,-6,1510.8583121915347,1545.9061278477996,-35.0478156562649,127.0,109.66666666666667,1.0,0.6666666666666666,115.4,115.2,0.6,0.8,0.0,0.0,0.0,0.0,1,4,-3,1,-1.401912626250596,172.65,127.0,109.66666666666667
22200603,2023-01-08,2022-23,PHX,CLE,98,112,210,0,-14,1438.730130499309,1575.6256562756325,-136.89552577632344,91.66666666666667,112.33333333333333,0.0,0.3333333333333333,100.4,110.6,0.2,0.4,107.6,102.4,0.2,0.3,1,1,0,1,-5.475821031052938,167.75,-15.933333333333323,9.933333333333323
22200601,2023-01-08,2022-23,HOU,MIN,96,104,200,0,-8,1303.0082199596334,1497.6703606270557,-194.66214066742236,108.0,114.0,0.0,0.0,113.2,112.6,0.2,0.2,110.3,112.6,0.3,0.2,2,8,-6,1,-7.786485626696894,171.45,-2.299999999999997,1.4000000000000057
22200604,2023-01-08,2022-23,LAC,ATL,108,112,220,0,-4,1448.2735130317237,1397.0070165641748,51.266496467548905,112.0,125.0,0.0,0.3333333333333333,114.0,122.8,0.2,0.4,116.1,117.1,0.3,0.3,5,1,4,1,2.050659858701956,174.2,-4.099999999999994,7.900000000000006
2022200075,2023-01-08,2022-23,CPS,AUS,107,114,221,0,-7,1469.2857553990266,1443.7491107137491,25.53664468527745,117.66666666666667,94.0,0.0,0.0,0.0,0.0,0.0,0.0,0.0,0.0,0.0,0.0,5,1,4,1,1.0214657874110982,115.0,117.66666666666667,94.0
2022200077,2023-01-08,2022-23,FWN,CLC,119,122,241,0,-3,1503.0140150672437,1520.5448922897006,-17.530877222456866,125.33333333333333,106.0,0.6666666666666666,0.6666666666666666,0.0,0.0,0.0,0.0,0.0,0.0,0.0,0.0,3,4,-1,1,-0.7012350888982746,115.0,125.33333333333333,106.0
2022200079,2023-01-08,2022-23,TEX,MHU,114,119,233,0,-5,1485.585887731117,1586.7604446911218,-101.1745569600048,124.0,121.33333333333333,0.6666666666666666,1.0,115.6,0.0,0.4,0.0,0.0,0.0,0.0,0.0,0,0,0,1,-4.046982278400192,143.9,124.0,121.33333333333333
22200596,2023-01-08,2022-23,DET,PHI,111,123,234,0,-12,1327.5943600614441,1604.8386796275447,-277.24431956610056,112.33333333333333,114.0,0.3333333333333333,0.3333333333333333,114.2,116.8,0.4,0.4,111.1,111.9,0.3,0.4,10,7,3,1,-11.089772782644022,172.75,1.2333333333333343,2.0999999999999943
2022200081,2023-01-09,2022-23,LIN,WCB,118,110,228,1,8,1587.8384755162629,1488.139078967148,99.69939654911491,119.0,119.0,0.3333333333333333,0.3333333333333333,119.2,117.4,0.6,0.4,0.0,0.0,0.0,0.0,4,4,0,1,3.987975861964596,174.15,119.0,119.0
2022200082,2023-01-09,2022-23,MCC,OSC,99,110,209,0,-11,1457.317862899132,1487.4868930252871,-30.16903012615512,104.33333333333333,119.0,0.0,0.6666666666666666,108.6,0.0,0.2,0.0,0.0,0.0,0.0,0.0,8,1,7,1,-1.2067612050462049,142.15,104.33333333333333,119.0
22200606,2023-01-09,2022-23,BOS,CHI,107,99,206,1,8,1615.556850582001,1556.8556243774556,58.70122620454549,120.66666666666667,126.0,0.6666666666666666,0.6666666666666666,119.0,120.2,0.6,0.8,113.9,117.4,0.6,0.4,10,2,8,1,2.3480490481818195,174.8,6.766666666666666,8.599999999999994
2022200084,2023-01-09,2022-23,ONT,BHM,106,97,203,1,9,1475.4380759868898,1428.8823753859863,46.55570060090349,100.33333333333333,107.0,0.3333333333333333,0.0,104.0,107.8,0.4,0.0,0.0,0.0,0.0,0.0,0,1,-1,1,1.8622280240361397,167.95,100.33333333333333,107.0
2022200085,2023-01-09,2022-23,SBL,IWA,143,132,275,1,11,1516.6922825387485,1424.5399050025471,92.15237753620136,116.0,118.33333333333333,0.3333333333333333,0.0,0.0,120.2,0.0,0.2,0.0,0.0,0.0,0.0,1,1,0,1,3.6860951014480543,145.05,116.0,118.33333333333333
22200608,2023-01-09,2022-23,MEM,SAS,121,113,234,1,8,1656.7455325778537,1360.4642619612355,296.28127061661826,124.33333333333333,110.33333333333333,1.0,0.0,121.4,112.2,0.8,0.0,115.7,110.0,0.6,0.2,0,4,-4,1,11.85125082466473,173.4,8.633333333333326,0.3333333333333286
22200605,2023-01-09,2022-23,WAS,NOP,112,132,244,0,-20,1477.2993519019292,1551.6548659904508,-74.35551408852166,113.66666666666667,109.66666666666667,0.3333333333333333,0.0,117.0,114.2,0.6,0.2,114.8,115.7,0.4,0.3,11,1,10,1,-2.9742205635408663,172.8,-1.1333333333333258,-6.033333333333331
2022200086,2023-01-09,2022-23,STO,SXF,104,112,216,0,-8,1592.5375900762222,1554.4387737103114,38.09881636591081,116.0,115.66666666666667,1.0,0.6666666666666666,114.6,120.4,1.0,0.8,0.0,0.0,0.0,0.0,2,1,1,1,1.5239526546364324,173.75,116.0,115.66666666666667
22200607,2023-01-09,2022-23,NYK,MIL,107,111,218,0,-4,1582.6962878972506,1500.1831082490987,82.51317964815189,111.66666666666667,111.66666666666667,0.6666666666666666,0.3333333333333333,113.0,108.2,0.6,0.2,119.7,107.7,0.8,0.4,4,4,0,1,3.3005271859260756,170.3,-8.033333333333331,3.9666666666666686
22200609,2023-01-09,2022-23,DEN,LAL,122,109,231,1,13,1653.5234642543846,1515.6196559642096,137.903808290175,116.66666666666667,129.0,0.3333333333333333,1.0,115.8,122.8,0.4,0.8,113.7,119.9,0.5,0.5,2,1,1,1,5.516152331607,174.65,2.9666666666666686,9.099999999999994
2022200083,2023-01-09,2022-23,RAP,CCG,122,119,241,1,3,1465.0248496526222,1591.4659493836803,-126.4410997310581,115.0,118.66666666666667,0.0,1.0,0.0,115.6,0.0,1.0,0.0,0.0,0.0,0.0,0,8,-8,1,-5.057643989242324,143.9,115.0,118.66666666666667
22200610,2023-01-09,2022-23,SAC,ORL,136,111,247,1,25,1473.2458866975478,1449.9357856630786,23.3101010344692,115.66666666666667,110.66666666666667,0.6666666666666666,0.6666666666666666,114.8,110.4,0.6,0.6,111.9,107.7,0.5,0.4,1,1,0,1,0.932404041378768,171.3,3.7666666666666657,2.9666666666666686
2022200088,2023-01-10,2022-23,WES,GBO,125,93,218,1,32,1445.9456080827201,1441.1856264221256,4.759981660594576,104.66666666666667,110.0,0.3333333333333333,0.3333333333333333,0.0,112.4,0.0,0.2,0.0,0.0,0.0,0.0,1,1,0,1,0.19039926642378305,143.1,104.66666666666667,110.0
22200614,2023-01-10,2022-23,UTA,CLE,116,114,230,1,2,1436.6274934476794,1592.555896798324,-155.92840335064466,122.33333333333333,107.66666666666667,0.3333333333333333,0.6666666666666666,119.8,110.8,0.2,0.6,115.3,103.8,0.2,0.4,6,1,5,1,-6.2371361340257865,172.65,7.033333333333331,3.8666666666666742
2022200089,2023-01-10,2022-23,RAP,CCG,116,123,239,0,-7,1483.7213596554275,1572.769439380875,-89.04807972544745,115.0,115.66666666666667,0.0,0.6666666666666666,118.8,116.4,0.4,0.8,0.0,0.0,0.0,0.0,0,0,0,1,-3.561923189017898,173.8,115.0,115.66666666666667
22200616,2023-01-10,2022-23,POR,ORL,106,109,215,0,-3,1425.8846487882931,1419.537464037091,6.347184751202121,103.33333333333333,109.0,0.0,0.3333333333333333,105.8,113.6,0.0,0.4,109.3,108.6,0.2,0.4,7,0,7,1,0.25388739004808486,169.85,-5.966666666666669,0.4000000000000057
2022200091,2023-01-10,2022-23,GLI,MXC,123,122,245,1,1,1493.3555303388384,1563.4089097004958,-70.05337936165733,120.0,117.33333333333333,0.6666666666666666,0.6666666666666666,119.2,117.2,0.6,0.8,0.0,0.0,0.0,0.0,1,1,0,1,-2.8021351744662932,174.1,120.0,117.33333333333333
22200613,2023-01-10,2022-23,TOR,CHA,132,120,252,1,12,1460.866987461687,1346.3061405771673,114.5608468845196,115.0,118.0,0.6666666666666666,0.3333333333333333,109.0,120.2,0.4,0.4,110.4,117.5,0.3,0.3,1,1,0,1,4.582433875380784,172.3,4.599999999999994,0.5
22200611,2023-01-10,2022-23,MIA,OKC,112,111,223,1,1,1524.4938863221053,1516.3849747804347,8.108911541670523,107.66666666666667,114.0,0.6666666666666666,0.0,113.6,109.2,0.6,0.0,108.0,111.8,0.7,0.2,1,5,-4,1,0.3243564616668209,170.7,-0.3333333333333286,2.200000000000003
2022200087,2023-01-10,2022-23,GRG,MNE,115,132,247,0,-17,1445.1200929279692,1627.5846128073908,-182.4645198794217,101.66666666666667,119.66666666666667,0.3333333333333333,1.0,106.4,125.4,0.4,1.0,0.0,0.0,0.0,0.0,1,1,0,1,-7.298580795176868,172.95,101.66666666666667,119.66666666666667
22200615,2023-01-10,2022-23,GSW,PHX,113,125,238,0,-12,1505.6658680074613,1421.7998899766176,83.86597803084373,111.0,91.66666666666667,0.3333333333333333,0.0,111.6,100.4,0.2,0.2,112.5,107.6,0.2,0.2,2,5,-3,1,3.3546391212337494,168.0,-1.5,-15.933333333333323
22200617,2023-01-10,2022-23,LAC,DAL,113,101,214,1,12,1429.8213851948894,1546.7944641481577,-116.97307895326821,112.0,115.33333333333333,0.0,0.6666666666666666,114.0,112.4,0.2,0.8,116.1,111.9,0.3,0.6,1,1,0,1,-4.678923158130728,171.6,-4.099999999999994,3.433333333333323
2022200090,2023-01-10,2022-23,SLC,RGV,122,128,250,0,-6,1476.2861034124664,1431.350333023643,44.93577038882336,110.0,115.66666666666667,0.3333333333333333,0.0,115.4,119.0,0.4,0.2,0.0,0.0,0.0,0.0,2,6,-4,1,1.7974308155529344,173.6,110.0,115.66666666666667
22200612,2023-01-10,2022-23,PHI,DET,147,116,263,1,31,1613.4850673298376,1318.9479723591512,294.53709497068644,118.0,112.33333333333333,0.6666666666666666,0.3333333333333333,116.8,114.2,0.6,0.4,114.1,111.1,0.5,0.3,3,3,0,1,11.781483798827457,172.75,3.9000000000000057,1.2333333333333343
2022200092,2023-01-11,2022-23,LIN,WCB,118,121,239,0,-3,1603.6731590480726,1472.3043954353382,131.36876361273448,119.0,115.33333333333333,0.3333333333333333,0.3333333333333333,120.8,115.0,0.6,0.2,0.0,0.0,0.0,0.0,1,1,0,1,5.254750544509379,173.95,119.0,115.33333333333333
2022200093,2023-01-11,2022-23,WIS,MHU,104,115,219,0,-11,1542.8479953049416,1599.603016895298,-56.755021590356364,113.0,121.66666666666667,1.0,1.0,0.0,121.0,0.0,1.0,0.0,0.0,0.0,0.0,4,2,2,1,-2.2702008636142548,145.25,113.0,121.66666666666667
22200621,2023-01-11,2022-23,BOS,NOP,125,114,239,1,11,1633.8516853787416,1575.6821215316475,58.169563847094196,120.66666666666667,120.0,0.6666666666666666,0.3333333333333333,119.0,117.8,0.6,0.4,113.9,116.0,0.6,0.3,1,1,0,1,2.326782553883768,174.2,6.766666666666666,4.0
22200618,2023-01-11,2022-23,DET,MIN,135,118,253,1,17,1308.2003802651689,1508.4765936822769,-200.276213417108,115.66666666666667,112.0,0.3333333333333333,0.3333333333333333,113.8,111.0,0.4,0.2,112.9,110.3,0.3,0.3,2,2,0,1,-8.01104853668432,171.2,2.7666666666666657,1.7000000000000028
22200620,2023-01-11,2022-23,ATL,MIL,105,114,219,0,-9,1415.459144401009,1520.0294969817382,-104.57035258072915,115.33333333333333,109.33333333333333,0.6666666666666666,0.6666666666666666,120.2,109.2,0.4,0.4,115.8,107.9,0.3,0.4,11,1,10,1,-4.182814103229166,172.35,-0.46666666666666856,1.433333333333323
2022200005,2023-01-11,2022-23,OSC,WES,129,117,246,1,12,1510.183636202739,1480.431680643888,29.751955558851023,112.0,114.0,0.6666666666666666,0.6666666666666666,112.6,108.4,0.6,0.4,0.0,0.0,0.0,0.0,0,0,0,1,1.190078222354041,170.25,112.0,114.0
22200625,2023-01-11,2022-23,SAC,HOU,135,115,250,1,20,1503.6442083235354,1292.2019869044123,211.44222141912314,115.66666666666667,108.0,0.6666666666666666,0.0,114.8,113.2,0.6,0.2,111.9,110.3,0.5,0.3,1,6,-5,1,8.457688856764925,172.0,3.7666666666666657,-2.299999999999997
22200622,2023-01-11,2022-23,NYK,IND,119,113,232,1,6,1562.849899164611,1565.4866278909285,-2.636728726317415,111.66666666666667,110.0,0.6666666666666666,0.3333333333333333,113.0,111.8,0.6,0.4,119.7,111.9,0.8,0.3,1,6,-5,1,-0.1054691490526966,171.2,-8.033333333333331,-1.9000000000000057
2022200095,2023-01-11,2022-23,SBL,OKL,120,111,231,1,9,1535.1008125220574,1478.1661835392129,56.934628982844515,121.0,105.33333333333333,0.3333333333333333,0.0,120.8,109.2,0.6,0.2,0.0,0.0,0.0,0.0,1,4,-3,1,2.2773851593137806,172.5,121.0,105.33333333333333
22200619,2023-01-11,2022-23,WAS,CHI,100,97,197,1,3,1453.2720963607326,1538.560789580715,-85.2886932199824,113.66666666666667,119.66666666666667,0.3333333333333333,0.3333333333333333,117.0,117.4,0.6,0.6,114.8,116.0,0.4,0.4,1,1,0,1,-3.411547728799296,173.6,-1.1333333333333258,3.6666666666666714
2022200094,2023-01-11,2022-23,ONT,BHM,126,106,232,1,20,1495.396842214943,1408.923609157933,86.47323305701002,100.33333333333333,100.66666666666667,0.3333333333333333,0.0,104.0,108.4,0.4,0.0,0.0,0.0,0.0,0.0,1,1,0,1,3.458929322280401,168.1,100.33333333333333,100.66666666666667
22200623,2023-01-11,2022-23,MEM,SAS,135,129,264,1,6,1663.5017398613973,1353.708054677692,309.7936851837053,124.33333333333333,110.0,1.0,0.0,121.4,111.4,0.8,0.0,115.7,111.6,0.6,0.2,1,1,0,1,12.391747407348213,173.2,8.633333333333326,-1.5999999999999943
22200624,2023-01-11,2022-23,DEN,PHX,126,97,223,1,29,1669.9566178628422,1453.5232903932995,216.43332746954275,116.66666666666667,98.66666666666667,0.3333333333333333,0.3333333333333333,115.8,100.4,0.4,0.2,113.7,108.4,0.5,0.3,1,0,1,1,8.65733309878171,169.05,2.9666666666666686,-9.733333333333334
2022200096,2023-01-12,2022-23,MNE,DEL,137,149,286,0,-12,1642.565863810503,1484.9855320570437,157.5803317534594,126.33333333333333,119.66666666666667,1.0,0.6666666666666666,124.6,116.6,1.0,0.6,0.0,0.0,0.0,0.0,5,8,-3,1,6.303213270138376,175.3,126.33333333333333,119.66666666666667
2022200097,2023-01-12,2022-23,MCC,RAP,99,105,204,0,-6,1434.62111972168,1468.1428587981495,-33.52173907646943,104.33333333333333,115.0,0.0,0.0,104.0,117.6,0.0,0.2,0.0,0.0,0.0,0.0,2,7,-5,1,-1.3408695630587772,170.4,104.33333333333333,115.0
2022200100,2023-01-12,2022-23,SCW,SXF,126,103,229,1,23,1491.021254346356,1578.8108233405737,-87.78956899421769,117.33333333333333,117.0,0.6666666666666666,1.0,115.2,118.2,0.4,0.8,0.0,0.0,0.0,0.0,12,2,10,1,-3.5115827597687077,173.35,117.33333333333333,117.0
22200627,2023-01-12,2022-23,BKN,BOS,98,109,207,0,-11,1684.9602958130724,1654.5788279016995,30.381467911372965,107.33333333333333,120.66666666666667,0.6666666666666666,0.6666666666666666,110.6,119.0,0.8,0.6,116.9,113.9,0.9,0.6,9,4,5,1,1.2152587164549187,172.4,-9.566666666666677,6.766666666666666
22200628,2023-01-12,2022-23,MIA,MIL,108,102,210,1,6,1531.2636116325893,1536.3270317475967,-5.063420115007375,107.66666666666667,109.66666666666667,0.6666666666666666,1.0,113.6,112.0,0.6,0.6,108.0,108.7,0.7,0.4,1,0,1,1,-0.202536804600295,171.4,-0.3333333333333286,0.9666666666666686
2022200098,2023-01-12,2022-23,GLI,OKL,109,118,227,0,-9,1501.6659571544394,1458.8801860889303,42.78577106550915,122.66666666666667,107.33333333333333,1.0,0.0,123.8,107.0,0.8,0.0,0.0,0.0,0.0,0.0,1,0,1,1,1.7114308426203662,172.7,122.66666666666667,107.33333333333333
2022200099,2023-01-12,2022-23,ONT,IWA,126,107,233,1,19,1518.4172394451564,1406.1313750192382,112.28586442591813,100.33333333333333,120.33333333333333,0.3333333333333333,0.0,104.0,123.0,0.4,0.2,0.0,0.0,0.0,0.0,0,2,-2,1,4.491434577036725,171.75,100.33333333333333,120.33333333333333
22200630,2023-01-12,2022-23,LAL,DAL,115,119,234,0,-4,1499.186502355752,1512.8215490578032,-13.635046702051113,122.0,107.0,0.6666666666666666,0.3333333333333333,118.8,111.8,0.6,0.6,118.6,109.9,0.5,0.5,5,1,4,1,-0.5454018680820445,172.65,3.4000000000000057,-2.9000000000000057
22200626,2023-01-12,2022-23,PHI,OKC,114,133,247,0,-19,1624.23265942382,1509.6152494699506,114.61740995386936,118.0,113.0,0.6666666666666666,0.0,116.8,111.0,0.6,0.0,114.1,111.9,0.5,0.2,1,1,0,1,4.584696398154774,171.95,3.9000000000000057,1.0999999999999943
22200629,2023-01-12,2022-23,TOR,CHA,124,114,238,1,10,1478.3527472383435,1328.8203808005107,149.5323664378327,115.0,123.0,0.6666666666666666,0.3333333333333333,109.0,117.4,0.4,0.2,110.4,117.9,0.3,0.3,1,1,0,1,5.981294657513308,171.6,4.599999999999994,5.099999999999994
22200631,2023-01-12,2022-23,POR,CLE,113,119,232,0,-6,1411.7684758578241,1576.9455996919435,-165.17712383411936,103.33333333333333,111.33333333333333,0.0,0.3333333333333333,105.8,112.6,0.0,0.4,109.3,105.0,0.2,0.4,1,1,0,1,-6.607084953364774,169.6,-5.966666666666669,6.333333333333329
22200632,2023-01-13,2022-23,DET,NOP,110,116,226,0,-6,1352.1361718341807,1554.9549790086896,-202.81880717450895,115.66666666666667,121.0,0.3333333333333333,0.3333333333333333,113.8,115.0,0.4,0.2,112.9,116.3,0.3,0.3,1,1,0,1,-8.112752286980358,172.2,2.7666666666666657,4.700000000000003
22200640,2023-01-13,2022-23,SAC,HOU,139,114,253,1,25,1517.553824727152,1278.2923705007956,239.26145422635636,115.66666666666667,112.33333333333333,0.6666666666666666,0.0,114.8,114.4,0.6,0.2,111.9,111.7,0.5,0.2,1,1,0,1,9.570458169054255,172.3,3.7666666666666657,0.6333333333333258
22200637,2023-01-13,2022-23,MIN,PHX,121,116,237,1,5,1464.540802113265,1438.3259008239893,26.21490128927576,112.0,103.33333333333333,0.3333333333333333,0.3333333333333333,112.8,99.4,0.2,0.2,110.3,105.7,0.2,0.3,6,1,5,1,1.0485960515710304,168.05,1.7000000000000028,-2.3666666666666742
22200635,2023-01-13,2022-23,SAS,GSW,113,144,257,0,-31,1348.107951685611,1473.9424675907794,-125.83451590516847,118.66666666666667,111.0,0.0,0.3333333333333333,114.6,111.6,0.0,0.2,115.3,112.5,0.2,0.2,5,22,-17,1,-5.033380636206739,171.55,3.3666666666666742,-1.5
22200636,2023-01-13,2022-23,CHI,OKC,110,124,234,0,-14,1521.3615113133123,1549.1117868598933,-27.75027554658095,107.33333333333333,119.66666666666667,0.3333333333333333,0.3333333333333333,114.8,117.2,0.4,0.2,114.6,114.7,0.4,0.3,5,0,5,1,-1.110011021863238,173.0,-7.266666666666666,4.966666666666669
22200639,2023-01-13,2022-23,LAC,DEN,103,115,218,0,-12,1463.794300285244,1685.1540074321524,-221.35970714690848,112.0,116.66666666666667,0.0,0.3333333333333333,114.0,115.8,0.2,0.4,116.1,113.7,0.3,0.5,2,10,-8,1,-8.85438828587634,172.45,-4.099999999999994,2.9666666666666686
2022200101,2023-01-13,2022-23,CLC,WIS,115,96,211,1,19,1533.7089336263284,1522.022400604374,11.686533021954347,112.0,116.66666666666667,1.0,0.6666666666666666,0.0,0.0,0.0,0.0,0.0,0.0,0.0,0.0,15,0,15,1,0.4674613208781739,115.0,112.0,116.66666666666667
22200634,2023-01-13,2022-23,WAS,NYK,108,112,220,0,-4,1470.4713746281352,1582.4566751854065,-111.98530055727133,113.66666666666667,111.66666666666667,0.3333333333333333,0.6666666666666666,117.0,113.0,0.6,0.6,114.8,119.7,0.4,0.8,1,6,-5,1,-4.479412022290854,172.5,-1.1333333333333258,-8.033333333333331
2022200105,2023-01-13,2022-23,TEX,SBL,105,125,230,0,-20,1472.743315526941,1554.38680997234,-81.64349444539903,124.0,113.33333333333333,0.6666666666666666,0.3333333333333333,117.4,122.2,0.4,0.6,0.0,0.0,0.0,0.0,4,13,-9,1,-3.265739777815961,174.9,124.0,113.33333333333333
2022200104,2023-01-13,2022-23,MXC,AUS,127,125,252,1,2,1555.0984828848948,1466.069177038714,89.0293058461807,118.66666666666667,100.66666666666667,0.3333333333333333,0.3333333333333333,114.4,100.8,0.6,0.4,0.0,0.0,0.0,0.0,6,4,2,1,3.5611722338472283,168.8,118.66666666666667,100.66666666666667
2022200106,2023-01-13,2022-23,SCW,SXF,110,129,239,0,-19,1530.665410619129,1539.1666670678007,-8.501256448671711,117.33333333333333,113.0,0.6666666666666666,0.6666666666666666,118.0,112.4,0.6,0.6,0.0,0.0,0.0,0.0,0,0,0,1,-0.34005025794686844,172.6,117.33333333333333,113.0
2022200102,2023-01-13,2022-23,OSC,GBO,133,136,269,0,-3,1533.6420395418063,1406.6995538609576,126.94248568084868,112.0,109.33333333333333,0.6666666666666666,0.3333333333333333,112.6,106.2,0.6,0.2,0.0,0.0,0.0,0.0,1,2,-1,1,5.077699427233947,169.7,112.0,109.33333333333333
2022200107,2023-01-13,2022-23,STO,RGV,134,113,247,1,21,1568.1655404459598,1453.3122481013602,114.8532923445996,116.0,125.66666666666667,1.0,0.3333333333333333,114.6,122.6,0.8,0.4,0.0,0.0,0.0,0.0,3,2,1,1,4.594131693783984,174.3,116.0,125.66666666666667
22200633,2023-01-13,2022-23,IND,ATL,111,113,224,0,-2,1545.879851870133,1399.1616096351506,146.71824223498243,110.66666666666667,115.33333333333333,0.0,0.6666666666666666,112.0,120.2,0.4,0.4,111.8,115.8,0.3,0.3,4,4,0,1,5.868729689399297,173.05,-1.1333333333333258,-0.46666666666666856
22200638,2023-01-13,2022-23,UTA,ORL,112,108,220,1,4,1452.23779055406,1433.65363696756,18.58415358649995,122.33333333333333,111.66666666666667,0.3333333333333333,0.6666666666666666,119.8,110.4,0.2,0.6,115.3,109.3,0.2,0.5,2,2,0,1,0.7433661434599981,172.55,7.033333333333331,2.3666666666666742
2022200103,2023-01-13,2022-23,BHM,SLC,110,132,242,0,-22,1385.9032119277197,1454.3241883347494,-68.42097640702968,100.33333333333333,111.33333333333333,0.0,0.0,104.8,116.6,0.0,0.4,0.0,0.0,0.0,0.0,9,13,-4,1,-2.7368390562811875,170.35,100.33333333333333,111.33333333333333
22200644,2023-01-14,2022-23,TOR,ATL,103,114,217,0,-11,1492.6047303667906,1414.529625383511,78.07510498327952,115.0,113.0,0.6666666666666666,0.6666666666666666,109.0,120.0,0.4,0.6,110.4,118.2,0.3,0.4,1,0,1,1,3.123004199331181,172.25,4.599999999999994,-5.200000000000003
2022200116,2023-01-14,2022-23,TEX,SBL,113,106,219,1,7,1449.3235389453675,1577.8065865539133,-128.4830476085458,124.0,115.0,0.6666666666666666,0.3333333333333333,115.6,121.6,0.4,0.6,0.0,0.0,0.0,0.0,0,0,0,1,-5.139321904341832,174.3,124.0,115.0
2022200115,2023-01-14,2022-23,WCB,CLC,96,105,201,0,-9,1491.172758918889,1562.658975356815,-71.48621643792603,119.66666666666667,112.0,0.6666666666666666,1.0,117.6,111.0,0.4,0.8,0.0,0.0,0.0,0.0,6,5,1,1,-2.8594486575170412,172.15,119.66666666666667,112.0
22200641,2023-01-14,2022-23,MIA,MIL,111,95,206,1,16,1551.0062840495327,1516.5843593306533,34.42192471887938,107.66666666666667,109.0,0.6666666666666666,0.6666666666666666,113.6,108.8,0.6,0.6,108.0,109.7,0.7,0.4,1,1,0,1,1.3768769887551753,170.6,-0.3333333333333286,-0.7000000000000028
2022200108,2023-01-14,2022-23,CPS,CCG,108,97,205,1,11,1446.9656890740616,1588.347940238153,-141.38225116409126,114.66666666666667,124.33333333333333,0.0,0.6666666666666666,116.8,119.6,0.2,0.8,0.0,0.0,0.0,0.0,5,3,2,1,-5.655290046563651,174.1,114.66666666666667,124.33333333333333
22200645,2023-01-14,2022-23,MIN,CLE,110,102,212,1,8,1481.1090282951072,1587.792754167788,-106.68372587268072,112.0,115.0,0.3333333333333333,0.6666666666666666,112.8,111.2,0.2,0.6,110.3,106.7,0.2,0.4,0,1,-1,1,-4.267349034907229,171.0,1.7000000000000028,8.299999999999997
22200647,2023-01-14,2022-23,POR,DAL,136,119,255,1,17,1400.9213213819796,1528.284631250191,-127.36330986821145,103.33333333333333,109.66666666666667,0.0,0.3333333333333333,105.8,113.2,0.0,0.6,109.3,110.2,0.2,0.5,1,1,0,1,-5.094532394728458,169.75,-5.966666666666669,-0.5333333333333314
22200642,2023-01-14,2022-23,CHA,BOS,106,122,228,0,-16,1314.5683976720636,1681.5952967705389,-367.02689909847527,115.0,118.0,0.0,1.0,117.6,116.4,0.2,0.6,118.0,114.5,0.3,0.6,9,1,8,1,-14.68107596393901,173.5,-3.0,3.5
22200646,2023-01-14,2022-23,UTA,PHI,117,118,235,0,-1,1467.4721095768778,1584.7361220338773,-117.26401245699958,122.33333333333333,118.0,0.3333333333333333,0.6666666666666666,119.8,116.8,0.2,0.6,115.3,114.1,0.2,0.5,0,5,-5,1,-4.690560498279983,174.15,7.033333333333331,3.9000000000000057
2022200114,2023-01-14,2022-23,BHM,SLC,108,110,218,0,-2,1360.6444382862599,1479.5829619762092,-118.9385236899493,100.33333333333333,114.66666666666667,0.0,0.3333333333333333,103.6,116.8,0.0,0.4,0.0,0.0,0.0,0.0,0,0,0,1,-4.757540947597972,170.1,100.33333333333333,114.66666666666667
2022200111,2023-01-14,2022-23,LIN,GRG,96,85,181,1,11,1584.8047955645218,1430.138841924857,154.66595363966485,119.0,104.66666666666667,0.3333333333333333,0.3333333333333333,118.6,105.6,0.4,0.2,0.0,0.0,0.0,0.0,2,13,-11,1,6.186638145586594,171.05,119.0,104.66666666666667
2022200109,2023-01-14,2022-23,FWN,WIS,129,123,252,1,6,1489.8499737306158,1493.0723588738874,-3.2223851432715946,121.33333333333333,106.66666666666667,0.3333333333333333,0.3333333333333333,121.6,107.8,0.4,0.6,0.0,0.0,0.0,0.0,5,0,5,1,-0.12889540573086378,172.35,121.33333333333333,106.66666666666667
2022200117,2023-01-14,2022-23,STO,RGV,124,118,242,1,6,1589.2144032804556,1432.2633852668644,156.95101801359124,116.0,119.33333333333333,1.0,0.3333333333333333,120.6,117.6,1.0,0.2,0.0,0.0,0.0,0.0,0,0,0,1,6.2780407205436495,174.55,116.0,119.33333333333333
2022200110,2023-01-14,2022-23,OSC,GBO,117,100,217,1,17,1514.92796478872,1425.413628614044,89.51433617467592,112.0,115.33333333333333,0.6666666666666666,0.3333333333333333,112.6,111.8,0.6,0.4,0.0,0.0,0.0,0.0,0,0,0,1,3.580573446987037,171.1,112.0,115.33333333333333
2022200112,2023-01-14,2022-23,MNE,DEL,111,116,227,0,-5,1606.0200829817195,1521.5313128858272,84.48877009589228,126.33333333333333,129.0,1.0,0.6666666666666666,125.6,124.2,0.8,0.6,0.0,0.0,0.0,0.0,1,1,0,1,3.379550803835691,177.45,126.33333333333333,129.0
22200643,2023-01-14,2022-23,IND,MEM,112,130,242,0,-18,1530.5118361217726,1669.1018428534783,-138.59000673170567,110.66666666666667,124.33333333333333,0.0,1.0,112.0,121.4,0.4,0.8,111.8,115.7,0.3,0.6,0,8,-8,1,-5.543600269268227,173.35,-1.1333333333333258,8.633333333333326
2022200113,2023-01-14,2022-23,MXC,AUS,91,86,177,1,5,1563.3294857424798,1457.838174181129,105.49131156135081,118.66666666666667,108.0,0.3333333333333333,0.3333333333333333,120.2,104.2,0.6,0.2,0.0,0.0,0.0,0.0,0,0,0,1,4.219652462454032,171.1,118.66666666666667,108.0
2022200120,2023-01-15,2022-23,ONT,MCC,118,113,231,1,5,1539.0163829732148,1417.0336927395929,121.98269023362195,100.33333333333333,104.33333333333333,0.3333333333333333,0.0,104.0,104.0,0.4,0.0,0.0,0.0,0.0,0.0,2,8,-6,1,4.879307609344878,167.0,100.33333333333333,104.33333333333333
22200652,2023-01-15,2022-23,SAS,SAC,119,132,251,0,-13,1325.481324338497,1530.680242075943,-205.19891773744598,118.66666666666667,115.66666666666667,0.0,0.6666666666666666,114.6,114.8,0.0,0.6,115.3,111.9,0.2,0.5,1,11,-10,1,-8.20795670949784,172.35,3.3666666666666742,3.7666666666666657
2022200118,2023-01-15,2022-23,IWA,MHU,110,107,217,1,3,1385.5322314911798,1620.4286115958655,-234.8963801046857,118.0,117.33333333333333,0.0,1.0,118.8,119.6,0.0,1.0,0.0,0.0,0.0,0.0,13,3,10,1,-9.395855204187429,174.6,118.0,117.33333333333333
22200654,2023-01-15,2022-23,POR,DAL,140,123,263,1,17,1439.970174461471,1489.2357781706996,-49.26560370922857,103.33333333333333,113.0,0.0,0.3333333333333333,105.8,111.8,0.0,0.4,109.3,110.6,0.2,0.5,0,0,0,1,-1.970624148369143,169.4,-5.966666666666669,2.4000000000000057
22200649,2023-01-15,2022-23,LAC,HOU,121,100,221,1,21,1452.5838927465863,1265.1659531520047,187.41793959458164,112.0,112.33333333333333,0.0,0.0,114.0,110.6,0.2,0.0,116.1,111.8,0.3,0.2,1,1,0,1,7.496717583783266,171.15,-4.099999999999994,0.5333333333333314
22200653,2023-01-15,2022-23,DEN,ORL,119,116,235,1,3,1696.36441497081,1418.4193179447423,277.94509702606774,117.33333333333333,109.33333333333333,0.3333333333333333,0.3333333333333333,114.6,108.8,0.4,0.4,115.4,110.5,0.5,0.5,3,1,2,1,11.11780388104271,170.85,1.933333333333323,-1.1666666666666714
2022200119,2023-01-15,2022-23,SXF,RAP,123,126,249,0,-3,1568.3911228194413,1485.7302857802367,82.66083703920458,114.66666666666667,108.66666666666667,0.6666666666666666,0.3333333333333333,116.6,115.4,0.8,0.4,0.0,0.0,0.0,0.0,10,2,8,1,3.3064334815681833,173.0,114.66666666666667,108.66666666666667
22200651,2023-01-15,2022-23,BKN,OKC,102,112,214,0,-10,1657.943826944233,1574.0339106066351,83.9099163375979,107.33333333333333,122.66666666666667,0.6666666666666666,0.6666666666666666,110.6,119.2,0.8,0.4,116.9,117.0,0.9,0.4,2,1,1,1,3.356396653503916,172.45,-9.566666666666677,5.666666666666671
22200655,2023-01-15,2022-23,LAL,PHI,112,113,225,0,-1,1483.7234201633642,1589.4130961595574,-105.68967599619327,122.0,118.66666666666667,0.6666666666666666,1.0,118.8,116.6,0.6,0.6,118.6,115.2,0.5,0.5,2,0,2,1,-4.227587039847731,173.85,3.4000000000000057,3.4666666666666686
22200650,2023-01-15,2022-23,CHI,GSW,132,118,250,1,14,1496.4393875665705,1496.5690949378934,-0.12970737132286558,107.33333333333333,117.0,0.3333333333333333,0.3333333333333333,114.8,116.6,0.4,0.4,114.6,118.6,0.4,0.3,1,1,0,1,-0.005188294852914623,172.85,-7.266666666666666,-1.5999999999999943
22200648,2023-01-15,2022-23,DET,NYK,104,117,221,0,-13,1342.900736454732,1593.5360005184862,-250.63526406375422,115.66666666666667,110.66666666666667,0.3333333333333333,1.0,113.8,113.6,0.4,0.6,112.9,118.0,0.3,0.8,1,1,0,1,-10.025410562550169,171.85,2.7666666666666657,-7.333333333333329
2022200123,2023-01-16,2022-23,WCB,CLC,105,112,217,0,-7,1472.8188232849536,1581.0129109907505,-108.19408770579685,119.66666666666667,108.66666666666667,0.6666666666666666,1.0,117.6,111.2,0.4,1.0,0.0,0.0,0.0,0.0,1,1,0,1,-4.3277635082318735,172.2,119.66666666666667,108.66666666666667
22200663,2023-01-16,2022-23,MEM,PHX,136,106,242,1,30,1687.3867406700356,1421.757674642147,265.6290660278885,128.0,112.66666666666667,1.0,0.3333333333333333,122.4,101.8,0.8,0.2,116.0,107.6,0.6,0.3,4,2,2,1,10.625162641115539,171.05,12.0,5.066666666666677
22200664,2023-01-16,2022-23,LAL,HOU,140,132,272,1,8,1478.83777826535,1249.4807066513729,229.35707161397704,122.0,109.66666666666667,0.6666666666666666,0.0,118.8,110.2,0.6,0.0,118.6,111.8,0.5,0.2,0,0,0,1,9.174282864559082,172.25,3.4000000000000057,-2.1333333333333258
2022200122,2023-01-16,2022-23,LIN,GRG,99,80,179,1,19,1599.2690385793267,1415.674598910052,183.5944396692746,119.0,94.66666666666667,0.3333333333333333,0.3333333333333333,114.2,101.0,0.4,0.2,116.3,0.0,0.7,0.0,1,1,0,1,7.343777586770984,168.8,2.700000000000003,94.66666666666667
2022200121,2023-01-16,2022-23,DEL,WIS,153,132,285,1,21,1543.7221726289217,1473.432783867559,70.28938876136272,126.0,107.66666666666667,0.6666666666666666,0.0,124.8,113.8,0.8,0.4,0.0,0.0,0.0,0.0,7,1,6,1,2.8115755504545086,174.65,126.0,107.66666666666667
22200660,2023-01-16,2022-23,WAS,GSW,118,127,245,0,-9,1459.3920492950556,1469.4784830224369,-10.08643372738129,113.66666666666667,125.0,0.3333333333333333,0.3333333333333333,117.0,119.0,0.6,0.4,114.8,116.7,0.4,0.2,2,0,2,1,-0.4034573490952516,174.0,-1.1333333333333258,8.299999999999997
22200656,2023-01-16,2022-23,CHA,BOS,118,130,248,0,-12,1308.4565226997809,1687.7071717428216,-379.25064904304077,115.0,117.33333333333333,0.0,1.0,117.6,118.6,0.2,0.8,118.0,115.1,0.3,0.6,1,1,0,1,-15.170025961721631,174.05,-3.0,2.2333333333333343
2022200127,2023-01-16,2022-23,CPS,CCG,104,111,215,0,-7,1481.403105308926,1553.9105240032886,-72.50741869436274,115.0,113.0,0.3333333333333333,0.3333333333333333,113.6,113.4,0.2,0.6,0.0,0.0,0.0,0.0,1,1,0,1,-2.90029674777451,171.75,115.0,113.0
22200659,2023-01-16,2022-23,NYK,TOR,121,123,244,0,-2,1603.623341626156,1462.2637601375086,141.35958148864734,113.66666666666667,115.0,1.0,0.6666666666666666,112.8,109.0,0.8,0.4,115.7,110.4,0.8,0.3,4,13,-9,1,5.654383259545893,170.45,-2.0333333333333314,4.599999999999994
22200658,2023-01-16,2022-23,CLE,NOP,113,103,216,1,10,1559.2780411015385,1564.1904143881384,-4.912373286599859,111.66666666666667,120.66666666666667,0.3333333333333333,0.6666666666666666,111.0,118.0,0.4,0.4,108.1,116.2,0.4,0.3,11,2,9,1,-0.19649493146399435,172.25,3.566666666666677,4.466666666666669
22200661,2023-01-16,2022-23,ATL,MIA,121,113,234,1,8,1444.870595612793,1576.5405805056494,-131.6699848928563,113.0,107.66666666666667,1.0,0.6666666666666666,114.6,113.6,0.8,0.6,118.0,108.0,0.5,0.7,4,9,-5,1,-5.266799395714251,172.05,-5.0,-0.3333333333333286
2022200126,2023-01-16,2022-23,GLI,FWN,119,141,260,0,-22,1475.8187813918892,1509.4895487369442,-33.67076734505508,118.0,125.66666666666667,0.6666666666666666,0.6666666666666666,118.4,124.8,0.6,0.6,0.0,0.0,0.0,0.0,3,10,-7,1,-1.3468306938022032,175.8,118.0,125.66666666666667
2022200125,2023-01-16,2022-23,AUS,STO,98,112,210,0,-14,1445.1996328243658,1600.4358961980197,-155.23626337365386,108.33333333333333,116.0,0.3333333333333333,1.0,102.6,118.6,0.2,1.0,0.0,0.0,0.0,0.0,14,11,3,1,-6.209450534946154,170.3,108.33333333333333,116.0
22200657,2023-01-16,2022-23,MIL,IND,132,119,251,1,13,1491.0500628745367,1512.2269383052153,-21.176875430678592,103.66666666666667,110.66666666666667,0.3333333333333333,0.0,105.2,112.0,0.6,0.4,109.1,111.8,0.4,0.3,9,4,5,1,-0.8470750172271437,169.3,-5.433333333333323,-1.1333333333333258
2022200128,2023-01-16,2022-23,ONT,MCC,93,106,199,0,-13,1550.8895530372693,1405.1605226755385,145.7290303617308,100.33333333333333,107.0,0.3333333333333333,0.0,104.0,106.8,0.4,0.0,0.0,0.0,0.0,0.0,0,0,0,1,5.829161214469232,167.7,100.33333333333333,107.0
22200662,2023-01-16,2022-23,MIN,UTA,125,126,251,0,-1,1509.6237413613567,1462.7951354511977,46.82860591015901,112.0,122.33333333333333,0.3333333333333333,0.3333333333333333,112.8,119.8,0.2,0.2,110.3,115.3,0.2,0.2,1,7,-6,1,1.8731442364063604,173.15,1.7000000000000028,7.033333333333331
2022200124,2023-01-16,2022-23,TEX,SLC,116,125,241,0,-9,1477.4754387258772,1486.9485175310713,-9.473078805194064,124.0,117.0,0.6666666666666666,0.6666666666666666,117.2,115.2,0.6,0.4,0.0,0.0,0.0,0.0,1,1,0,1,-0.3789231522077625,173.1,124.0,117.0
2022200129,2023-01-17,2022-23,SXF,OSC,100,104,204,0,-4,1551.2908031465158,1536.545355625004,14.745447521511778,114.66666666666667,112.0,0.6666666666666666,0.6666666666666666,116.6,112.6,0.8,0.6,116.4,0.0,0.6,0.0,1,7,-6,1,0.5898179008604711,172.3,-1.7333333333333343,112.0
22200667,2023-01-17,2022-23,DEN,POR,122,113,235,1,9,1701.021929485224,1472.9451260318626,228.07680345336144,117.33333333333333,103.33333333333333,0.3333333333333333,0.0,114.6,105.8,0.4,0.0,115.4,109.3,0.5,0.2,1,8,-7,1,9.123072138134457,170.1,1.933333333333323,-5.966666666666669
22200668,2023-01-17,2022-23,LAC,PHI,110,120,230,0,-10,1468.2691392472182,1594.2987380575717,-126.02959881035349,112.0,118.0,0.0,1.0,114.0,117.0,0.2,0.8,116.1,113.2,0.3,0.5,1,1,0,1,-5.04118395241414,172.75,-4.099999999999994,4.799999999999997
2022200130,2023-01-17,2022-23,BHM,RGV,105,132,237,0,-27,1353.2788827313977,1421.0418923493003,-67.76300961790253,100.33333333333333,119.66666666666667,0.0,0.3333333333333333,103.2,121.6,0.0,0.2,109.4,0.0,0.1,0.0,2,2,0,1,-2.710520384716101,171.2,-9.066666666666677,119.66666666666667
22200666,2023-01-17,2022-23,SAS,BKN,106,98,204,1,8,1313.0865734689025,1628.2836960473921,-315.1971225784896,118.66666666666667,107.33333333333333,0.0,0.6666666666666666,114.6,110.6,0.0,0.8,115.3,116.9,0.2,0.9,1,8,-7,1,-12.607884903139585,171.3,3.3666666666666742,-9.566666666666677
22200665,2023-01-17,2022-23,MIL,TOR,130,122,252,1,8,1519.0472039495285,1477.488417607006,41.55878634252235,103.66666666666667,118.33333333333333,0.3333333333333333,0.6666666666666666,105.2,113.8,0.6,0.6,109.1,111.2,0.4,0.3,0,0,0,1,1.662351453700894,169.75,-5.433333333333323,7.133333333333326
2022200132,2023-01-17,2022-23,GLI,FWN,114,121,235,0,-7,1447.493040027456,1537.8152901013775,-90.32225007392162,121.33333333333333,133.0,0.6666666666666666,1.0,119.2,126.8,0.6,0.6,115.7,0.0,0.5,0.0,0,0,0,1,-3.612890002956865,176.5,5.633333333333326,133.0
2022200131,2023-01-17,2022-23,MHU,SCW,140,131,271,1,9,1598.4008228701725,1501.4409548674885,96.95986800268406,113.66666666666667,117.33333333333333,0.6666666666666666,0.6666666666666666,117.4,117.6,0.8,0.6,0.0,0.0,0.0,0.0,13,8,5,1,3.8783947201073623,173.75,113.66666666666667,117.33333333333333
22200669,2023-01-18,2022-23,NYK,WAS,105,116,221,0,-11,1588.3986841566584,1437.0344761822248,151.3642079744336,113.66666666666667,113.66666666666667,1.0,0.3333333333333333,112.8,117.0,0.8,0.6,115.7,114.8,0.8,0.4,1,11,-10,1,6.054568318977345,172.45,-2.0333333333333314,-1.1333333333333258
22200673,2023-01-18,2022-23,NOP,MIA,98,124,222,0,-26,1539.872447111865,1546.6183709780923,-6.745923866227258,111.0,108.66666666666667,0.3333333333333333,0.3333333333333333,116.4,112.4,0.4,0.6,116.5,110.0,0.3,0.7,11,1,10,1,-0.26983695464909035,172.2,-5.5,-1.3333333333333286
22200676,2023-01-18,2022-23,DEN,MIN,122,118,240,1,4,1710.7848610142778,1501.763637658705,209.02122335557283,117.33333333333333,112.0,0.3333333333333333,0.3333333333333333,114.6,112.8,0.4,0.2,115.4,110.3,0.5,0.2,0,6,-6,1,8.360848934222913,171.85,1.933333333333323,1.7000000000000028
22200675,2023-01-18,2022-23,UTA,LAC,126,103,229,1,23,1470.6552391538494,1452.625924517932,18.029314635917444,120.66666666666667,112.0,0.3333333333333333,0.0,123.6,114.0,0.4,0.2,116.9,116.1,0.3,0.3,3,11,-8,1,0.7211725854366978,174.4,3.7666666666666657,-4.099999999999994
22200677,2023-01-18,2022-23,LAL,SAC,111,116,227,0,-5,1488.0999942743597,1543.0749929455374,-54.97499867117767,122.0,119.0,0.6666666666666666,0.6666666666666666,118.8,120.6,0.6,0.8,118.6,114.7,0.5,0.6,1,2,-1,1,-2.198999946847107,174.85,3.4000000000000057,4.299999999999997
2022200136,2023-01-18,2022-23,GBO,CLC,102,112,214,0,-10,1403.7962377777599,1595.5332953401376,-191.7370575623777,109.66666666666667,113.0,0.3333333333333333,1.0,112.8,110.6,0.4,1.0,0.0,0.0,0.0,0.0,17,1,16,1,-7.6694823024951075,170.85,109.66666666666667,113.0
22200670,2023-01-18,2022-23,DAL,ATL,122,130,252,0,-8,1456.260826600308,1474.79280514035,-18.53197854004202,120.33333333333333,113.0,0.3333333333333333,1.0,114.2,114.6,0.2,0.8,113.0,118.0,0.5,0.5,10,3,7,1,-0.7412791416016807,172.2,7.333333333333329,-5.0
2022200133,2023-01-18,2022-23,WIS,WES,127,118,245,1,9,1448.691878294249,1456.9732773048208,-8.281399010571931,117.0,113.0,0.0,0.3333333333333333,115.0,111.2,0.2,0.4,0.0,0.0,0.0,0.0,6,6,0,1,-0.33125596042287725,171.55,117.0,113.0
22200671,2023-01-18,2022-23,HOU,CHA,117,122,239,0,-5,1240.2184906423631,1303.261239834851,-63.04274919248792,115.33333333333333,115.0,0.0,0.0,113.8,117.6,0.0,0.2,112.8,118.0,0.1,0.3,9,5,4,1,-2.5217099676995165,172.85,2.5333333333333314,-3.0
2022200135,2023-01-18,2022-23,CCG,LIN,114,121,235,0,-7,1570.4272106616506,1614.721685487763,-44.294474826112264,110.33333333333333,119.0,0.6666666666666666,0.3333333333333333,116.2,110.4,0.6,0.6,0.0,114.9,0.0,0.7,11,9,2,1,-1.7717789930444905,171.65,110.33333333333333,4.099999999999994
22200674,2023-01-18,2022-23,OKC,IND,126,106,232,1,20,1603.694041503476,1484.2297972302235,119.46424427325246,123.0,119.33333333333333,1.0,0.0,119.0,112.4,0.6,0.2,114.7,111.8,0.4,0.3,9,1,8,1,4.7785697709300985,172.85,8.299999999999997,7.533333333333331
2022200137,2023-01-18,2022-23,MHU,SCW,129,122,251,1,7,1615.1625637624736,1484.6792139751874,130.48334978728622,113.66666666666667,119.33333333333333,0.6666666666666666,0.3333333333333333,119.8,118.6,0.8,0.4,0.0,0.0,0.0,0.0,0,0,0,1,5.219333991491449,174.6,113.66666666666667,119.33333333333333
22200672,2023-01-18,2022-23,MEM,CLE,115,114,229,1,1,1699.6205105700612,1583.5960083778118,116.02450219224943,128.0,111.66666666666667,1.0,0.3333333333333333,122.4,111.0,0.8,0.4,116.0,108.1,0.6,0.4,1,3,-2,1,4.640980087689977,173.35,12.0,3.566666666666677
2022200134,2023-01-18,2022-23,OKL,STO,113,118,231,0,-5,1484.7273618514805,1616.1623587672157,-131.43499691573516,115.0,115.66666666666667,0.3333333333333333,1.0,109.0,116.2,0.2,1.0,0.0,0.0,0.0,0.0,9,1,8,1,-5.257399876629406,171.3,115.0,115.66666666666667
2022200139,2023-01-19,2022-23,WCB,CPS,111,133,244,0,-22,1458.2984389355665,1464.8864186505639,-6.587979714997346,119.66666666666667,113.66666666666667,0.6666666666666666,0.0,117.6,111.2,0.4,0.2,0.0,0.0,0.0,0.0,2,12,-10,1,-0.2635191885998938,172.2,119.66666666666667,113.66666666666667
2022200141,2023-01-19,2022-23,SBL,MCC,127,117,244,1,10,1549.6546867734037,1442.0139060944116,107.64078067899209,116.0,108.33333333333333,0.3333333333333333,0.3333333333333333,114.2,106.4,0.4,0.2,0.0,0.0,0.0,0.0,7,2,5,1,4.305631227159683,170.15,116.0,108.33333333333333
22200682,2023-01-19,2022-23,POR,PHI,95,105,200,0,-10,1463.182194502809,1609.9419527868579,-146.75975828404898,105.66666666666667,117.0,0.0,1.0,107.0,117.8,0.0,1.0,107.8,116.7,0.1,0.6,3,1,2,1,-5.87039033136196,171.2,-2.1333333333333258,0.29999999999999716
22200679,2023-01-19,2022-23,BOS,GSW,121,118,239,1,3,1692.9024546077515,1491.8360561352677,201.0663984724838,120.33333333333333,129.66666666666666,1.0,0.6666666666666666,121.2,119.2,1.0,0.4,115.6,118.1,0.6,0.3,7,2,5,1,8.042655938899351,175.1,4.733333333333334,11.566666666666663
22200680,2023-01-19,2022-23,MIN,TOR,128,126,254,1,2,1494.3311767744835,1458.131936126173,36.19924064831048,113.33333333333333,119.66666666666667,0.3333333333333333,0.3333333333333333,114.4,118.0,0.2,0.6,110.3,111.2,0.2,0.3,2,1,1,1,1.447969625932419,173.1,3.0333333333333314,8.466666666666669
22200678,2023-01-19,2022-23,DET,CHI,108,126,234,0,-18,1332.8133953470622,1523.529999482027,-190.71660413496488,115.66666666666667,107.33333333333333,0.3333333333333333,0.3333333333333333,113.8,114.8,0.4,0.4,112.9,114.6,0.3,0.4,3,7,-4,1,-7.628664165398595,172.15,2.7666666666666657,-7.266666666666666
2022200140,2023-01-19,2022-23,SLC,FWN,107,121,228,0,-14,1509.3467077588969,1553.3223944888052,-43.975686729908375,122.33333333333333,130.33333333333334,1.0,1.0,115.8,127.8,0.6,0.8,0.0,0.0,0.0,0.0,8,1,7,1,-1.759027469196335,175.9,122.33333333333333,130.33333333333334
2022200138,2023-01-19,2022-23,SXF,OSC,121,125,246,0,-4,1534.513775360806,1553.3223834107139,-18.80860804990789,114.66666666666667,107.66666666666667,0.6666666666666666,1.0,116.6,114.2,0.8,0.8,116.9,0.0,0.6,0.0,1,1,0,1,-0.7523443219963155,172.7,-2.2333333333333343,107.66666666666667
22200681,2023-01-19,2022-23,PHX,BKN,117,112,229,1,5,1409.5239047421214,1590.4960350884594,-180.97213034633796,106.33333333333333,102.66666666666667,0.0,0.6666666666666666,106.4,108.6,0.2,0.6,107.1,113.1,0.2,0.8,10,1,9,1,-7.238885213853519,168.75,-0.7666666666666657,-10.433333333333323
2022200142,2023-01-20,2022-23,GRG,CCG,101,104,205,0,-3,1400.2219520016158,1552.2695995715171,-152.0476475699013,85.33333333333333,110.33333333333333,0.0,0.6666666666666666,95.8,116.2,0.2,0.6,0.0,114.2,0.0,0.7,9,3,6,1,-6.081905902796052,168.0,85.33333333333333,-3.8666666666666742
2022200144,2023-01-20,2022-23,AUS,ONT,108,100,208,1,8,1429.4731702551699,1514.0361696183961,-84.56299936322625,108.33333333333333,100.33333333333333,0.3333333333333333,0.3333333333333333,102.6,104.0,0.2,0.4,0.0,108.9,0.0,0.6,3,13,-10,1,-3.38251997452905,166.65,108.33333333333333,-8.566666666666677
22200689,2023-01-20,2022-23,UTA,BKN,106,117,223,0,-11,1500.788083361575,1564.0070455946898,-63.21896223311478,120.66666666666667,104.0,0.3333333333333333,0.3333333333333333,123.6,106.4,0.4,0.4,116.9,113.1,0.3,0.7,1,0,1,1,-2.5287584893245914,172.5,3.7666666666666657,-9.099999999999994
22200688,2023-01-20,2022-23,DEN,IND,134,111,245,1,23,1718.2173218984992,1463.859091605984,254.35823029251515,117.33333333333333,112.66666666666667,0.3333333333333333,0.0,114.6,111.4,0.4,0.0,115.4,112.4,0.5,0.3,1,1,0,1,10.174329211700606,171.5,1.933333333333323,0.2666666666666657
22200683,2023-01-20,2022-23,ORL,NOP,123,110,233,1,13,1413.7618034303282,1507.5539285984764,-93.79212516814823,111.0,111.0,0.3333333333333333,0.3333333333333333,111.8,116.4,0.4,0.4,111.3,116.5,0.5,0.3,14,3,11,1,-3.7516850067259293,172.05,-0.29999999999999716,-5.5
22200686,2023-01-20,2022-23,DAL,MIA,115,90,205,1,25,1435.4594553161448,1578.936889491481,-143.47743417533616,120.33333333333333,113.66666666666667,0.3333333333333333,0.6666666666666666,114.2,112.0,0.2,0.6,113.0,113.7,0.5,0.7,1,1,0,1,-5.739097367013446,171.55,7.333333333333329,-0.03333333333333144
2022200145,2023-01-20,2022-23,RGV,GLI,110,107,217,1,3,1447.9460574797756,1431.9859356400282,15.960121839747444,121.0,119.66666666666667,0.3333333333333333,0.6666666666666666,121.6,117.4,0.4,0.4,119.0,115.7,0.3,0.4,12,16,-4,1,0.6384048735898977,174.75,2.0,3.9666666666666686
22200685,2023-01-20,2022-23,CLE,GSW,114,120,234,0,-6,1578.8968960306265,1485.2058439103,93.6910521203265,111.66666666666667,121.0,0.3333333333333333,0.3333333333333333,112.2,124.0,0.4,0.4,111.4,117.6,0.4,0.3,3,0,3,1,3.74764208481306,174.05,0.2666666666666657,3.4000000000000057
22200690,2023-01-20,2022-23,LAL,MEM,122,121,243,1,1,1472.9940879895048,1704.3196229172465,-231.32553492774173,122.0,128.0,0.6666666666666666,1.0,118.8,122.4,0.6,0.8,118.6,116.0,0.5,0.6,1,5,-4,1,-9.25302139710967,175.3,3.4000000000000057,12.0
2022200143,2023-01-20,2022-23,MXC,SCW,126,135,261,0,-9,1575.968027099243,1471.346801578315,104.62122552092796,118.66666666666667,121.66666666666667,0.3333333333333333,0.3333333333333333,114.8,121.0,0.6,0.4,0.0,0.0,0.0,0.0,5,1,4,1,4.1848490208371185,173.95,118.66666666666667,121.66666666666667
22200691,2023-01-20,2022-23,SAC,OKC,118,113,231,1,5,1558.1808992303922,1624.0647471277155,-65.88384789732322,121.66666666666667,123.0,1.0,1.0,119.0,119.0,0.8,0.6,114.0,114.7,0.6,0.4,6,4,2,1,-2.635353915892929,174.5,7.666666666666671,8.299999999999997
22200684,2023-01-20,2022-23,ATL,NYK,139,124,263,1,15,1495.5941764245133,1553.3604670694028,-57.76629064488952,119.0,113.66666666666667,1.0,1.0,116.6,112.8,0.8,0.8,120.7,115.7,0.6,0.8,3,4,-1,1,-2.3106516257955807,172.35,-1.7000000000000028,-2.0333333333333314
22200687,2023-01-20,2022-23,SAS,LAC,126,131,257,0,-5,1350.8742344278353,1422.4930803102063,-71.61884588237103,118.66666666666667,103.0,0.0,0.0,114.6,109.8,0.0,0.0,115.3,115.3,0.2,0.3,2,1,1,1,-2.864753835294841,171.1,3.3666666666666742,-12.299999999999997
22200697,2023-01-21,2022-23,PHX,IND,112,107,219,1,5,1436.012894235891,1451.9207180174392,-15.907823781548132,106.33333333333333,112.0,0.0,0.0,106.4,115.0,0.2,0.0,107.1,112.3,0.2,0.2,1,0,1,1,-0.6363129512619252,170.35,-0.7666666666666657,-0.29999999999999716
2022200146,2023-01-21,2022-23,DEL,LIN,101,116,217,0,-15,1568.4630782022318,1632.8792965778964,-64.41621837566458,126.0,123.33333333333333,0.6666666666666666,0.6666666666666666,131.2,115.4,0.8,0.6,0.0,114.8,0.0,0.7,4,2,2,1,-2.576648735026583,176.65,126.0,8.533333333333331
22200694,2023-01-21,2022-23,ATL,CHA,118,122,240,0,-4,1527.8878877851214,1317.9628755647784,209.92501222034298,119.0,118.66666666666667,1.0,0.3333333333333333,116.6,121.0,0.8,0.4,120.7,118.7,0.6,0.4,0,2,-2,1,8.397000488813719,174.4,-1.7000000000000028,-0.03333333333333144
2022200151,2023-01-21,2022-23,WIS,RAP,126,135,261,0,-9,1472.2664644798938,1502.8306054531622,-30.564140973268422,117.0,116.66666666666667,0.0,0.6666666666666666,116.4,115.2,0.2,0.4,0.0,0.0,0.0,0.0,2,5,-3,1,-1.2225656389307369,172.9,117.0,116.66666666666667
2022200148,2023-01-21,2022-23,MNE,OSC,111,117,228,0,-6,1583.829223238625,1568.5463350027903,15.282888235834662,126.33333333333333,113.0,1.0,1.0,125.4,113.0,0.6,0.8,0.0,117.1,0.0,0.7,6,1,5,1,0.6113155294333865,174.6,126.33333333333333,-4.099999999999994
22200692,2023-01-21,2022-23,TOR,BOS,104,106,210,0,-2,1448.2863310896053,1699.532666832719,-251.24633574311383,123.66666666666667,120.33333333333333,0.3333333333333333,1.0,120.6,121.2,0.4,1.0,113.0,115.6,0.3,0.6,6,4,2,1,-10.049853429724553,175.45,10.666666666666671,4.733333333333334
2022200152,2023-01-21,2022-23,RGV,GLI,107,114,221,0,-7,1461.1726276760542,1418.7593654437496,42.41326223230453,121.0,117.33333333333333,0.3333333333333333,0.6666666666666666,121.6,117.0,0.4,0.4,119.6,116.8,0.4,0.4,0,0,0,1,1.6965304892921813,174.65,1.4000000000000057,0.5333333333333314
2022200153,2023-01-21,2022-23,TEX,OKL,121,117,238,1,4,1455.0772484980516,1473.2821487072406,-18.204900209188963,124.0,115.0,0.6666666666666666,0.3333333333333333,117.8,109.0,0.4,0.2,0.0,0.0,0.0,0.0,4,8,-4,1,-0.7281960083675585,171.7,124.0,115.0
22200696,2023-01-21,2022-23,MIN,HOU,113,104,217,1,9,1504.1767818110513,1225.5168549124357,278.6599268986156,113.33333333333333,115.33333333333333,0.3333333333333333,0.0,114.4,113.8,0.2,0.0,110.3,112.8,0.2,0.1,1,4,-3,1,11.146397075944623,172.05,3.0333333333333314,2.5333333333333314
2022200147,2023-01-21,2022-23,GBO,WCB,105,112,217,0,-7,1391.8526966424902,1427.537969473856,-35.685272831365864,109.66666666666667,119.66666666666667,0.3333333333333333,0.6666666666666666,112.8,117.6,0.4,0.4,0.0,113.0,0.0,0.3,2,9,-7,1,-1.4274109132546347,172.6,109.66666666666667,6.666666666666671
2022200149,2023-01-21,2022-23,AUS,ONT,82,115,197,0,-33,1456.6901240760974,1486.8192157974686,-30.129091721371196,108.33333333333333,100.66666666666667,0.3333333333333333,0.0,102.6,102.4,0.2,0.4,0.0,108.3,0.0,0.5,0,0,0,1,-1.205163668854848,166.25,108.33333333333333,-7.633333333333326
22200693,2023-01-21,2022-23,WAS,ORL,138,118,256,1,20,1472.0726932694804,1447.1084929357612,24.96420033371919,113.0,111.0,0.3333333333333333,0.3333333333333333,115.2,111.8,0.6,0.4,113.6,111.3,0.5,0.5,4,5,-1,1,0.9985680133487677,171.75,-0.5999999999999943,-0.29999999999999716
22200695,2023-01-21,2022-23,CLE,MIL,114,102,216,1,12,1554.3139670049989,1538.4036854303617,15.91028157463711,111.66666666666667,103.66666666666667,0.3333333333333333,0.3333333333333333,112.2,105.2,0.4,0.6,111.4,109.1,0.4,0.4,0,6,-6,1,0.6364112629854844,169.35,0.2666666666666657,-5.433333333333323
22200698,2023-01-21,2022-23,SAC,PHI,127,129,256,0,-2,1579.4560400491887,1624.354321157831,-44.89828110864232,121.66666666666667,112.66666666666667,1.0,1.0,119.0,115.8,0.8,1.0,114.0,116.3,0.6,0.7,0,1,-1,1,-1.795931244345693,173.7,7.666666666666671,-3.6333333333333258
2022200150,2023-01-21,2022-23,BHM,STO,112,111,223,1,1,1326.3747176009224,1627.6075719114556,-301.2328543105332,100.33333333333333,119.0,0.0,1.0,102.6,115.6,0.0,1.0,106.5,116.5,0.0,0.9,3,2,1,1,-12.049314172421328,169.55,-6.166666666666671,2.5
2022200154,2023-01-21,2022-23,SLC,SBL,110,119,229,0,-9,1485.6756568428511,1566.433506913685,-80.75785007083391,122.33333333333333,116.0,1.0,0.3333333333333333,115.8,115.6,0.6,0.4,117.3,0.0,0.5,0.0,1,6,-5,1,-3.2303140028333566,172.85,5.033333333333331,116.0
2022200156,2023-01-22,2022-23,CLC,CCG,111,107,218,1,4,1607.4768364754073,1560.4254933540437,47.051343121363516,109.66666666666667,104.0,1.0,0.6666666666666666,110.0,110.8,1.0,0.6,0.0,113.1,0.0,0.7,8,1,7,1,1.8820537248545406,170.2,109.66666666666667,-9.099999999999994
22200701,2023-01-22,2022-23,DAL,LAC,98,112,210,0,-14,1480.7790617413484,1436.7686605319864,44.010401209362044,120.33333333333333,116.33333333333333,0.3333333333333333,0.3333333333333333,114.2,114.0,0.2,0.2,113.0,117.4,0.5,0.4,1,1,0,1,1.7604160483744817,172.05,7.333333333333329,-1.066666666666677
2022200158,2023-01-22,2022-23,MNE,OSC,115,112,227,1,3,1563.5147125014203,1588.860845739995,-25.346133238574794,126.33333333333333,115.33333333333333,1.0,1.0,120.2,113.0,0.6,1.0,123.6,115.9,0.7,0.7,0,0,0,1,-1.0138453295429917,173.3,2.7333333333333343,-0.5666666666666771
2022200155,2023-01-22,2022-23,WES,IWA,97,99,196,0,-2,1433.398691119176,1407.5600202168728,25.838670902303193,120.0,118.0,0.3333333333333333,0.0,115.4,115.6,0.4,0.2,0.0,0.0,0.0,0.0,11,9,2,1,1.0335468360921276,172.75,120.0,118.0
2022200160,2023-01-22,2022-23,MXC,SCW,128,117,245,1,11,1546.2107764766224,1501.1040522009357,45.1067242756867,118.66666666666667,129.33333333333334,0.3333333333333333,0.3333333333333333,114.6,123.0,0.4,0.4,116.3,120.0,0.7,0.4,1,1,0,1,1.804268971027468,174.4,2.3666666666666742,9.333333333333343
22200705,2023-01-22,2022-23,POR,LAL,112,121,233,0,-9,1448.7698261318358,1483.9611728929262,-35.19134676109047,105.66666666666667,122.0,0.0,0.6666666666666666,107.0,118.8,0.0,0.6,107.8,118.6,0.1,0.5,2,12,-10,1,-1.4076538704436188,171.45,-2.1333333333333258,3.4000000000000057
2022200157,2023-01-22,2022-23,FWN,CPS,91,129,220,0,-38,1576.993445404851,1495.6468881122744,81.34655729257656,127.66666666666667,123.33333333333333,1.0,0.3333333333333333,128.2,116.4,1.0,0.4,0.0,0.0,0.0,0.0,7,2,5,1,3.2538622917030624,176.15,127.66666666666667,123.33333333333333
22200700,2023-01-22,2022-23,TOR,NYK,125,116,241,1,9,1444.099010573385,1521.0667557087947,-76.96774513540981,123.66666666666667,117.66666666666667,0.3333333333333333,0.6666666666666666,120.6,114.6,0.4,0.8,113.0,116.0,0.3,0.7,0,1,-1,1,-3.0787098054163926,173.8,10.666666666666671,1.6666666666666714
22200699,2023-01-22,2022-23,MIA,NOP,100,96,196,1,4,1533.6172830662774,1474.2072390930434,59.410043973233996,109.0,109.66666666666667,0.3333333333333333,0.3333333333333333,108.0,115.0,0.4,0.4,111.7,114.6,0.6,0.3,7,1,6,1,2.37640175892936,170.75,-2.700000000000003,-4.933333333333323
22200702,2023-01-22,2022-23,DEN,OKC,99,101,200,0,-2,1730.155695487044,1602.789606308919,127.3660891781251,117.33333333333333,116.33333333333333,0.3333333333333333,0.6666666666666666,114.6,118.6,0.4,0.6,115.4,113.9,0.5,0.3,1,1,0,1,5.094643567125003,173.3,1.933333333333323,2.433333333333323
22200703,2023-01-22,2022-23,PHX,MEM,112,110,222,1,2,1454.7502982376805,1693.352538013825,-238.60223977614464,106.33333333333333,124.66666666666667,0.0,0.6666666666666666,106.4,124.8,0.2,0.8,107.1,118.0,0.2,0.6,0,1,-1,1,-9.544089591045786,172.8,-0.7666666666666657,6.666666666666671
2022200159,2023-01-22,2022-23,BHM,STO,104,122,226,0,-18,1338.1572201921003,1615.8250693202776,-277.6678491281773,100.33333333333333,113.66666666666667,0.0,0.6666666666666666,104.0,115.2,0.2,0.8,108.3,117.2,0.1,0.8,0,0,0,1,-11.106713965127092,169.8,-7.966666666666669,-3.5333333333333314
22200704,2023-01-22,2022-23,GSW,BKN,116,120,236,0,-4,1509.7887729359277,1584.3838545009255,-74.59508156499783,121.66666666666667,109.0,0.6666666666666666,0.3333333333333333,125.4,107.4,0.6,0.6,118.5,112.9,0.4,0.7,11,1,10,1,-2.983803262599913,173.2,3.1666666666666714,-3.9000000000000057
2022200161,2023-01-23,2022-23,MCC,WIS,134,130,264,1,4,1425.2350859541302,1451.2610039277588,-26.025917973628566,112.0,117.0,0.3333333333333333,0.0,108.8,120.8,0.2,0.2,107.7,0.0,0.2,0.0,10,6,4,1,-1.0410367189451426,172.4,4.299999999999997,117.0
2022200162,2023-01-23,2022-23,ONT,SLC,147,105,252,1,42,1519.0324567191483,1467.9075794520027,51.12487726714562,102.33333333333333,122.33333333333333,0.3333333333333333,1.0,103.2,115.8,0.4,0.6,107.2,116.7,0.5,0.5,6,6,0,1,2.0449950906858247,169.75,-4.866666666666674,5.633333333333326
22200712,2023-01-23,2022-23,SAC,MEM,133,100,233,1,33,1569.8817773893727,1675.8198760595194,-105.9380986701467,121.66666666666667,120.33333333333333,1.0,0.3333333333333333,119.0,123.0,0.8,0.6,114.0,116.8,0.6,0.5,1,0,1,1,-4.237523946805868,175.5,7.666666666666671,3.5333333333333314
22200709,2023-01-23,2022-23,HOU,MIN,119,114,233,1,5,1217.8073398477209,1511.8862968757662,-294.07895702804535,112.0,113.33333333333333,0.0,0.3333333333333333,113.0,114.4,0.0,0.2,113.1,110.3,0.1,0.2,4,4,0,1,-11.763158281121814,171.85,-1.0999999999999943,3.0333333333333314
22200707,2023-01-23,2022-23,ORL,BOS,113,98,211,1,15,1418.8470845637792,1703.7199873489394,-284.87290278516025,114.0,119.33333333333333,0.0,1.0,112.4,117.6,0.2,1.0,111.4,115.5,0.4,0.7,2,1,1,1,-11.39491611140641,172.5,2.5999999999999943,3.8333333333333286
22200710,2023-01-23,2022-23,UTA,CHA,120,102,222,1,18,1480.4112744553393,1342.748870998229,137.66240345711026,120.66666666666667,119.33333333333333,0.3333333333333333,0.6666666666666666,123.6,117.8,0.4,0.4,116.9,118.4,0.3,0.4,2,1,1,1,5.50649613828441,175.35,3.7666666666666657,0.9333333333333229
22200708,2023-01-23,2022-23,CHI,ATL,111,100,211,1,11,1538.2605794990372,1503.1018923516708,35.158687147366436,107.33333333333333,119.0,0.3333333333333333,1.0,116.4,116.6,0.4,0.8,117.1,120.7,0.5,0.6,7,4,3,1,1.4063474858946574,173.25,-9.766666666666666,-1.7000000000000028
22200711,2023-01-23,2022-23,POR,SAS,147,127,274,1,20,1428.0682935931536,1336.5986542060552,91.46963938709837,105.66666666666667,118.66666666666667,0.0,0.0,107.0,114.6,0.0,0.0,107.8,115.3,0.1,0.2,0,11,-11,1,3.6587855754839347,170.4,-2.1333333333333258,3.3666666666666742
22200706,2023-01-23,2022-23,DET,MIL,130,150,280,0,-20,1318.082815330052,1513.9279508487762,-195.8451355187242,115.66666666666667,99.66666666666667,0.3333333333333333,0.0,113.8,104.8,0.4,0.4,112.9,106.5,0.3,0.3,3,1,2,1,-7.833805420748968,169.65,2.7666666666666657,-6.833333333333329
22200715,2023-01-24,2022-23,NYK,CLE,105,103,208,1,2,1493.021803874694,1578.7897015865844,-85.76789771189056,119.0,111.66666666666667,0.3333333333333333,0.3333333333333333,116.2,112.2,0.6,0.4,114.8,111.4,0.6,0.4,5,5,0,1,-3.430715908475622,172.1,4.200000000000003,0.2666666666666657
22200719,2023-01-24,2022-23,LAL,LAC,115,133,248,0,-18,1504.6627054316084,1467.2612764988771,37.40142893273128,122.0,115.33333333333333,0.6666666666666666,0.6666666666666666,123.4,110.4,0.8,0.4,118.3,117.2,0.5,0.4,3,1,2,1,1.4960571573092512,173.45,3.700000000000003,-1.8666666666666742
22200718,2023-01-24,2022-23,PHX,CHA,128,97,225,1,31,1472.2829601919861,1324.396584935628,147.88637525635818,106.33333333333333,115.33333333333333,0.0,0.6666666666666666,106.4,116.0,0.2,0.4,107.1,118.1,0.2,0.4,1,0,1,1,5.915455010254327,170.6,-0.7666666666666657,-2.7666666666666657
22200713,2023-01-24,2022-23,IND,CHI,116,110,226,1,6,1433.1833140156498,1560.6035972596069,-127.4202832439571,108.0,107.33333333333333,0.0,0.3333333333333333,111.2,116.4,0.0,0.4,111.5,117.1,0.2,0.5,9,4,5,1,-5.096811329758284,171.9,-3.5,-9.766666666666666
2022200167,2023-01-24,2022-23,WES,IWA,126,99,225,1,27,1421.5970368379994,1419.3616744980493,2.235362339950143,110.66666666666667,112.66666666666667,0.0,0.3333333333333333,110.8,113.4,0.2,0.2,0.0,0.0,0.0,0.0,1,1,0,1,0.08941449359800573,171.05,110.66666666666667,112.66666666666667
22200716,2023-01-24,2022-23,NOP,DEN,98,99,197,0,-1,1460.8384189444994,1715.3133927780643,-254.47497383356495,103.0,117.33333333333333,0.0,0.3333333333333333,107.8,114.6,0.2,0.4,112.8,115.4,0.3,0.5,5,10,-5,1,-10.178998953342598,170.6,-9.799999999999997,1.933333333333323
2022200169,2023-01-24,2022-23,RGV,MXC,124,120,244,1,4,1437.8522652859867,1567.8517527073468,-129.99948742136007,121.0,118.66666666666667,0.3333333333333333,0.3333333333333333,121.6,122.0,0.4,0.4,119.3,118.0,0.4,0.7,2,13,-11,1,-5.199979496854403,175.9,1.7000000000000028,0.6666666666666714
2022200166,2023-01-24,2022-23,DEL,OSC,123,105,228,1,18,1545.8196002035102,1573.9883624596732,-28.168762256163063,126.0,118.0,0.6666666666666666,0.6666666666666666,120.8,113.6,0.6,0.8,120.1,113.8,0.6,0.7,2,1,1,1,-1.1267504902465226,173.6,5.900000000000006,4.200000000000003
22200714,2023-01-24,2022-23,MIA,BOS,98,95,193,1,3,1546.9861032148215,1657.2782434316794,-110.29214021685789,109.0,111.33333333333333,0.3333333333333333,0.6666666666666666,108.0,113.0,0.4,0.8,111.7,116.0,0.6,0.7,1,0,1,1,-4.411685608674316,170.25,-2.700000000000003,-4.666666666666671
2022200163,2023-01-24,2022-23,OKL,GRG,99,113,212,0,-14,1456.3452286127224,1392.0660582190892,64.2791703936332,115.33333333333333,85.33333333333333,0.3333333333333333,0.0,111.4,93.0,0.2,0.2,111.7,102.0,0.3,0.2,5,7,-2,1,2.5711668157453276,166.1,3.6333333333333258,-16.66666666666667
2022200168,2023-01-24,2022-23,SXF,AUS,92,87,179,1,5,1519.2898237687295,1424.4768831544177,94.81294061431186,114.66666666666667,108.33333333333333,0.6666666666666666,0.3333333333333333,116.6,102.6,0.8,0.2,116.7,100.3,0.5,0.3,4,9,-5,1,3.7925176245724743,169.8,-2.0333333333333314,8.033333333333331
22200717,2023-01-24,2022-23,DAL,WAS,126,127,253,0,-1,1450.2864457744577,1500.3341016414624,-50.04765586700478,120.33333333333333,113.0,0.3333333333333333,0.3333333333333333,114.2,115.2,0.2,0.6,113.0,113.6,0.5,0.5,1,5,-4,1,-2.0019062346801912,172.35,7.333333333333329,-0.5999999999999943
2022200165,2023-01-24,2022-23,CLC,CPS,106,111,217,0,-5,1621.4048672415743,1540.706779153705,80.69808808786934,109.66666666666667,126.0,1.0,0.6666666666666666,110.0,120.6,1.0,0.4,0.0,0.0,0.0,0.0,1,1,0,1,3.2279235235147734,172.65,109.66666666666667,126.0
22200728,2023-01-25,2022-23,SAC,TOR,95,113,208,0,-18,1615.5764790166693,1472.1439624074858,143.4325166091835,121.66666666666667,123.66666666666667,1.0,0.3333333333333333,119.0,120.6,0.8,0.4,114.0,113.0,0.6,0.3,1,5,-4,1,5.73730066436734,174.9,7.666666666666671,10.666666666666671
22200720,2023-01-25,2022-23,ORL,IND,126,120,246,1,6,1465.2888284810392,1459.4753110959475,5.8135173850917,114.0,108.0,0.0,0.0,112.4,111.2,0.2,0.0,111.4,111.5,0.4,0.2,1,3,-2,1,0.232540695403668,170.9,2.5999999999999943,-3.5
2022200175,2023-01-25,2022-23,MCC,WIS,120,102,222,1,18,1442.5328227440725,1433.9632671378165,8.569555606256017,112.0,128.33333333333334,0.3333333333333333,0.0,108.8,121.4,0.2,0.0,108.9,117.7,0.2,0.4,1,1,0,1,0.3427822242502407,172.55,3.0999999999999943,10.63333333333334
22200724,2023-01-25,2022-23,NOP,MIN,102,111,213,0,-9,1458.2360293019574,1481.6199248382459,-23.38389553628849,103.0,116.66666666666667,0.0,0.0,107.8,113.6,0.2,0.2,112.8,110.5,0.3,0.2,0,1,-1,1,-0.9353558214515396,170.35,-9.799999999999997,6.166666666666671
22200721,2023-01-25,2022-23,PHI,BKN,137,133,270,1,4,1633.928583817647,1597.074874560835,36.85370925681195,118.0,116.33333333333333,1.0,0.6666666666666666,117.0,109.8,1.0,0.6,116.9,112.5,0.8,0.7,12,2,10,1,1.474148370272478,171.7,1.0999999999999943,3.8333333333333286
22200729,2023-01-25,2022-23,LAL,SAS,113,104,217,1,9,1472.0608155828997,1313.9885769807663,158.07223860213344,122.0,123.0,0.6666666666666666,0.0,123.4,117.2,0.8,0.0,118.3,116.9,0.5,0.2,0,1,-1,1,6.322889544085338,175.15,3.700000000000003,6.099999999999994
22200722,2023-01-25,2022-23,HOU,WAS,103,108,211,0,-5,1248.0737118852412,1506.2739529676653,-258.2002410824241,112.0,117.66666666666667,0.0,0.6666666666666666,113.0,116.8,0.0,0.6,113.1,117.0,0.1,0.6,1,0,1,1,-10.328009643296964,172.45,-1.0999999999999943,0.6666666666666714
2022200171,2023-01-25,2022-23,OKL,GRG,113,105,218,1,8,1424.3109462677173,1424.1003405640943,0.21060570362305953,115.33333333333333,92.66666666666667,0.3333333333333333,0.3333333333333333,111.4,95.4,0.2,0.4,110.4,102.6,0.2,0.3,0,0,0,1,0.00842422814492238,166.7,4.933333333333323,-9.933333333333323
2022200170,2023-01-25,2022-23,RAP,BHM,110,89,199,1,21,1523.8360660052972,1328.2516853979018,195.58438060739536,122.0,100.33333333333333,1.0,0.0,117.4,102.4,0.6,0.0,0.0,106.3,0.0,0.1,14,13,1,1,7.823375224295814,169.95,122.0,-5.966666666666669
2022200176,2023-01-25,2022-23,ONT,SLC,124,112,236,1,12,1551.1494846009366,1435.7905515702143,115.35893303072226,102.33333333333333,113.33333333333333,0.3333333333333333,0.6666666666666666,103.2,116.2,0.4,0.6,109.3,114.1,0.5,0.4,1,1,0,1,4.614357321228891,169.85,-6.966666666666669,-0.7666666666666657
22200726,2023-01-25,2022-23,GSW,MEM,122,120,242,1,2,1497.0977528760181,1630.1251744322228,-133.02742155620467,121.66666666666667,110.33333333333333,0.6666666666666666,0.0,125.4,116.8,0.6,0.4,118.5,115.9,0.4,0.5,2,1,1,1,-5.3210968622481865,175.55,3.1666666666666714,-5.566666666666677
22200725,2023-01-25,2022-23,OKC,ATL,132,137,269,0,-5,1617.6319090178988,1480.7588745911012,136.87303442679763,108.66666666666667,114.66666666666667,0.6666666666666666,0.6666666666666666,116.6,113.8,0.8,0.8,113.8,118.3,0.4,0.6,6,1,5,1,5.474921377071905,172.6,-5.133333333333326,-3.6333333333333258
2022200172,2023-01-25,2022-23,CCG,WCB,109,124,233,0,-15,1546.4974625878767,1446.2040596326017,100.29340295527504,107.33333333333333,114.33333333333333,0.6666666666666666,0.6666666666666666,108.4,115.8,0.6,0.6,113.1,112.0,0.6,0.3,6,3,3,1,4.011736118211002,171.05,-5.766666666666666,2.3333333333333286
2022200164,2023-01-25,2022-23,FWN,MNE,133,119,252,1,14,1531.9335543634204,1578.387195781742,-46.453641418321695,127.66666666666667,126.33333333333333,1.0,1.0,120.6,121.0,0.8,0.8,121.1,123.3,0.6,0.7,2,14,-12,1,-1.8581456567328678,175.4,6.566666666666677,3.0333333333333314
2022200174,2023-01-25,2022-23,LIN,IWA,131,112,243,1,19,1655.522774576618,1386.254016810939,269.2687577656791,122.33333333333333,101.66666666666667,1.0,0.3333333333333333,118.8,110.4,0.6,0.2,115.4,114.8,0.7,0.3,8,0,8,1,10.770750310627163,172.3,6.933333333333323,-13.133333333333326
22200723,2023-01-25,2022-23,MIL,DEN,107,99,206,1,8,1528.8245445686198,1717.9157824206063,-189.09123785198653,115.66666666666667,108.33333333333333,0.3333333333333333,0.6666666666666666,112.6,112.8,0.4,0.6,110.9,112.2,0.4,0.5,7,0,7,1,-7.5636495140794615,171.35,4.766666666666666,-3.8666666666666742
2022200173,2023-01-25,2022-23,CLC,CPS,116,115,231,1,1,1599.3988508993848,1562.7127954958944,36.6860554034904,109.66666666666667,124.33333333333333,1.0,1.0,110.0,122.0,1.0,0.6,110.1,116.9,0.8,0.5,0,0,0,1,1.467442216139616,173.0,-0.4333333333333229,7.433333333333323
22200727,2023-01-25,2022-23,POR,UTA,134,124,258,1,10,1450.6783708184425,1498.7635605179403,-48.08518969949773,105.66666666666667,120.66666666666667,0.0,0.3333333333333333,107.0,123.6,0.0,0.4,107.8,116.9,0.1,0.3,1,8,-7,1,-1.9234075879799093,172.65,-2.1333333333333258,3.7666666666666657
2022200177,2023-01-26,2022-23,RAP,BHM,95,115,210,0,-20,1538.9774327696575,1313.1103186335415,225.86711413611602,122.0,97.33333333333333,1.0,0.0,117.4,99.4,0.6,0.0,118.6,103.6,0.6,0.1,0,0,0,1,9.03468456544464,169.2,3.4000000000000057,-6.266666666666666
22200732,2023-01-26,2022-23,CHA,CHI,111,96,207,1,15,1303.66041334876,1534.3116001793092,-230.65118683054925,107.0,111.0,0.3333333333333333,0.3333333333333333,111.4,111.6,0.4,0.4,114.4,115.9,0.3,0.5,9,1,8,1,-9.22604747322197,170.75,-7.400000000000006,-4.900000000000006
22200733,2023-01-26,2022-23,HOU,CLE,95,113,208,0,-18,1241.4630257857855,1565.1453256965785,-323.68229991079306,112.0,106.33333333333333,0.0,0.0,113.0,110.4,0.0,0.2,113.1,110.6,0.1,0.4,0,1,-1,1,-12.947291996431723,170.85,-1.0999999999999943,-4.266666666666666
2022200178,2023-01-26,2022-23,RGV,MXC,110,96,206,1,14,1459.7025183049561,1546.0014996883774,-86.29898138342128,121.0,121.0,0.3333333333333333,0.3333333333333333,121.6,120.8,0.4,0.4,120.7,116.4,0.4,0.6,1,1,0,1,-3.451959255336851,175.6,0.29999999999999716,4.599999999999994
2022200181,2023-01-26,2022-23,STO,MHU,124,104,228,1,20,1625.7306041144761,1628.494976159346,-2.7643720448697877,117.0,113.66666666666667,0.6666666666666666,0.6666666666666666,118.0,117.6,0.8,0.8,119.0,0.0,0.9,0.0,11,10,1,1,-0.11057488179479151,173.9,-2.0,113.66666666666667
22200735,2023-01-26,2022-23,LAC,SAS,138,100,238,1,38,1499.8631663475858,1300.771151881094,199.09201446649172,125.33333333333333,120.0,1.0,0.0,118.8,117.4,0.6,0.0,119.1,115.8,0.5,0.1,8,0,8,1,7.963680578659669,174.05,6.233333333333334,4.200000000000003
2022200180,2023-01-26,2022-23,GLI,SLC,99,116,215,0,-17,1442.079727833817,1418.3577032413539,23.722024592463185,113.33333333333333,114.0,0.6666666666666666,0.3333333333333333,116.0,116.8,0.6,0.6,118.2,113.5,0.5,0.3,8,0,8,1,0.9488809836985275,173.2,-4.866666666666674,0.5
22200730,2023-01-26,2022-23,BOS,NYK,117,120,237,0,-3,1639.1566586080687,1506.6661797646998,132.49047884336892,99.66666666666667,119.0,0.3333333333333333,0.3333333333333333,110.2,116.2,0.6,0.6,113.3,114.8,0.6,0.6,6,3,3,1,5.299619153734756,171.6,-13.633333333333326,4.200000000000003
2022200179,2023-01-26,2022-23,AUS,TEX,131,108,239,1,23,1411.3310172993727,1472.0141685925698,-60.68315129319717,99.33333333333333,124.0,0.0,0.6666666666666666,99.4,118.8,0.2,0.6,98.2,114.7,0.2,0.4,4,21,-17,1,-2.4273260517278867,169.55,1.1333333333333258,9.299999999999997
22200734,2023-01-26,2022-23,PHX,DAL,95,99,194,0,-4,1493.0191317788542,1444.3465944482548,48.672537330599425,106.33333333333333,120.33333333333333,0.0,0.3333333333333333,106.4,114.2,0.2,0.2,107.1,113.0,0.2,0.5,1,10,-9,1,1.946901493223977,170.15,-0.7666666666666657,7.333333333333329
22200731,2023-01-26,2022-23,BKN,DET,122,130,252,0,-8,1582.6813084227238,1303.1862216102083,279.4950868125154,123.33333333333333,115.66666666666667,0.6666666666666666,0.3333333333333333,116.0,113.8,0.4,0.4,113.3,112.9,0.6,0.3,10,15,-5,1,11.179803472500616,172.45,10.033333333333331,2.7666666666666657
22200737,2023-01-27,2022-23,MIN,MEM,111,100,211,1,11,1503.0983736752137,1615.1268187071291,-112.02844503191545,114.33333333333333,110.0,0.3333333333333333,0.0,113.0,116.2,0.4,0.2,112.8,118.8,0.3,0.5,5,1,4,1,-4.481137801276618,172.3,1.5333333333333314,-8.799999999999997
2022200183,2023-01-27,2022-23,CPS,MCC,120,124,244,0,-4,1556.5105164000452,1471.251109080902,85.25940731914307,118.33333333333333,112.0,0.6666666666666666,0.3333333333333333,120.8,108.8,0.6,0.2,116.0,111.0,0.4,0.3,10,7,3,1,3.4103762927657226,172.4,2.3333333333333286,1.0
22200740,2023-01-27,2022-23,GSW,TOR,129,117,246,1,12,1512.0961086011118,1513.0974169976712,-1.0013083965593523,121.66666666666667,120.33333333333333,0.6666666666666666,0.3333333333333333,125.4,119.6,0.6,0.4,118.5,113.8,0.4,0.4,1,1,0,1,-0.04005233586237409,176.25,3.1666666666666714,6.533333333333331
2022200188,2023-01-27,2022-23,SBL,SCW,117,119,236,0,-2,1584.2015843045335,1479.4630759702113,104.7385083343222,116.66666666666667,124.66666666666667,0.6666666666666666,0.3333333333333333,114.0,123.4,0.4,0.4,120.1,120.5,0.7,0.4,7,4,3,1,4.1895403333728884,174.35,-3.433333333333323,4.166666666666671
22200739,2023-01-27,2022-23,OKC,CLE,112,100,212,1,12,1592.9994730430224,1573.0554392370632,19.94403380595918,108.66666666666667,110.0,0.6666666666666666,0.3333333333333333,116.6,110.2,0.8,0.4,113.8,111.4,0.4,0.4,1,0,1,1,0.7977613522383672,171.7,-5.133333333333326,-1.4000000000000057
22200736,2023-01-27,2022-23,IND,MIL,131,141,272,0,-10,1440.3417815185667,1561.699354003792,-121.35757248522532,112.66666666666667,115.66666666666667,0.0,0.3333333333333333,112.6,112.6,0.0,0.4,112.3,110.9,0.2,0.4,2,3,-1,1,-4.854302899409013,171.3,0.36666666666667425,4.766666666666666
2022200182,2023-01-27,2022-23,CCG,WCB,118,116,234,1,2,1510.983151058326,1481.7183711621524,29.26477989617365,107.33333333333333,119.0,0.6666666666666666,1.0,108.4,119.0,0.6,0.8,111.2,113.6,0.5,0.4,1,1,0,1,1.170591195846946,171.85,-3.8666666666666742,5.400000000000006
2022200184,2023-01-27,2022-23,OSC,FWN,128,121,249,1,7,1542.1619499944393,1562.6134138232142,-20.451463828774877,111.33333333333333,127.66666666666667,0.3333333333333333,1.0,112.6,129.0,0.6,1.0,112.6,123.1,0.6,0.7,12,7,5,1,-0.8180585531509951,175.4,-1.2666666666666657,4.566666666666677
2022200186,2023-01-27,2022-23,IWA,OKL,123,125,248,0,-2,1375.7640929219783,1446.2698730838185,-70.50578016184022,103.33333333333333,115.33333333333333,0.3333333333333333,0.3333333333333333,109.8,111.4,0.2,0.2,114.2,109.5,0.3,0.2,11,5,6,1,-2.820231206473609,170.3,-10.866666666666674,5.833333333333329
2022200187,2023-01-27,2022-23,WIS,GBO,115,112,227,1,3,1405.244980800987,1373.1866064837445,32.0583743172424,121.33333333333333,109.66666666666667,0.0,0.3333333333333333,116.6,112.8,0.0,0.4,118.6,109.8,0.3,0.2,5,12,-7,1,1.2823349726896958,172.35,2.7333333333333343,-0.13333333333332575
2022200185,2023-01-27,2022-23,WES,GRG,99,108,207,0,-9,1454.7046945251097,1402.141413747993,52.56328077711669,120.33333333333333,99.33333333333333,0.3333333333333333,0.3333333333333333,116.6,94.8,0.4,0.2,0.0,101.2,0.0,0.2,2,1,1,1,2.1025312310846673,167.85,120.33333333333333,-1.8666666666666742
22200738,2023-01-27,2022-23,MIA,ORL,110,105,215,1,5,1565.1076880384321,1484.4223580584203,80.68532998001183,109.0,114.0,0.3333333333333333,0.0,108.0,112.4,0.4,0.2,111.7,111.4,0.6,0.4,2,5,-3,1,3.2274131992004733,170.1,-2.700000000000003,2.5999999999999943
22200743,2023-01-28,2022-23,DET,HOU,114,117,231,0,-3,1339.8033661772138,1233.5529122453008,106.25045393191294,118.33333333333333,112.0,0.3333333333333333,0.0,116.6,113.0,0.4,0.0,115.6,113.1,0.4,0.1,4,6,-2,1,4.250018157276518,172.4,2.7333333333333343,-1.0999999999999943
2022200192,2023-01-28,2022-23,STO,MHU,109,110,219,0,-1,1656.4180608787688,1597.8075193950533,58.61054148371545,117.0,108.66666666666667,0.6666666666666666,0.3333333333333333,118.0,112.6,0.8,0.6,118.0,120.0,0.9,0.8,1,1,0,1,2.344421659348618,172.65,-1.0,-11.333333333333329
2022200190,2023-01-28,2022-23,OSC,FWN,116,124,240,0,-8,1564.1789970058564,1540.596366811797,23.582630194059448,111.33333333333333,121.0,0.3333333333333333,0.6666666666666666,112.6,126.6,0.6,0.8,112.6,122.1,0.6,0.6,0,0,0,1,0.9433052077623779,174.8,-1.2666666666666657,-1.0999999999999943
2022200193,2023-01-28,2022-23,RGV,AUS,126,110,236,1,16,1493.374500367029,1448.6065850537607,44.767915313268304,121.0,99.33333333333333,0.3333333333333333,0.0,121.6,99.4,0.4,0.2,121.0,101.9,0.5,0.3,1,3,-2,1,1.790716612530732,170.25,0.0,-2.566666666666677
22200742,2023-01-28,2022-23,BKN,NYK,122,115,237,1,7,1546.0641638557183,1525.5734201765472,20.490743679171146,123.33333333333333,120.0,0.6666666666666666,0.3333333333333333,116.0,117.8,0.4,0.6,113.3,115.4,0.6,0.6,1,1,0,1,0.8196297471668459,173.45,10.033333333333331,4.599999999999994
22200749,2023-01-28,2022-23,BOS,LAL,125,121,246,1,4,1620.2494181962213,1485.278240682572,134.9711775136493,99.66666666666667,122.0,0.3333333333333333,0.6666666666666666,110.2,123.4,0.6,0.8,113.3,118.3,0.6,0.5,1,5,-4,1,5.398847100545972,173.4,-13.633333333333326,3.700000000000003
22200741,2023-01-28,2022-23,PHI,DEN,126,119,245,1,7,1648.3221499557583,1685.040972985434,-36.71882302967583,118.0,104.33333333333333,1.0,0.6666666666666666,117.0,110.0,1.0,0.4,116.9,110.7,0.8,0.4,2,2,0,1,-1.4687529211870334,171.75,1.0999999999999943,-6.366666666666674
22200747,2023-01-28,2022-23,NOP,WAS,103,113,216,0,-10,1436.7575804649896,1512.884639067121,-76.12705860213146,103.0,117.0,0.0,1.0,107.8,114.8,0.2,0.6,112.8,116.1,0.3,0.7,2,2,0,1,-3.0450823440852584,170.65,-9.799999999999997,0.9000000000000057
2022200194,2023-01-28,2022-23,TEX,MXC,117,120,237,0,-3,1434.7386008381818,1512.3295176263046,-77.59091678812274,125.33333333333333,112.66666666666667,0.3333333333333333,0.0,116.2,114.4,0.4,0.2,115.0,116.2,0.4,0.5,6,1,5,1,-3.1036366715249097,172.65,10.333333333333329,-3.5333333333333314
22200748,2023-01-28,2022-23,SAS,PHX,118,128,246,0,-10,1283.0975134640337,1474.6847126134182,-191.58719914938456,110.33333333333333,106.33333333333333,0.0,0.0,114.6,106.4,0.0,0.2,113.4,107.1,0.0,0.2,7,11,-4,1,-7.663487965975382,170.25,-3.066666666666677,-0.7666666666666657
2022200189,2023-01-28,2022-23,MNE,BHM,106,113,219,0,-7,1547.7073363219483,1360.9621680046566,186.7451683172917,124.0,103.33333333333333,0.6666666666666666,0.3333333333333333,122.6,101.0,0.8,0.2,121.6,104.1,0.6,0.2,5,1,4,1,7.469806732691668,170.9,2.4000000000000057,-0.7666666666666657
22200750,2023-01-28,2022-23,UTA,DAL,108,100,208,1,8,1471.4869418756905,1462.6810136136908,8.805928261999725,122.66666666666667,113.66666666666667,0.3333333333333333,0.3333333333333333,123.4,112.2,0.4,0.4,119.6,112.3,0.3,0.6,4,1,3,1,0.352237130479989,173.9,3.066666666666677,1.3666666666666742
2022200191,2023-01-28,2022-23,WIS,GBO,102,116,218,0,-14,1417.8323888635364,1360.599198421195,57.23319044234131,121.33333333333333,116.0,0.0,0.3333333333333333,116.6,111.6,0.0,0.2,117.5,108.6,0.3,0.2,0,0,0,1,2.2893276176936523,172.05,3.8333333333333286,7.400000000000006
22200746,2023-01-28,2022-23,MIN,SAC,117,110,227,1,7,1535.69326519613,1574.6230244264839,-38.929759230353966,114.33333333333333,121.66666666666667,0.3333333333333333,1.0,113.0,119.0,0.4,0.8,112.8,114.0,0.3,0.6,0,9,-9,1,-1.5571903692141587,173.0,1.5333333333333314,7.666666666666671
22200751,2023-01-28,2022-23,POR,TOR,105,123,228,0,-18,1477.9549894606923,1487.3740018581755,-9.41901239748313,105.66666666666667,118.66666666666667,0.0,0.3333333333333333,107.0,120.2,0.0,0.4,107.8,114.6,0.1,0.4,2,0,2,1,-0.3767604958993252,171.8,-2.1333333333333258,4.066666666666677
22200745,2023-01-28,2022-23,ATL,LAC,113,120,233,0,-7,1505.3913105659776,1517.5368047646461,-12.14549419866853,122.33333333333333,125.33333333333333,0.6666666666666666,1.0,118.8,118.8,0.8,0.6,119.5,119.1,0.6,0.5,6,3,3,1,-0.4858197679467412,174.4,2.8333333333333286,6.233333333333334
22200744,2023-01-28,2022-23,ORL,CHI,109,128,237,0,-19,1470.5925613192087,1490.478873146137,-19.88631182692825,113.0,110.66666666666667,0.0,0.3333333333333333,111.2,105.6,0.2,0.2,112.4,112.9,0.3,0.5,2,1,1,1,-0.79545247307713,169.2,0.5999999999999943,-2.2333333333333343
2022200195,2023-01-29,2022-23,WES,GRG,103,94,197,1,9,1428.2216158051147,1428.6244924679881,-0.40287666287349566,111.33333333333333,108.66666666666667,0.0,0.6666666666666666,111.4,98.2,0.2,0.4,109.9,101.2,0.3,0.3,1,1,0,1,-0.016115066514939828,167.4,1.433333333333323,7.466666666666669
2022200199,2023-01-29,2022-23,TEX,MXC,110,114,224,0,-4,1423.9211313808748,1523.1469870836115,-99.22585570273668,125.33333333333333,112.0,0.3333333333333333,0.3333333333333333,116.2,115.8,0.4,0.4,115.3,116.4,0.4,0.5,0,0,0,1,-3.969034228109467,173.0,10.033333333333331,-4.400000000000006
2022200200,2023-01-29,2022-23,SBL,SCW,152,118,270,1,34,1570.000376276922,1493.6642839978228,76.33609227909915,116.66666666666667,123.66666666666667,0.6666666666666666,0.6666666666666666,114.0,124.8,0.4,0.4,120.5,121.2,0.6,0.5,1,1,0,1,3.0534436911639657,174.7,-3.8333333333333286,2.4666666666666686
22200753,2023-01-29,2022-23,MEM,IND,112,100,212,1,12,1582.531927186213,1424.4137697976519,158.11815738856103,106.66666666666667,112.66666666666667,0.0,0.0,110.2,112.6,0.0,0.0,116.3,112.3,0.4,0.2,10,3,7,1,6.324726295542441,170.7,-9.633333333333326,0.36666666666667425
2022200196,2023-01-29,2022-23,CPS,MCC,123,107,230,1,16,1536.5440507610376,1491.2175747199096,45.32647604112799,118.33333333333333,115.66666666666667,0.6666666666666666,0.6666666666666666,120.8,113.2,0.6,0.4,116.4,113.5,0.4,0.4,1,1,0,1,1.8130590416451196,173.5,1.933333333333323,2.1666666666666714
22200752,2023-01-29,2022-23,CHA,MIA,122,117,239,1,5,1347.493140381932,1578.9374847776437,-231.4443443957116,107.0,109.0,0.3333333333333333,0.3333333333333333,111.4,108.0,0.4,0.4,114.4,111.7,0.3,0.6,2,8,-6,1,-9.257773775828463,169.85,-7.400000000000006,-2.700000000000003
2022200197,2023-01-29,2022-23,CCG,LIN,98,111,209,0,-13,1521.0460861982122,1666.012698465579,-144.96661226736683,107.33333333333333,122.33333333333333,0.6666666666666666,1.0,108.4,118.8,0.6,0.6,113.3,115.6,0.5,0.7,1,7,-6,1,-5.798664490694673,171.8,-5.966666666666669,6.733333333333334
2022200198,2023-01-29,2022-23,IWA,OKL,127,122,249,1,5,1366.9772974720952,1455.0566685337017,-88.07937106160648,103.33333333333333,120.0,0.3333333333333333,0.6666666666666666,109.8,117.4,0.2,0.4,113.7,111.2,0.2,0.3,1,1,0,1,-3.5231748424642593,171.8,-10.366666666666674,8.799999999999997
22200755,2023-01-29,2022-23,MIL,NOP,135,110,245,1,25,1577.6273657247068,1417.9501888412256,159.67717688348125,131.0,103.0,0.6666666666666666,0.0,118.0,107.8,0.4,0.2,115.0,112.8,0.5,0.3,3,6,-3,1,6.38708707533925,171.45,16.0,-9.799999999999997
22200754,2023-01-29,2022-23,CLE,LAC,122,99,221,1,23,1548.8767023788207,1537.604594485603,11.272107893217708,105.33333333333333,121.66666666666667,0.3333333333333333,1.0,106.4,119.8,0.2,0.8,108.8,116.9,0.4,0.5,7,0,7,1,0.4508843157287083,171.55,-3.4666666666666686,4.766666666666666
22200762,2023-01-30,2022-23,PHX,TOR,114,106,220,1,8,1486.635992653165,1516.020346888838,-29.384354235673072,116.66666666666667,117.66666666666667,0.3333333333333333,0.6666666666666666,114.4,120.2,0.4,0.4,107.4,117.0,0.3,0.5,3,1,2,1,-1.1753741694269229,173.65,9.266666666666666,0.6666666666666714
22200759,2023-01-30,2022-23,OKC,GSW,120,128,248,0,-8,1617.1782099012648,1537.8195237406076,79.35868616065727,108.66666666666667,121.66666666666667,0.6666666666666666,0.6666666666666666,116.6,125.4,0.8,0.6,113.8,118.5,0.4,0.4,2,9,-7,1,3.1743474464262906,175.5,-5.133333333333326,3.1666666666666714
22200763,2023-01-30,2022-23,POR,ATL,129,125,254,1,4,1449.3086444300297,1485.3235208450208,-36.01487641499102,105.66666666666667,122.33333333333333,0.0,0.6666666666666666,107.0,118.8,0.0,0.8,107.8,119.5,0.1,0.6,1,4,-3,1,-1.4405950565996408,171.45,-2.1333333333333258,2.8333333333333286
2022200201,2023-01-30,2022-23,LIN,WIS,131,116,247,1,15,1681.9893133218848,1386.3308238676204,295.6584894542643,116.0,121.33333333333333,1.0,0.0,119.4,116.6,0.8,0.0,114.9,115.7,0.7,0.2,4,4,0,1,11.826339578170574,174.0,1.0999999999999943,5.633333333333326
22200761,2023-01-30,2022-23,DAL,DET,111,105,216,1,6,1441.2655461534878,1321.8283462464544,119.43719990703335,107.33333333333333,118.33333333333333,0.3333333333333333,0.3333333333333333,112.0,116.6,0.4,0.4,111.9,115.6,0.5,0.4,5,3,2,1,4.777487996281334,172.15,-4.566666666666677,2.7333333333333343
2022200202,2023-01-30,2022-23,SLC,MHU,118,111,229,1,7,1449.231832735499,1605.897326608045,-156.665493872546,111.0,107.0,0.3333333333333333,0.3333333333333333,113.6,111.0,0.6,0.6,112.9,118.8,0.4,0.8,8,1,7,1,-6.26661975490184,171.15,-1.9000000000000057,-11.799999999999997
2022200203,2023-01-30,2022-23,ONT,RGV,107,112,219,0,-5,1568.582332929797,1518.0760405476797,50.50629238211741,102.33333333333333,121.0,0.3333333333333333,0.3333333333333333,103.2,121.6,0.4,0.4,109.9,121.2,0.5,0.5,4,12,-8,1,2.0202516952846965,171.2,-7.566666666666677,-0.20000000000000284
22200757,2023-01-30,2022-23,BKN,LAL,121,104,225,1,17,1565.63360487689,1475.1395482846997,90.49405659219042,123.33333333333333,117.0,0.6666666666666666,0.3333333333333333,116.0,121.6,0.4,0.6,113.3,120.0,0.6,0.5,1,1,0,1,3.6197622636876168,174.4,10.033333333333331,-3.0
2022200012,2023-01-30,2022-23,OSC,WES,113,114,227,0,-1,1540.7176433996808,1451.2741668608087,89.44347653887212,111.33333333333333,112.66666666666667,0.3333333333333333,0.3333333333333333,112.6,112.6,0.6,0.4,112.6,109.9,0.6,0.4,1,11,-10,1,3.577739061554885,171.3,-1.2666666666666657,2.7666666666666657
22200758,2023-01-30,2022-23,MIN,SAC,111,118,229,0,-7,1558.8079687858228,1551.508320836791,7.299647949031851,114.33333333333333,119.33333333333333,0.3333333333333333,0.6666666666666666,113.0,116.6,0.4,0.6,112.8,113.7,0.3,0.6,1,1,0,1,0.29198591796127404,172.4,1.5333333333333314,5.633333333333326
22200760,2023-01-30,2022-23,SAS,WAS,106,127,233,0,-21,1271.146233424287,1531.692030690885,-260.54579726659813,110.33333333333333,116.0,0.0,1.0,114.6,114.8,0.0,0.8,113.4,116.1,0.0,0.7,1,1,0,1,-10.421831890663926,172.35,-3.066666666666677,-0.09999999999999432
22200756,2023-01-30,2022-23,PHI,ORL,109,119,228,0,-10,1671.3060829577319,1442.34804799312,228.9580349646119,118.0,113.0,1.0,0.0,117.0,111.2,1.0,0.2,116.9,112.4,0.8,0.3,1,2,-1,1,9.158321398584476,172.05,1.0999999999999943,0.5999999999999943
2022200205,2023-01-31,2022-23,SLC,MHU,135,105,240,1,30,1478.8151029349347,1576.3140564086093,-97.49895347367465,111.0,108.33333333333333,0.3333333333333333,0.3333333333333333,113.6,109.4,0.6,0.4,114.0,118.1,0.5,0.7,0,0,0,1,-3.8999581389469857,170.75,-3.0,-9.766666666666666
22200767,2023-01-31,2022-23,MIL,CHA,124,115,239,1,9,1596.2067183936656,1375.8466929711587,220.36002542250685,131.0,107.0,0.6666666666666666,0.3333333333333333,118.0,111.4,0.4,0.4,115.0,114.4,0.5,0.3,1,6,-5,1,8.814401016900273,172.35,16.0,-7.400000000000006
22200764,2023-01-31,2022-23,CLE,MIA,97,100,197,0,-3,1579.6265229529668,1550.583932188417,29.042590764549686,105.33333333333333,110.33333333333333,0.3333333333333333,0.3333333333333333,106.4,109.6,0.2,0.4,108.8,112.3,0.4,0.5,1,1,0,1,1.1617036305819874,169.0,-3.4666666666666686,-1.9666666666666686
22200768,2023-01-31,2022-23,DEN,NOP,122,113,235,1,9,1662.0570399834605,1399.3708361722668,262.68620381119376,105.66666666666667,105.33333333333333,0.3333333333333333,0.0,108.6,107.0,0.4,0.2,111.7,111.0,0.4,0.2,8,1,7,1,10.50744815244775,168.9,-6.033333333333331,-5.666666666666671
22200766,2023-01-31,2022-23,CHI,LAC,103,108,211,0,-5,1518.7233864722257,1506.854773911457,11.868612560768725,111.33333333333333,117.33333333333333,0.3333333333333333,0.6666666666666666,111.4,119.0,0.4,0.8,114.4,114.4,0.5,0.4,7,1,6,1,0.474744502430749,172.6,-3.066666666666677,2.933333333333323
2022200204,2023-01-31,2022-23,SXF,TEX,105,93,198,1,12,1532.4356896237746,1412.3022032444715,120.13348637930312,114.66666666666667,125.33333333333333,0.6666666666666666,0.3333333333333333,116.6,116.2,0.8,0.4,112.7,115.8,0.5,0.4,6,4,2,1,4.805339455172125,173.2,1.9666666666666686,9.533333333333331
22200765,2023-01-31,2022-23,NYK,LAL,123,129,252,0,-6,1506.0039791553754,1453.5984279816687,52.405551173706726,117.0,115.33333333333333,0.3333333333333333,0.3333333333333333,118.4,118.2,0.4,0.4,116.0,118.4,0.5,0.5,6,0,6,1,2.096222046948269,174.15,1.0,-3.066666666666677
22200770,2023-02-01,2022-23,PHI,ORL,105,94,199,1,11,1633.4746411081394,1480.1794898427124,153.29515126542697,118.0,114.0,1.0,0.3333333333333333,117.0,113.2,1.0,0.2,116.9,111.8,0.8,0.4,1,1,0,1,6.131806050617079,172.55,1.0999999999999943,2.200000000000003
2022200210,2023-02-01,2022-23,MXC,SBL,113,109,222,1,4,1534.765915220015,1597.8656144826539,-63.09969926263898,110.0,116.66666666666667,0.6666666666666666,0.6666666666666666,114.4,114.0,0.4,0.4,115.1,122.9,0.5,0.6,9,10,-1,1,-2.523987970505559,172.1,-5.099999999999994,-6.233333333333334
22200773,2023-02-01,2022-23,HOU,OKC,112,106,218,1,6,1251.5279321760602,1590.272721055207,-338.7447888791469,117.66666666666667,108.66666666666667,0.3333333333333333,0.6666666666666666,113.4,116.6,0.2,0.8,113.9,113.8,0.2,0.4,5,9,-4,1,-13.549791555165875,172.5,3.7666666666666657,-5.133333333333326
2022200209,2023-02-01,2022-23,BHM,DEL,102,124,226,0,-22,1391.9685137595297,1577.646012668744,-185.67749890921436,105.66666666666667,126.0,0.6666666666666666,0.6666666666666666,104.0,125.2,0.4,0.8,104.6,122.5,0.3,0.7,9,17,-8,1,-7.427099956368575,172.3,1.066666666666677,3.5
22200775,2023-02-01,2022-23,SAS,SAC,109,119,228,0,-10,1259.866892920879,1572.7395642219603,-312.87267130108125,110.33333333333333,114.66666666666667,0.0,0.6666666666666666,114.6,118.6,0.0,0.8,113.4,114.9,0.0,0.6,1,1,0,1,-12.51490685204325,173.3,-3.066666666666677,-0.23333333333333428
22200772,2023-02-01,2022-23,BOS,BKN,139,96,235,1,43,1630.3881105940936,1587.174725179921,43.213385414172535,99.66666666666667,123.33333333333333,0.3333333333333333,0.6666666666666666,110.2,116.0,0.6,0.4,113.3,113.3,0.6,0.6,3,6,-3,1,1.7285354165669014,171.55,-13.633333333333326,10.033333333333331
2022200211,2023-02-01,2022-23,ONT,RGV,121,129,250,0,-8,1548.0782726119098,1538.580100865567,9.498171746342905,102.33333333333333,120.66666666666667,0.3333333333333333,0.6666666666666666,103.2,120.6,0.4,0.6,111.3,121.4,0.5,0.5,1,1,0,1,0.3799268698537162,170.95,-8.966666666666669,-0.7333333333333343
22200776,2023-02-01,2022-23,UTA,TOR,131,128,259,1,3,1492.9024093358935,1492.1942172123079,0.7081921235856043,122.66666666666667,115.33333333333333,0.3333333333333333,0.3333333333333333,123.4,117.0,0.4,0.4,119.6,117.5,0.3,0.5,3,1,2,1,0.028327684943424174,175.1,3.066666666666677,-2.1666666666666714
2022200208,2023-02-01,2022-23,WIS,WES,111,115,226,0,-4,1377.7795426923456,1459.951666748087,-82.1721240557415,116.0,116.33333333333333,0.0,0.3333333333333333,120.6,110.2,0.0,0.4,116.9,111.6,0.2,0.5,3,1,2,1,-3.28688496222966,172.7,-0.9000000000000057,4.733333333333334
2022200207,2023-02-01,2022-23,GBO,GRG,112,108,220,1,4,1392.100763417111,1405.571941412294,-13.471177995183098,109.33333333333333,102.33333333333333,0.3333333333333333,0.3333333333333333,111.4,100.0,0.4,0.4,110.0,100.0,0.3,0.3,10,2,8,1,-0.5388471198073239,167.85,-0.6666666666666714,2.3333333333333286
22200777,2023-02-01,2022-23,PHX,ATL,100,132,232,0,-32,1510.4621223296951,1467.5667620600816,42.89536026961355,116.66666666666667,120.66666666666667,0.3333333333333333,0.3333333333333333,114.4,121.2,0.4,0.6,107.4,120.6,0.3,0.6,1,1,0,1,1.7158144107845419,173.9,9.266666666666666,0.06666666666667709
2022200206,2023-02-01,2022-23,CCG,MNE,131,126,257,1,5,1505.0694713419064,1516.7009905670752,-11.631519225168859,107.33333333333333,124.0,0.6666666666666666,0.6666666666666666,108.4,120.8,0.6,0.6,111.7,119.0,0.5,0.5,2,6,-4,1,-0.46526076900675434,172.3,-4.366666666666674,5.0
22200771,2023-02-01,2022-23,MEM,POR,112,122,234,0,-10,1597.2526153275558,1467.065403214969,130.18721211258685,106.66666666666667,105.66666666666667,0.0,0.0,110.2,107.0,0.0,0.0,116.3,107.8,0.4,0.1,2,14,-12,1,5.207488484503474,169.3,-9.633333333333326,-2.1333333333333258
22200774,2023-02-01,2022-23,MIN,GSW,119,114,233,1,5,1537.5767254006535,1564.7250125866653,-27.148287186011885,114.33333333333333,122.0,0.3333333333333333,0.6666666666666666,113.0,122.2,0.4,0.6,112.8,119.4,0.3,0.5,1,1,0,1,-1.0859314874404753,173.8,1.5333333333333314,2.5999999999999943
2022200212,2023-02-02,2022-23,AUS,OKL,114,115,229,0,-1,1423.90504487311,1432.691606069363,-8.786561196252933,94.33333333333333,121.33333333333333,0.0,0.3333333333333333,104.4,118.6,0.2,0.4,103.1,112.1,0.3,0.3,6,3,3,1,-0.3514624478501173,170.75,-8.766666666666666,9.233333333333334
22200782,2023-02-02,2022-23,DAL,NOP,111,106,217,1,5,1454.2868558337143,1391.0529148253738,63.23394100834048,107.33333333333333,106.33333333333333,0.3333333333333333,0.0,112.0,106.4,0.4,0.0,111.9,112.2,0.5,0.2,2,1,1,1,2.529357640333619,169.6,-4.566666666666677,-5.866666666666674
22200779,2023-02-02,2022-23,CLE,MEM,128,113,241,1,15,1564.6074494905113,1564.6867116221956,-0.07926213168434515,105.33333333333333,106.66666666666667,0.3333333333333333,0.0,106.4,110.2,0.2,0.0,108.8,116.3,0.4,0.4,1,5,-4,1,-0.003170485267373806,169.15,-3.4666666666666686,-9.633333333333326
2022200213,2023-02-02,2022-23,RAP,CLC,136,100,236,1,36,1491.1255833985424,1605.601129995234,-114.47554659669163,122.0,109.66666666666667,1.0,1.0,117.4,110.0,0.6,1.0,115.9,111.3,0.5,0.9,6,14,-8,1,-4.579021863867665,171.85,6.099999999999994,-1.6333333333333258
22200784,2023-02-02,2022-23,MIL,LAC,106,105,211,1,1,1606.315763092108,1525.384206645174,80.93155644693411,131.0,109.0,0.6666666666666666,0.6666666666666666,118.0,114.4,0.4,0.8,115.0,114.2,0.5,0.5,1,1,0,1,3.237262257877364,173.1,16.0,-5.200000000000003
22200783,2023-02-02,2022-23,DEN,GSW,134,117,251,1,17,1670.3749613303535,1545.4101965559673,124.96476477438614,105.66666666666667,120.66666666666667,0.3333333333333333,0.6666666666666666,108.6,121.4,0.4,0.6,111.7,120.2,0.4,0.5,1,0,1,1,4.998590590975446,172.5,-6.033333333333331,0.46666666666666856
22200778,2023-02-02,2022-23,IND,LAL,111,112,223,0,-1,1409.693081656309,1475.970590378704,-66.27750872239494,109.0,118.0,0.0,0.3333333333333333,108.8,116.8,0.0,0.4,110.6,119.8,0.1,0.6,5,1,4,1,-2.6511003488957976,171.4,-1.5999999999999943,-1.7999999999999972
22200781,2023-02-02,2022-23,CHI,CHA,114,98,212,1,16,1500.1939537385088,1365.7376482727163,134.4563054657924,111.33333333333333,104.66666666666667,0.3333333333333333,0.0,111.4,111.6,0.4,0.4,114.4,114.6,0.5,0.3,1,1,0,1,5.378252218631697,170.75,-3.066666666666677,-9.933333333333323
22200780,2023-02-02,2022-23,NYK,MIA,106,104,210,1,2,1483.6318167583402,1565.6030056508725,-81.97118889253238,117.0,102.33333333333333,0.3333333333333333,0.3333333333333333,118.4,108.8,0.4,0.4,116.0,111.2,0.5,0.5,1,1,0,1,-3.2788475557012955,171.8,1.0,-8.866666666666674
22200786,2023-02-03,2022-23,IND,SAC,107,104,211,1,3,1404.0680622892917,1579.5363757874802,-175.46831349818854,109.0,115.66666666666667,0.0,0.6666666666666666,108.8,119.0,0.0,0.8,110.6,116.9,0.1,0.7,0,1,-1,1,-7.018732539927542,171.95,-1.5999999999999943,-1.2333333333333343
22200788,2023-02-03,2022-23,BOS,PHX,94,106,200,0,-12,1663.5474244798422,1471.2019628340179,192.34546164582434,99.66666666666667,116.66666666666667,0.3333333333333333,0.3333333333333333,110.2,114.4,0.6,0.4,113.3,107.4,0.6,0.3,1,5,-4,1,7.693818465832973,171.15,-13.633333333333326,9.266666666666666
22200791,2023-02-03,2022-23,SAS,PHI,125,137,262,0,-12,1253.0700813553592,1648.0199356514265,-394.9498542960673,110.33333333333333,118.0,0.0,1.0,114.6,117.0,0.0,1.0,113.4,116.9,0.0,0.8,1,12,-11,1,-15.797994171842692,172.9,-3.066666666666677,1.0999999999999943
22200790,2023-02-03,2022-23,MIN,ORL,120,127,247,0,-7,1556.8915414313515,1465.6341952994253,91.25734613192617,114.33333333333333,106.0,0.3333333333333333,0.3333333333333333,113.0,110.4,0.4,0.2,112.8,109.6,0.3,0.3,1,1,0,1,3.6502938452770466,170.85,1.5333333333333314,-3.5999999999999943
22200785,2023-02-03,2022-23,DET,CHA,118,112,230,1,6,1308.807036566228,1347.8534969694379,-39.04646040320995,117.0,103.33333333333333,0.3333333333333333,0.0,116.4,106.8,0.4,0.2,112.0,113.9,0.3,0.3,5,0,5,1,-1.561858416128398,170.8,5.0,-10.566666666666677
2022200218,2023-02-03,2022-23,WIS,WCB,133,144,277,0,-11,1365.4222295518298,1471.6554360222663,-106.23320647043647,116.0,117.33333333333333,0.0,0.6666666666666666,120.6,116.6,0.0,0.6,115.3,115.6,0.1,0.4,1,6,-5,1,-4.249328258817459,174.3,0.7000000000000028,1.7333333333333343
2022200216,2023-02-03,2022-23,MHU,DEL,132,130,262,1,2,1532.5828126697331,1593.6760813979813,-61.09326872824818,108.66666666666667,129.66666666666666,0.3333333333333333,1.0,107.4,125.4,0.2,0.8,115.8,123.8,0.6,0.7,15,1,14,1,-2.443730749129927,173.2,-7.133333333333326,5.86666666666666
22200792,2023-02-03,2022-23,UTA,ATL,108,115,223,0,-7,1506.7370955828862,1506.8269215557589,-0.08982597287263161,122.66666666666667,131.33333333333334,0.3333333333333333,0.6666666666666666,123.4,124.8,0.4,0.6,119.6,119.7,0.3,0.7,1,1,0,1,-0.003593038914905264,177.05,3.066666666666677,11.63333333333334
2022200215,2023-02-03,2022-23,MNE,CPS,96,114,210,0,-18,1498.1837709951178,1561.2007995207707,-63.017028525652904,125.66666666666667,118.33333333333333,0.3333333333333333,0.6666666666666666,124.8,120.8,0.6,0.6,120.4,118.0,0.4,0.5,5,8,-3,1,-2.5206811410261163,176.4,5.266666666666666,0.3333333333333286
2022200214,2023-02-03,2022-23,GBO,GRG,123,107,230,1,16,1408.818860066052,1388.8538447633532,19.965015302698703,109.33333333333333,103.33333333333333,0.3333333333333333,0.3333333333333333,111.4,105.6,0.4,0.4,110.7,99.3,0.4,0.3,1,1,0,1,0.7986006121079481,169.25,-1.3666666666666742,4.033333333333331
22200789,2023-02-03,2022-23,HOU,TOR,111,117,228,0,-6,1285.5986224100814,1478.3595309653151,-192.76090855523375,117.66666666666667,119.0,0.3333333333333333,0.3333333333333333,113.4,117.4,0.2,0.4,113.9,119.0,0.2,0.4,1,1,0,1,-7.71043634220935,172.7,3.7666666666666657,0.0
2022200217,2023-02-03,2022-23,SXF,BHM,106,99,205,1,7,1549.5536335005793,1375.9384450302925,173.61518847028674,114.66666666666667,105.66666666666667,0.6666666666666666,0.6666666666666666,116.6,104.0,0.8,0.4,110.9,104.3,0.6,0.3,2,5,-3,1,6.94460753881147,170.15,3.7666666666666657,1.3666666666666742
2022200219,2023-02-03,2022-23,SCW,ONT,123,114,237,1,9,1465.799045792091,1525.505500589478,-59.706454797387096,118.0,102.33333333333333,0.3333333333333333,0.3333333333333333,122.2,103.2,0.4,0.4,120.4,108.7,0.4,0.4,20,12,8,1,-2.388258191895484,171.35,-2.4000000000000057,-6.366666666666674
22200787,2023-02-03,2022-23,WAS,POR,116,124,240,0,-8,1542.971371194293,1499.631306920329,43.34006427396389,116.0,113.33333333333333,1.0,0.3333333333333333,118.2,109.0,1.0,0.2,117.6,109.0,0.8,0.2,12,1,11,1,1.7336025709585556,171.8,-1.5999999999999943,4.333333333333329
22200795,2023-02-04,2022-23,NYK,LAC,128,134,262,0,-6,1497.1628720989906,1520.038766825993,-22.875894727002333,117.0,104.0,0.3333333333333333,0.3333333333333333,118.4,113.0,0.4,0.6,116.0,111.7,0.5,0.5,1,1,0,1,-0.9150357890800933,172.85,1.0,-7.700000000000003
22200797,2023-02-04,2022-23,MIL,MIA,123,115,238,1,8,1611.661202911289,1552.071950310222,59.589252601066846,131.0,107.0,0.6666666666666666,0.3333333333333333,118.0,107.0,0.4,0.4,115.0,109.7,0.5,0.5,1,1,0,1,2.3835701040426738,171.25,16.0,-2.700000000000003
22200799,2023-02-04,2022-23,OKC,HOU,153,121,274,1,32,1556.2020308211859,1275.9491826386263,280.25284818255955,106.66666666666667,117.66666666666667,0.3333333333333333,0.3333333333333333,111.2,113.4,0.6,0.2,114.2,113.9,0.4,0.2,4,6,-2,1,11.210113927302382,171.15,-7.533333333333331,3.7666666666666657
2022200222,2023-02-04,2022-23,FWN,CCG,122,115,237,1,7,1564.0577204179726,1523.5866909138638,40.471029504108856,122.0,107.33333333333333,0.6666666666666666,0.6666666666666666,125.6,108.4,0.8,0.6,122.9,113.9,0.7,0.6,9,12,-3,1,1.6188411801643543,173.5,-0.9000000000000057,-6.566666666666677
22200796,2023-02-04,2022-23,CHI,POR,129,121,250,1,8,1518.0781050417872,1524.3303018987936,-6.252196857006311,111.33333333333333,119.66666666666667,0.3333333333333333,0.6666666666666666,111.4,112.6,0.4,0.4,114.4,110.7,0.5,0.2,1,0,1,1,-0.2500878742802524,171.0,-3.066666666666677,8.966666666666669
2022200227,2023-02-04,2022-23,SBL,GLI,119,107,226,1,12,1578.8799651691943,1411.205598339672,167.67436682952234,111.33333333333333,113.33333333333333,0.3333333333333333,0.6666666666666666,115.2,113.0,0.4,0.6,119.5,114.5,0.5,0.4,5,13,-8,1,6.706974673180894,172.05,-8.166666666666671,-1.1666666666666714
2022200225,2023-02-04,2022-23,IWA,AUS,128,134,262,0,-6,1389.342359936434,1417.1488309367128,-27.80647100027886,103.33333333333333,94.33333333333333,0.3333333333333333,0.0,109.8,104.4,0.2,0.2,113.8,103.7,0.3,0.2,5,6,-1,1,-1.1122588400111544,168.55,-10.466666666666669,-9.366666666666674
22200798,2023-02-04,2022-23,NOP,LAL,131,126,257,1,5,1376.360820461171,1481.5956097457213,-105.23478928455029,109.66666666666667,115.0,0.0,0.6666666666666666,107.0,117.4,0.0,0.6,111.7,118.1,0.2,0.6,6,1,5,1,-4.209391571382011,171.1,-2.0333333333333314,-3.0999999999999943
2022200223,2023-02-04,2022-23,LIN,MCC,123,121,244,1,2,1690.5405944971596,1466.5608259601765,223.9797685369831,116.0,116.0,1.0,0.3333333333333333,119.4,113.4,0.8,0.4,116.2,110.8,0.8,0.3,4,5,-1,1,8.959190741479324,173.2,-0.20000000000000284,5.200000000000003
22200800,2023-02-04,2022-23,GSW,DAL,119,113,232,1,6,1526.4762365674735,1468.9789501979171,57.49728636955638,119.66666666666667,107.33333333333333,0.3333333333333333,0.3333333333333333,119.4,112.0,0.4,0.4,119.3,111.9,0.4,0.5,7,6,1,1,2.299891454782255,172.85,0.36666666666667425,-4.566666666666677
2022200220,2023-02-04,2022-23,OKL,STO,119,105,224,1,14,1439.4478200057601,1648.328253665777,-208.88043366001693,120.66666666666667,117.0,0.6666666666666666,0.6666666666666666,119.4,118.0,0.6,0.8,113.7,116.5,0.4,0.8,9,12,-3,1,-8.355217346400677,174.35,6.966666666666669,0.5
22200793,2023-02-04,2022-23,BKN,WAS,125,123,248,1,2,1554.0154112941725,1518.2723762158284,35.743035078344064,116.33333333333333,116.0,0.3333333333333333,1.0,115.6,118.2,0.4,1.0,112.1,117.6,0.5,0.8,4,4,0,1,1.4297214031337626,173.45,4.233333333333334,-1.5999999999999943
22200801,2023-02-04,2022-23,DEN,ATL,128,108,236,1,20,1689.3089213188473,1527.6159607859163,161.692960532931,105.66666666666667,124.0,0.3333333333333333,0.6666666666666666,108.6,121.8,0.4,0.6,111.7,119.2,0.4,0.7,1,0,1,1,6.46771842131724,172.6,-6.033333333333331,4.799999999999997
2022200221,2023-02-04,2022-23,RAP,CLC,124,118,242,1,6,1538.719642482261,1558.0070709115155,-19.287428429254533,122.0,108.0,1.0,0.6666666666666666,117.4,110.2,0.6,0.8,117.9,109.8,0.6,0.8,1,1,0,1,-0.7714971371701813,171.9,4.099999999999994,-1.7999999999999972
22200794,2023-02-04,2022-23,DET,PHX,100,116,216,0,-16,1330.4438834183932,1509.7589094993555,-179.3150260809623,117.0,113.33333333333333,0.3333333333333333,0.6666666666666666,116.4,110.6,0.4,0.4,112.0,105.5,0.3,0.3,0,0,0,1,-7.172601043238492,171.75,5.0,7.833333333333329
2022200226,2023-02-04,2022-23,MHU,DEL,120,129,249,0,-9,1545.4810743715202,1580.7778196961942,-35.29674532467402,108.66666666666667,123.33333333333333,0.3333333333333333,0.6666666666666666,107.4,126.4,0.2,0.6,115.0,125.5,0.6,0.7,0,0,0,1,-1.411869812986961,173.45,-6.333333333333329,-2.1666666666666714
2022200228,2023-02-04,2022-23,SLC,RGV,131,125,256,1,6,1522.5463466738108,1561.1528728879987,-38.60652621418785,111.0,124.33333333333333,0.3333333333333333,1.0,113.6,120.8,0.6,0.6,116.5,121.7,0.6,0.5,3,2,1,1,-1.5442610485675141,173.6,-5.5,2.6333333333333258
2022200224,2023-02-04,2022-23,MNE,CPS,132,108,240,1,24,1474.0221299402376,1585.362440575651,-111.34031063541329,125.66666666666667,113.33333333333333,0.3333333333333333,0.6666666666666666,124.8,120.4,0.6,0.8,116.3,118.6,0.4,0.5,0,0,0,1,-4.453612425416532,176.3,9.366666666666674,-5.266666666666666
22200804,2023-02-05,2022-23,NYK,PHI,108,97,205,1,11,1478.9831508108186,1652.808203341085,-173.82505253026625,117.0,123.66666666666667,0.3333333333333333,1.0,118.4,120.8,0.4,1.0,116.0,118.7,0.5,0.8,0,1,-1,1,-6.95300210121065,174.8,1.0,4.966666666666669
2022200232,2023-02-05,2022-23,SXF,BHM,120,111,231,1,9,1560.7434229998037,1364.7486555310682,195.99476746873552,114.66666666666667,109.0,0.6666666666666666,0.6666666666666666,116.6,104.4,0.8,0.4,111.5,103.0,0.7,0.2,1,1,0,1,7.839790698749421,170.25,3.1666666666666714,6.0
22200806,2023-02-05,2022-23,MIN,DEN,128,98,226,1,30,1530.7575026498837,1706.5267063232081,-175.76920367332445,114.33333333333333,105.66666666666667,0.3333333333333333,0.3333333333333333,113.0,108.6,0.4,0.4,112.8,111.7,0.3,0.4,1,7,-6,1,-7.030768146932978,170.4,1.5333333333333314,-6.033333333333331
22200802,2023-02-05,2022-23,CHA,ORL,113,119,232,0,-6,1326.2166501172726,1491.768234080893,-165.5515839636205,108.33333333333333,113.33333333333333,0.0,0.6666666666666666,104.8,112.6,0.0,0.4,111.3,112.2,0.2,0.4,6,1,5,1,-6.622063358544819,169.35,-2.9666666666666686,1.1333333333333258
22200803,2023-02-05,2022-23,IND,CLE,103,122,225,0,-19,1424.3921130283009,1592.3396619512482,-167.94754892294736,109.0,105.33333333333333,0.0,0.3333333333333333,108.8,106.4,0.0,0.2,110.6,108.8,0.1,0.4,1,8,-7,1,-6.717901956917895,168.8,-1.5999999999999943,-3.4666666666666686
2022200229,2023-02-05,2022-23,OSC,MXC,121,122,243,0,-1,1532.0401435124024,1553.7515645334745,-21.711421021072056,111.33333333333333,110.0,0.3333333333333333,0.6666666666666666,112.6,114.4,0.6,0.4,112.6,117.3,0.6,0.5,5,6,-1,1,-0.8684568408428822,171.75,-1.2666666666666657,-7.299999999999997
2022200233,2023-02-05,2022-23,ONT,SBL,123,122,245,1,1,1498.561178212121,1593.0300741871629,-94.46889597504196,109.66666666666667,111.33333333333333,0.3333333333333333,0.3333333333333333,106.2,115.2,0.2,0.4,107.7,119.4,0.3,0.5,3,3,0,1,-3.778755839001678,170.35,1.9666666666666686,-8.066666666666677
22200805,2023-02-05,2022-23,MEM,TOR,103,106,209,0,-3,1536.9544991614587,1488.0089707367702,48.94552842468852,111.0,117.0,0.0,0.3333333333333333,108.6,118.2,0.0,0.4,116.7,118.9,0.4,0.4,3,1,2,1,1.9578211369875407,171.7,-5.700000000000003,-1.9000000000000057
22200807,2023-02-05,2022-23,NOP,SAC,136,104,240,1,32,1399.5453851301786,1559.212325048471,-159.66693991829243,109.66666666666667,113.66666666666667,0.0,0.6666666666666666,107.0,113.4,0.0,0.6,111.7,117.0,0.2,0.7,0,1,-1,1,-6.3866775967316975,170.1,-2.0333333333333314,-3.3333333333333286
2022200231,2023-02-05,2022-23,IWA,AUS,141,110,251,1,31,1371.4373209177884,1435.0538699553583,-63.61654903756994,103.33333333333333,110.33333333333333,0.3333333333333333,0.3333333333333333,109.8,108.4,0.2,0.2,115.6,108.9,0.2,0.3,0,0,0,1,-2.5446619615027974,169.55,-12.266666666666666,1.433333333333323
2022200230,2023-02-05,2022-23,GBO,WCB,133,122,255,1,11,1435.5247073423475,1489.1348078601513,-53.61010051780386,109.33333333333333,128.0,0.3333333333333333,0.6666666666666666,111.4,123.4,0.4,0.8,111.8,119.5,0.4,0.5,1,1,0,1,-2.1444040207121544,173.7,-2.4666666666666686,8.5
2022200234,2023-02-06,2022-23,FWN,CCG,123,126,249,0,-3,1582.440795076839,1505.2036162549973,77.23717882184178,122.0,108.66666666666667,0.6666666666666666,0.3333333333333333,125.6,106.8,0.8,0.4,123.2,113.6,0.8,0.5,1,1,0,1,3.089487152873671,173.1,-1.2000000000000028,-4.933333333333323
22200810,2023-02-06,2022-23,BKN,LAC,116,124,240,0,-8,1563.87528829367,1538.218488114165,25.656800179505126,116.33333333333333,115.66666666666667,0.3333333333333333,0.6666666666666666,115.6,113.2,0.4,0.6,112.1,116.0,0.5,0.6,1,1,0,1,1.026272007180205,172.2,4.233333333333334,-0.3333333333333286
2022200236,2023-02-06,2022-23,CPS,WES,126,112,238,1,14,1543.1975599898205,1472.3089798886028,70.88858010121771,112.33333333333333,115.66666666666667,0.3333333333333333,0.6666666666666666,115.4,113.4,0.6,0.6,119.0,111.1,0.5,0.5,7,4,3,1,2.8355432040487085,172.2,-6.666666666666671,4.566666666666677
22200809,2023-02-06,2022-23,WAS,CLE,91,114,205,0,-23,1508.4124992163308,1608.84746620347,-100.4349669871392,121.0,111.66666666666667,0.6666666666666666,0.6666666666666666,119.6,110.4,0.8,0.4,117.4,110.7,0.7,0.4,2,0,2,1,-4.017398679485568,172.5,3.5999999999999943,0.9666666666666686
2022200238,2023-02-06,2022-23,RAP,MNE,112,115,227,0,-3,1559.2578820111955,1516.187010526068,43.070871485127554,122.0,125.66666666666667,1.0,0.3333333333333333,117.4,124.8,0.6,0.6,119.3,118.4,0.6,0.5,1,4,-3,1,1.7228348594051022,175.55,2.700000000000003,7.266666666666666
22200814,2023-02-06,2022-23,GSW,OKC,141,114,255,1,27,1542.7441214311243,1567.8199320224594,-25.075810591335085,119.66666666666667,106.66666666666667,0.3333333333333333,0.3333333333333333,119.4,111.2,0.4,0.6,119.3,114.2,0.4,0.4,1,4,-3,1,-1.0030324236534034,172.65,0.36666666666667425,-7.533333333333331
2022200235,2023-02-06,2022-23,CLC,DEL,99,110,209,0,-11,1537.468831382581,1601.4724384676288,-64.00360708504786,110.0,127.66666666666667,0.3333333333333333,0.6666666666666666,109.4,129.6,0.6,0.8,110.5,126.3,0.7,0.7,11,1,10,1,-2.5601442834019146,174.75,-0.5,1.3666666666666742
22200815,2023-02-06,2022-23,POR,MIL,108,127,235,0,-19,1501.9627023248172,1629.9014744253225,-127.93877210050528,122.33333333333333,131.0,0.6666666666666666,0.6666666666666666,117.0,118.0,0.4,0.4,110.7,115.0,0.2,0.5,6,9,-3,1,-5.117550884020211,173.75,11.633333333333326,16.0
22200813,2023-02-06,2022-23,UTA,DAL,111,124,235,0,-13,1485.948056352729,1452.7110653342663,33.23699101846273,122.66666666666667,104.0,0.3333333333333333,0.3333333333333333,123.4,110.8,0.4,0.2,119.6,112.0,0.3,0.4,2,1,1,1,1.3294796407385092,173.55,3.066666666666677,-8.0
2022200237,2023-02-06,2022-23,MCC,STO,102,116,218,0,-14,1461.8155671539366,1606.6809511939796,-144.86538404004295,117.33333333333333,112.66666666666667,0.3333333333333333,0.3333333333333333,115.0,113.6,0.4,0.6,110.9,114.6,0.2,0.7,11,1,10,1,-5.794615361601718,172.15,6.433333333333323,-1.933333333333323
22200811,2023-02-06,2022-23,CHI,SAS,128,104,232,1,24,1540.4457046157636,1248.2818136657008,292.16389095006275,111.33333333333333,110.33333333333333,0.3333333333333333,0.0,111.4,114.6,0.4,0.0,114.4,113.4,0.5,0.0,1,10,-9,1,11.68655563800251,171.5,-3.066666666666677,-3.066666666666677
22200808,2023-02-06,2022-23,DET,BOS,99,111,210,0,-12,1315.5607935268822,1624.9904778145046,-309.4296842876224,117.0,99.66666666666667,0.3333333333333333,0.3333333333333333,116.4,110.2,0.4,0.6,112.0,113.3,0.3,0.6,1,12,-11,1,-12.377187371504897,171.65,5.0,-13.633333333333326
22200812,2023-02-06,2022-23,HOU,SAC,120,140,260,0,-20,1264.3312814373528,1509.221909500737,-244.89062806338416,114.0,109.0,0.3333333333333333,0.3333333333333333,114.8,111.0,0.2,0.4,112.7,115.0,0.1,0.6,2,0,2,1,-9.795625122535366,171.45,1.2999999999999972,-6.0
22200816,2023-02-07,2022-23,ORL,NYK,98,102,200,0,-4,1502.598531735227,1515.321429545964,-12.722897810737095,113.33333333333333,117.0,0.6666666666666666,0.3333333333333333,112.8,118.4,0.6,0.4,112.6,116.0,0.4,0.5,9,9,0,1,-0.5089159124294838,172.8,0.7333333333333343,1.0
2022200241,2023-02-07,2022-23,WIS,SCW,104,122,226,0,-18,1347.9428577139447,1492.743368169448,-144.8005104555034,116.0,118.0,0.0,0.3333333333333333,120.6,122.2,0.0,0.4,116.0,121.7,0.1,0.5,3,8,-5,1,-5.792020418220136,175.7,0.0,-3.700000000000003
22200821,2023-02-07,2022-23,LAL,OKC,130,133,263,0,-3,1458.4110450767137,1532.0970693912432,-73.6860243145295,122.33333333333333,107.0,0.6666666666666666,0.3333333333333333,118.4,109.2,0.4,0.4,120.9,114.2,0.6,0.4,12,0,12,1,-2.9474409725811803,171.9,1.433333333333323,-7.200000000000003
22200818,2023-02-07,2022-23,NOP,ATL,116,107,223,1,9,1449.5358006779127,1510.3981757815554,-60.86237510364276,109.66666666666667,118.33333333333333,0.0,0.6666666666666666,107.0,123.4,0.0,0.6,111.7,118.6,0.2,0.7,1,2,-1,1,-2.4344950041457105,172.6,-2.0333333333333314,-0.2666666666666657
22200820,2023-02-07,2022-23,DEN,MIN,146,112,258,1,34,1656.1587677597502,1581.1254412133417,75.03332654640849,105.33333333333333,114.33333333333333,0.0,0.3333333333333333,106.0,113.0,0.4,0.4,110.9,112.8,0.4,0.3,2,12,-10,1,3.0013330618563394,169.75,-5.566666666666677,1.5333333333333314
2022200240,2023-02-07,2022-23,LIN,SXF,112,92,204,1,20,1695.2858533033996,1572.0024507695946,123.28340253380497,116.0,114.66666666666667,1.0,0.6666666666666666,119.4,116.6,0.8,0.8,118.9,111.4,0.8,0.8,2,24,-22,1,4.931336101352199,174.0,-2.9000000000000057,3.2666666666666657
22200819,2023-02-07,2022-23,MEM,CHI,104,89,193,1,15,1521.151409703875,1550.543525761116,-29.392116057240855,111.0,111.33333333333333,0.0,0.3333333333333333,108.6,111.4,0.0,0.4,116.7,114.4,0.4,0.5,1,9,-8,1,-1.1756846422896343,170.0,-5.700000000000003,-3.066666666666677
2022200242,2023-02-07,2022-23,MHU,BHM,129,99,228,1,30,1524.7864556000857,1353.4896277612772,171.29682783880844,108.66666666666667,107.66666666666667,0.3333333333333333,0.3333333333333333,107.4,105.4,0.2,0.4,114.1,103.7,0.5,0.2,2,1,1,1,6.851873113552338,168.2,-5.433333333333323,3.9666666666666686
22200817,2023-02-07,2022-23,BKN,PHX,112,116,228,0,-4,1540.2834185183247,1524.6419993908664,15.64141912745822,116.33333333333333,116.66666666666667,0.3333333333333333,1.0,115.6,114.4,0.4,0.6,112.1,106.9,0.5,0.4,0,2,-2,1,0.6256567650983288,172.5,4.233333333333334,9.766666666666666
2022200239,2023-02-07,2022-23,IWA,MXC,113,114,227,0,-1,1412.3705709417038,1560.2504481967298,-147.87987725502603,103.33333333333333,118.66666666666667,0.3333333333333333,1.0,109.8,114.4,0.2,0.6,117.4,116.9,0.3,0.6,1,1,0,1,-5.915195090201041,171.05,-14.066666666666677,1.7666666666666657
2022200249,2023-02-08,2022-23,LIN,SXF,130,95,225,1,35,1715.359629909508,1551.9286741634862,163.4309557460217,116.0,108.0,1.0,0.3333333333333333,119.4,112.0,0.8,0.6,120.2,111.4,0.8,0.7,0,0,0,1,6.537238229840868,172.85,-4.200000000000003,-3.4000000000000057
22200822,2023-02-08,2022-23,CLE,DET,113,85,198,1,28,1631.6886702223524,1308.1659163251486,323.52275389720376,112.0,117.0,0.6666666666666666,0.3333333333333333,110.4,116.4,0.6,0.4,111.3,112.0,0.5,0.3,5,8,-3,1,12.940910155888151,171.7,0.7000000000000028,5.0
22200823,2023-02-08,2022-23,WAS,CHA,118,104,222,1,14,1485.5712951974485,1315.3863524629387,170.18494273450983,121.0,108.33333333333333,0.6666666666666666,0.0,119.6,104.8,0.8,0.0,117.4,111.3,0.7,0.2,1,4,-3,1,6.8073977093803935,171.1,3.5999999999999943,-2.9666666666666686
2022200245,2023-02-08,2022-23,FWN,OKL,133,119,252,1,14,1565.5458135459774,1481.0951224775577,84.4506910684197,122.0,120.66666666666667,0.6666666666666666,0.6666666666666666,125.6,119.4,0.8,0.6,122.6,114.3,0.7,0.4,1,5,-4,1,3.378027642736788,176.25,-0.5999999999999943,6.366666666666674
2022200247,2023-02-08,2022-23,GRG,STO,92,119,211,0,-27,1362.1479974870576,1623.081904938867,-260.9339074518093,103.0,114.33333333333333,0.0,0.6666666666666666,104.4,114.4,0.2,0.6,99.9,115.3,0.3,0.8,18,1,17,1,-10.437356298072373,169.7,3.0999999999999943,-0.9666666666666686
22200828,2023-02-08,2022-23,UTA,MIN,118,143,261,0,-25,1457.0405351623892,1553.13302093275,-96.09248577036078,122.66666666666667,112.33333333333333,0.3333333333333333,0.3333333333333333,123.4,114.6,0.4,0.2,119.6,112.8,0.3,0.2,1,0,1,1,-3.843699430814431,174.5,3.066666666666677,-0.46666666666666856
22200825,2023-02-08,2022-23,MIA,IND,116,111,227,1,5,1533.8316787961885,1407.884308776079,125.94737002010947,106.33333333333333,109.0,0.3333333333333333,0.0,105.2,108.8,0.2,0.0,108.6,110.6,0.4,0.1,11,9,2,1,5.037894800804379,168.5,-2.2666666666666657,-1.5999999999999943
2022200244,2023-02-08,2022-23,RAP,MNE,117,126,243,0,-9,1543.6851277881847,1531.7597647490788,11.925363039105832,122.0,120.0,1.0,0.3333333333333333,117.4,122.6,0.6,0.6,121.0,118.8,0.6,0.6,1,1,0,1,0.4770145215642333,175.0,1.0,1.2000000000000028
2022200250,2023-02-08,2022-23,AUS,GLI,99,106,205,0,-7,1394.120619931443,1397.0554893217034,-2.9348693902604737,118.0,109.33333333333333,0.3333333333333333,0.3333333333333333,105.4,114.6,0.2,0.6,106.8,113.7,0.2,0.4,5,3,2,1,-0.11739477561041894,170.0,11.200000000000003,-4.366666666666674
22200827,2023-02-08,2022-23,HOU,SAC,128,130,258,0,-2,1252.379656467064,1521.1735344710257,-268.7938780039617,114.0,116.0,0.3333333333333333,0.3333333333333333,114.8,117.0,0.2,0.6,112.7,116.8,0.1,0.6,1,1,0,1,-10.75175512015847,172.95,1.2999999999999972,-0.7999999999999972
22200826,2023-02-08,2022-23,TOR,SAS,112,98,210,1,14,1503.8120601943538,1238.1839925203485,265.62806767400525,117.0,102.66666666666667,0.6666666666666666,0.0,116.0,112.8,0.6,0.0,118.1,112.1,0.5,0.0,16,1,15,1,10.62512270696021,172.2,-1.0999999999999943,-9.433333333333323
2022200243,2023-02-08,2022-23,CLC,DEL,112,122,234,0,-10,1517.1463014065414,1621.7949684436683,-104.64866703712687,110.0,123.0,0.3333333333333333,0.6666666666666666,109.4,121.8,0.6,0.8,109.8,122.0,0.7,0.7,1,1,0,1,-4.185946681485075,172.8,0.20000000000000284,1.0
2022200248,2023-02-08,2022-23,GBO,SLC,119,128,247,0,-9,1464.177898051955,1544.158858952449,-79.98096090049398,109.33333333333333,111.0,0.3333333333333333,0.3333333333333333,111.4,113.6,0.4,0.6,112.8,117.8,0.4,0.6,2,12,-10,1,-3.199238436019759,171.25,-3.4666666666666686,-6.799999999999997
22200829,2023-02-08,2022-23,LAC,DAL,104,110,214,0,-6,1561.8103578895104,1481.6185865246061,80.1917713649043,121.0,112.33333333333333,0.6666666666666666,0.3333333333333333,114.0,111.8,0.6,0.4,116.9,111.8,0.7,0.4,12,1,11,1,3.207670854596172,171.45,4.099999999999994,0.5333333333333314
2022200246,2023-02-08,2022-23,CPS,WES,121,107,228,1,14,1564.8281432569354,1450.678396621488,114.1497466354474,112.33333333333333,113.66666666666667,0.3333333333333333,0.6666666666666666,115.4,115.2,0.6,0.4,119.6,112.6,0.6,0.5,1,1,0,1,4.565989865417896,172.65,-7.266666666666666,1.066666666666677
22200824,2023-02-08,2022-23,BOS,PHI,106,99,205,1,7,1632.3853550162382,1616.4699246059395,15.915430410298768,101.33333333333333,121.0,0.3333333333333333,0.6666666666666666,108.0,117.6,0.6,0.8,113.3,117.3,0.7,0.8,4,2,2,1,0.6366172164119507,171.4,-11.966666666666669,3.700000000000003
22200830,2023-02-08,2022-23,POR,GSW,125,122,247,1,3,1482.5638083780605,1578.4669840623405,-95.90317568428009,122.33333333333333,119.66666666666667,0.6666666666666666,0.3333333333333333,117.0,119.4,0.4,0.4,110.7,119.3,0.2,0.4,1,5,-4,1,-3.8361270273712034,174.1,11.633333333333326,0.36666666666667425
2022200252,2023-02-09,2022-23,WCB,SCW,116,112,228,1,4,1460.4816171505438,1510.580622985342,-50.09900583479816,127.33333333333333,119.66666666666667,0.3333333333333333,0.6666666666666666,123.6,122.2,0.6,0.6,120.6,121.6,0.5,0.5,20,1,19,1,-2.0039602333919264,176.45,6.733333333333334,-1.933333333333323
2022200253,2023-02-09,2022-23,ONT,SBL,117,122,239,0,-5,1507.3322280209363,1584.2590243783475,-76.92679635741115,109.66666666666667,116.66666666666667,0.3333333333333333,0.3333333333333333,106.2,116.2,0.2,0.4,109.3,118.9,0.4,0.4,3,3,0,1,-3.077071854296446,170.6,0.36666666666667425,-2.2333333333333343
22200833,2023-02-09,2022-23,BKN,CHI,116,105,221,1,11,1523.464965621114,1520.4776825158967,2.9872831052173296,116.33333333333333,104.33333333333333,0.3333333333333333,0.3333333333333333,115.6,109.8,0.4,0.4,112.1,112.3,0.5,0.4,1,1,0,1,0.11949132420869318,171.35,4.233333333333334,-7.966666666666669
22200834,2023-02-09,2022-23,LAL,MIL,106,115,221,0,-9,1447.4449261812651,1649.3003683720792,-201.85544219081407,122.33333333333333,139.33333333333334,0.6666666666666666,1.0,118.4,123.0,0.4,0.6,120.9,115.9,0.6,0.6,1,2,-1,1,-8.074217687632563,175.35,1.433333333333323,23.433333333333337
22200832,2023-02-09,2022-23,ATL,PHX,116,107,223,1,9,1483.379507186278,1541.460452288077,-58.08094510179899,110.0,112.66666666666667,0.3333333333333333,1.0,117.4,114.4,0.4,0.8,118.1,108.1,0.6,0.5,11,1,10,1,-2.3232378040719595,172.95,-8.099999999999994,4.566666666666677
2022200251,2023-02-09,2022-23,MHU,MXC,111,99,210,1,12,1543.4460724717417,1564.397791235841,-20.95171876409927,108.66666666666667,116.66666666666667,0.3333333333333333,1.0,107.4,113.2,0.2,0.8,113.8,115.5,0.5,0.6,1,1,0,1,-0.8380687505639708,170.15,-5.133333333333326,1.1666666666666714
22200831,2023-02-09,2022-23,ORL,DEN,115,104,219,1,11,1487.0932565159796,1684.1511880403418,-197.05793152436217,113.33333333333333,105.33333333333333,0.6666666666666666,0.0,112.8,106.0,0.6,0.4,112.6,110.9,0.4,0.4,1,3,-2,1,-7.882317260974487,169.7,0.7333333333333343,-5.566666666666677
2022200255,2023-02-09,2022-23,IWA,TEX,121,130,251,0,-9,1408.2232279025927,1395.1842593676668,13.03896853492597,103.33333333333333,110.33333333333333,0.3333333333333333,0.0,109.8,114.6,0.2,0.4,116.0,113.8,0.2,0.3,1,8,-7,1,0.5215587413970388,171.1,-12.666666666666671,-3.4666666666666686
2022200254,2023-02-09,2022-23,GRG,STO,113,97,210,1,16,1350.0108402811634,1635.2190621447612,-285.2082218635978,103.0,113.33333333333333,0.0,0.6666666666666666,104.4,114.6,0.2,0.6,99.9,115.1,0.3,0.8,0,0,0,1,-11.408328874543914,169.75,3.0999999999999943,-1.7666666666666657
2022200258,2023-02-10,2022-23,OSC,SLC,115,124,239,0,-9,1525.541259849147,1561.9757639747852,-36.434504125638114,111.33333333333333,118.66666666666667,0.3333333333333333,0.6666666666666666,112.6,117.2,0.6,0.6,112.6,117.1,0.6,0.6,4,1,3,1,-1.4573801650255245,172.45,-1.2666666666666657,1.566666666666677
2022200256,2023-02-10,2022-23,CCG,WIS,130,141,271,0,-11,1522.098597785859,1330.1056028980508,191.9929948878082,116.0,116.0,0.3333333333333333,0.0,112.6,120.6,0.6,0.0,116.4,114.9,0.6,0.0,8,10,-2,1,7.679719795512328,173.3,-0.4000000000000057,1.0999999999999943
2022200261,2023-02-10,2022-23,WES,SXF,96,114,210,0,-18,1432.188282897774,1531.8077912794665,-99.61950838169264,111.33333333333333,105.33333333333333,0.3333333333333333,0.3333333333333333,113.2,106.2,0.4,0.4,110.8,110.4,0.4,0.6,11,1,10,1,-3.984780335267706,169.85,0.5333333333333314,-5.066666666666677
22200840,2023-02-10,2022-23,MIA,HOU,97,95,192,1,2,1545.5243573374064,1248.5240482230038,297.0003091144026,106.33333333333333,114.0,0.3333333333333333,0.3333333333333333,105.2,114.8,0.2,0.2,108.6,112.7,0.4,0.1,1,5,-4,1,11.880012364576105,170.0,-2.2666666666666657,1.2999999999999972
22200835,2023-02-10,2022-23,DET,SAS,138,131,269,1,7,1299.1126207734749,1228.5363678943766,70.57625287909832,106.66666666666667,100.66666666666667,0.3333333333333333,0.0,109.0,106.6,0.2,0.0,111.2,110.6,0.3,0.0,3,1,2,1,2.823050115163933,168.9,-4.533333333333331,-9.933333333333323
2022200262,2023-02-10,2022-23,AUS,GLI,116,82,198,1,34,1373.5018556116884,1417.6742536414579,-44.17239802976951,118.0,109.0,0.3333333333333333,0.6666666666666666,105.4,110.6,0.2,0.6,105.3,112.0,0.2,0.4,1,1,0,1,-1.7668959211907804,169.0,12.700000000000003,-3.0
2022200260,2023-02-10,2022-23,MCC,OKL,117,113,230,1,4,1445.4146134090493,1460.4703980640832,-15.055784655033904,117.33333333333333,118.66666666666667,0.3333333333333333,0.3333333333333333,115.0,119.6,0.4,0.4,110.9,114.3,0.2,0.3,3,1,2,1,-0.6022313862013562,173.65,6.433333333333323,4.366666666666674
22200837,2023-02-10,2022-23,PHI,NYK,119,108,227,1,11,1596.6274000993365,1530.8267047652114,65.80069533412507,111.0,112.33333333333333,0.3333333333333333,0.6666666666666666,113.4,115.4,0.6,0.4,115.6,114.1,0.8,0.6,8,2,6,1,2.632027813365003,172.2,-4.599999999999994,-1.7666666666666657
22200841,2023-02-10,2022-23,MEM,MIN,128,107,235,1,21,1551.2172529490942,1576.925807969315,-25.70855502022073,111.0,122.0,0.0,0.6666666666666666,108.6,119.6,0.0,0.4,116.7,116.2,0.4,0.3,2,1,1,1,-1.0283422008088292,172.05,-5.700000000000003,5.799999999999997
2022200257,2023-02-10,2022-23,GBO,FWN,138,137,275,1,1,1446.3609930296188,1586.1705379594518,-139.809544929833,109.33333333333333,122.0,0.3333333333333333,0.6666666666666666,111.4,125.6,0.4,0.8,111.4,126.8,0.3,0.8,1,12,-11,1,-5.592381797193321,174.25,-2.066666666666677,-4.799999999999997
22200842,2023-02-10,2022-23,NOP,CLE,107,118,225,0,-11,1476.55446927319,1640.741965774026,-164.187496500836,109.66666666666667,112.0,0.0,0.6666666666666666,107.0,110.4,0.0,0.6,111.7,111.3,0.2,0.5,2,3,-1,1,-6.56749986003344,169.35,-2.0333333333333314,0.7000000000000028
2022200259,2023-02-10,2022-23,MNE,CLC,110,84,194,1,26,1555.5756436975244,1500.1791111083628,55.39653258916155,122.33333333333333,110.0,0.6666666666666666,0.3333333333333333,123.6,109.4,0.6,0.6,119.9,109.4,0.6,0.6,5,5,0,1,2.215861303566462,173.25,2.433333333333323,0.5999999999999943
22200845,2023-02-10,2022-23,LAC,MIL,106,119,225,0,-13,1537.937985170544,1660.2748990471744,-122.33691387663043,121.0,127.66666666666667,0.6666666666666666,1.0,114.0,127.0,0.6,0.8,116.9,116.1,0.7,0.7,1,0,1,1,-4.8934765550652175,175.25,4.099999999999994,11.566666666666677
22200843,2023-02-10,2022-23,POR,OKC,129,138,267,0,-9,1500.1590474375048,1543.0631882866917,-42.90414084918689,122.33333333333333,117.66666666666667,0.6666666666666666,0.3333333333333333,117.0,113.4,0.4,0.4,110.7,116.2,0.2,0.5,1,2,-1,1,-1.7161656339674756,172.6,11.633333333333326,1.4666666666666686
22200839,2023-02-10,2022-23,TOR,UTA,116,122,238,0,-6,1513.4596848203257,1433.2477481258243,80.21193669450145,117.0,122.66666666666667,0.6666666666666666,0.3333333333333333,116.0,123.4,0.6,0.4,118.1,119.6,0.5,0.3,1,15,-14,1,3.208477467780058,174.85,-1.0999999999999943,3.066666666666677
22200838,2023-02-10,2022-23,BOS,CHA,127,116,243,1,11,1652.2278795228412,1300.602640561137,351.6252389617043,101.33333333333333,104.66666666666667,0.3333333333333333,0.0,108.0,105.2,0.6,0.0,113.3,110.6,0.7,0.2,1,1,0,1,14.065009558468173,168.3,-11.966666666666669,-5.933333333333323
22200836,2023-02-10,2022-23,IND,PHX,104,117,221,0,-13,1396.1916302348611,1514.6208212412337,-118.42919100637255,110.33333333333333,113.0,0.0,0.6666666666666666,109.8,114.6,0.0,0.8,110.6,110.5,0.0,0.5,4,0,4,1,-4.737167640254902,171.1,-0.2666666666666657,2.5
22200844,2023-02-10,2022-23,SAC,DAL,114,122,236,0,-8,1525.029142715086,1505.4909592435727,19.53818347151332,124.66666666666667,115.66666666666667,0.6666666666666666,0.6666666666666666,119.4,109.2,0.6,0.6,119.0,111.7,0.7,0.4,15,1,14,1,0.7815273388605328,172.15,5.666666666666671,3.9666666666666686
2022200265,2023-02-11,2022-23,OSC,SLC,126,116,242,1,10,1504.9212466770227,1582.5957771469095,-77.6745304698868,111.33333333333333,122.66666666666667,0.3333333333333333,1.0,112.6,117.0,0.6,0.6,112.6,116.4,0.6,0.6,0,0,0,1,-3.106981218795472,172.4,-1.2666666666666657,6.266666666666666
22200850,2023-02-11,2022-23,ATL,SAS,125,106,231,1,19,1510.2191382331214,1211.9088645006743,298.31027373244706,110.0,111.0,0.3333333333333333,0.0,117.4,107.4,0.4,0.0,118.1,112.3,0.6,0.0,1,0,1,1,11.932410949297882,171.2,-8.099999999999994,-1.2999999999999972
2022200268,2023-02-11,2022-23,AUS,BHM,113,120,233,0,-7,1413.551349503134,1334.8300108896212,78.72133861351267,118.0,103.0,0.3333333333333333,0.0,105.4,107.4,0.2,0.4,107.0,103.4,0.3,0.2,0,3,-3,1,3.148853544540507,168.2,11.0,-0.4000000000000057
2022200267,2023-02-11,2022-23,MCC,OKL,99,95,194,1,4,1462.2059906389134,1443.679020834219,18.526969804694318,117.33333333333333,115.66666666666667,0.3333333333333333,0.3333333333333333,115.0,118.8,0.4,0.4,110.9,115.1,0.2,0.3,0,0,0,1,0.7410787921877727,173.45,6.433333333333323,0.5666666666666771
22200853,2023-02-11,2022-23,GSW,LAL,103,109,212,0,-6,1560.8717450028962,1436.47039550617,124.4013494967262,117.66666666666667,122.33333333333333,0.0,0.6666666666666666,120.2,118.4,0.4,0.4,122.1,120.9,0.4,0.6,4,6,-2,1,4.9760539798690475,174.65,-4.433333333333323,1.433333333333323
2022200264,2023-02-11,2022-23,CPS,LIN,107,120,227,0,-13,1583.3182569806495,1735.4805127935276,-152.16225581287813,112.33333333333333,116.0,0.3333333333333333,1.0,115.4,119.4,0.6,0.8,119.4,120.1,0.6,0.8,2,12,-10,1,-6.086490232515125,173.7,-7.066666666666677,-4.099999999999994
2022200269,2023-02-11,2022-23,WCB,SCW,98,112,210,0,-14,1478.88079769523,1492.1814424406557,-13.300644745425643,127.33333333333333,117.33333333333333,0.3333333333333333,0.3333333333333333,123.6,117.6,0.6,0.4,120.6,120.3,0.5,0.4,1,1,0,1,-0.5320257898170258,175.3,6.733333333333334,-2.9666666666666686
22200846,2023-02-11,2022-23,BKN,PHI,98,101,199,0,-3,1548.1003828255934,1616.8257829366328,-68.72540011103933,116.33333333333333,111.0,0.3333333333333333,0.3333333333333333,115.6,113.4,0.4,0.6,112.1,115.6,0.5,0.8,1,2,-1,1,-2.7490160044415735,172.25,4.233333333333334,-4.599999999999994
2022200270,2023-02-11,2022-23,TEX,GLI,107,89,196,1,18,1419.0738458625196,1377.6247597500123,41.4490861125073,110.33333333333333,98.33333333333333,0.3333333333333333,0.3333333333333333,119.8,103.2,0.4,0.4,115.2,109.3,0.4,0.4,12,0,12,1,1.6579634445002922,170.75,-4.866666666666674,-10.966666666666669
22200848,2023-02-11,2022-23,ORL,MIA,103,107,210,0,-4,1524.6969515092692,1548.8906452669041,-24.193693757634946,113.33333333333333,106.33333333333333,0.6666666666666666,0.3333333333333333,112.8,105.2,0.6,0.2,112.6,108.6,0.4,0.4,1,6,-5,1,-0.9677477503053978,169.5,0.7333333333333343,-2.2666666666666657
22200849,2023-02-11,2022-23,WAS,IND,127,113,240,1,14,1500.3550070992503,1378.463785070923,121.89122202832732,121.0,110.33333333333333,0.6666666666666666,0.0,119.6,109.8,0.8,0.0,117.4,110.6,0.7,0.0,2,2,0,1,4.875648881133093,172.35,3.5999999999999943,-0.2666666666666657
22200851,2023-02-11,2022-23,NYK,UTA,126,120,246,1,6,1510.628321927915,1457.1211921526,53.50712977531498,108.33333333333333,124.0,0.3333333333333333,0.6666666666666666,112.2,121.6,0.4,0.4,113.4,121.9,0.6,0.4,5,0,5,1,2.140285191012599,173.45,-5.066666666666677,2.0999999999999943
2022200266,2023-02-11,2022-23,MNE,CLC,116,105,221,1,11,1583.3230804571624,1472.4316743487248,110.89140610843765,122.33333333333333,100.66666666666667,0.6666666666666666,0.0,123.6,105.2,0.6,0.4,120.3,107.9,0.7,0.6,0,0,0,1,4.435656244337506,172.2,2.0333333333333314,-7.233333333333334
22200852,2023-02-11,2022-23,CLE,CHI,97,89,186,1,8,1654.6506550942856,1495.8422653114173,158.8083897828683,118.0,107.33333333333333,1.0,0.3333333333333333,113.4,105.6,0.8,0.2,111.9,111.0,0.5,0.3,2,1,1,1,6.3523355913147315,169.75,6.099999999999994,-3.6666666666666714
22200854,2023-02-11,2022-23,SAC,DAL,133,128,261,1,5,1501.8225795067633,1528.6975224518953,-26.874942945132034,124.66666666666667,118.66666666666667,0.6666666666666666,1.0,119.4,113.8,0.6,0.6,119.0,113.0,0.7,0.5,0,0,0,1,-1.0749977178052814,173.3,5.666666666666671,5.666666666666671
2022200263,2023-02-11,2022-23,DEL,WIS,166,139,305,1,27,1638.7621587418469,1367.4404932481564,271.3216654936905,120.33333333333333,119.66666666666667,1.0,0.3333333333333333,123.0,124.2,0.8,0.2,124.1,118.8,0.8,0.1,17,0,17,1,10.85286661974762,176.8,-3.7666666666666657,0.8666666666666742
22200847,2023-02-11,2022-23,CHA,DEN,105,119,224,0,-14,1294.8031718623608,1646.5474930470523,-351.74432118469144,110.66666666666667,107.0,0.0,0.0,109.0,103.8,0.0,0.2,110.2,109.2,0.2,0.3,5,1,4,1,-14.069772847387657,168.2,0.46666666666666856,-2.200000000000003
22200855,2023-02-12,2022-23,BOS,MEM,119,109,228,1,10,1658.0273482216173,1584.4107343079952,73.61661391362213,101.33333333333333,111.0,0.3333333333333333,0.0,108.0,108.6,0.6,0.0,113.3,116.7,0.7,0.4,1,9,-8,1,2.9446645565448852,169.15,-11.966666666666669,-5.700000000000003
2022200271,2023-02-12,2022-23,FWN,SBL,102,124,226,0,-22,1576.5912146551839,1598.2730109083357,-21.681796253151788,127.33333333333333,117.66666666666667,0.3333333333333333,0.3333333333333333,124.8,115.6,0.6,0.4,127.2,119.4,0.7,0.5,3,2,1,1,-0.8672718501260716,175.1,0.13333333333332575,-1.7333333333333343
2022200272,2023-02-12,2022-23,WES,RAP,123,124,247,0,-1,1410.9624255049469,1519.8692488397392,-108.9068233347923,111.33333333333333,122.0,0.3333333333333333,1.0,113.2,117.4,0.4,0.6,110.7,119.1,0.4,0.5,1,21,-20,1,-4.3562729333916925,172.65,0.6333333333333258,2.9000000000000057
2022200273,2023-02-12,2022-23,IWA,STO,108,132,240,0,-24,1384.3336414077398,1587.7469619481833,-203.41332054044346,103.33333333333333,110.66666666666667,0.3333333333333333,0.6666666666666666,109.8,111.8,0.2,0.6,115.3,113.5,0.2,0.7,2,2,0,1,-8.136532821617738,170.4,-11.966666666666669,-2.8333333333333286
22200856,2023-02-12,2022-23,TOR,DET,119,118,237,1,1,1489.58624079355,1315.740124167177,173.8461166263728,117.0,106.66666666666667,0.6666666666666666,0.3333333333333333,116.0,109.0,0.6,0.2,118.1,111.2,0.5,0.3,1,3,-2,1,6.953844665054913,171.25,-1.0999999999999943,-4.533333333333331
22200859,2023-02-13,2022-23,IND,UTA,117,123,240,0,-6,1360.5124570225075,1440.635437075444,-80.12298005293655,108.0,122.0,0.0,0.3333333333333333,110.2,122.0,0.0,0.4,112.6,121.3,0.0,0.3,2,1,1,1,-3.204919202117462,173.05,-4.599999999999994,0.7000000000000028
22200858,2023-02-13,2022-23,CLE,SAS,117,109,226,1,8,1667.225210941534,1202.7880204099617,464.43719053157224,118.0,111.66666666666667,1.0,0.0,113.4,107.8,0.8,0.0,111.9,112.6,0.5,0.0,1,1,0,1,18.57748762126289,170.3,6.099999999999994,-0.9333333333333229
22200860,2023-02-13,2022-23,PHI,HOU,123,104,227,1,19,1627.9817452737439,1245.157760293506,382.8239849802378,99.0,111.0,0.3333333333333333,0.3333333333333333,112.6,113.8,0.6,0.2,114.2,112.0,0.8,0.1,2,2,0,1,15.312959399209513,171.6,-15.200000000000003,-1.0
2022200278,2023-02-13,2022-23,GRG,WCB,112,115,227,0,-3,1397.4829404777413,1452.8364943308532,-55.35355385311186,103.0,127.33333333333333,0.0,0.3333333333333333,104.4,123.6,0.2,0.6,99.9,120.6,0.3,0.5,3,7,-4,1,-2.2141421541244743,172.0,3.0999999999999943,6.733333333333334
2022200279,2023-02-13,2022-23,MCC,GBO,119,104,223,1,15,1477.4429510645662,1455.9403163338868,21.502634730679347,117.33333333333333,109.33333333333333,0.3333333333333333,0.3333333333333333,115.0,111.4,0.4,0.4,110.9,113.3,0.2,0.4,1,15,-14,1,0.8601053892271738,171.6,6.433333333333323,-3.9666666666666686
22200862,2023-02-13,2022-23,NYK,BKN,124,106,230,1,18,1527.114077005071,1536.9444204884824,-9.830343483411298,108.33333333333333,116.33333333333333,0.3333333333333333,0.3333333333333333,112.2,115.6,0.4,0.4,113.4,112.1,0.6,0.5,1,11,-10,1,-0.39321373933645193,171.95,-5.066666666666677,4.233333333333334
2022200276,2023-02-13,2022-23,OKL,MHU,113,133,246,0,-20,1428.4420604085662,1570.6404581476327,-142.19839773906642,109.0,108.66666666666667,0.0,0.3333333333333333,112.8,107.4,0.2,0.2,115.1,112.9,0.3,0.6,8,12,-4,1,-5.687935909562657,170.05,-6.099999999999994,-4.233333333333334
2022200280,2023-02-13,2022-23,WES,RAP,113,104,217,1,9,1406.1352142889411,1524.6964600557449,-118.56124576680372,111.33333333333333,128.33333333333334,0.3333333333333333,1.0,113.2,121.8,0.4,0.8,110.4,119.1,0.3,0.5,0,0,0,1,-4.7424498306721485,173.75,0.9333333333333229,9.233333333333348
2022200281,2023-02-13,2022-23,SLC,SXF,124,115,239,1,9,1553.3435276597183,1553.0336486722936,0.30987898742478137,122.66666666666667,100.33333333333333,0.6666666666666666,0.3333333333333333,119.2,106.6,0.6,0.4,117.7,111.2,0.6,0.6,8,2,6,1,0.012395159496991255,171.45,4.966666666666669,-10.866666666666674
22200861,2023-02-13,2022-23,MIA,DEN,108,112,220,0,-4,1563.8660995106475,1652.8639256388515,-88.997826128204,108.66666666666667,107.0,0.3333333333333333,0.3333333333333333,108.6,107.8,0.4,0.2,108.3,110.3,0.4,0.4,2,1,1,1,-3.5599130451281598,169.1,0.36666666666667425,-3.299999999999997
22200866,2023-02-13,2022-23,GSW,WAS,135,126,261,1,9,1534.7284335865122,1518.3063351476658,16.422098438846433,117.66666666666667,121.0,0.0,0.6666666666666666,120.2,119.6,0.4,0.8,122.1,117.4,0.4,0.7,1,8,-7,1,0.6568839375538573,174.95,-4.433333333333323,3.5999999999999943
2022200277,2023-02-13,2022-23,DEL,CPS,130,104,234,1,26,1650.3169715036188,1567.7992948871365,82.51767661648228,120.33333333333333,112.33333333333333,1.0,0.3333333333333333,123.0,115.4,0.8,0.6,128.4,117.5,0.8,0.5,1,8,-7,1,3.300707064659291,174.6,-8.066666666666677,-5.166666666666671
22200863,2023-02-13,2022-23,CHI,ORL,91,100,191,0,-9,1483.267709464169,1509.7214972655258,-26.45378780135684,94.33333333333333,113.33333333333333,0.0,0.6666666666666666,101.4,112.8,0.2,0.6,106.5,112.6,0.3,0.4,6,7,-1,1,-1.0581515120542735,168.55,-12.166666666666671,0.7333333333333343
22200857,2023-02-13,2022-23,CHA,ATL,144,138,282,1,6,1288.4867392705617,1519.339982323834,-230.8532430532723,110.66666666666667,110.0,0.0,0.3333333333333333,109.0,117.4,0.0,0.4,110.2,118.1,0.2,0.6,1,5,-4,1,-9.234129722130893,171.6,0.46666666666666856,-8.099999999999994
2022200275,2023-02-13,2022-23,IWA,STO,119,109,228,1,10,1369.096455335905,1602.9841480200182,-233.8876926841133,103.33333333333333,116.0,0.3333333333333333,0.6666666666666666,109.8,113.8,0.2,0.6,112.0,115.9,0.1,0.7,0,0,0,1,-9.35550770736453,170.9,-8.666666666666671,0.09999999999999432
22200867,2023-02-13,2022-23,POR,LAL,127,115,242,1,12,1479.9622480479118,1462.613706922554,17.34854112535777,122.33333333333333,115.66666666666667,0.6666666666666666,0.6666666666666666,117.0,116.0,0.4,0.6,110.7,118.8,0.2,0.6,2,1,1,1,0.6939416450143108,173.25,11.633333333333326,-3.1333333333333258
22200865,2023-02-13,2022-23,DAL,MIN,121,124,245,0,-3,1509.39671818833,1543.732326610414,-34.33560842208408,120.0,120.66666666666667,0.6666666666666666,0.3333333333333333,119.4,117.4,0.6,0.4,115.7,115.9,0.5,0.3,10,2,8,1,-1.3734243368833632,174.2,4.299999999999997,4.766666666666666
2022200274,2023-02-13,2022-23,FWN,SBL,132,128,260,1,4,1547.1904486184399,1627.6737769450797,-80.48332832663982,127.33333333333333,122.66666666666667,0.3333333333333333,0.6666666666666666,124.8,119.2,0.6,0.6,125.2,116.6,0.6,0.5,0,0,0,1,-3.219333133065593,176.0,2.1333333333333258,6.066666666666677
22200864,2023-02-13,2022-23,OKC,NOP,100,103,203,0,-3,1563.2599876762847,1462.6457799529305,100.61420772335418,128.33333333333334,109.66666666666667,0.6666666666666666,0.0,118.4,107.0,0.6,0.0,118.5,111.7,0.6,0.2,8,10,-2,1,4.0245683089341675,171.35,9.833333333333343,-2.0333333333333314
22200872,2023-02-14,2022-23,POR,WAS,101,126,227,0,-25,1504.3320458895914,1496.3680280915733,7.964017798018176,122.33333333333333,125.33333333333333,0.6666666666666666,0.3333333333333333,117.0,119.4,0.4,0.6,110.7,118.1,0.2,0.6,0,0,0,1,0.31856071192072705,174.1,11.633333333333326,7.233333333333334
22200871,2023-02-14,2022-23,LAC,GSW,134,124,258,1,10,1520.4739959168498,1556.6667406426047,-36.19274472575489,121.0,117.66666666666667,0.6666666666666666,0.0,114.0,120.2,0.6,0.4,116.9,122.1,0.7,0.4,3,5,-2,1,-1.4477097890301958,173.55,4.099999999999994,-4.433333333333323
22200868,2023-02-14,2022-23,TOR,ORL,123,113,236,1,10,1493.312547503838,1530.9975371985113,-37.68498969467328,117.0,115.33333333333333,0.6666666666666666,1.0,116.0,111.8,0.6,0.8,118.1,111.5,0.5,0.5,1,0,1,1,-1.507399587786931,171.95,-1.0999999999999943,3.8333333333333286
22200870,2023-02-14,2022-23,PHX,SAC,120,109,229,1,11,1532.3486664051718,1521.1233837703287,11.225282634843097,113.33333333333333,124.66666666666667,0.6666666666666666,0.6666666666666666,112.4,119.4,0.8,0.6,113.4,119.0,0.6,0.7,12,5,7,1,0.4490113053937239,172.95,-0.06666666666667709,5.666666666666671
2022200284,2023-02-14,2022-23,ONT,TEX,107,101,208,1,6,1493.3182414909481,1445.0220887847586,48.29615270618956,109.66666666666667,110.33333333333333,0.3333333333333333,0.3333333333333333,106.2,119.8,0.2,0.4,108.9,113.8,0.4,0.4,4,4,0,1,1.9318461082475824,171.5,0.7666666666666657,-3.4666666666666686
2022200282,2023-02-14,2022-23,CLC,WIS,128,120,248,1,8,1455.2549373928387,1355.8856804863844,99.36925690645421,102.33333333333333,132.0,0.0,0.3333333333333333,103.8,125.6,0.2,0.2,107.2,121.6,0.6,0.1,5,2,3,1,3.9747702762581683,172.35,-4.866666666666674,10.400000000000006
22200869,2023-02-14,2022-23,MIL,BOS,131,125,256,1,6,1677.7388883008684,1677.0001989519405,0.7386893489278918,120.33333333333333,101.33333333333333,1.0,0.3333333333333333,130.4,108.0,1.0,0.6,117.6,113.3,0.7,0.7,9,7,2,1,0.029547573957115672,174.6,2.7333333333333343,-11.966666666666669
2022200283,2023-02-14,2022-23,GRG,WCB,115,108,223,1,7,1385.8101461376152,1464.5092886709792,-78.69914253336401,103.0,127.0,0.0,0.6666666666666666,104.4,124.2,0.2,0.6,99.9,120.0,0.3,0.6,0,0,0,1,-3.1479657013345603,172.15,3.0999999999999943,7.0
2022200287,2023-02-15,2022-23,FWN,CPS,141,135,276,1,6,1566.9477978518357,1542.5247646334972,24.42303321833856,127.33333333333333,108.66666666666667,0.3333333333333333,0.3333333333333333,124.8,110.4,0.6,0.4,126.1,115.8,0.7,0.4,1,1,0,1,0.9769213287335424,173.8,1.2333333333333343,-7.133333333333326
22200876,2023-02-15,2022-23,ATL,NYK,101,122,223,0,-21,1488.568981820338,1557.3913442068622,-68.82236238652422,117.66666666666667,108.33333333333333,0.0,0.3333333333333333,120.0,112.2,0.4,0.4,120.6,113.4,0.5,0.6,3,4,-1,1,-2.7528944954609686,173.05,-2.933333333333323,-5.066666666666677
22200877,2023-02-15,2022-23,BOS,DET,127,109,236,1,18,1657.5824697616088,1312.013817456889,345.56865230471976,110.33333333333333,102.66666666666667,0.3333333333333333,0.0,107.0,110.8,0.4,0.2,114.1,112.5,0.7,0.3,2,2,0,1,13.82274609218879,169.45,-3.7666666666666657,-9.833333333333329
2022200289,2023-02-15,2022-23,CLC,SBL,95,114,209,0,-19,1471.1088753852125,1607.9164277116838,-136.8075523264713,102.33333333333333,124.66666666666667,0.0,0.6666666666666666,103.8,121.0,0.2,0.4,107.2,117.5,0.6,0.4,0,1,-1,1,-5.472302093058852,171.2,-4.866666666666674,7.166666666666671
22200882,2023-02-15,2022-23,LAL,NOP,120,102,222,1,18,1438.2439090808743,1480.4147229435896,-42.17081386271525,116.66666666666667,107.33333333333333,0.3333333333333333,0.3333333333333333,118.2,105.6,0.6,0.2,118.2,110.3,0.5,0.3,5,1,4,1,-1.68683255450861,170.95,-1.5333333333333314,-2.9666666666666686
2022200288,2023-02-15,2022-23,OKL,MHU,98,106,204,0,-8,1409.805353352269,1589.2771652039298,-179.47181185166073,109.0,116.33333333333333,0.0,0.3333333333333333,112.8,112.6,0.2,0.4,115.1,113.3,0.3,0.6,1,1,0,1,-7.178872474066429,171.35,-6.099999999999994,3.0333333333333314
2022200285,2023-02-15,2022-23,MCC,GBO,123,119,242,1,4,1503.455082905986,1429.928184492467,73.52689841351912,117.33333333333333,110.66666666666667,0.3333333333333333,0.3333333333333333,115.0,113.6,0.4,0.4,110.9,109.9,0.2,0.3,1,1,0,1,2.9410759365407646,172.15,6.433333333333323,0.7666666666666657
22200874,2023-02-15,2022-23,IND,CHI,117,113,230,1,4,1345.4629719255615,1461.9916695311836,-116.52869760562203,108.0,94.33333333333333,0.0,0.0,110.2,101.4,0.0,0.2,112.6,106.5,0.0,0.3,1,3,-2,1,-4.661147904224881,167.9,-4.599999999999994,-12.166666666666671
22200879,2023-02-15,2022-23,MEM,UTA,117,111,228,1,6,1565.437883577672,1455.68492217239,109.7529614052819,107.33333333333333,121.66666666666667,0.0,0.6666666666666666,108.4,123.0,0.0,0.6,115.7,121.4,0.3,0.4,4,1,3,1,4.390118456211276,172.85,-8.366666666666674,0.2666666666666657
22200873,2023-02-15,2022-23,CHA,SAS,120,110,230,1,10,1319.2577397740577,1199.95121188891,119.30652788514772,110.66666666666667,115.33333333333333,0.0,0.0,109.0,109.6,0.0,0.0,110.2,112.1,0.2,0.0,1,1,0,1,4.772261115405908,169.65,0.46666666666666856,3.2333333333333343
22200875,2023-02-15,2022-23,PHI,CLE,118,112,230,1,6,1633.9383182250333,1670.0620194625858,-36.123701237552496,99.0,118.0,0.3333333333333333,1.0,112.6,113.4,0.6,0.8,114.2,111.9,0.8,0.5,1,4,-3,1,-1.4449480495020999,171.5,-15.200000000000003,6.099999999999994
22200881,2023-02-15,2022-23,DEN,DAL,118,109,227,1,9,1664.9234934397969,1496.8993486639151,168.02414477588172,111.66666666666667,120.0,0.6666666666666666,0.6666666666666666,110.4,119.4,0.4,0.6,110.2,115.7,0.4,0.5,7,3,4,1,6.720965791035269,172.45,1.4666666666666686,4.299999999999997
22200878,2023-02-15,2022-23,BKN,MIA,116,105,221,1,11,1506.6671532866912,1551.806531709702,-45.13937842301084,111.66666666666667,108.66666666666667,0.0,0.3333333333333333,114.4,108.6,0.4,0.4,110.4,108.3,0.4,0.4,3,3,0,1,-1.8055751369204336,170.75,1.2666666666666657,0.36666666666667425
2022200286,2023-02-15,2022-23,CCG,WES,109,111,220,0,-2,1484.7637074357535,1436.7271281687385,48.036579267014986,116.0,111.33333333333333,0.3333333333333333,0.3333333333333333,112.6,113.2,0.6,0.4,116.3,111.8,0.5,0.4,4,6,-2,1,1.9214631706805994,171.45,-0.29999999999999716,-0.46666666666666856
22200880,2023-02-15,2022-23,OKC,HOU,133,96,229,1,37,1545.4910446856256,1239.2011873422166,306.28985734340904,128.33333333333334,106.66666666666667,0.6666666666666666,0.0,118.4,108.2,0.6,0.2,118.5,111.0,0.6,0.1,1,1,0,1,12.251594293736362,171.65,9.833333333333343,-4.333333333333329
2022200290,2023-02-15,2022-23,SCW,TEX,130,111,241,1,19,1518.2257458050326,1428.2506592634475,89.97508654158514,115.33333333333333,108.0,0.6666666666666666,0.3333333333333333,116.6,112.4,0.6,0.2,120.0,112.2,0.5,0.4,11,0,11,1,3.599003461663406,172.25,-4.666666666666671,-4.200000000000003
22200883,2023-02-16,2022-23,CHI,MIL,100,112,212,0,-12,1440.6929886062744,1697.1566174912002,-256.4636288849258,102.33333333333333,120.33333333333333,0.0,1.0,104.8,130.4,0.2,1.0,105.2,117.6,0.2,0.7,2,5,-3,1,-10.258545155397032,173.8,-2.8666666666666742,2.7333333333333343
22200885,2023-02-16,2022-23,PHX,LAC,107,116,223,0,-9,1556.3951646325204,1546.9418659428118,9.453298689708618,113.33333333333333,121.0,0.6666666666666666,0.6666666666666666,112.4,114.0,0.8,0.6,113.4,116.9,0.6,0.7,1,9,-8,1,0.3781319475883447,171.6,-0.06666666666667709,4.099999999999994
22200884,2023-02-16,2022-23,MIN,WAS,106,114,220,0,-8,1556.2296961348288,1529.6956928976304,26.534003237198476,124.66666666666667,125.0,0.6666666666666666,0.3333333333333333,119.4,123.0,0.6,0.6,116.5,118.9,0.4,0.6,10,1,9,1,1.0613601294879391,175.6,8.166666666666671,6.099999999999994
2022200291,2023-02-22,2022-23,DEL,MCC,111,116,227,0,-5,1675.5915017572581,1516.1934027367006,159.39809902055754,120.33333333333333,117.33333333333333,1.0,0.3333333333333333,123.0,115.0,0.8,0.4,124.8,110.9,0.8,0.2,8,17,-9,1,6.375923960822302,174.5,-4.466666666666669,6.433333333333323
2022200296,2023-02-22,2022-23,WCB,RAP,114,110,224,1,4,1439.0835789714242,1494.1045461759475,-55.02096720452323,115.0,121.0,0.3333333333333333,0.6666666666666666,121.0,118.8,0.4,0.8,120.0,118.3,0.6,0.5,10,8,2,1,-2.200838688180929,174.95,-5.0,2.700000000000003
2022200297,2023-02-22,2022-23,SCW,AUS,126,105,231,1,21,1540.5939482247356,1388.1243772570208,152.46957096771484,115.33333333333333,118.0,0.6666666666666666,0.3333333333333333,116.6,105.4,0.6,0.2,120.0,106.7,0.5,0.2,6,16,-10,1,6.098782838708594,170.5,-4.666666666666671,11.299999999999997
2022200295,2023-02-22,2022-23,RGV,SBL,112,120,232,0,-8,1539.5403606093605,1626.6517249523947,-87.11136434303421,122.0,122.0,0.6666666666666666,0.6666666666666666,123.2,122.0,0.6,0.6,120.4,118.6,0.4,0.5,24,6,18,1,-3.4844545737213686,176.3,1.5999999999999943,3.4000000000000057
2022200294,2023-02-22,2022-23,IWA,MXC,116,124,240,0,-8,1407.1527243433713,1537.20340555995,-130.0506812165786,103.33333333333333,111.66666666666667,0.3333333333333333,0.6666666666666666,109.8,113.8,0.2,0.8,112.6,114.1,0.2,0.5,8,12,-4,1,-5.202027248663144,170.9,-9.266666666666666,-2.433333333333323
2022200292,2023-02-22,2022-23,GBO,CLC,100,110,210,0,-10,1417.1898646617524,1452.3735781445016,-35.183713482749226,113.0,102.33333333333333,0.3333333333333333,0.0,110.2,103.8,0.2,0.2,111.0,107.2,0.3,0.6,11,10,1,1,-1.407348539309969,168.5,2.0,-4.866666666666674
2022200293,2023-02-22,2022-23,LIN,FWN,122,102,224,1,20,1750.9994748870406,1585.0412677134143,165.9582071736263,115.66666666666667,127.33333333333333,1.0,0.3333333333333333,119.6,124.8,1.0,0.6,119.0,126.9,0.8,0.7,13,11,2,1,6.638328286945052,176.1,-3.3333333333333286,0.4333333333333229
2022200303,2023-02-23,2022-23,WCB,RAP,108,103,211,1,5,1457.7056184035273,1475.4825067438444,-17.7768883403171,115.0,112.66666666666667,0.3333333333333333,0.3333333333333333,121.0,119.8,0.4,0.6,120.0,117.6,0.6,0.5,0,0,0,1,-0.711075533612684,175.2,-5.0,-4.933333333333323
22200892,2023-02-23,2022-23,UTA,OKC,120,119,239,1,1,1442.1762179147768,1556.1416601220142,-113.9654422072374,118.0,128.33333333333334,0.3333333333333333,0.6666666666666666,120.0,118.4,0.4,0.6,121.8,118.5,0.4,0.6,14,12,2,1,-4.558617688289496,174.6,-3.799999999999997,9.833333333333343
22200894,2023-02-23,2022-23,SAC,POR,133,116,249,1,17,1497.07688554298,1471.0043810835343,26.07250445944578,126.33333333333333,122.33333333333333,0.6666666666666666,0.6666666666666666,117.4,117.0,0.4,0.4,118.2,110.7,0.6,0.2,11,18,-7,1,1.0429001783778313,173.6,8.133333333333326,11.633333333333326
22200890,2023-02-23,2022-23,TOR,NOP,115,110,225,1,5,1519.8822521624322,1447.4138987593765,72.46835340305574,117.0,103.66666666666667,0.6666666666666666,0.3333333333333333,116.0,106.8,0.6,0.2,118.1,107.3,0.5,0.2,8,7,1,1,2.8987341361222296,170.7,-1.0999999999999943,-3.6333333333333258
2022200301,2023-02-23,2022-23,MHU,GLI,116,114,230,1,2,1600.8116772457226,1351.6765168277734,249.13516041794924,114.66666666666667,92.33333333333333,0.6666666666666666,0.3333333333333333,113.0,99.6,0.6,0.4,112.8,106.3,0.6,0.4,13,11,2,1,9.96540641671797,168.15,1.8666666666666742,-13.966666666666669
22200888,2023-02-23,2022-23,ORL,DET,108,106,214,1,2,1504.427832539917,1304.9273827763802,199.50044976353684,110.66666666666667,104.0,0.6666666666666666,0.0,110.6,109.4,0.6,0.2,111.9,111.6,0.4,0.3,11,7,4,1,7.980017990541473,170.0,-1.2333333333333343,-7.599999999999994
2022200300,2023-02-23,2022-23,BHM,OKL,111,113,224,0,-2,1360.2569831357343,1398.2708413104763,-38.01385817474193,110.0,109.0,0.3333333333333333,0.0,108.4,112.8,0.4,0.2,104.7,115.1,0.3,0.3,21,11,10,1,-1.520554326989677,170.3,5.299999999999997,-6.099999999999994
2022200298,2023-02-23,2022-23,GRG,CCG,111,112,223,0,-1,1411.2358558371702,1472.2682441733245,-61.03238833615433,103.0,116.0,0.0,0.3333333333333333,104.4,112.6,0.2,0.6,99.9,114.2,0.3,0.5,8,16,-8,1,-2.4412955334461732,169.25,3.0999999999999943,1.7999999999999972
22200886,2023-02-23,2022-23,CLE,DEN,109,115,224,0,-6,1648.5869681524293,1677.6076987344413,-29.020730582011993,114.66666666666667,111.66666666666667,0.6666666666666666,0.6666666666666666,113.2,110.4,0.6,0.4,111.7,110.2,0.5,0.4,9,9,0,1,-1.1608292232804798,170.9,2.9666666666666686,1.4666666666666686
22200887,2023-02-23,2022-23,IND,BOS,138,142,280,0,-4,1366.761652850471,1664.6689044421175,-297.9072515916466,108.0,110.33333333333333,0.0,0.3333333333333333,110.2,107.0,0.0,0.4,112.6,114.1,0.0,0.7,7,8,-1,1,-11.916290063665866,169.3,-4.599999999999994,-3.7666666666666657
2022200299,2023-02-23,2022-23,SXF,MXC,118,109,227,1,9,1530.0283345721314,1551.314837661373,-21.286503089241705,108.0,112.33333333333333,0.3333333333333333,0.6666666666666666,109.0,114.6,0.4,0.8,110.7,115.2,0.5,0.6,17,0,17,1,-0.8514601235696682,170.9,-2.700000000000003,-2.8666666666666742
22200891,2023-02-23,2022-23,DAL,SAS,142,116,258,1,26,1484.2151433692707,1183.8973527653475,300.3177906039232,119.66666666666667,108.33333333333333,0.3333333333333333,0.0,118.6,110.8,0.6,0.0,114.7,111.8,0.4,0.0,9,7,2,1,12.012711624156928,172.35,4.966666666666669,-3.4666666666666686
2022200302,2023-02-23,2022-23,RGV,SBL,99,125,224,0,-26,1522.9645338405453,1643.22755172121,-120.26301788066462,122.0,120.66666666666667,0.6666666666666666,0.6666666666666666,123.2,121.6,0.6,0.8,120.4,118.9,0.4,0.6,0,0,0,1,-4.810520715226585,176.2,1.5999999999999943,1.7666666666666657
22200889,2023-02-23,2022-23,PHI,MEM,110,105,215,1,5,1655.4133695351898,1578.9465878352853,76.46678169990446,99.0,107.33333333333333,0.3333333333333333,0.0,112.6,108.4,0.6,0.0,114.2,115.7,0.8,0.3,7,10,-3,1,3.0586712679961785,170.25,-15.200000000000003,-8.366666666666674
22200893,2023-02-23,2022-23,LAL,GSW,124,111,235,1,13,1471.2447332650875,1530.1988706166428,-58.954137351555346,116.66666666666667,121.0,0.3333333333333333,0.0,118.2,121.0,0.6,0.2,118.2,123.2,0.5,0.4,7,8,-1,1,-2.358165494062214,174.8,-1.5333333333333314,-2.200000000000003
2022200304,2023-02-23,2022-23,STO,ONT,114,113,227,1,1,1564.9278790125518,1510.0896710122593,54.838208000292525,112.66666666666667,109.66666666666667,0.3333333333333333,0.3333333333333333,114.6,106.2,0.6,0.2,114.1,107.3,0.6,0.4,25,19,6,1,2.193528320011701,170.2,-1.433333333333323,2.3666666666666742
2022200312,2023-02-24,2022-23,SCW,AUS,114,105,219,1,9,1558.7481134675388,1369.9702120142176,188.7779014533212,115.33333333333333,116.33333333333333,0.6666666666666666,0.3333333333333333,116.6,109.2,0.6,0.2,120.0,105.9,0.5,0.2,1,1,0,1,7.551116058132847,171.45,-4.666666666666671,10.433333333333323
2022200305,2023-02-24,2022-23,CLC,OSC,130,105,235,1,25,1473.9325241606007,1534.173496164214,-60.24097200361325,99.66666666666667,111.33333333333333,0.3333333333333333,0.3333333333333333,103.4,112.6,0.2,0.6,106.7,112.6,0.6,0.6,8,30,-22,1,-2.40963888014453,169.0,-7.033333333333331,-1.2666666666666657
22200901,2023-02-24,2022-23,GSW,HOU,116,101,217,1,15,1499.3727374442178,1228.550571905828,270.82216553838975,119.0,98.33333333333333,0.0,0.0,117.6,106.6,0.0,0.2,119.9,109.8,0.3,0.1,10,8,2,1,10.83288662153559,171.05,-0.9000000000000057,-11.466666666666669
2022200309,2023-02-24,2022-23,BHM,CPS,107,119,226,0,-12,1350.4681077236953,1524.4312947719186,-173.9631870482233,110.0,115.66666666666667,0.3333333333333333,0.0,108.4,115.2,0.4,0.2,104.7,118.6,0.3,0.4,0,8,-8,1,-6.958527481928932,170.9,5.299999999999997,-2.933333333333323
2022200307,2023-02-24,2022-23,GBO,MNE,106,120,226,0,-14,1395.6309186456533,1600.4998174130485,-204.8688987673952,113.0,122.33333333333333,0.3333333333333333,0.6666666666666666,110.2,123.6,0.2,0.6,111.0,122.3,0.3,0.8,1,15,-14,1,-8.194755950695807,173.45,2.0,0.03333333333333144
22200895,2023-02-24,2022-23,WAS,NYK,109,115,224,0,-6,1553.3427262441264,1582.257672695521,-28.9149464513946,122.0,110.66666666666667,0.6666666666666666,0.6666666666666666,123.2,113.4,0.6,0.6,119.0,114.8,0.7,0.6,12,8,4,1,-1.1565978580557839,174.15,3.0,-4.133333333333326
2022200306,2023-02-24,2022-23,DEL,MCC,107,111,218,0,-4,1649.9855905255338,1541.799313968425,108.18627655710884,120.33333333333333,114.66666666666667,1.0,0.3333333333333333,123.0,117.0,0.8,0.4,122.9,111.7,0.7,0.3,1,1,0,1,4.327451062284354,175.0,-2.566666666666677,2.9666666666666686
22200897,2023-02-24,2022-23,MIL,MIA,128,99,227,1,29,1706.6973776510226,1523.7470784300863,182.95029922093636,115.33333333333333,109.0,1.0,0.3333333333333333,122.8,106.2,1.0,0.4,117.7,107.9,0.7,0.4,9,8,1,1,7.318011968837454,172.25,-2.3666666666666742,1.0999999999999943
2022200308,2023-02-24,2022-23,WES,FWN,119,122,241,0,-3,1449.2225914311675,1568.1250649085,-118.90247347733248,110.0,121.0,0.3333333333333333,0.3333333333333333,111.8,121.0,0.6,0.4,112.6,126.9,0.4,0.7,10,1,9,1,-4.756098939093299,173.2,-2.5999999999999943,-5.900000000000006
22200900,2023-02-24,2022-23,CHI,BKN,131,87,218,1,44,1431.152228446452,1534.726606566307,-103.57437811985506,102.33333333333333,111.66666666666667,0.0,0.0,104.8,114.4,0.2,0.4,105.2,110.4,0.2,0.4,7,10,-3,1,-4.142975124794202,169.8,-2.8666666666666742,1.2666666666666657
22200899,2023-02-24,2022-23,PHX,OKC,124,115,239,1,9,1532.7429629303913,1547.014716999837,-14.271754069445706,113.33333333333333,130.0,0.6666666666666666,0.6666666666666666,112.4,122.0,0.8,0.4,113.4,119.3,0.6,0.6,7,0,7,1,-0.5708701627778282,173.6,-0.06666666666667709,10.700000000000003
2022200310,2023-02-24,2022-23,MHU,GLI,123,97,220,1,26,1605.0403429192465,1347.4478511542495,257.592491764997,114.66666666666667,95.0,0.6666666666666666,0.0,113.0,99.6,0.6,0.2,112.8,106.3,0.6,0.4,0,0,0,1,10.303699670599881,168.15,1.8666666666666742,-11.299999999999997
22200898,2023-02-24,2022-23,MIN,CHA,113,121,234,0,-8,1532.5826627883328,1335.3115988976201,197.27106389071264,124.66666666666667,110.66666666666667,0.6666666666666666,0.0,119.4,109.0,0.6,0.0,116.5,110.2,0.4,0.2,7,13,-6,1,7.890842555628506,172.1,8.166666666666671,0.46666666666666856
2022200311,2023-02-24,2022-23,TEX,WIS,122,123,245,0,-1,1405.8824568437444,1340.0317424940106,65.85071434973383,114.0,133.33333333333334,0.3333333333333333,0.3333333333333333,108.6,123.6,0.2,0.2,112.3,120.3,0.4,0.1,12,9,3,1,2.634028573989353,173.05,1.7000000000000028,13.033333333333346
22200902,2023-02-24,2022-23,LAC,SAC,175,176,351,0,-1,1570.5940676449409,1523.8156524920212,46.778415152919706,124.66666666666667,126.33333333333333,1.0,0.6666666666666666,117.4,117.4,0.8,0.4,118.2,118.2,0.8,0.6,9,9,0,1,1.8711366061167882,173.7,6.466666666666669,8.133333333333326
22200896,2023-02-24,2022-23,ATL,CLE,136,119,255,1,17,1463.7026533316791,1630.74948424447,-167.04683091279094,117.66666666666667,114.66666666666667,0.0,0.6666666666666666,120.0,113.2,0.4,0.6,120.6,111.7,0.5,0.5,8,8,0,1,-6.681873236511637,173.3,-2.933333333333323,2.9666666666666686
2022200313,2023-02-25,2022-23,CCG,DEL,121,136,257,0,-15,1477.9944685362254,1629.0355906347727,-151.04112209854725,117.66666666666667,120.33333333333333,0.6666666666666666,1.0,112.8,123.0,0.6,0.8,114.5,122.5,0.6,0.7,9,16,-7,1,-6.04164488394189,173.95,3.1666666666666714,-2.1666666666666714
22200905,2023-02-25,2022-23,ORL,IND,108,121,229,0,-13,1509.7182738592646,1361.8518926053432,147.86638125392142,110.66666666666667,108.0,0.6666666666666666,0.0,110.6,110.2,0.6,0.0,111.9,112.6,0.4,0.0,1,13,-12,1,5.914655250156857,170.2,-1.2333333333333343,-4.599999999999994
22200904,2023-02-25,2022-23,CHA,MIA,108,103,211,1,5,1368.5717715935548,1506.1546346798777,-137.58286308632296,113.66666666666667,103.66666666666667,0.3333333333333333,0.3333333333333333,110.2,106.0,0.2,0.2,110.9,107.4,0.3,0.3,9,0,9,1,-5.503314523452918,169.05,2.7666666666666657,-3.7333333333333343
2022200315,2023-02-25,2022-23,GBO,MNE,122,110,232,1,12,1382.8936342292022,1613.2371018294996,-230.34346760029734,113.0,120.33333333333333,0.3333333333333333,1.0,110.2,121.2,0.2,0.6,111.0,121.1,0.3,0.8,0,0,0,1,-9.213738704011893,172.85,2.0,-0.7666666666666657
22200908,2023-02-25,2022-23,PHI,BOS,107,110,217,0,-3,1669.449959950011,1669.5786646872452,-0.1287047372343295,99.0,126.0,0.3333333333333333,0.6666666666666666,112.6,114.2,0.6,0.4,114.2,115.9,0.8,0.7,1,1,0,1,-0.005148189489373181,171.7,-15.200000000000003,10.099999999999994
2022200316,2023-02-25,2022-23,MCC,RAP,87,104,191,0,-17,1562.749313859186,1456.6489396309707,106.10037422821529,116.0,105.66666666666667,0.6666666666666666,0.0,115.8,115.2,0.6,0.4,112.3,115.2,0.4,0.4,9,1,8,1,4.244014969128611,172.75,3.700000000000003,-9.533333333333331
22200906,2023-02-25,2022-23,NYK,NOP,128,106,234,1,22,1600.1010403433136,1433.1802974535037,166.92074288980984,115.0,105.0,0.6666666666666666,0.3333333333333333,112.4,106.8,0.6,0.2,115.1,106.9,0.6,0.2,11,1,10,1,6.676829715592394,169.8,-0.09999999999999432,-1.9000000000000057
22200909,2023-02-25,2022-23,UTA,SAS,118,102,220,1,16,1451.303161036954,1173.9607202108728,277.3424408260812,118.0,111.66666666666667,0.3333333333333333,0.0,120.0,114.4,0.4,0.0,121.8,110.5,0.4,0.0,1,1,0,1,11.093697633043249,173.6,-3.799999999999997,1.1666666666666714
2022200317,2023-02-25,2022-23,SBL,IWA,148,126,274,1,22,1665.2123615554358,1393.0412922419482,272.1710693134876,119.66666666666667,103.33333333333333,1.0,0.3333333333333333,122.2,109.8,0.8,0.2,118.9,112.1,0.6,0.2,20,30,-10,1,10.886842772539502,173.0,0.7666666666666657,-8.766666666666666
2022200314,2023-02-25,2022-23,CLC,OSC,102,101,203,1,1,1512.1066824526615,1495.999337872153,16.107344580508425,99.66666666666667,107.33333333333333,0.3333333333333333,0.0,103.4,112.8,0.2,0.4,106.7,113.5,0.6,0.6,0,0,0,1,0.644293783220337,169.05,-7.033333333333331,-6.166666666666671
22200907,2023-02-25,2022-23,MEM,DEN,112,94,206,1,18,1564.9099974204642,1695.4451826424006,-130.53518522193644,109.0,115.33333333333333,0.0,1.0,109.4,109.6,0.0,0.6,113.1,109.1,0.2,0.5,9,1,8,1,-5.221407408877457,169.75,-4.099999999999994,6.233333333333334
2022200319,2023-02-25,2022-23,SCW,SLC,112,119,231,0,-7,1570.3642651122123,1576.3488417598805,-5.984576647668291,115.33333333333333,122.66666666666667,0.6666666666666666,0.6666666666666666,116.6,119.2,0.6,0.6,120.0,117.7,0.5,0.6,0,13,-13,1,-0.23938306590673164,173.95,-4.666666666666671,4.966666666666669
2022200318,2023-02-25,2022-23,TEX,RGV,98,112,210,0,-14,1397.6527467204057,1500.9797240063194,-103.3269772859137,114.0,122.0,0.3333333333333333,0.6666666666666666,108.6,123.2,0.2,0.6,113.8,120.4,0.3,0.4,0,20,-20,1,-4.133079091436548,172.95,0.20000000000000284,1.5999999999999943
22200903,2023-02-25,2022-23,DET,TOR,91,95,186,0,-4,1299.6369414570327,1534.115853468305,-234.4789120112723,111.0,117.0,0.0,0.6666666666666666,104.6,116.0,0.0,0.6,110.6,118.1,0.2,0.5,14,19,-5,1,-9.379156480450893,170.15,0.4000000000000057,-1.0999999999999943
2022200321,2023-02-26,2022-23,GRG,FWN,110,104,214,1,6,1405.5096314742693,1577.4206434594746,-171.91101198520528,103.0,120.33333333333333,0.0,0.3333333333333333,104.4,121.2,0.2,0.4,99.9,125.9,0.3,0.7,2,1,1,1,-6.8764404794082115,171.4,3.0999999999999943,-5.566666666666677
22200918,2023-02-26,2022-23,DEN,LAC,134,124,258,1,10,1655.4309498225134,1562.7349473133606,92.69600250915278,107.0,124.66666666666667,0.6666666666666666,1.0,108.8,117.4,0.6,0.8,107.4,118.2,0.5,0.8,10,9,1,1,3.707840100366111,171.55,-0.4000000000000057,6.466666666666669
2022200324,2023-02-26,2022-23,MXC,ONT,96,103,199,0,-7,1526.880013365491,1504.243246772071,22.636766593420134,110.66666666666667,114.0,0.3333333333333333,0.3333333333333333,113.6,106.8,0.6,0.2,114.0,106.9,0.5,0.4,24,2,22,1,0.9054706637368054,170.1,-3.3333333333333286,7.099999999999994
2022200322,2023-02-26,2022-23,WCB,WES,123,108,231,1,15,1476.539185516401,1439.927012880193,36.612172636208015,115.0,110.0,0.3333333333333333,0.3333333333333333,121.0,111.8,0.4,0.6,120.0,114.9,0.6,0.4,2,10,-8,1,1.4644869054483207,173.2,-5.0,-4.900000000000006
22200911,2023-02-26,2022-23,ATL,BKN,129,127,256,1,2,1505.522968775889,1485.6365345800195,19.88643419586947,117.66666666666667,96.33333333333333,0.0,0.0,120.0,108.4,0.4,0.2,120.6,107.9,0.5,0.4,1,1,0,1,0.7954573678347788,172.1,-2.933333333333323,-11.566666666666677
22200915,2023-02-26,2022-23,OKC,SAC,115,124,239,0,-9,1523.043555377064,1531.6747728236014,-8.631217446537448,124.0,138.33333333333334,0.3333333333333333,0.6666666666666666,123.8,131.8,0.4,0.6,117.5,122.6,0.5,0.6,10,1,9,1,-0.3452486978614979,178.9,6.5,15.733333333333348
2022200320,2023-02-26,2022-23,OKL,CPS,116,104,220,1,12,1408.0597167225153,1538.213474437123,-130.15375771460776,107.0,119.33333333333333,0.3333333333333333,0.3333333333333333,111.0,116.0,0.4,0.4,114.8,118.4,0.4,0.5,10,1,9,1,-5.20615030858431,171.75,-7.799999999999997,0.9333333333333229
22200913,2023-02-26,2022-23,DAL,LAL,108,111,219,0,-3,1494.1517759237454,1502.0708664375124,-7.91909051376706,119.66666666666667,116.66666666666667,0.3333333333333333,0.3333333333333333,118.6,118.2,0.6,0.6,114.7,118.2,0.4,0.5,2,12,-10,1,-0.3167636205506824,174.2,4.966666666666669,-1.5333333333333314
22200916,2023-02-26,2022-23,GSW,MIN,109,104,213,1,5,1509.0098892465785,1499.322490092398,9.687399154180412,119.0,124.66666666666667,0.0,0.6666666666666666,117.6,119.4,0.0,0.6,119.9,116.5,0.3,0.4,1,12,-11,1,0.3874959661672165,174.25,-0.9000000000000057,8.166666666666671
22200912,2023-02-26,2022-23,CHI,WAS,102,82,184,1,20,1480.2423004327395,1535.4993585963339,-55.257058163594365,102.33333333333333,122.0,0.0,0.6666666666666666,104.8,123.2,0.2,0.6,105.2,119.0,0.2,0.7,1,9,-8,1,-2.2102823265437745,172.0,-2.8666666666666742,3.0
2022200323,2023-02-26,2022-23,AUS,LIN,96,117,213,0,-21,1358.3540603695442,1767.915677691955,-409.5616173224107,106.66666666666667,115.66666666666667,0.0,1.0,112.8,119.6,0.2,1.0,106.1,118.9,0.2,0.8,14,14,0,1,-16.382464692896427,173.1,0.5666666666666771,-3.2333333333333343
22200917,2023-02-26,2022-23,POR,HOU,131,114,245,1,17,1444.2656141344933,1218.9134201034674,225.35219403102587,120.33333333333333,100.33333333333333,0.3333333333333333,0.0,119.2,103.4,0.4,0.0,112.5,108.4,0.2,0.1,11,1,10,1,9.014087761241035,170.65,7.833333333333329,-8.066666666666677
22200910,2023-02-26,2022-23,MIL,PHX,104,101,205,1,3,1724.2898214012312,1556.7141245531643,167.57569684806685,115.33333333333333,113.33333333333333,1.0,0.6666666666666666,122.8,112.4,1.0,0.8,117.7,113.4,0.7,0.6,1,15,-14,1,6.703027873922674,173.8,-2.3666666666666742,-0.06666666666667709
22200914,2023-02-26,2022-23,CLE,TOR,118,93,211,1,25,1588.9291688002602,1540.7437801855524,48.18538861470779,116.33333333333333,106.0,0.3333333333333333,1.0,117.0,110.4,0.6,0.6,111.7,115.3,0.4,0.5,2,0,2,1,1.9274155445883117,171.85,4.633333333333326,-9.299999999999997
22200922,2023-02-27,2022-23,NOP,ORL,93,101,194,0,-8,1415.8282572025678,1472.7283939561441,-56.90013675357636,106.0,110.66666666666667,0.0,0.6666666666666666,105.4,110.6,0.2,0.6,105.9,111.9,0.1,0.4,16,12,4,1,-2.2760054701430543,169.0,0.09999999999999432,-1.2333333333333343
22200919,2023-02-27,2022-23,CHA,DET,117,106,223,1,11,1393.2356487359668,1293.0090147397852,100.22663399618159,113.66666666666667,111.0,0.3333333333333333,0.0,110.2,104.6,0.2,0.0,110.9,110.6,0.3,0.2,1,3,-2,1,4.009065359847264,168.7,2.7666666666666657,0.4000000000000057
22200921,2023-02-27,2022-23,NYK,BOS,109,94,203,1,15,1617.4530805942495,1683.4364728819598,-65.98339228771033,115.0,125.66666666666667,0.6666666666666666,0.6666666666666666,112.4,116.6,0.6,0.6,115.1,114.8,0.6,0.7,1,1,0,1,-2.639335691508413,172.25,-0.09999999999999432,10.866666666666674
22200920,2023-02-27,2022-23,PHI,MIA,99,101,200,0,-2,1655.5921517552963,1481.4907575374657,174.1013942178306,99.0,102.33333333333333,0.3333333333333333,0.0,112.6,105.8,0.6,0.2,114.2,106.4,0.8,0.3,1,1,0,1,6.964055768713224,169.6,-15.200000000000003,-4.066666666666677
2022200329,2023-02-27,2022-23,GLI,IWA,125,110,235,1,15,1335.2531483157647,1382.2124708227996,-46.95932250703481,100.0,112.33333333333333,0.0,0.0,97.6,108.6,0.2,0.2,106.1,113.9,0.4,0.2,31,1,30,1,-1.8783729002813925,166.55,-6.099999999999994,-1.566666666666677
2022200325,2023-02-27,2022-23,CCG,DEL,124,125,249,0,-1,1461.6158920700523,1645.4141671009459,-183.7982750308936,117.66666666666667,122.66666666666667,0.6666666666666666,1.0,112.8,125.4,0.6,0.8,114.5,125.4,0.6,0.8,1,1,0,1,-7.3519310012357435,174.55,3.1666666666666714,-2.7333333333333343
2022200328,2023-02-27,2022-23,SLC,WIS,135,100,235,1,35,1596.7851088699326,1348.2614526173493,248.52365625258335,119.66666666666667,127.33333333333333,0.6666666666666666,0.3333333333333333,120.6,127.8,0.8,0.4,118.7,122.2,0.7,0.2,13,2,11,1,9.940946250103334,177.1,0.9666666666666686,5.133333333333326
2022200326,2023-02-27,2022-23,MCC,OSC,108,123,231,0,-15,1525.283459648781,1489.3889836771193,35.89447597166168,116.0,103.66666666666667,0.6666666666666666,0.0,115.8,108.0,0.6,0.2,112.3,110.5,0.4,0.5,1,1,0,1,1.435779038866467,170.95,3.700000000000003,-6.833333333333329
2022200327,2023-02-27,2022-23,MXC,ONT,109,105,214,1,4,1504.7326755463341,1526.390584591228,-21.657909044893813,110.66666666666667,110.0,0.3333333333333333,0.3333333333333333,113.6,109.0,0.6,0.4,114.0,106.5,0.5,0.4,0,0,0,1,-0.8663163617957526,170.65,-3.3333333333333286,3.5
2022200330,2023-02-28,2022-23,OKL,SXF,99,107,206,0,-8,1442.892234951507,1554.4631588680134,-111.57092391650644,107.0,108.0,0.3333333333333333,0.3333333333333333,111.0,109.0,0.4,0.4,114.8,110.7,0.4,0.5,1,14,-13,1,-4.462836956660258,170.0,-7.799999999999997,-2.700000000000003
22200929,2023-02-28,2022-23,DAL,IND,122,124,246,0,-2,1480.6047553281517,1398.8417725084637,81.76298281968798,119.66666666666667,115.0,0.3333333333333333,0.3333333333333333,118.6,113.0,0.6,0.2,114.7,112.1,0.4,0.1,1,2,-1,1,3.270519312787519,172.9,4.966666666666669,2.9000000000000057
2022200331,2023-02-28,2022-23,STO,CLC,122,111,233,1,11,1570.77430325274,1518.7170366476953,52.05726660504479,112.66666666666667,99.66666666666667,0.3333333333333333,0.3333333333333333,114.6,103.4,0.6,0.2,114.1,106.7,0.6,0.6,4,5,-1,1,2.0822906642017913,169.5,-1.433333333333323,-7.033333333333331
22200926,2023-02-28,2022-23,HOU,DEN,112,133,245,0,-21,1206.5061340728982,1673.159902888917,-466.6537688160188,103.66666666666667,107.0,0.0,0.6666666666666666,102.0,108.8,0.0,0.6,108.4,107.4,0.1,0.5,19,2,17,1,-18.66615075264075,167.7,-4.733333333333334,-0.4000000000000057
2022200332,2023-02-28,2022-23,MHU,GRG,107,96,203,1,11,1617.2350457577313,1433.881342993977,183.35370276375443,114.66666666666667,103.0,0.6666666666666666,0.0,113.0,104.4,0.6,0.2,112.8,99.9,0.6,0.3,3,24,-21,1,7.334148110550177,169.35,1.8666666666666742,3.0999999999999943
2022200334,2023-02-28,2022-23,SLC,WIS,106,120,226,0,-14,1610.6176740821825,1334.4288874050994,276.18878667708304,119.66666666666667,114.33333333333333,0.6666666666666666,0.3333333333333333,120.6,124.6,0.8,0.4,118.7,122.6,0.7,0.2,0,0,0,1,11.047551467083322,176.3,0.9666666666666686,-8.266666666666666
22200924,2023-02-28,2022-23,BKN,MIL,104,118,222,0,-14,1475.2785469361684,1731.9407661704718,-256.6622192343034,106.66666666666667,115.33333333333333,0.0,1.0,109.8,122.8,0.0,1.0,109.8,117.7,0.3,0.7,12,11,1,1,-10.266488769372137,173.15,-3.1333333333333258,-2.3666666666666742
2022200335,2023-02-28,2022-23,GLI,IWA,110,102,212,1,8,1366.7038067612757,1350.7618123772886,15.941994383987094,100.0,116.0,0.0,0.0,97.6,109.2,0.2,0.2,106.1,113.0,0.4,0.1,0,0,0,1,0.6376797753594837,166.7,-6.099999999999994,3.0
22200923,2023-02-28,2022-23,ATL,WAS,116,119,235,0,-3,1515.8809564197402,1500.252463890693,15.628492529047207,117.66666666666667,107.33333333333333,0.0,0.6666666666666666,120.0,114.2,0.4,0.4,120.6,116.2,0.5,0.7,1,1,0,1,0.6251397011618883,173.55,-2.933333333333323,-8.866666666666674
22200932,2023-02-28,2022-23,LAC,MIN,101,108,209,0,-7,1545.005994246957,1481.9043546715327,63.101639575424315,121.33333333333333,111.66666666666667,0.6666666666666666,0.3333333333333333,120.6,118.0,0.6,0.4,117.5,115.5,0.7,0.4,3,1,2,1,2.5240655830169727,174.65,3.8333333333333286,-3.8333333333333286
2022200333,2023-02-28,2022-23,RGV,LIN,100,109,209,0,-9,1520.235843217675,1773.2608015492126,-253.02495833153762,122.0,116.0,0.6666666666666666,1.0,122.0,117.0,0.8,1.0,121.8,119.4,0.5,0.8,4,1,3,1,-10.120998333261504,174.75,0.20000000000000284,-3.4000000000000057
22200927,2023-02-28,2022-23,MEM,LAL,121,109,230,1,12,1604.9242302403513,1515.6178870331062,89.30634320724516,109.0,111.66666666666667,0.0,0.6666666666666666,109.4,114.6,0.0,0.6,113.1,115.7,0.2,0.5,2,1,1,1,3.5722537282898066,171.0,-4.099999999999994,-4.033333333333331
22200928,2023-02-28,2022-23,OKC,SAC,117,123,240,0,-6,1500.5896097436028,1554.1287184570626,-53.53910871345988,124.0,136.33333333333334,0.3333333333333333,0.6666666666666666,123.8,135.8,0.4,0.8,117.5,123.4,0.5,0.6,1,1,0,1,-2.1415643485383953,179.9,6.5,12.933333333333337
22200930,2023-02-28,2022-23,UTA,SAS,94,102,196,0,-8,1460.849376267989,1164.4145049798376,296.4348712881515,118.0,109.33333333333333,0.3333333333333333,0.0,120.0,108.6,0.4,0.0,121.8,108.0,0.4,0.0,2,2,0,1,11.85739485152606,172.15,-3.799999999999997,1.3333333333333286
22200925,2023-02-28,2022-23,TOR,CHI,104,98,202,1,6,1512.6526764540567,1515.4891951383804,-2.8365186843236643,98.0,102.33333333333333,0.6666666666666666,0.0,107.8,104.8,0.6,0.2,112.4,105.2,0.5,0.2,4,12,-8,1,-0.11346074737294658,168.15,-14.400000000000006,-2.8666666666666742
22200931,2023-02-28,2022-23,GSW,POR,123,105,228,1,18,1526.4280246674439,1456.6729001650624,69.75512450238148,119.0,120.33333333333333,0.0,0.3333333333333333,117.6,119.2,0.0,0.4,119.9,112.5,0.3,0.2,1,4,-3,1,2.7902049800952593,174.2,-0.9000000000000057,7.833333333333329
22200933,2023-03-01,2022-23,CHA,PHX,91,105,196,0,-14,1411.108811783866,1549.0631797839237,-137.95436800005768,113.66666666666667,108.33333333333333,0.3333333333333333,0.3333333333333333,110.2,111.4,0.2,0.6,110.9,111.0,0.3,0.5,1,2,-1,1,-5.518174720002308,170.4,2.7666666666666657,-2.6666666666666714
22200935,2023-03-01,2022-23,BOS,CLE,117,113,230,1,4,1650.5074166410284,1617.0202725317558,33.48714410927255,115.33333333333333,116.33333333333333,0.6666666666666666,0.3333333333333333,116.4,117.0,0.6,0.6,113.3,111.7,0.6,0.4,13,4,9,1,1.339485764370902,173.35,2.0333333333333314,4.633333333333326
22200937,2023-03-01,2022-23,NYK,BKN,142,118,260,1,24,1650.382136835181,1465.214869410432,185.16726742474907,115.0,106.66666666666667,0.6666666666666666,0.0,112.4,109.8,0.6,0.0,115.1,109.8,0.6,0.3,1,2,-1,1,7.406690696989963,170.55,-0.09999999999999432,-3.1333333333333258
22200940,2023-03-01,2022-23,OKC,LAL,117,123,240,0,-6,1484.1056038942015,1496.4199826765687,-12.314378782367157,124.0,111.66666666666667,0.3333333333333333,0.3333333333333333,123.8,114.0,0.4,0.4,117.5,115.7,0.5,0.5,0,0,0,1,-0.4925751512946863,174.45,6.5,-4.033333333333331
22200939,2023-03-01,2022-23,MIL,ORL,139,117,256,1,22,1742.0044436962082,1491.1340363807014,250.87040731550678,116.33333333333333,104.66666666666667,1.0,0.6666666666666666,118.2,112.0,1.0,0.8,118.1,111.2,0.7,0.5,2,1,1,1,10.03481629262027,172.55,-1.7666666666666657,-6.533333333333331
22200938,2023-03-01,2022-23,HOU,MEM,99,113,212,0,-14,1202.5626989871844,1624.1221345968888,-421.55943560970445,103.66666666666667,109.0,0.0,0.0,102.0,109.4,0.0,0.0,108.4,113.1,0.1,0.2,0,5,-5,1,-16.86237742438818,167.85,-4.733333333333334,-4.099999999999994
22200941,2023-03-01,2022-23,POR,NOP,110,121,231,0,-11,1433.0619311066066,1397.4226147780105,35.639316328596124,114.0,106.0,0.0,0.0,117.6,105.4,0.4,0.2,112.3,105.9,0.2,0.1,2,3,-1,1,1.4255726531438448,170.75,1.7000000000000028,0.09999999999999432
22200936,2023-03-01,2022-23,MIA,PHI,96,119,215,0,-23,1497.5632908158486,1639.5196184769134,-141.95632766106473,101.0,99.0,0.3333333333333333,0.3333333333333333,103.0,112.6,0.4,0.6,104.1,114.2,0.3,0.8,15,17,-2,1,-5.67825310644259,168.9,-3.0999999999999943,-15.200000000000003
22200934,2023-03-01,2022-23,DET,CHI,115,117,232,0,-2,1275.135851691886,1495.8712300168304,-220.73537832494435,107.0,100.0,0.0,0.0,104.8,98.8,0.0,0.0,110.6,105.1,0.2,0.2,3,0,3,1,-8.829415132997774,165.9,-3.5999999999999943,-5.099999999999994
2022200336,2023-03-01,2022-23,WES,DEL,126,147,273,0,-21,1415.1120656605674,1648.9864605473238,-233.87439488675636,108.66666666666667,127.66666666666667,0.3333333333333333,1.0,110.6,124.4,0.4,1.0,113.4,125.4,0.4,0.8,4,1,3,1,-9.354975795470255,173.75,-4.733333333333334,2.2666666666666657
2022200340,2023-03-02,2022-23,AUS,BHM,103,110,213,0,-7,1353.0089365122865,1336.6859280584908,16.323008453795637,106.66666666666667,110.0,0.0,0.3333333333333333,112.8,108.4,0.2,0.4,106.1,104.7,0.2,0.3,3,18,-15,1,0.6529203381518255,170.3,0.5666666666666771,5.299999999999997
22200945,2023-03-02,2022-23,GSW,LAC,115,91,206,1,24,1550.0389937258997,1520.4758595675837,29.56313415831596,119.0,121.33333333333333,0.0,0.6666666666666666,117.6,120.6,0.0,0.6,119.9,117.5,0.3,0.7,1,3,-2,1,1.1825253663326385,174.55,-0.9000000000000057,3.8333333333333286
2022200338,2023-03-02,2022-23,GRG,MCC,91,103,194,0,-12,1421.050461261696,1494.7032865962294,-73.65282533453342,103.66666666666667,116.0,0.0,0.6666666666666666,102.6,115.8,0.2,0.6,98.7,112.3,0.2,0.4,3,5,-2,1,-2.946113013381337,169.6,4.966666666666669,3.700000000000003
22200943,2023-03-02,2022-23,DAL,PHI,133,126,259,1,7,1467.0799311668409,1658.9925397795303,-191.91260861268938,119.66666666666667,106.33333333333333,0.3333333333333333,0.6666666666666666,118.6,110.6,0.6,0.6,114.7,113.8,0.4,0.8,1,0,1,1,-7.676504344507575,172.3,4.966666666666669,-7.466666666666669
22200942,2023-03-02,2022-23,WAS,TOR,119,108,227,1,11,1514.7385759644794,1532.2706415756068,-17.532065611127337,105.0,98.0,0.6666666666666666,0.6666666666666666,113.4,107.8,0.6,0.6,116.5,112.4,0.7,0.5,5,3,2,1,-0.7012826244450935,170.3,-11.5,-14.400000000000006
2022200341,2023-03-02,2022-23,SCW,CLC,115,110,225,1,5,1549.9279980021602,1497.5635628827167,52.36443511944344,115.33333333333333,108.66666666666667,0.6666666666666666,0.3333333333333333,116.6,105.6,0.6,0.2,120.0,107.9,0.5,0.5,4,1,3,1,2.0945774047777377,170.55,-4.666666666666671,0.7666666666666657
2022200339,2023-03-02,2022-23,RAP,FWN,135,125,260,1,10,1494.1147938413758,1549.048931939767,-54.93413809839126,105.66666666666667,109.33333333333333,0.3333333333333333,0.3333333333333333,109.0,117.8,0.4,0.4,113.2,122.2,0.5,0.6,21,3,18,1,-2.1973655239356504,171.7,-7.533333333333331,-12.866666666666674
22200944,2023-03-02,2022-23,SAS,IND,110,99,209,1,11,1201.6078430715693,1412.3665966697745,-210.7587535982052,106.66666666666667,119.33333333333333,0.3333333333333333,0.6666666666666666,107.8,113.8,0.2,0.4,107.8,113.2,0.1,0.2,26,1,25,1,-8.430350143928209,170.4,-1.1333333333333258,6.133333333333326
2022200343,2023-03-02,2022-23,STO,TEX,127,100,227,1,27,1591.9277770177187,1378.3966275090502,213.53114950866848,112.66666666666667,114.0,0.3333333333333333,0.3333333333333333,114.6,108.6,0.6,0.2,114.1,111.4,0.6,0.3,1,14,-13,1,8.541245980346739,170.8,-1.433333333333323,2.5999999999999943
2022200342,2023-03-02,2022-23,SBL,MNE,129,128,257,1,1,1676.0411829745844,1572.7020692753763,103.33911369920816,119.66666666666667,118.66666666666667,1.0,0.6666666666666666,122.2,119.4,0.8,0.6,118.9,121.1,0.6,0.7,4,4,0,1,4.1335645479683265,175.4,0.7666666666666657,-2.433333333333323
2022200337,2023-03-02,2022-23,CPS,GBO,120,117,237,1,3,1503.3809562081315,1423.4286667833255,79.95228942480594,119.33333333333333,113.0,0.3333333333333333,0.3333333333333333,114.0,110.2,0.2,0.2,117.2,111.0,0.5,0.3,18,14,4,1,3.198091576992238,171.05,2.1333333333333258,2.0
2022200345,2023-03-03,2022-23,WES,DEL,117,122,239,0,-5,1402.3474390505457,1661.7510871573454,-259.40364810679966,108.66666666666667,136.0,0.3333333333333333,1.0,110.6,128.0,0.4,1.0,114.7,128.8,0.3,0.9,1,1,0,1,-10.376145924271986,174.65,-6.033333333333331,7.199999999999989
2022200346,2023-03-03,2022-23,SXF,IWA,128,131,259,0,-3,1569.6124610637914,1329.7970506138502,239.81541044994128,112.0,112.66666666666667,0.6666666666666666,0.0,104.6,109.8,0.4,0.0,110.6,111.6,0.6,0.1,7,2,5,1,9.592616417997652,168.6,1.4000000000000057,1.066666666666677
2022200344,2023-03-03,2022-23,OKL,RGV,117,125,242,0,-8,1427.7429327557288,1511.5321259464815,-83.78919319075271,107.0,122.0,0.3333333333333333,0.6666666666666666,111.0,122.0,0.4,0.8,114.8,121.8,0.4,0.5,2,5,-3,1,-3.3515677276301084,173.25,-7.799999999999997,0.20000000000000284
2022200347,2023-03-03,2022-23,GLI,CCG,110,122,232,0,-12,1387.6685685247141,1458.0435986236744,-70.37503009896022,100.0,117.66666666666667,0.0,0.6666666666666666,97.6,112.8,0.2,0.6,106.1,114.5,0.4,0.6,2,7,-5,1,-2.815001203958409,167.6,-6.099999999999994,3.1666666666666714
22200949,2023-03-03,2022-23,MIA,NYK,120,122,242,0,-2,1478.0903695132317,1666.8744950390192,-188.78412552578743,101.0,115.0,0.3333333333333333,0.6666666666666666,103.0,112.4,0.4,0.6,104.1,115.1,0.3,0.6,1,6,-5,1,-7.551365021031497,168.85,-3.0999999999999943,-0.09999999999999432
22200948,2023-03-03,2022-23,BOS,BKN,105,115,220,0,-10,1665.0553449652214,1448.7225112065937,216.33283375862766,115.33333333333333,110.66666666666667,0.6666666666666666,0.0,116.4,106.8,0.6,0.0,113.3,111.4,0.6,0.2,1,1,0,1,8.653313350345107,170.8,2.0333333333333314,-0.7333333333333343
22200955,2023-03-03,2022-23,LAL,MIN,102,110,212,0,-8,1515.1896716166593,1506.434489350906,8.75518226575332,114.33333333333333,112.0,0.6666666666666666,0.6666666666666666,113.4,117.2,0.6,0.6,115.9,115.9,0.5,0.4,7,2,5,1,0.3502072906301328,172.65,-1.566666666666677,-3.9000000000000057
22200953,2023-03-03,2022-23,GSW,NOP,108,99,207,1,9,1579.4954164065111,1424.8117508722394,154.68366553427177,119.0,112.33333333333333,0.0,0.3333333333333333,117.6,108.4,0.0,0.4,119.9,107.7,0.3,0.2,0,1,-1,1,6.187346621370871,171.5,-0.9000000000000057,4.633333333333326
22200952,2023-03-03,2022-23,DEN,MEM,113,97,210,1,16,1677.103337974631,1628.5178348548318,48.585503119799114,114.0,109.0,0.6666666666666666,0.3333333333333333,114.6,108.0,0.8,0.2,109.2,112.1,0.5,0.2,4,1,3,1,1.9434201247919645,170.65,4.799999999999997,-3.0999999999999943
22200947,2023-03-03,2022-23,ATL,POR,129,111,240,1,18,1501.3948443459537,1405.6727950123777,95.72204933357602,117.66666666666667,114.0,0.0,0.0,120.0,117.6,0.4,0.4,120.6,112.3,0.5,0.2,2,2,0,1,3.828881973343041,174.4,-2.933333333333323,1.7000000000000028
22200950,2023-03-03,2022-23,CHI,PHX,104,125,229,0,-21,1500.6863411366091,1565.9225656885474,-65.23622455193822,109.33333333333333,107.66666666666667,0.3333333333333333,0.6666666666666666,104.4,109.2,0.2,0.6,107.1,111.8,0.3,0.6,4,1,3,1,-2.609448982077529,168.4,2.2333333333333343,-4.133333333333326
22200954,2023-03-03,2022-23,SAC,LAC,128,127,255,1,1,1570.6127243064639,1491.0194368869722,79.59328741949162,141.0,110.33333333333333,1.0,0.3333333333333333,132.4,117.8,0.8,0.6,124.7,115.4,0.7,0.6,7,0,7,1,3.183731496779665,177.55,16.299999999999997,-5.066666666666677
22200951,2023-03-03,2022-23,OKC,UTA,130,103,233,1,27,1465.3359149541109,1423.6560381762574,41.67987677785345,124.0,118.0,0.3333333333333333,0.3333333333333333,123.8,120.0,0.4,0.4,117.5,121.8,0.5,0.4,1,15,-14,1,1.6671950711141381,175.95,6.5,-3.799999999999997
22200946,2023-03-03,2022-23,CHA,ORL,106,117,223,0,-11,1394.2494258792424,1479.1622677254845,-84.91284184624215,113.66666666666667,110.33333333333333,0.3333333333333333,0.3333333333333333,110.2,110.0,0.2,0.6,110.9,111.3,0.3,0.5,1,1,0,1,-3.396513673849686,170.05,2.7666666666666657,-0.9666666666666686
2022200350,2023-03-04,2022-23,CPS,GBO,115,100,215,1,15,1514.1088873789683,1412.7007356124886,101.4081517664797,119.33333333333333,113.33333333333333,0.3333333333333333,0.0,114.0,113.6,0.2,0.2,117.2,113.2,0.5,0.3,1,1,0,1,4.056326070659188,171.9,2.1333333333333258,0.13333333333332575
22200961,2023-03-04,2022-23,SAC,MIN,134,138,272,0,-4,1575.9834874220544,1528.9603062482422,47.02318117381219,141.0,107.33333333333333,1.0,0.6666666666666666,132.4,110.6,0.8,0.6,124.7,115.1,0.7,0.5,0,0,0,1,1.8809272469524876,175.75,16.299999999999997,-7.766666666666666
22200960,2023-03-04,2022-23,MIL,PHI,130,133,263,0,-3,1753.9762123514251,1627.7532238395515,126.22298851187361,116.33333333333333,115.33333333333333,1.0,0.6666666666666666,118.2,108.4,1.0,0.4,118.1,114.6,0.7,0.7,2,1,1,1,5.0489195404749445,171.65,-1.7666666666666657,0.7333333333333343
2022200354,2023-03-04,2022-23,STO,TEX,129,106,235,1,23,1607.0109513131015,1363.3134532136673,243.69749809943414,112.66666666666667,104.0,0.3333333333333333,0.0,114.6,107.0,0.6,0.2,114.1,111.6,0.6,0.3,1,1,0,1,9.747899923977366,170.4,-1.433333333333323,-7.599999999999994
22200956,2023-03-04,2022-23,WAS,TOR,109,116,225,0,-7,1540.8404964644935,1506.1687210755927,34.67177538890087,105.0,98.66666666666667,0.6666666666666666,0.3333333333333333,113.4,103.8,0.6,0.6,116.5,110.6,0.7,0.5,1,1,0,1,1.3868710155560349,169.3,-11.5,-11.933333333333323
22200959,2023-03-04,2022-23,SAS,HOU,110,122,232,0,-12,1239.918596255551,1198.1669987292414,41.751597526309524,106.66666666666667,103.66666666666667,0.3333333333333333,0.0,107.8,102.0,0.2,0.0,107.8,108.4,0.1,0.1,1,5,-4,1,1.670063901052381,167.45,-1.1333333333333258,-4.733333333333334
22200957,2023-03-04,2022-23,CLE,DET,114,90,204,1,24,1602.4723442075629,1270.3207405721073,332.15160363545556,114.66666666666667,107.0,0.0,0.0,115.2,104.8,0.4,0.0,112.8,110.6,0.4,0.2,5,4,1,1,13.286064145418223,170.0,1.8666666666666742,-3.5999999999999943
2022200349,2023-03-04,2022-23,RAP,FWN,129,114,243,1,15,1521.8538527108267,1521.3098730703161,0.5439796405105426,105.66666666666667,117.0,0.3333333333333333,0.3333333333333333,109.0,118.0,0.4,0.2,113.2,121.8,0.5,0.5,1,1,0,1,0.021759185620421704,171.75,-7.533333333333331,-4.799999999999997
2022200348,2023-03-04,2022-23,WIS,WCB,102,120,222,0,-18,1379.4149023393954,1501.3541327360265,-121.93923039663105,114.33333333333333,115.0,0.6666666666666666,0.3333333333333333,120.4,121.0,0.4,0.4,122.3,120.0,0.3,0.6,24,17,7,1,-4.8775692158652415,175.35,-7.966666666666669,-5.0
2022200352,2023-03-04,2022-23,SXF,IWA,109,112,221,0,-3,1547.4575518962217,1351.9519597814199,195.50559211480186,112.0,114.33333333333333,0.6666666666666666,0.3333333333333333,104.6,116.2,0.4,0.2,110.6,113.3,0.6,0.2,0,0,0,1,7.820223684592074,170.2,1.4000000000000057,1.0333333333333314
22200958,2023-03-04,2022-23,MIA,ATL,117,109,226,1,8,1472.5482051492388,1522.9262132964475,-50.378008147208675,101.0,117.66666666666667,0.3333333333333333,0.0,103.0,120.0,0.4,0.4,104.1,120.6,0.3,0.5,0,18,-18,1,-2.015120325888347,170.75,-3.0999999999999943,-2.933333333333323
2022200353,2023-03-04,2022-23,SBL,MNE,114,98,212,1,16,1680.9697193024972,1567.7735329474635,113.19618635503366,119.66666666666667,119.33333333333333,1.0,0.3333333333333333,122.2,119.8,0.8,0.6,118.9,122.3,0.6,0.6,1,1,0,1,4.527847454201346,175.5,0.7666666666666657,-2.9666666666666686
2022200355,2023-03-04,2022-23,SCW,CLC,110,127,237,0,-17,1565.165370915302,1482.326189969575,82.8391809457271,115.33333333333333,110.33333333333333,0.6666666666666666,0.3333333333333333,116.6,104.0,0.6,0.2,120.0,106.7,0.5,0.4,1,1,0,1,3.313567237829084,170.15,-4.666666666666671,3.6333333333333258
2022200351,2023-03-04,2022-23,MHU,AUS,109,121,230,0,-12,1630.0659274900122,1331.2382886104538,298.82763887955844,114.66666666666667,106.66666666666667,0.6666666666666666,0.0,113.0,112.8,0.6,0.2,112.8,106.1,0.6,0.2,3,7,-4,1,11.953105555182338,171.45,1.8666666666666742,0.5666666666666771
22200966,2023-03-05,2022-23,ORL,POR,119,122,241,0,-3,1498.056347924688,1384.141426061884,113.91492186280402,111.66666666666667,110.66666666666667,0.6666666666666666,0.0,109.6,115.4,0.6,0.2,111.2,112.2,0.6,0.2,7,1,6,1,4.556596874512161,171.25,0.46666666666666856,-1.5333333333333314
2022200360,2023-03-05,2022-23,MXC,CCG,122,107,229,1,15,1521.8290240092842,1478.5675503994853,43.26147360979894,110.66666666666667,120.0,0.3333333333333333,1.0,113.6,116.4,0.6,0.6,114.0,113.6,0.5,0.6,5,1,4,1,1.7304589443919576,172.5,-3.3333333333333286,6.400000000000006
22200963,2023-03-05,2022-23,CHI,IND,122,125,247,0,-3,1475.51255244917,1374.0558434857928,101.4567089633772,109.33333333333333,114.66666666666667,0.3333333333333333,0.6666666666666666,104.4,113.6,0.2,0.4,107.1,111.2,0.3,0.2,1,2,-1,1,4.058268358535088,169.5,2.2333333333333343,3.4666666666666686
2022200358,2023-03-05,2022-23,WCB,WES,120,121,241,0,-1,1520.8688465417324,1395.7740180475053,125.09482849422716,114.33333333333333,108.66666666666667,0.6666666666666666,0.3333333333333333,121.8,110.6,0.6,0.4,119.2,114.5,0.6,0.3,6,6,0,1,5.003793139769086,173.1,-4.866666666666674,-5.833333333333329
22200969,2023-03-05,2022-23,BOS,NYK,129,131,260,0,-2,1627.816641742201,1672.416659403012,-44.60001766081109,115.33333333333333,119.66666666666667,0.6666666666666666,1.0,116.4,113.8,0.6,0.8,113.3,116.1,0.6,0.6,1,1,0,1,-1.7840007064324437,172.55,2.0333333333333314,3.566666666666677
22200970,2023-03-05,2022-23,LAC,MEM,135,129,264,1,6,1485.6486737713817,1604.1220505334152,-118.47337676203347,114.0,105.0,0.0,0.3333333333333333,116.4,107.4,0.4,0.2,114.8,108.8,0.5,0.1,4,1,3,1,-4.738935070481339,170.95,-0.7999999999999972,-3.799999999999997
22200973,2023-03-05,2022-23,WAS,MIL,111,117,228,0,-6,1517.9777970770688,1735.2873488295072,-217.30955175243844,105.0,116.33333333333333,0.6666666666666666,1.0,113.4,118.2,0.6,1.0,116.5,118.1,0.7,0.7,0,4,-4,1,-8.692382070097537,172.9,-11.5,-1.7666666666666657
22200968,2023-03-05,2022-23,OKC,UTA,129,119,248,1,10,1494.6795699204931,1394.3123832098752,100.36718671061794,124.0,112.33333333333333,0.3333333333333333,0.3333333333333333,123.8,115.8,0.4,0.4,117.5,119.6,0.5,0.4,1,1,0,1,4.014687468424718,174.9,6.5,-7.266666666666666
22200964,2023-03-05,2022-23,LAL,GSW,113,105,218,1,8,1492.6638547193231,1592.897426086509,-100.23357136718596,114.33333333333333,119.0,0.6666666666666666,0.0,113.4,117.6,0.6,0.0,115.9,119.9,0.5,0.3,1,9,-8,1,-4.009342854687438,172.75,-1.566666666666677,-0.9000000000000057
2022200356,2023-03-05,2022-23,OSC,GRG,110,98,208,1,12,1519.9691567296709,1400.7583863565021,119.21077037316877,109.66666666666667,103.66666666666667,0.3333333333333333,0.0,109.2,102.6,0.2,0.2,111.1,98.7,0.6,0.2,21,4,17,1,4.7684308149267505,167.95,-1.433333333333323,4.966666666666669
2022200357,2023-03-05,2022-23,BHM,RGV,124,134,258,0,-10,1358.4565759603236,1528.3058363649247,-169.84926040460118,109.66666666666667,120.66666666666667,0.6666666666666666,0.6666666666666666,107.8,120.6,0.4,0.8,105.9,121.1,0.4,0.6,8,1,7,1,-6.793970416184047,172.1,3.7666666666666657,-0.4333333333333229
22200965,2023-03-05,2022-23,BKN,CHA,102,86,188,1,16,1485.961214429614,1375.355345680039,110.60586874957517,120.0,113.66666666666667,0.3333333333333333,0.3333333333333333,110.6,110.2,0.2,0.2,113.1,110.9,0.3,0.3,4,8,-4,1,4.424234749983007,170.2,6.900000000000006,2.7666666666666657
2022200359,2023-03-05,2022-23,ONT,MNE,108,120,228,0,-12,1509.2942361282778,1548.3588306744352,-39.06459454615742,107.0,112.0,0.3333333333333333,0.0,110.0,116.4,0.4,0.4,106.2,119.5,0.4,0.5,18,0,18,1,-1.5625837818462969,171.6,0.7999999999999972,-7.5
22200962,2023-03-05,2022-23,DAL,PHX,126,130,256,0,-4,1498.3192471068196,1591.0963543759865,-92.77710726916689,119.66666666666667,110.33333333333333,0.3333333333333333,0.6666666666666666,118.6,111.0,0.6,0.6,114.7,112.7,0.4,0.7,2,1,1,1,-3.7110842907666757,172.4,4.966666666666669,-2.3666666666666742
22200967,2023-03-05,2022-23,HOU,SAS,142,110,252,1,32,1226.8840593186828,1211.2015356661095,15.682523652573309,112.33333333333333,106.66666666666667,0.3333333333333333,0.3333333333333333,107.4,107.8,0.2,0.2,110.6,107.8,0.2,0.1,3,4,-1,1,0.6273009461029324,168.8,1.7333333333333343,-1.1333333333333258
22200976,2023-03-06,2022-23,SAC,NOP,123,108,231,1,15,1557.7240408733514,1411.4097411922414,146.31429968111001,141.0,108.66666666666667,1.0,0.3333333333333333,132.4,107.6,0.8,0.2,124.7,106.6,0.7,0.2,1,2,-1,1,5.8525719872444,175.0,16.299999999999997,2.066666666666677
22200971,2023-03-06,2022-23,CLE,BOS,118,114,232,1,4,1610.761224559129,1618.2331025541541,-7.471877995025125,114.66666666666667,115.33333333333333,0.0,0.6666666666666666,115.2,116.4,0.4,0.6,112.8,113.3,0.4,0.6,1,6,-5,1,-0.298875119801005,172.9,1.8666666666666742,2.0333333333333314
2022200361,2023-03-06,2022-23,RAP,GLI,127,108,235,1,19,1549.5363295674813,1367.1446167489032,182.39171281857807,105.66666666666667,100.0,0.3333333333333333,0.0,109.0,97.6,0.4,0.2,113.2,106.1,0.5,0.4,1,9,-8,1,7.295668512743123,166.65,-7.533333333333331,-6.099999999999994
22200975,2023-03-06,2022-23,DEN,TOR,118,113,231,1,5,1701.4991222960475,1529.0314204630174,172.4677018330301,114.0,105.66666666666667,0.6666666666666666,0.3333333333333333,114.6,103.6,0.8,0.6,109.2,110.9,0.5,0.5,2,1,1,1,6.898708073321204,169.55,4.799999999999997,-5.233333333333334
2022200363,2023-03-06,2022-23,TEX,SLC,128,134,262,0,-6,1350.7686237312578,1565.6316591478865,-214.8630354166287,105.66666666666667,119.66666666666667,0.0,0.6666666666666666,109.6,120.6,0.2,0.8,112.1,118.7,0.3,0.7,8,8,0,1,-8.594521416665147,172.55,-6.433333333333323,0.9666666666666686
2022200362,2023-03-06,2022-23,MHU,AUS,112,97,209,1,15,1586.5565207452398,1374.7476953552261,211.80882539001368,114.66666666666667,110.33333333333333,0.6666666666666666,0.3333333333333333,113.0,115.0,0.6,0.4,112.8,109.7,0.6,0.3,1,1,0,1,8.472353015600547,172.0,1.8666666666666742,0.6333333333333258
22200977,2023-03-06,2022-23,DET,POR,104,110,214,0,-6,1262.0318602205411,1402.3934986556487,-140.36163843510758,100.66666666666667,112.66666666666667,0.0,0.3333333333333333,105.8,115.0,0.0,0.2,107.4,113.8,0.1,0.3,4,0,4,1,-5.614465537404303,170.2,-6.733333333333334,-1.1333333333333258
2022200365,2023-03-06,2022-23,SBL,SXF,133,135,268,0,-2,1700.3844215755255,1526.5247064640919,173.85971511143362,119.66666666666667,112.0,1.0,0.6666666666666666,122.2,104.6,0.8,0.4,118.9,110.6,0.6,0.6,1,5,-4,1,6.954388604457344,171.7,0.7666666666666657,1.4000000000000057
22200974,2023-03-06,2022-23,MIA,ATL,130,128,258,1,2,1497.6842749795112,1497.790143466175,-0.10586848666389415,101.0,118.0,0.3333333333333333,0.0,103.0,115.4,0.4,0.2,104.1,120.1,0.3,0.4,1,1,0,1,-0.004234739466555766,169.6,-3.0999999999999943,-2.0999999999999943
22200972,2023-03-06,2022-23,IND,PHI,143,147,290,0,-4,1391.8557129916144,1646.4420873614695,-254.5863743698551,116.0,126.0,0.6666666666666666,0.6666666666666666,116.4,115.6,0.6,0.6,113.1,116.6,0.3,0.7,10,1,9,1,-10.183454974794204,173.0,2.9000000000000057,9.400000000000006
2022200364,2023-03-06,2022-23,MXC,CCG,90,109,199,0,-19,1546.120312063098,1454.2762623456715,91.84404971742651,110.66666666666667,113.66666666666667,0.3333333333333333,0.6666666666666666,113.6,116.4,0.6,0.6,114.0,112.4,0.5,0.6,0,0,0,1,3.6737619886970605,172.5,-3.3333333333333286,1.2666666666666657
2022200368,2023-03-07,2022-23,GRG,ONT,88,106,194,0,-18,1383.5798059045053,1486.516601269736,-102.93679536523064,100.33333333333333,107.0,0.0,0.3333333333333333,100.6,110.0,0.0,0.4,99.4,106.2,0.2,0.4,4,7,-3,1,-4.1174718146092255,167.65,0.9333333333333229,0.7999999999999972
22200980,2023-03-07,2022-23,MIN,PHI,94,117,211,0,-23,1547.2197527969452,1652.4815020975732,-105.26174930062803,118.66666666666667,135.33333333333334,1.0,0.6666666666666666,116.8,125.2,0.8,0.8,117.1,119.3,0.6,0.7,10,0,10,1,-4.210469972025121,175.5,1.566666666666677,16.033333333333346
22200982,2023-03-07,2022-23,OKC,GSW,137,128,265,1,9,1511.9179521023666,1564.7564854914838,-52.838533389117174,124.0,113.33333333333333,0.3333333333333333,0.0,123.8,115.8,0.4,0.0,117.5,118.6,0.5,0.3,1,1,0,1,-2.113541335564687,174.9,6.5,-5.266666666666666
2022200369,2023-03-07,2022-23,STO,WES,121,104,225,1,17,1619.555780795511,1405.0986478141808,214.45713298133023,112.66666666666667,113.33333333333333,0.3333333333333333,0.6666666666666666,114.6,111.8,0.6,0.4,114.1,114.0,0.6,0.4,2,1,1,1,8.57828531925321,171.6,-1.433333333333323,-0.6666666666666714
2022200366,2023-03-07,2022-23,LIN,MCC,114,102,216,1,12,1781.964518820406,1514.9953615014233,266.96915731898275,115.33333333333333,110.0,1.0,1.0,114.6,111.6,1.0,0.6,117.3,112.4,0.8,0.5,12,4,8,1,10.67876629275931,171.55,-1.9666666666666686,-2.4000000000000057
22200984,2023-03-07,2022-23,LAL,MEM,112,103,215,1,9,1520.8047953143484,1578.2732744226682,-57.4684791083198,114.33333333333333,113.0,0.6666666666666666,0.3333333333333333,113.4,110.6,0.6,0.2,115.9,109.6,0.5,0.1,1,1,0,1,-2.298739164332792,171.0,-1.566666666666677,3.4000000000000057
22200769,2023-03-07,2022-23,DET,WAS,117,119,236,0,-2,1250.0326108700306,1509.3170007936044,-259.2843899235738,100.66666666666667,105.0,0.0,0.6666666666666666,105.8,113.4,0.0,0.6,107.4,116.5,0.1,0.7,0,6,-6,1,-10.371375596942952,169.8,-6.733333333333334,-11.5
2022200367,2023-03-07,2022-23,BHM,SCW,127,112,239,1,15,1345.3476543136437,1529.497819737187,-184.15016542354329,109.66666666666667,115.33333333333333,0.6666666666666666,0.6666666666666666,107.8,116.6,0.4,0.6,105.9,120.0,0.4,0.5,1,23,-22,1,-7.366006616941731,171.1,3.7666666666666657,-4.666666666666671
22200981,2023-03-07,2022-23,HOU,BKN,96,118,214,0,-22,1260.2719547335644,1505.566666297421,-245.2947115638567,112.33333333333333,120.0,0.3333333333333333,0.3333333333333333,107.4,110.6,0.2,0.2,110.6,113.1,0.2,0.3,1,3,-2,1,-9.811788462554269,169.5,1.7333333333333343,6.900000000000006
22200979,2023-03-07,2022-23,NYK,CHA,105,112,217,0,-7,1682.000198591059,1355.749893812232,326.25030477882706,122.66666666666667,107.66666666666667,1.0,0.3333333333333333,119.6,107.8,0.8,0.2,117.5,107.3,0.6,0.2,5,1,4,1,13.050012191153082,171.85,5.166666666666671,0.36666666666667425
22200978,2023-03-07,2022-23,ORL,MIL,123,134,257,0,-11,1479.8042753309232,1743.9481451129716,-264.14386978204834,111.66666666666667,115.66666666666667,0.6666666666666666,1.0,109.6,116.2,0.6,1.0,111.2,119.6,0.6,0.8,1,1,0,1,-10.565754791281934,171.45,0.46666666666666856,-3.933333333333323
2022200370,2023-03-07,2022-23,OSC,WIS,116,111,227,1,5,1537.1477371816677,1359.9001885336895,177.2475486479782,109.66666666666667,114.33333333333333,0.3333333333333333,0.6666666666666666,109.2,120.4,0.2,0.4,111.1,122.3,0.6,0.3,1,6,-5,1,7.089901945919127,172.4,-1.433333333333323,-7.966666666666669
22200983,2023-03-07,2022-23,DAL,UTA,120,116,236,1,4,1486.4232927320443,1377.0740010280017,109.34929170404257,119.66666666666667,111.0,0.3333333333333333,0.0,118.6,115.2,0.6,0.2,114.7,118.4,0.4,0.3,1,1,0,1,4.373971668161703,173.45,4.966666666666669,-7.400000000000006
2022200372,2023-03-08,2022-23,CPS,GLI,131,105,236,1,26,1533.9644853783575,1351.6124439827365,182.35204139562097,119.33333333333333,106.33333333333333,0.3333333333333333,0.0,114.0,98.0,0.2,0.0,117.2,104.3,0.5,0.3,3,1,2,1,7.294081655824839,168.0,2.1333333333333258,2.0333333333333314
2022200373,2023-03-08,2022-23,RAP,DEL,97,112,209,0,-15,1565.068502333648,1668.324508160386,-103.25600582673792,105.66666666666667,131.33333333333334,0.3333333333333333,1.0,109.0,130.4,0.4,1.0,113.2,126.1,0.5,0.9,1,4,-3,1,-4.130240233069517,174.85,-7.533333333333331,5.2333333333333485
2022200376,2023-03-08,2022-23,SBL,SXF,127,125,252,1,2,1684.317894159255,1542.5912338803623,141.72666027889272,119.66666666666667,119.0,1.0,0.6666666666666666,122.2,113.2,0.8,0.6,118.9,112.6,0.6,0.6,1,1,0,1,5.6690664111557085,173.85,0.7666666666666657,6.400000000000006
22200988,2023-03-08,2022-23,NOP,DAL,113,106,219,1,7,1394.7154007153192,1497.6131296527324,-102.89772893741315,109.33333333333333,119.66666666666667,0.3333333333333333,0.3333333333333333,108.8,118.6,0.2,0.6,107.8,114.7,0.2,0.4,8,20,-12,1,-4.115909157496526,171.85,1.5333333333333314,4.966666666666669
2022200375,2023-03-08,2022-23,RGV,GBO,116,110,226,1,6,1541.4147580116046,1392.8451376130995,148.5696203985051,123.66666666666667,112.0,1.0,0.0,125.0,111.2,0.8,0.2,122.8,111.4,0.7,0.2,7,3,4,1,5.942784815940204,174.05,0.8666666666666742,0.5999999999999943
22200990,2023-03-08,2022-23,PHX,OKC,132,101,233,1,31,1602.9923087507618,1538.4188594721923,64.57344927856957,120.0,124.0,1.0,0.3333333333333333,115.6,123.8,0.8,0.4,115.1,117.5,0.8,0.5,11,11,0,1,2.582937971142783,174.85,4.900000000000006,6.5
22200986,2023-03-08,2022-23,BOS,POR,115,93,208,1,22,1601.792654384653,1414.3927480061593,187.3999063784936,106.0,114.33333333333333,0.3333333333333333,0.6666666666666666,117.0,112.8,0.4,0.4,112.5,114.9,0.5,0.4,2,1,1,1,7.495996255139744,172.45,-6.5,-0.5666666666666771
2022200374,2023-03-08,2022-23,TEX,WCB,110,122,232,0,-12,1342.0126281558373,1511.5442167750568,-169.53158861921952,105.66666666666667,114.33333333333333,0.0,0.6666666666666666,109.6,121.8,0.2,0.6,112.1,119.2,0.3,0.6,1,3,-2,1,-6.78126354476878,172.85,-6.433333333333323,-4.866666666666674
22200985,2023-03-08,2022-23,WAS,ATL,120,122,242,0,-2,1513.3497353081727,1486.8006729541592,26.549062354013586,106.66666666666667,125.0,0.6666666666666666,0.0,112.0,118.0,0.8,0.0,115.7,119.9,0.7,0.3,2,1,1,1,1.0619624941605434,172.5,-9.033333333333331,5.099999999999994
22200991,2023-03-08,2022-23,LAC,TOR,108,100,208,1,8,1511.4974498821286,1519.3430684310551,-7.845618548926495,114.0,112.33333333333333,0.0,0.3333333333333333,116.4,105.0,0.4,0.4,114.8,110.5,0.5,0.5,2,1,1,1,-0.31382474195705984,170.35,-0.7999999999999972,1.8333333333333286
2022200371,2023-03-08,2022-23,OKL,SLC,95,108,203,0,-13,1410.9692223372856,1574.387654723307,-163.41843238602132,107.0,123.0,0.3333333333333333,0.6666666666666666,111.0,124.2,0.4,0.8,114.8,118.9,0.4,0.7,4,1,3,1,-6.536737295440853,173.8,-7.799999999999997,4.099999999999994
22200987,2023-03-08,2022-23,MIA,CLE,100,104,204,0,-4,1508.6737454915271,1627.2016727286305,-118.52792723710331,101.0,114.66666666666667,0.3333333333333333,0.0,103.0,115.2,0.4,0.4,104.1,112.8,0.3,0.4,1,6,-5,1,-4.741117089484132,169.55,-3.0999999999999943,1.8666666666666742
22200989,2023-03-08,2022-23,DEN,CHI,96,117,213,0,-21,1711.1874743280098,1457.7126829433485,253.47479138466133,114.0,109.33333333333333,0.6666666666666666,0.3333333333333333,114.6,104.4,0.8,0.2,109.2,107.1,0.5,0.3,1,6,-5,1,10.138991655386453,169.75,4.799999999999997,2.2333333333333343
2022200384,2023-03-09,2022-23,TEX,WCB,110,135,245,0,-25,1327.9718071380437,1525.5850377928505,-197.61323065480678,105.66666666666667,116.66666666666667,0.0,0.6666666666666666,109.6,117.4,0.2,0.6,112.1,120.4,0.3,0.7,0,0,0,1,-7.904529226192271,171.75,-6.433333333333323,-3.7333333333333343
2022200383,2023-03-09,2022-23,RGV,IWA,128,117,245,1,11,1553.0254492876506,1372.8848052135497,180.14064407410092,123.66666666666667,115.0,1.0,0.6666666666666666,125.0,116.2,0.8,0.4,122.8,113.0,0.7,0.3,0,4,-4,1,7.205625762964036,175.3,0.8666666666666742,2.0
2022200378,2023-03-09,2022-23,FWN,MCC,116,119,235,0,-3,1493.6273962136615,1505.9153775316995,-12.287981318037964,114.33333333333333,105.33333333333333,0.0,0.6666666666666666,113.4,110.6,0.2,0.6,119.1,112.0,0.4,0.5,21,1,20,1,-0.4915192527215186,171.0,-4.766666666666666,-6.666666666666671
2022200381,2023-03-09,2022-23,RAP,DEL,112,127,239,0,-15,1545.3482782463266,1688.0447322477073,-142.69645400138074,105.66666666666667,127.0,0.3333333333333333,1.0,109.0,128.4,0.4,1.0,113.2,125.7,0.5,0.9,0,0,0,1,-5.707858160055229,174.35,-7.533333333333331,1.2999999999999972
2022200380,2023-03-09,2022-23,MNE,LIN,108,115,223,0,-7,1571.1364655329771,1791.0445027901299,-219.90803725715273,115.33333333333333,115.33333333333333,0.3333333333333333,1.0,115.2,114.6,0.4,1.0,119.4,116.5,0.5,0.8,25,8,17,1,-8.79632149028611,172.45,-4.066666666666677,-1.1666666666666714
22200995,2023-03-09,2022-23,MIL,BKN,118,113,231,1,5,1752.8631377623308,1517.8524162601416,235.0107215021892,123.0,117.0,1.0,0.6666666666666666,120.0,113.0,1.0,0.4,123.5,113.7,0.9,0.4,4,1,3,1,9.400428860087567,173.25,-0.5,3.299999999999997
2022200377,2023-03-09,2022-23,OSC,WIS,131,132,263,0,-1,1546.6428183762787,1350.4051073390785,196.23771103720014,109.66666666666667,110.33333333333333,0.3333333333333333,0.3333333333333333,109.2,114.8,0.2,0.4,111.1,120.2,0.6,0.3,1,1,0,1,7.849508441488005,171.0,-1.433333333333323,-9.866666666666674
22200992,2023-03-09,2022-23,DET,CHA,103,113,216,0,-10,1245.9998763554622,1391.8234934892077,-145.82361713374553,100.66666666666667,106.33333333333333,0.0,0.6666666666666666,105.8,107.8,0.0,0.4,107.4,106.3,0.1,0.2,1,1,0,1,-5.832944685349821,168.4,-6.733333333333334,0.03333333333333144
22200994,2023-03-09,2022-23,ORL,UTA,124,131,255,0,-7,1470.889282681564,1365.8841641073136,105.00511857425045,111.66666666666667,112.66666666666667,0.6666666666666666,0.0,109.6,114.4,0.6,0.2,111.2,118.2,0.6,0.3,1,1,0,1,4.200204742970018,171.0,0.46666666666666856,-5.533333333333331
22200993,2023-03-09,2022-23,IND,HOU,134,125,259,1,9,1385.8162982555107,1247.9862047708439,137.8300934846668,116.0,112.33333333333333,0.6666666666666666,0.3333333333333333,116.4,107.4,0.6,0.2,113.1,110.6,0.3,0.2,2,4,-2,1,5.513203739386672,170.95,2.9000000000000057,1.7333333333333343
2022200382,2023-03-09,2022-23,BHM,SCW,126,124,250,1,2,1386.5317305240317,1488.313743526799,-101.78201300276737,109.66666666666667,112.0,0.6666666666666666,0.3333333333333333,107.8,115.2,0.4,0.4,105.9,120.0,0.4,0.4,1,1,0,1,-4.071280520110695,170.75,3.7666666666666657,-8.0
22200996,2023-03-09,2022-23,MEM,GSW,131,110,241,1,21,1551.4731317347403,1538.2555781216581,13.217553613082146,109.66666666666667,114.66666666666667,0.0,0.0,109.4,118.0,0.2,0.0,108.9,118.7,0.1,0.2,8,1,7,1,0.5287021445232858,171.85,0.7666666666666657,-4.033333333333331
22200997,2023-03-09,2022-23,SAC,NYK,122,117,239,1,5,1574.4183813502736,1645.9265989140831,-71.50821756380947,141.0,122.66666666666667,1.0,1.0,132.4,119.6,0.8,0.8,124.7,117.5,0.7,0.6,2,3,-1,1,-2.8603287025523785,178.0,16.299999999999997,5.166666666666671
2022200379,2023-03-09,2022-23,CPS,GLI,113,130,243,0,-17,1551.0555213098924,1334.5214080512017,216.5341132586907,119.33333333333333,103.33333333333333,0.3333333333333333,0.0,114.0,102.6,0.2,0.0,117.2,102.9,0.5,0.2,0,0,0,1,8.661364530347628,169.15,2.1333333333333258,0.4333333333333229
22201001,2023-03-10,2022-23,MIN,BKN,123,124,247,0,-1,1524.7835216475826,1510.491581268565,14.29194037901766,118.66666666666667,115.33333333333333,1.0,0.6666666666666666,116.8,118.2,0.8,0.4,117.1,113.3,0.6,0.3,2,0,2,1,0.5716776151607064,173.75,1.566666666666677,2.0333333333333314
2022200386,2023-03-10,2022-23,CLC,ONT,102,117,219,0,-15,1517.99374114769,1507.4839254056574,10.509815742032515,116.0,104.66666666666667,0.3333333333333333,0.6666666666666666,112.6,108.2,0.4,0.4,108.9,105.7,0.4,0.4,12,2,10,1,0.4203926296813006,170.2,7.099999999999994,-1.0333333333333314
22200999,2023-03-10,2022-23,WAS,ATL,107,114,221,0,-7,1501.525745224688,1498.6246630376438,2.901082187044267,106.66666666666667,119.66666666666667,0.6666666666666666,0.3333333333333333,112.0,120.8,0.8,0.2,115.7,122.1,0.7,0.4,1,1,0,1,0.11604328748177067,173.2,-9.033333333333331,-2.433333333333323
22201000,2023-03-10,2022-23,MIA,CLE,119,115,234,1,4,1497.866440596631,1638.0089776235266,-140.14253702689552,101.0,112.0,0.3333333333333333,0.3333333333333333,103.0,113.2,0.4,0.4,104.1,111.8,0.3,0.5,1,1,0,1,-5.605701481075821,169.05,-3.0999999999999943,0.20000000000000284
22201002,2023-03-10,2022-23,SAS,DEN,128,120,248,1,8,1177.813640251228,1661.0261754267026,-483.2125351754746,104.66666666666667,114.0,0.3333333333333333,0.6666666666666666,108.0,114.6,0.2,0.8,108.8,109.2,0.1,0.5,5,9,-4,1,-19.328501407018983,170.65,-4.133333333333326,4.799999999999997
2022200388,2023-03-10,2022-23,AUS,GBO,125,110,235,1,15,1362.1010857938713,1381.2344463370534,-19.133360543182107,107.66666666666667,109.0,0.3333333333333333,0.0,107.6,110.0,0.2,0.0,108.0,110.7,0.2,0.2,7,1,6,1,-0.7653344217272843,169.4,-0.3333333333333286,-1.7000000000000028
22201003,2023-03-10,2022-23,LAL,TOR,122,112,234,1,10,1547.6049380022764,1496.874740589801,50.73019741247549,114.33333333333333,109.66666666666667,0.6666666666666666,0.3333333333333333,113.4,106.0,0.6,0.2,115.9,108.2,0.5,0.4,2,1,1,1,2.0292078964990194,169.85,-1.566666666666677,1.4666666666666686
22200998,2023-03-10,2022-23,PHI,POR,120,119,239,1,1,1674.9177332469358,1398.4807019765144,276.43703127042136,132.33333333333334,108.33333333333333,1.0,0.6666666666666666,128.4,108.2,0.8,0.4,120.5,113.7,0.7,0.4,10,1,9,1,11.057481250816855,174.15,11.833333333333343,-5.366666666666674
2022200387,2023-03-10,2022-23,OKL,SLC,110,112,222,0,-2,1396.1505712482872,1589.2063058123053,-193.05573456401817,107.0,120.33333333333333,0.3333333333333333,1.0,111.0,120.2,0.4,0.8,114.8,118.7,0.4,0.7,1,1,0,1,-7.722229382560727,172.8,-7.799999999999997,1.6333333333333258
22201004,2023-03-11,2022-23,LAC,NYK,106,95,201,1,11,1533.9657777233829,1624.3724595967105,-90.40668187332767,114.0,123.33333333333333,0.0,0.6666666666666666,116.4,121.4,0.4,0.8,114.8,116.8,0.5,0.6,2,1,1,1,-3.6162672749331066,174.45,-0.7999999999999972,6.533333333333331
22201006,2023-03-11,2022-23,DET,IND,115,121,236,0,-6,1231.5331237550479,1400.1584621329373,-168.62533837788942,100.66666666666667,116.0,0.0,0.6666666666666666,105.8,116.4,0.0,0.6,107.4,113.1,0.1,0.3,1,5,-4,1,-6.745013535115577,170.55,-6.733333333333334,2.9000000000000057
22201007,2023-03-11,2022-23,ORL,MIA,126,114,240,1,12,1443.9948016021513,1520.1221100170515,-76.1273084149002,111.66666666666667,101.0,0.6666666666666666,0.3333333333333333,109.6,103.0,0.6,0.4,111.2,104.1,0.6,0.3,1,11,-10,1,-3.045092336596008,168.15,0.46666666666666856,-3.0999999999999943
2022200390,2023-03-11,2022-23,CLC,ONT,100,103,203,0,-3,1489.4294103941975,1536.0482561591498,-46.61884576495231,116.0,109.33333333333333,0.3333333333333333,0.6666666666666666,112.6,108.8,0.4,0.6,108.9,107.5,0.4,0.4,0,0,0,1,-1.8647538305980924,170.35,7.099999999999994,1.8333333333333286
2022200389,2023-03-11,2022-23,DEL,CPS,116,137,253,0,-21,1704.983079494793,1506.1571628192762,198.82591667551674,120.33333333333333,119.33333333333333,1.0,0.3333333333333333,126.6,114.0,1.0,0.2,126.0,117.2,0.9,0.5,14,12,2,1,7.95303666702067,175.15,-5.666666666666671,2.1333333333333258
2022200394,2023-03-11,2022-23,SCW,WES,114,108,222,1,6,1474.198226480523,1392.0692993238183,82.12892715670478,116.0,111.0,0.3333333333333333,0.3333333333333333,116.4,110.2,0.4,0.4,119.3,112.7,0.4,0.4,6,3,3,1,3.285157086268191,171.65,-3.299999999999997,-1.7000000000000028
2022200393,2023-03-11,2022-23,RGV,IWA,123,115,238,1,8,1566.0331650918858,1359.8770894093145,206.15607568257133,123.66666666666667,120.0,1.0,0.6666666666666666,125.0,114.4,0.8,0.4,122.8,111.5,0.7,0.3,1,1,0,1,8.246243027302853,174.85,0.8666666666666742,8.5
22201009,2023-03-11,2022-23,HOU,CHI,111,119,230,0,-8,1233.6440408934172,1507.8739818446556,-274.2299409512384,120.33333333333333,110.66666666666667,0.3333333333333333,0.6666666666666666,111.6,106.8,0.2,0.4,109.9,106.2,0.2,0.3,3,2,1,1,-10.969197638049536,169.6,10.433333333333323,4.466666666666669
22201012,2023-03-11,2022-23,GSW,MIL,125,116,241,1,9,1508.520517378491,1760.2239727539074,-251.70345537541652,114.33333333333333,123.0,0.0,1.0,115.6,120.0,0.0,1.0,117.9,123.5,0.2,0.9,7,3,4,1,-10.068138215016662,173.9,-3.566666666666677,-0.5
22201010,2023-03-11,2022-23,MEM,DAL,112,108,220,1,4,1581.2081924779075,1470.8341282281522,110.37406424975529,109.66666666666667,114.33333333333333,0.0,0.0,109.4,115.0,0.2,0.4,108.9,113.4,0.1,0.4,1,2,-1,1,4.4149625699902115,171.1,0.7666666666666657,0.9333333333333229
22201011,2023-03-11,2022-23,NOP,OKC,96,110,206,0,-14,1421.4944021398994,1510.129667776046,-88.63526563614664,109.33333333333333,111.66666666666667,0.3333333333333333,0.0,108.8,121.2,0.2,0.4,107.8,115.2,0.2,0.4,2,2,0,1,-3.5454106254458657,172.5,1.5333333333333314,-3.5333333333333314
22201005,2023-03-11,2022-23,CHA,UTA,111,119,230,0,-8,1406.290246089622,1392.7786451867264,13.51160090289568,103.66666666666667,122.0,0.6666666666666666,0.3333333333333333,109.6,116.0,0.6,0.2,107.4,119.5,0.3,0.4,7,1,6,1,0.5404640361158272,171.4,-3.7333333333333343,2.5
22201013,2023-03-11,2022-23,PHX,SAC,119,128,247,0,-9,1631.281500446908,1595.9725206676462,35.30897977926179,120.0,141.0,1.0,1.0,115.6,132.4,0.8,0.8,115.1,124.7,0.8,0.7,2,10,-8,1,1.4123591911704716,177.0,4.900000000000006,16.299999999999997
2022200392,2023-03-11,2022-23,SBL,STO,109,118,227,0,-9,1691.0556069539807,1632.5851292858736,58.47047766810715,119.66666666666667,112.66666666666667,1.0,0.3333333333333333,122.2,114.6,0.8,0.6,118.9,114.1,0.6,0.6,2,25,-23,1,2.338819106724286,174.2,0.7666666666666657,-1.433333333333323
22201008,2023-03-11,2022-23,ATL,BOS,125,134,259,0,-9,1519.5927074915344,1617.7047004142978,-98.11199292276342,121.33333333333333,106.0,0.6666666666666666,0.3333333333333333,122.2,117.0,0.4,0.4,119.8,112.5,0.4,0.5,7,4,3,1,-3.924479716910537,174.8,1.5333333333333314,-6.5
2022200391,2023-03-11,2022-23,FWN,MCC,102,132,234,0,-30,1480.2545480535568,1519.2882256918042,-39.033677638247354,114.33333333333333,108.0,0.0,0.6666666666666666,113.4,110.2,0.2,0.8,119.1,112.6,0.4,0.6,1,1,0,1,-1.5613471055298942,170.9,-4.766666666666666,-4.599999999999994
2022200397,2023-03-12,2022-23,OSC,CCG,119,95,214,1,24,1536.1656000466587,1491.973306349813,44.19229369684581,109.66666666666667,112.66666666666667,0.3333333333333333,0.6666666666666666,109.2,115.2,0.2,0.8,111.1,111.0,0.6,0.6,2,5,-3,1,1.7676917478738323,171.1,-1.433333333333323,1.6666666666666714
22201014,2023-03-12,2022-23,DEN,BKN,120,122,242,0,-2,1619.6448294642626,1517.7080219927325,101.93680747153007,115.66666666666667,118.33333333333333,0.3333333333333333,0.6666666666666666,114.8,117.6,0.6,0.6,111.3,113.7,0.4,0.3,3,1,2,1,4.077472298861203,173.1,4.366666666666674,4.633333333333326
22201015,2023-03-12,2022-23,CHA,CLE,108,114,222,0,-6,1383.4639408818318,1615.7533082031061,-232.2893673212743,103.66666666666667,110.66666666666667,0.6666666666666666,0.3333333333333333,109.6,112.6,0.6,0.2,107.4,113.0,0.3,0.5,0,1,-1,1,-9.291574692850972,170.55,-3.7333333333333343,-2.3333333333333286
2022200399,2023-03-12,2022-23,TEX,GLI,82,99,181,0,-17,1312.1524530244692,1379.4197665418178,-67.26731351734861,105.66666666666667,114.33333333333333,0.0,0.3333333333333333,109.6,110.8,0.2,0.2,112.1,105.2,0.3,0.3,2,2,0,1,-2.6906925406939446,170.1,-6.433333333333323,9.133333333333326
22201019,2023-03-12,2022-23,LAL,NYK,108,112,220,0,-4,1568.1073176686089,1593.1994745880686,-25.09215691945974,114.33333333333333,114.33333333333333,0.6666666666666666,0.3333333333333333,113.4,116.0,0.6,0.6,115.9,114.7,0.5,0.6,1,0,1,1,-1.0036862767783896,172.35,-1.566666666666677,-0.36666666666667425
2022200395,2023-03-12,2022-23,MNE,LIN,121,112,233,1,9,1561.988535869395,1800.192432453712,-238.2038965843169,115.33333333333333,113.66666666666667,0.3333333333333333,1.0,115.2,114.4,0.4,1.0,119.4,116.6,0.5,0.8,2,2,0,1,-9.528155863372676,172.4,-4.066666666666677,-2.933333333333323
22201018,2023-03-12,2022-23,SAS,OKC,90,102,192,0,-12,1219.194986213668,1530.4476615048777,-311.2526752912097,104.66666666666667,108.66666666666667,0.3333333333333333,0.3333333333333333,108.0,116.6,0.2,0.4,108.8,115.0,0.1,0.4,1,0,1,1,-12.450107011648388,171.15,-4.133333333333326,-6.333333333333329
2022200396,2023-03-12,2022-23,GRG,RAP,119,121,240,0,-2,1362.6124817685838,1528.409930999241,-165.7974492306571,100.33333333333333,105.66666666666667,0.0,0.3333333333333333,100.6,109.0,0.0,0.4,99.4,113.2,0.2,0.5,4,14,-10,1,-6.631897969226284,167.4,0.9333333333333229,-7.533333333333331
2022200398,2023-03-12,2022-23,SXF,AUS,124,108,232,1,16,1535.8535210856367,1391.3523025772097,144.50121850842697,122.33333333333333,107.66666666666667,0.6666666666666666,0.3333333333333333,119.2,107.6,0.6,0.2,112.7,108.0,0.5,0.2,7,5,2,1,5.780048740337079,171.7,9.633333333333326,-0.3333333333333286
22201016,2023-03-12,2022-23,PHI,WAS,112,93,205,1,19,1677.2633592396965,1480.5577007707975,196.70565846889895,132.33333333333334,106.66666666666667,1.0,0.6666666666666666,128.4,112.0,0.8,0.8,120.5,115.7,0.7,0.7,1,4,-3,1,7.8682263387559574,175.1,11.833333333333343,-9.033333333333331
2022200400,2023-03-12,2022-23,MXC,WCB,105,112,217,0,-7,1508.4232680589566,1541.404391906425,-32.981123847468325,110.66666666666667,125.66666666666667,0.3333333333333333,1.0,113.6,120.0,0.6,0.8,114.0,121.8,0.5,0.7,5,2,3,1,-1.319244953898733,173.4,-3.3333333333333286,3.8666666666666742
22201017,2023-03-12,2022-23,NOP,POR,127,110,237,1,17,1401.1764084110678,1396.1350759837537,5.041332427314046,109.33333333333333,107.33333333333333,0.3333333333333333,0.3333333333333333,108.8,111.0,0.2,0.4,107.8,114.3,0.2,0.4,0,1,-1,1,0.20165329709256186,169.95,1.5333333333333314,-6.966666666666669
22201022,2023-03-13,2022-23,MIA,UTA,119,115,234,1,4,1488.940750790113,1415.6049503945167,73.33580039559638,106.0,122.0,0.3333333333333333,0.6666666666666666,104.4,117.6,0.2,0.4,106.5,118.8,0.3,0.4,2,1,1,1,2.9334320158238554,170.5,-0.5,3.200000000000003
22201026,2023-03-13,2022-23,SAC,MIL,124,133,257,0,-9,1621.3304062648897,1722.9298122542896,-101.59940598939988,125.0,122.33333333333333,1.0,0.6666666666666666,132.0,119.4,0.8,0.8,125.7,124.9,0.7,0.9,3,1,2,1,-4.063976239575996,177.85,-0.7000000000000028,-2.566666666666677
2022200405,2023-03-13,2022-23,SLC,STO,125,138,263,0,-13,1594.6471881805903,1659.4498632203927,-64.80267503980235,118.0,119.66666666666667,1.0,0.6666666666666666,117.8,115.0,0.8,0.6,117.4,114.7,0.7,0.6,12,1,11,1,-2.592107001592094,173.2,0.5999999999999943,4.966666666666669
22201021,2023-03-13,2022-23,ATL,MIN,115,136,251,0,-21,1502.901607185589,1517.567080923415,-14.665473737826005,121.33333333333333,118.66666666666667,0.6666666666666666,1.0,122.2,116.8,0.4,0.8,119.8,117.1,0.4,0.6,1,8,-7,1,-0.5866189495130402,174.75,1.5333333333333314,1.566666666666677
2022200403,2023-03-13,2022-23,IWA,BHM,97,124,221,0,-27,1349.6009194678647,1400.6472475703076,-51.046328102442885,114.66666666666667,109.66666666666667,0.3333333333333333,0.6666666666666666,115.4,107.8,0.4,0.4,112.3,105.9,0.3,0.4,18,10,8,1,-2.0418531240977154,170.8,2.3666666666666742,3.7666666666666657
2022200404,2023-03-13,2022-23,OKL,ONT,101,97,198,1,4,1390.7096888800022,1548.062156004775,-157.35246712477283,107.0,108.66666666666667,0.3333333333333333,1.0,111.0,106.8,0.4,0.8,114.8,106.8,0.4,0.5,2,1,1,1,-6.294098684990913,169.45,-7.799999999999997,1.8666666666666742
2022200402,2023-03-13,2022-23,WIS,MHU,108,126,234,0,-18,1360.8823256686985,1599.2031303065946,-238.32080463789612,121.0,114.66666666666667,0.6666666666666666,0.6666666666666666,117.2,113.0,0.6,0.6,120.4,112.8,0.4,0.6,8,25,-17,1,-9.532832185515845,172.55,0.5999999999999943,1.8666666666666742
22201020,2023-03-13,2022-23,DET,IND,117,97,214,1,20,1220.8405851452746,1410.8510007427105,-190.0104155974359,100.66666666666667,115.0,0.0,0.6666666666666666,105.8,118.0,0.0,0.8,107.4,114.1,0.1,0.4,1,1,0,1,-7.600416623897436,170.95,-6.733333333333334,0.9000000000000057
2022200401,2023-03-13,2022-23,OSC,CCG,85,109,194,0,-24,1564.2820264714176,1463.856879925054,100.42514654636352,109.66666666666667,103.66666666666667,0.3333333333333333,0.3333333333333333,109.2,109.0,0.2,0.6,111.1,110.8,0.6,0.6,0,0,0,1,4.017005861854541,169.55,-1.433333333333323,-7.133333333333326
22201023,2023-03-13,2022-23,DAL,MEM,88,104,192,0,-16,1459.687315057338,1592.3550056487215,-132.66769059138346,107.66666666666667,109.66666666666667,0.0,0.0,114.6,109.4,0.2,0.2,111.9,108.9,0.4,0.1,5,5,0,1,-5.306707623655338,171.0,-4.233333333333334,0.7666666666666657
22201025,2023-03-13,2022-23,GSW,PHX,123,112,235,1,11,1545.8146778781088,1605.9236148496645,-60.10893697155575,114.33333333333333,120.0,0.0,1.0,115.6,115.6,0.0,0.8,117.9,115.1,0.2,0.8,1,7,-6,1,-2.40435747886223,172.8,-3.566666666666677,4.900000000000006
22201024,2023-03-13,2022-23,HOU,BOS,111,109,220,1,2,1226.1297685400264,1634.3958007202432,-408.2660321802168,120.33333333333333,114.0,0.3333333333333333,0.3333333333333333,111.6,118.8,0.2,0.6,109.9,112.9,0.2,0.5,1,1,0,1,-16.330641287208675,172.6,10.433333333333323,1.0999999999999943
2022200406,2023-03-14,2022-23,DEL,TEX,148,116,264,1,32,1658.0912786309905,1288.7759194621315,369.315359168859,120.33333333333333,105.66666666666667,1.0,0.0,126.6,109.6,1.0,0.2,126.0,112.1,0.9,0.3,2,9,-7,1,14.772614366754361,174.05,-5.666666666666671,-6.433333333333323
22201032,2023-03-14,2022-23,SAS,ORL,132,114,246,1,18,1211.8662765322026,1475.1761608290897,-263.30988429688705,104.66666666666667,111.66666666666667,0.3333333333333333,0.6666666666666666,108.0,109.6,0.2,0.6,108.8,111.2,0.1,0.6,1,10,-9,1,-10.532395371875483,169.4,-4.133333333333326,0.46666666666666856
2022200408,2023-03-14,2022-23,LIN,FWN,114,125,239,0,-11,1763.4627059940808,1449.7565399212456,313.70616607283523,112.0,114.33333333333333,0.6666666666666666,0.0,114.6,113.4,0.8,0.2,117.0,119.1,0.8,0.4,6,9,-3,1,12.548246642913409,172.0,-5.0,-4.766666666666666
22201029,2023-03-14,2022-23,TOR,DEN,125,110,235,1,15,1476.3723609234685,1605.5248154469064,-129.15245452343788,108.33333333333333,115.66666666666667,0.0,0.3333333333333333,109.8,114.8,0.2,0.6,108.8,111.3,0.4,0.4,13,3,10,1,-5.1660981809375155,171.15,-0.46666666666666856,4.366666666666674
22201034,2023-03-14,2022-23,POR,NYK,107,123,230,0,-16,1367.6507254164105,1608.1335177141107,-240.48279229770014,107.33333333333333,108.0,0.0,0.3333333333333333,110.8,115.4,0.4,0.6,113.1,113.9,0.3,0.6,12,1,11,1,-9.619311691908006,171.55,-5.766666666666666,-5.900000000000006
22201030,2023-03-14,2022-23,NOP,LAL,108,123,231,0,-15,1429.660758978411,1553.1732745425668,-123.51251556415582,109.33333333333333,114.33333333333333,0.3333333333333333,0.6666666666666666,108.8,113.4,0.2,0.6,107.8,115.9,0.2,0.5,1,12,-11,1,-4.9405006225662325,170.55,1.5333333333333314,-1.566666666666677
22201033,2023-03-14,2022-23,PHX,MIL,104,116,220,0,-12,1576.8178605522587,1739.4078774773918,-162.5900169251331,122.33333333333333,127.66666666666667,0.6666666666666666,0.6666666666666666,114.6,123.6,0.6,0.8,113.5,123.2,0.7,0.9,2,0,2,1,-6.503600677005324,174.55,8.833333333333329,4.466666666666669
22201031,2023-03-14,2022-23,OKC,BKN,121,107,228,1,14,1537.776371186343,1531.8280360100887,5.948335176254432,104.33333333333333,119.66666666666667,0.6666666666666666,0.6666666666666666,109.4,118.4,0.4,0.8,113.9,112.6,0.5,0.4,6,1,5,1,0.23793340705017726,171.95,-9.566666666666677,7.066666666666677
22201027,2023-03-14,2022-23,CHA,CLE,104,120,224,0,-16,1375.3698635698818,1623.8473855150562,-248.47752194517443,103.66666666666667,111.0,0.6666666666666666,0.6666666666666666,109.6,113.0,0.6,0.4,107.4,113.1,0.3,0.5,1,1,0,1,-9.939100877806977,170.65,-3.7333333333333343,-2.0999999999999943
22201028,2023-03-14,2022-23,WAS,DET,117,97,214,1,20,1465.9546091670109,1266.4532751853249,199.501333981686,110.33333333333333,100.66666666666667,0.6666666666666666,0.0,105.4,105.8,0.6,0.0,114.2,107.4,0.6,0.1,3,9,-6,1,7.9800533592674405,167.8,-3.8666666666666742,-6.733333333333334
2022200407,2023-03-14,2022-23,GRG,RAP,113,109,222,1,4,1356.5042098469305,1534.5182029208943,-178.01399307396377,100.33333333333333,109.33333333333333,0.0,0.6666666666666666,100.6,108.4,0.0,0.4,99.4,115.1,0.2,0.6,1,1,0,1,-7.120559722958551,167.25,0.9333333333333229,-5.766666666666666
2022200385,2023-03-14,2022-23,STO,WES,135,123,258,1,12,1680.9744402032723,1377.1262531499033,303.848187053369,121.66666666666667,111.0,0.6666666666666666,0.3333333333333333,118.8,110.4,0.6,0.4,116.7,111.8,0.6,0.4,6,2,4,1,12.153927482134758,172.3,4.966666666666669,-0.7999999999999972
22201040,2023-03-15,2022-23,SAS,DAL,128,137,265,0,-9,1260.149738269728,1441.6769048209587,-181.52716655123072,104.66666666666667,107.66666666666667,0.3333333333333333,0.0,108.0,114.6,0.2,0.2,108.8,111.9,0.1,0.4,0,3,-3,1,-7.2610866620492285,170.65,-4.133333333333326,-4.233333333333334
2022200409,2023-03-15,2022-23,MCC,CLC,122,110,232,1,12,1549.7862338241155,1477.4155105485722,72.37072327554324,117.66666666666667,116.0,0.6666666666666666,0.3333333333333333,113.4,112.6,0.8,0.4,115.2,108.9,0.6,0.4,15,10,5,1,2.8948289310217294,171.5,2.4666666666666686,7.099999999999994
2022200410,2023-03-15,2022-23,GBO,MXC,116,122,238,0,-6,1351.983229553715,1489.596902515555,-137.61367296183994,106.66666666666667,110.66666666666667,0.0,0.3333333333333333,111.2,113.6,0.0,0.6,112.4,114.0,0.2,0.5,17,19,-2,1,-5.504546918473597,171.2,-5.733333333333334,-3.3333333333333286
22201037,2023-03-15,2022-23,CHI,SAC,114,117,231,0,-3,1515.3882541980465,1604.8523410417874,-89.46408684374092,117.66666666666667,125.0,1.0,1.0,112.8,132.0,0.6,0.8,107.1,125.7,0.4,0.7,9,3,6,1,-3.578563473749637,176.2,10.566666666666677,-0.7000000000000028
2022200413,2023-03-15,2022-23,WCB,MHU,112,116,228,0,-4,1560.2307574498266,1611.1172428642149,-50.88648541438829,123.0,121.66666666666667,1.0,1.0,119.4,116.2,0.8,0.6,121.8,113.6,0.7,0.6,9,1,8,1,-2.0354594165755318,173.9,1.2000000000000028,8.066666666666677
2022200411,2023-03-15,2022-23,WIS,MNE,114,119,233,0,-5,1348.9682131110783,1598.7182623290262,-249.7500492179479,121.0,115.33333333333333,0.6666666666666666,0.3333333333333333,117.2,115.2,0.6,0.4,120.4,119.4,0.4,0.5,1,9,-8,1,-9.990001968717916,173.1,0.5999999999999943,-4.066666666666677
22201039,2023-03-15,2022-23,MIN,BOS,102,104,206,0,-2,1547.1735314259327,1614.336291762778,-67.1627603368454,128.0,119.0,1.0,0.3333333333333333,119.2,112.2,0.8,0.4,119.3,113.2,0.7,0.4,4,1,3,1,-2.686510413473816,172.85,8.700000000000003,5.799999999999997
22201036,2023-03-15,2022-23,MIA,MEM,138,119,257,1,19,1501.6875389741595,1610.365415885101,-108.67787691094145,106.0,112.0,0.3333333333333333,0.3333333333333333,104.4,109.2,0.2,0.4,106.5,109.3,0.3,0.2,1,1,0,1,-4.347115076437658,168.4,-0.5,2.700000000000003
2022200412,2023-03-15,2022-23,OKL,ONT,105,114,219,0,-9,1413.6325472484482,1525.139297636329,-111.50675038788086,107.0,105.66666666666667,0.3333333333333333,0.6666666666666666,111.0,105.6,0.4,0.6,114.8,107.3,0.4,0.5,1,1,0,1,-4.460270015515234,169.15,-7.799999999999997,-1.6333333333333258
2022200416,2023-03-15,2022-23,SCW,SLC,132,129,261,1,3,1489.1412726544381,1573.1226111977107,-83.98133854327261,116.0,118.0,0.3333333333333333,1.0,116.4,117.8,0.4,0.8,119.3,117.4,0.4,0.7,3,4,-1,1,-3.3592535417309044,173.55,-3.299999999999997,0.5999999999999943
2022200415,2023-03-15,2022-23,GLI,SXF,116,120,236,0,-4,1402.7963001041555,1553.037597435928,-150.24129733177256,111.33333333333333,122.33333333333333,0.6666666666666666,0.6666666666666666,107.8,119.2,0.4,0.6,103.7,112.7,0.3,0.5,11,6,5,1,-6.009651893270902,171.75,7.633333333333326,9.633333333333326
22201035,2023-03-15,2022-23,CLE,PHI,109,118,227,0,-9,1634.7860770139932,1691.866450843483,-57.08037382948987,116.33333333333333,132.33333333333334,0.6666666666666666,1.0,113.2,128.4,0.6,0.8,115.1,120.5,0.6,0.7,8,7,1,1,-2.283214953179595,175.4,1.2333333333333343,11.833333333333343
22201041,2023-03-15,2022-23,LAC,GSW,134,126,260,1,8,1565.1387627320248,1574.9204321755146,-9.781669443489818,114.0,114.33333333333333,0.0,0.0,116.4,115.6,0.4,0.0,114.8,117.9,0.5,0.2,3,5,-2,1,-0.39126677773959273,173.0,-0.7999999999999972,-3.566666666666677
22201038,2023-03-15,2022-23,HOU,LAL,114,110,224,1,4,1246.1892774974915,1571.4379232407734,-325.24864574328194,120.33333333333333,118.33333333333333,0.3333333333333333,0.6666666666666666,111.6,116.2,0.2,0.6,109.9,116.1,0.2,0.6,1,0,1,1,-13.009945829731278,171.95,10.433333333333323,2.2333333333333343
2022200414,2023-03-15,2022-23,AUS,SBL,96,132,228,0,-36,1374.1682262269183,1664.1908730194616,-290.02264679254336,108.66666666666667,119.66666666666667,0.3333333333333333,1.0,107.2,122.2,0.2,0.8,106.3,118.9,0.2,0.6,4,19,-15,1,-11.600905871701734,172.35,2.3666666666666742,0.7666666666666657
2022200422,2023-03-16,2022-23,GLI,SXF,114,132,246,0,-18,1393.257957269143,1562.5759402709407,-169.31798300179776,111.33333333333333,126.66666666666667,0.6666666666666666,0.6666666666666666,107.8,120.4,0.4,0.6,103.7,113.5,0.3,0.5,0,0,0,1,-6.772719320071911,172.05,7.633333333333326,13.166666666666671
22201046,2023-03-16,2022-23,PHX,ORL,116,113,229,1,3,1562.3658847488773,1426.8926990915643,135.47318565731302,122.33333333333333,116.0,0.6666666666666666,0.3333333333333333,114.6,112.4,0.6,0.4,113.5,112.1,0.7,0.6,1,1,0,1,5.418927426292521,171.75,8.833333333333329,3.9000000000000057
2022200419,2023-03-16,2022-23,GBO,MXC,118,107,225,1,11,1339.8522952399376,1501.7278368293325,-161.87554158939497,106.66666666666667,118.33333333333333,0.0,0.6666666666666666,111.2,113.6,0.0,0.6,112.4,114.0,0.2,0.6,0,0,0,1,-6.475021663575799,171.2,-5.733333333333334,4.333333333333329
2022200420,2023-03-16,2022-23,WES,FWN,108,117,225,0,-9,1369.5256969338845,1492.4401834271325,-122.91448649324798,111.66666666666667,121.33333333333333,0.0,0.3333333333333333,112.8,118.0,0.2,0.4,112.3,119.5,0.4,0.4,12,1,11,1,-4.9165794597299195,172.7,-0.6333333333333258,1.8333333333333286
22201042,2023-03-16,2022-23,DET,DEN,100,119,219,0,-19,1251.7922294052794,1567.9422488218665,-316.15001941658716,97.66666666666667,121.0,0.0,0.3333333333333333,101.6,114.4,0.0,0.4,106.2,112.4,0.1,0.4,2,1,1,1,-12.646000776663486,169.0,-8.533333333333331,8.599999999999994
22201044,2023-03-16,2022-23,TOR,OKC,128,111,239,1,17,1513.9549275485083,1564.393281750767,-50.43835420225878,108.33333333333333,104.33333333333333,0.0,0.6666666666666666,109.8,109.4,0.2,0.4,108.8,113.9,0.4,0.5,1,3,-2,1,-2.0175341680903514,169.8,-0.46666666666666856,-9.566666666666677
2022200417,2023-03-16,2022-23,DEL,TEX,129,132,261,0,-3,1665.54583805063,1281.321360042492,384.224478008138,120.33333333333333,107.33333333333333,1.0,0.0,126.6,106.8,1.0,0.0,126.0,113.3,0.9,0.2,1,1,0,1,15.368979120325521,173.35,-5.666666666666671,-5.966666666666669
22201043,2023-03-16,2022-23,BKN,SAC,96,101,197,0,-5,1505.2111254456647,1615.222458315893,-110.01133287022822,117.66666666666667,122.66666666666667,0.6666666666666666,1.0,116.8,133.6,0.6,1.0,113.7,125.5,0.4,0.7,10,0,10,1,-4.400453314809129,177.6,3.9666666666666686,-2.8333333333333286
2022200421,2023-03-16,2022-23,AUS,SBL,121,123,244,0,-2,1362.722320910436,1675.6367783359437,-312.91445742550763,108.66666666666667,125.66666666666667,0.3333333333333333,1.0,107.2,123.8,0.2,0.8,106.3,121.5,0.2,0.7,0,0,0,1,-12.516578297020306,172.75,2.3666666666666742,4.166666666666671
22201045,2023-03-16,2022-23,MIL,IND,123,139,262,0,-16,1753.8598532807732,1365.2383107026603,388.6215425781129,121.66666666666667,114.33333333333333,0.6666666666666666,0.6666666666666666,123.2,113.2,0.8,0.6,120.7,113.1,0.9,0.4,6,2,4,1,15.544861703124516,174.1,0.9666666666666686,1.2333333333333343
2022200418,2023-03-16,2022-23,RAP,OSC,102,124,226,0,-22,1510.8307178355938,1523.03994634194,-12.209228506346335,111.33333333333333,109.66666666666667,0.6666666666666666,0.3333333333333333,109.4,109.2,0.4,0.2,114.1,111.1,0.6,0.6,6,16,-10,1,-0.4883691402538534,169.65,-2.7666666666666657,-1.433333333333323
22201049,2023-03-17,2022-23,CLE,WAS,117,94,211,1,23,1615.5094831689398,1480.6156549470563,134.8938282218835,116.33333333333333,110.33333333333333,0.6666666666666666,0.6666666666666666,113.2,105.4,0.6,0.6,115.1,114.2,0.6,0.6,1,4,-3,1,5.39575312887534,169.65,1.2333333333333343,-3.8666666666666742
2022200426,2023-03-17,2022-23,MHU,RGV,103,128,231,0,-25,1624.8711016302275,1576.3093350333356,48.56176659689186,116.0,123.66666666666667,1.0,1.0,117.2,125.0,0.8,0.8,113.3,122.8,0.6,0.7,10,11,-1,1,1.9424706638756744,175.55,2.700000000000003,0.8666666666666742
2022200424,2023-03-17,2022-23,CCG,TEX,140,91,231,1,49,1505.0989600545315,1306.3107531757153,198.78820687881625,104.33333333333333,118.0,0.6666666666666666,0.3333333333333333,108.4,113.0,0.6,0.2,110.6,112.7,0.6,0.2,17,0,17,1,7.951528275152651,170.35,-6.266666666666666,5.299999999999997
2022200423,2023-03-17,2022-23,CLC,LIN,122,115,237,1,7,1457.032844158321,1720.7790624881939,-263.7462183298728,115.66666666666667,112.0,0.3333333333333333,0.6666666666666666,113.6,114.6,0.4,0.8,108.7,117.0,0.3,0.8,5,4,1,1,-10.549848733194914,172.05,6.966666666666669,-5.0
22201051,2023-03-17,2022-23,HOU,NOP,114,112,226,1,2,1274.0879846584685,1411.3961102802043,-137.30812562173583,120.33333333333333,109.33333333333333,0.3333333333333333,0.3333333333333333,111.6,108.8,0.2,0.2,109.9,107.8,0.2,0.2,1,10,-9,1,-5.492325024869433,170.1,10.433333333333323,1.5333333333333314
22201048,2023-03-17,2022-23,ATL,GSW,127,119,246,1,8,1473.2951566830714,1552.3297452126428,-79.03458852957147,121.33333333333333,121.33333333333333,0.6666666666666666,0.0,122.2,116.0,0.4,0.0,119.8,118.5,0.4,0.1,3,1,2,1,-3.161383541182859,174.55,1.5333333333333314,2.8333333333333286
22201054,2023-03-17,2022-23,LAL,DAL,110,111,221,0,-1,1543.5392160797965,1453.6593355318328,89.8798805479637,118.66666666666667,117.0,0.6666666666666666,0.3333333333333333,115.2,117.6,0.6,0.2,116.7,115.7,0.6,0.4,4,1,3,1,3.595195221918548,173.2,1.9666666666666686,1.2999999999999972
22201050,2023-03-17,2022-23,CHI,MIN,139,131,270,1,8,1505.018136923941,1538.2850714084539,-33.26693448451283,117.66666666666667,128.0,1.0,1.0,112.8,119.2,0.6,0.8,107.1,119.3,0.4,0.7,1,3,-2,1,-1.3306773793805133,173.0,10.566666666666677,8.700000000000003
22201052,2023-03-17,2022-23,SAS,MEM,120,126,246,0,-6,1248.167307558854,1571.3315551457254,-323.1642475868714,104.66666666666667,108.66666666666667,0.3333333333333333,0.3333333333333333,108.0,110.4,0.2,0.2,108.8,109.2,0.1,0.2,1,1,0,1,-12.926569903474856,169.6,-4.133333333333326,-0.5333333333333314
22201053,2023-03-17,2022-23,POR,BOS,112,126,238,0,-14,1356.3000541940537,1623.2247517802568,-266.92469758620314,107.33333333333333,115.66666666666667,0.0,0.6666666666666666,110.8,111.0,0.4,0.4,113.1,113.8,0.3,0.5,2,1,1,1,-10.676987903448126,170.45,-5.766666666666666,1.8666666666666742
2022200428,2023-03-17,2022-23,SCW,IWA,127,119,246,1,8,1506.2913635289958,1321.1397280568606,185.15163547213524,116.0,114.66666666666667,0.3333333333333333,0.3333333333333333,116.4,115.4,0.4,0.4,119.3,112.3,0.4,0.3,1,5,-4,1,7.40606541888541,172.95,-3.299999999999997,2.3666666666666742
2022200427,2023-03-17,2022-23,WIS,MNE,118,116,234,1,2,1342.09124821503,1605.5952272250745,-263.50397901004453,121.0,112.33333333333333,0.6666666666666666,0.6666666666666666,117.2,115.0,0.6,0.4,120.4,118.1,0.4,0.5,1,1,0,1,-10.540159160401782,173.05,0.5999999999999943,-5.766666666666666
2022200425,2023-03-17,2022-23,CPS,GRG,132,126,258,1,6,1553.0489636830787,1380.191694932231,172.85726875084765,120.0,100.33333333333333,0.6666666666666666,0.0,119.8,100.6,0.4,0.0,117.6,99.4,0.5,0.2,7,11,-4,1,6.914290750033906,170.1,2.4000000000000057,0.9333333333333229
22201047,2023-03-17,2022-23,CHA,PHI,82,121,203,0,-39,1364.4311720709447,1711.1430446885365,-346.7118726175918,103.66666666666667,127.33333333333333,0.6666666666666666,1.0,109.6,128.2,0.6,0.8,107.4,119.4,0.3,0.7,2,1,1,1,-13.868474904703671,174.45,-3.7333333333333343,7.933333333333323
22201058,2023-03-18,2022-23,TOR,MIN,122,107,229,1,15,1547.025460622916,1514.2153904286617,32.810070194254195,108.33333333333333,135.0,0.0,0.6666666666666666,109.8,124.6,0.2,0.8,108.8,121.3,0.4,0.6,1,0,1,1,1.3124028077701677,173.6,-0.46666666666666856,13.700000000000003
2022200433,2023-03-18,2022-23,CLC,LIN,108,100,208,1,8,1491.1473279568932,1686.6645786896217,-195.5172507327286,115.66666666666667,114.0,0.3333333333333333,0.3333333333333333,113.6,113.6,0.4,0.6,108.7,116.6,0.3,0.8,0,0,0,1,-7.820690029309144,171.8,6.966666666666669,-2.5999999999999943
22201057,2023-03-18,2022-23,IND,PHI,121,141,262,0,-20,1416.4362162203054,1719.9698708795568,-303.5336546592514,119.0,118.66666666666667,0.6666666666666666,1.0,116.2,127.2,0.6,1.0,115.0,117.8,0.5,0.7,8,0,8,1,-12.141346186370056,175.85,4.0,0.8666666666666742
2022200436,2023-03-18,2022-23,STO,SXF,119,144,263,0,-25,1688.574996419291,1578.708528651903,109.86646776738803,121.66666666666667,125.66666666666667,0.6666666666666666,0.6666666666666666,118.8,123.8,0.6,0.8,116.7,116.4,0.6,0.6,3,1,2,1,4.394658710695521,175.65,4.966666666666669,9.266666666666666
22201060,2023-03-18,2022-23,CHI,MIA,113,99,212,1,14,1529.0878179037331,1540.721399713535,-11.633581809801854,117.66666666666667,106.0,1.0,0.3333333333333333,112.8,104.4,0.6,0.2,107.1,106.5,0.4,0.3,0,6,-6,1,-0.4653432723920741,169.3,10.566666666666677,-0.5
22201059,2023-03-18,2022-23,WAS,SAC,118,132,250,0,-14,1460.589322353384,1627.6489572427215,-167.05963488933753,102.0,115.33333333333333,0.3333333333333333,1.0,101.4,118.6,0.4,1.0,112.3,125.2,0.5,0.8,3,1,2,1,-6.682385395573501,170.0,-10.299999999999997,-9.866666666666674
22201061,2023-03-18,2022-23,MEM,GSW,133,119,252,1,14,1576.5726724796127,1525.443723545092,51.12894893452062,116.33333333333333,118.33333333333333,0.6666666666666666,0.0,116.2,117.6,0.4,0.0,111.8,117.6,0.3,0.0,6,0,6,1,2.045157957380825,173.45,4.533333333333331,0.7333333333333343
2022200434,2023-03-18,2022-23,AUS,GBO,124,127,251,0,-3,1359.6089575563728,1375.5080473709418,-15.899089814568924,108.66666666666667,106.66666666666667,0.3333333333333333,0.0,107.2,111.2,0.2,0.0,106.3,112.4,0.2,0.2,1,7,-6,1,-0.6359635925827569,169.6,2.3666666666666742,-5.733333333333334
2022200435,2023-03-18,2022-23,MHU,RGV,114,87,201,1,27,1587.7656550015613,1613.4147816620018,-25.649126660440515,116.0,129.0,1.0,1.0,117.2,124.8,0.8,0.8,113.3,122.8,0.6,0.7,0,0,0,1,-1.0259650664176205,175.5,2.700000000000003,6.200000000000003
2022200432,2023-03-18,2022-23,CPS,GRG,93,102,195,0,-9,1563.5536275422492,1369.6870310730606,193.8665964691886,120.0,106.66666666666667,0.6666666666666666,0.0,119.8,107.0,0.4,0.0,117.6,103.5,0.5,0.2,0,0,0,1,7.754663858767544,171.7,2.4000000000000057,3.1666666666666714
2022200430,2023-03-18,2022-23,MCC,WES,122,112,234,1,10,1570.1689002143667,1354.3221955405158,215.8467046738508,117.66666666666667,111.66666666666667,0.6666666666666666,0.0,113.4,112.8,0.8,0.2,115.2,112.3,0.6,0.4,2,3,-1,1,8.633868186954032,171.55,2.4666666666666686,-0.6333333333333258
22201056,2023-03-18,2022-23,LAC,ORL,108,113,221,0,-5,1587.7294496948966,1418.176983174393,169.55246652050369,114.0,114.66666666666667,0.0,0.3333333333333333,116.4,112.4,0.4,0.4,114.8,111.5,0.5,0.5,2,1,1,1,6.7820986608201475,172.2,-0.7999999999999972,3.1666666666666714
2022200431,2023-03-18,2022-23,WCB,DEL,119,112,231,1,7,1546.476898683814,1640.5564449174067,-94.07954623359274,123.0,120.33333333333333,1.0,1.0,119.4,126.6,0.8,1.0,121.8,126.0,0.7,0.9,2,8,-6,1,-3.7631818493437095,176.5,1.2000000000000028,-5.666666666666671
2022200437,2023-03-18,2022-23,SCW,IWA,132,112,244,1,20,1517.5499029264543,1309.8811886594021,207.6687142670521,116.0,117.0,0.3333333333333333,0.0,116.4,118.8,0.4,0.4,119.3,114.3,0.4,0.2,0,0,0,1,8.306748570682084,173.8,-3.299999999999997,2.700000000000003
22201062,2023-03-18,2022-23,UTA,BOS,118,117,235,1,1,1402.8581622104703,1632.813335656911,-229.95517344644077,121.66666666666667,113.0,0.6666666666666666,0.6666666666666666,120.0,117.4,0.4,0.6,117.9,116.9,0.4,0.6,17,0,17,1,-9.19820693785763,174.35,3.7666666666666657,-3.9000000000000057
22201055,2023-03-18,2022-23,NYK,DEN,116,110,226,1,6,1619.4841889364675,1576.2970571070068,43.18713182946067,110.0,116.33333333333333,0.6666666666666666,0.3333333333333333,115.6,115.2,0.6,0.4,114.7,112.4,0.7,0.5,10,1,9,1,1.7274852731784267,172.7,-4.700000000000003,3.933333333333323
2022200429,2023-03-18,2022-23,RAP,OSC,111,112,223,0,-1,1480.5771658834963,1553.2934982940376,-72.71633241054133,111.33333333333333,116.0,0.6666666666666666,0.6666666666666666,109.4,111.6,0.4,0.4,114.1,112.6,0.6,0.6,1,1,0,1,-2.908653296421653,170.25,-2.7666666666666657,3.4000000000000057
22201064,2023-03-19,2022-23,OKC,PHX,124,120,244,1,4,1531.3227486763594,1571.0816006660486,-39.75885198968922,107.66666666666667,122.33333333333333,0.6666666666666666,0.6666666666666666,107.8,114.6,0.4,0.6,114.9,113.5,0.4,0.7,4,5,-1,1,-1.5903540795875688,170.6,-7.233333333333334,8.833333333333329
2022200442,2023-03-19,2022-23,STO,GLI,120,90,210,1,30,1646.0214521463213,1377.1253688881807,268.8960832581406,121.66666666666667,111.33333333333333,0.6666666666666666,0.6666666666666666,118.8,107.8,0.6,0.4,116.7,103.7,0.6,0.3,0,6,-6,1,10.755843330325625,171.65,4.966666666666669,7.633333333333326
22201065,2023-03-19,2022-23,SAS,ATL,126,118,244,1,8,1242.9261902249666,1500.181178350622,-257.2549881256555,104.66666666666667,121.33333333333333,0.3333333333333333,0.6666666666666666,108.0,122.2,0.2,0.4,108.8,119.8,0.1,0.4,1,8,-7,1,-10.29019952502622,172.55,-4.133333333333326,1.5333333333333314
22201068,2023-03-19,2022-23,MIL,TOR,118,111,229,1,7,1702.6619477631282,1572.140810047305,130.52113771582322,121.66666666666667,108.33333333333333,0.6666666666666666,0.0,123.2,109.8,0.8,0.2,120.7,108.8,0.9,0.4,2,8,-6,1,5.220845508632928,173.25,0.9666666666666686,-0.46666666666666856
22201067,2023-03-19,2022-23,HOU,NOP,107,117,224,0,-10,1289.203113673593,1396.2809812650798,-107.07786759148689,120.33333333333333,106.33333333333333,0.3333333333333333,0.0,111.6,109.2,0.2,0.2,109.9,108.0,0.2,0.2,1,1,0,1,-4.283114703659476,170.2,10.433333333333323,-1.6666666666666714
2022200439,2023-03-19,2022-23,WCB,MNE,114,93,207,1,21,1572.768379986755,1587.5763535517665,-14.80797356501148,123.0,118.33333333333333,1.0,0.6666666666666666,119.4,116.2,0.8,0.4,121.8,117.8,0.7,0.5,0,1,-1,1,-0.5923189426004591,173.9,1.2000000000000028,0.5333333333333314
22201070,2023-03-19,2022-23,LAL,ORL,111,105,216,1,6,1534.8535647983224,1444.2047360005272,90.6488287977952,118.66666666666667,113.33333333333333,0.6666666666666666,0.3333333333333333,115.2,114.8,0.6,0.4,116.7,113.4,0.6,0.6,1,0,1,1,3.625953151911808,172.5,1.9666666666666686,-0.06666666666667709
2022200438,2023-03-19,2022-23,FWN,WIS,128,114,242,1,14,1507.6436848205012,1360.110121888338,147.53356293216325,118.66666666666667,121.0,0.6666666666666666,0.6666666666666666,117.0,117.2,0.4,0.6,119.1,120.4,0.4,0.4,7,9,-2,1,5.90134251728653,173.55,-0.4333333333333229,0.5999999999999943
22201069,2023-03-19,2022-23,POR,LAC,102,117,219,0,-15,1346.7114703173995,1561.7016968687624,-214.99022655136287,107.33333333333333,114.0,0.0,0.0,110.8,116.4,0.4,0.4,113.1,114.8,0.3,0.5,1,15,-14,1,-8.599609062054515,171.8,-5.766666666666666,-0.7999999999999972
22201066,2023-03-19,2022-23,DET,MIA,100,112,212,0,-12,1243.437421120139,1512.734469113623,-269.29704799348383,97.66666666666667,104.66666666666667,0.0,0.3333333333333333,101.6,103.2,0.0,0.2,106.2,104.7,0.1,0.3,2,0,2,1,-10.771881919739354,166.2,-8.533333333333331,-0.03333333333333144
2022200441,2023-03-19,2022-23,SLC,SBL,121,114,235,1,7,1555.972520323153,1678.750141690007,-122.77762136685396,116.33333333333333,126.66666666666667,0.6666666666666666,1.0,120.4,122.8,0.8,1.0,119.8,121.9,0.7,0.7,5,2,3,1,-4.911104854674159,175.8,-3.4666666666666686,4.766666666666666
22201063,2023-03-19,2022-23,BKN,DEN,102,108,210,0,-6,1492.7846265188361,1559.2443904032393,-66.45976388440317,117.66666666666667,113.0,0.6666666666666666,0.3333333333333333,116.8,118.4,0.6,0.4,113.7,113.6,0.4,0.5,2,0,2,1,-2.658390555376127,173.8,3.9666666666666686,-0.5999999999999943
2022200443,2023-03-19,2022-23,MXC,BHM,124,115,239,1,9,1466.0720846983284,1429.1084389813118,36.96364571701656,112.66666666666667,118.0,0.3333333333333333,1.0,112.2,112.8,0.4,0.6,112.7,108.6,0.6,0.5,6,5,1,1,1.4785458286806625,171.25,-0.03333333333333144,9.400000000000006
2022200440,2023-03-19,2022-23,TEX,OKL,107,122,229,0,-15,1287.4134401549175,1397.752968073604,-110.3395279186866,113.0,107.0,0.3333333333333333,0.3333333333333333,109.0,111.0,0.2,0.4,108.8,114.8,0.2,0.4,6,23,-17,1,-4.413581116747464,170.0,4.200000000000003,-7.799999999999997
22201076,2023-03-20,2022-23,UTA,SAC,128,120,248,1,8,1413.807133706508,1642.6268278813272,-228.81969417481923,121.66666666666667,116.66666666666667,0.6666666666666666,1.0,120.0,120.2,0.4,1.0,117.9,128.0,0.4,0.9,1,1,0,1,-9.15278776699277,175.05,3.7666666666666657,-11.333333333333329
2022200445,2023-03-20,2022-23,MXC,BHM,98,111,209,0,-13,1486.6574180683708,1408.5231056112693,78.13431245710149,112.66666666666667,116.33333333333333,0.3333333333333333,0.6666666666666666,112.2,113.6,0.4,0.6,112.7,109.5,0.6,0.5,0,0,0,1,3.1253724982840594,171.45,-0.03333333333333144,6.833333333333329
22201075,2023-03-20,2022-23,MEM,DAL,112,108,220,1,4,1599.6965034264038,1462.3449868133068,137.35151661309692,116.33333333333333,118.66666666666667,0.6666666666666666,0.6666666666666666,116.2,114.2,0.4,0.4,111.8,116.8,0.3,0.5,1,2,-1,1,5.494060664523877,172.6,4.533333333333331,1.8666666666666742
2022200444,2023-03-20,2022-23,MCC,WES,122,93,215,1,29,1580.911412324043,1343.5796834308394,237.33172889320372,117.66666666666667,114.33333333333333,0.6666666666666666,0.0,113.4,113.6,0.8,0.2,115.2,112.1,0.6,0.3,1,1,0,1,9.493269155728148,171.75,2.4666666666666686,2.2333333333333343
22201074,2023-03-20,2022-23,HOU,GSW,108,121,229,0,-13,1272.3889286216186,1502.319892598301,-229.9309639766825,120.33333333333333,121.33333333333333,0.3333333333333333,0.0,111.6,120.4,0.2,0.0,109.9,118.1,0.2,0.0,0,1,-1,1,-9.1972385590673,173.0,10.433333333333323,3.2333333333333343
22201073,2023-03-20,2022-23,NYK,MIN,134,140,274,0,-6,1636.536855640235,1489.1000410042727,147.43681463596226,110.0,124.66666666666667,0.6666666666666666,0.3333333333333333,115.6,124.4,0.6,0.6,114.7,120.8,0.7,0.6,1,1,0,1,5.89747258543849,175.0,-4.700000000000003,3.8666666666666742
2022200446,2023-03-20,2022-23,ONT,MHU,101,108,209,0,-7,1541.0188768111732,1623.5432115620115,-82.5243347508383,104.66666666666667,116.0,0.6666666666666666,1.0,107.4,117.2,0.8,0.8,108.7,113.3,0.6,0.6,14,4,10,1,-3.300973390033532,171.15,-4.033333333333331,2.700000000000003
22201071,2023-03-20,2022-23,CHA,IND,115,109,224,1,6,1355.6043458799245,1407.400647430479,-51.79630155055452,103.66666666666667,119.0,0.6666666666666666,0.6666666666666666,109.6,116.2,0.6,0.6,107.4,115.0,0.3,0.5,2,3,-1,1,-2.0718520620221805,171.45,-3.7333333333333343,4.0
22201072,2023-03-20,2022-23,PHI,CHI,105,109,214,0,-4,1729.0054396693831,1557.0747485036452,171.93069116573793,126.66666666666667,117.66666666666667,1.0,1.0,128.8,112.8,1.0,0.6,122.2,107.1,0.8,0.4,7,8,-1,1,6.8772276466295175,175.4,4.466666666666669,10.566666666666677
2022200452,2023-03-21,2022-23,WCB,MNE,89,93,182,0,-4,1604.9954336024634,1555.349299936058,49.646133666405376,123.0,109.33333333333333,1.0,0.3333333333333333,119.4,109.2,0.8,0.4,121.8,114.5,0.7,0.5,1,1,0,1,1.9858453466562151,172.15,1.2000000000000028,-5.166666666666671
2022200451,2023-03-21,2022-23,RGV,SCW,119,126,245,0,-7,1577.6372251015516,1531.6940177027177,45.94320739883392,116.33333333333333,116.0,0.6666666666666666,0.3333333333333333,117.2,116.4,0.8,0.4,120.2,119.3,0.7,0.4,9,11,-2,1,1.8377282959533567,173.4,-3.8666666666666742,-3.299999999999997
22201077,2023-03-21,2022-23,ORL,WAS,122,112,234,1,10,1429.7105250545112,1445.6114517147782,-15.900926660267032,110.33333333333333,102.0,0.3333333333333333,0.3333333333333333,112.4,101.4,0.4,0.4,111.2,112.3,0.5,0.5,9,3,6,1,-0.6360370664106813,168.45,-0.8666666666666742,-10.299999999999997
2022200448,2023-03-21,2022-23,OSC,LIN,112,118,230,0,-6,1558.7950694804622,1653.486258112801,-94.69118863233871,119.66666666666667,109.0,1.0,0.0,113.0,110.2,0.6,0.4,112.8,113.6,0.6,0.7,7,2,5,1,-3.7876475452935483,170.8,6.866666666666674,-4.599999999999994
22201078,2023-03-21,2022-23,ATL,DET,129,107,236,1,22,1464.379369311124,1234.4571429373148,229.92222637380928,118.0,97.66666666666667,0.6666666666666666,0.0,118.2,101.6,0.4,0.0,119.1,106.2,0.4,0.1,3,6,-3,1,9.196889054952372,169.95,-1.0999999999999943,-8.533333333333331
22201081,2023-03-21,2022-23,SAC,BOS,109,132,241,0,-23,1607.9671853143898,1621.8643641608733,-13.897178846483484,117.66666666666667,115.66666666666667,0.6666666666666666,0.6666666666666666,119.6,118.0,0.8,0.6,126.0,117.5,0.8,0.5,7,2,5,1,-0.5558871538593394,174.4,-8.333333333333329,-1.8333333333333286
22201080,2023-03-21,2022-23,NOP,SAS,119,84,203,1,35,1413.0951663170542,1278.7279992644646,134.3671670525896,112.33333333333333,104.66666666666667,0.3333333333333333,0.3333333333333333,111.4,108.0,0.4,0.2,108.4,108.8,0.3,0.1,6,15,-9,1,5.374686682103584,169.85,3.933333333333323,-4.133333333333326
2022200454,2023-03-21,2022-23,SBL,OKL,115,132,247,0,-17,1650.8986878510505,1416.9581482724525,233.94053957859796,123.0,110.0,0.6666666666666666,0.6666666666666666,122.8,112.4,0.8,0.4,122.4,115.9,0.7,0.5,9,1,8,1,9.357621583143919,173.8,0.5999999999999943,-5.900000000000006
2022200447,2023-03-21,2022-23,GBO,CCG,116,129,245,0,-13,1388.7370476793355,1523.9962730753293,-135.25922539599378,115.66666666666667,104.33333333333333,0.3333333333333333,0.6666666666666666,112.8,108.4,0.2,0.6,111.5,110.6,0.2,0.6,4,7,-3,1,-5.410369015839751,170.3,4.166666666666671,-6.266666666666666
22201079,2023-03-21,2022-23,BKN,CLE,109,115,224,0,-6,1477.0030448172097,1635.5358157626122,-158.5327709454025,117.66666666666667,116.33333333333333,0.6666666666666666,0.6666666666666666,116.8,113.2,0.6,0.6,113.7,115.1,0.4,0.6,1,6,-5,1,-6.341310837816099,172.5,3.9666666666666686,1.2333333333333343
22201082,2023-03-21,2022-23,LAC,OKC,100,101,201,0,-1,1574.170413198751,1549.25089323371,24.91951996504099,111.66666666666667,107.66666666666667,0.3333333333333333,0.6666666666666666,115.0,107.8,0.4,0.4,114.5,114.9,0.5,0.4,2,4,-2,1,0.9967807986016396,170.7,-2.8333333333333286,-7.233333333333334
2022200449,2023-03-21,2022-23,WIS,GRG,129,114,243,1,15,1343.8842591299467,1404.375170251463,-60.49091112151632,119.0,108.66666666666667,0.3333333333333333,0.3333333333333333,115.4,105.8,0.4,0.2,121.6,105.7,0.4,0.3,3,2,1,1,-2.419636444860653,170.3,-2.5999999999999943,2.9666666666666686
2022200453,2023-03-21,2022-23,SLC,AUS,101,93,194,1,8,1583.8239741621096,1346.379957247979,237.44401691413054,116.33333333333333,108.66666666666667,0.6666666666666666,0.3333333333333333,120.4,107.2,0.8,0.2,119.8,106.3,0.7,0.2,1,8,-7,1,9.497760676565221,171.9,-3.4666666666666686,2.3666666666666742
2022200450,2023-03-21,2022-23,RAP,CPS,111,104,215,1,7,1475.0755946970717,1528.8654883638467,-53.789893666775015,111.33333333333333,120.0,0.6666666666666666,0.6666666666666666,109.4,119.8,0.4,0.4,114.1,117.6,0.6,0.5,2,9,-7,1,-2.1515957466710005,172.3,-2.7666666666666657,2.4000000000000057
22201088,2023-03-22,2022-23,MEM,HOU,130,125,255,1,5,1609.7402718944804,1261.2931813508824,348.44709054359805,116.33333333333333,120.33333333333333,0.6666666666666666,0.3333333333333333,116.2,111.6,0.4,0.2,111.8,109.9,0.3,0.2,1,12,-11,1,13.937883621743921,171.95,4.533333333333331,10.433333333333323
22201090,2023-03-22,2022-23,MIN,ATL,125,124,249,1,1,1516.3543579896043,1477.5628773171452,38.7914806724591,126.0,118.0,0.3333333333333333,0.6666666666666666,130.4,118.2,0.6,0.4,120.5,119.1,0.6,0.4,6,2,4,1,1.551659226898364,177.15,5.5,-1.0999999999999943
22201085,2023-03-22,2022-23,TOR,IND,114,118,232,0,-4,1558.810367989515,1385.06185177619,173.74851621332505,107.66666666666667,115.0,0.0,0.3333333333333333,110.4,118.2,0.2,0.6,107.1,115.9,0.4,0.5,3,1,2,1,6.949940648533002,172.15,0.5666666666666771,-0.9000000000000057
22201092,2023-03-22,2022-23,LAL,PHX,122,111,233,1,11,1549.3477757443384,1553.153456108698,-3.8056803643596595,118.66666666666667,120.66666666666667,0.6666666666666666,0.3333333333333333,115.2,118.4,0.6,0.6,116.7,114.9,0.6,0.6,2,2,0,1,-0.15222721457438637,173.4,1.9666666666666686,5.766666666666666
22201084,2023-03-22,2022-23,MIA,NYK,127,120,247,1,7,1521.7147472964473,1609.2825386549034,-87.56779135845613,108.33333333333333,110.0,0.3333333333333333,0.6666666666666666,105.8,115.6,0.4,0.6,105.9,114.7,0.3,0.7,6,7,-1,1,-3.5027116543382455,170.35,2.433333333333323,-4.700000000000003
22201087,2023-03-22,2022-23,CHI,PHI,91,116,207,0,-25,1580.5413561058936,1705.5388320671348,-124.99747596124121,115.0,126.66666666666667,1.0,1.0,112.0,128.8,0.8,1.0,108.4,122.2,0.5,0.8,3,3,0,1,-4.999899038449648,175.2,6.599999999999994,4.466666666666669
22201083,2023-03-22,2022-23,WAS,DEN,104,118,222,0,-14,1420.5358307253255,1575.0259721048658,-154.49014137954032,99.66666666666667,112.33333333333333,0.0,0.6666666666666666,107.4,113.4,0.4,0.4,110.8,114.0,0.4,0.6,3,2,1,1,-6.1796056551816125,170.2,-11.133333333333326,-1.6666666666666714
22201089,2023-03-22,2022-23,MIL,SAS,130,94,224,1,36,1715.992389820918,1256.0997340247145,459.8926557962036,121.66666666666667,98.66666666666667,0.6666666666666666,0.3333333333333333,123.2,102.8,0.8,0.2,120.7,106.8,0.9,0.1,2,0,2,1,18.395706231848145,171.5,0.9666666666666686,-8.133333333333326
22201086,2023-03-22,2022-23,DAL,GSW,125,127,252,0,-2,1452.3012183452302,1513.4156398690372,-61.114421523807096,118.66666666666667,119.66666666666667,0.6666666666666666,0.3333333333333333,114.0,119.0,0.4,0.2,116.3,118.5,0.5,0.1,8,1,7,1,-2.4445768609522838,173.25,2.3666666666666742,1.1666666666666714
2022200456,2023-03-22,2022-23,ONT,MHU,96,98,194,0,-2,1525.0728005022706,1639.489287870914,-114.4164873686434,104.66666666666667,116.66666666666667,0.6666666666666666,1.0,107.4,117.8,0.8,1.0,108.7,112.6,0.6,0.6,1,1,0,1,-4.576659494745736,171.3,-4.033333333333331,4.066666666666677
2022200457,2023-03-22,2022-23,STO,MXC,117,115,232,1,2,1658.067273906731,1454.4299744496188,203.63729945711225,121.66666666666667,112.66666666666667,0.6666666666666666,0.3333333333333333,118.8,112.2,0.6,0.4,116.7,112.7,0.6,0.6,2,5,-3,1,8.14549197828449,172.75,4.966666666666669,-0.03333333333333144
22201091,2023-03-22,2022-23,UTA,POR,115,127,242,0,-12,1448.4667762734455,1334.2427539874109,114.2240222860346,121.66666666666667,107.33333333333333,0.6666666666666666,0.0,120.0,110.8,0.4,0.4,117.9,113.1,0.4,0.3,1,9,-8,1,4.5689608914413835,172.7,3.7666666666666657,-5.766666666666666
2022200455,2023-03-22,2022-23,IWA,BHM,139,131,270,1,8,1295.7370738831387,1440.7505492300213,-145.01347534688261,115.33333333333333,116.66666666666667,0.0,0.6666666666666666,115.0,116.0,0.2,0.8,115.6,111.7,0.2,0.6,8,1,7,1,-5.800539013875305,172.75,-0.2666666666666657,4.966666666666669
2022200458,2023-03-23,2022-23,CCG,WIS,114,104,218,1,10,1540.602199764976,1376.38922054464,164.2129792203359,111.0,119.0,0.6666666666666666,0.3333333333333333,109.8,115.4,0.6,0.4,113.1,121.6,0.6,0.4,5,3,2,1,6.568519168813436,171.3,-2.0999999999999943,-2.5999999999999943
2022200465,2023-03-23,2022-23,GLI,OKL,94,100,194,0,-6,1365.0795471277709,1462.8332432229251,-97.75369609515428,106.33333333333333,122.33333333333333,0.6666666666666666,1.0,106.4,115.0,0.4,0.6,102.0,117.3,0.3,0.5,6,1,5,1,-3.9101478438061714,170.35,4.333333333333329,5.033333333333331
2022200466,2023-03-23,2022-23,ONT,TEX,128,125,253,1,3,1517.5792435104397,1268.208259956069,249.3709835543707,104.66666666666667,113.0,0.6666666666666666,0.3333333333333333,107.4,109.0,0.8,0.2,108.7,108.8,0.6,0.2,0,5,-5,1,9.974839342174828,169.1,-4.033333333333331,4.200000000000003
2022200459,2023-03-23,2022-23,CLC,GRG,108,101,209,1,7,1524.325648533714,1371.87020883677,152.45543969694404,115.66666666666667,114.0,0.3333333333333333,0.3333333333333333,113.6,107.2,0.4,0.2,108.7,105.8,0.3,0.2,4,1,3,1,6.098217587877762,170.2,6.966666666666669,8.200000000000003
2022200462,2023-03-23,2022-23,RGV,SCW,121,111,232,1,10,1554.108972616964,1555.2222701873054,-1.1132975703415013,116.33333333333333,120.66666666666667,0.6666666666666666,0.3333333333333333,117.2,117.2,0.8,0.4,120.2,119.7,0.7,0.5,1,1,0,1,-0.044531902813660054,173.6,-3.8666666666666742,0.9666666666666686
22201093,2023-03-23,2022-23,ORL,NYK,111,106,217,1,5,1454.786146043964,1583.3553196932592,-128.56917364929518,110.33333333333333,118.33333333333333,0.3333333333333333,0.6666666666666666,112.4,113.4,0.4,0.4,111.2,116.5,0.5,0.6,1,0,1,1,-5.1427669459718075,171.45,-0.8666666666666742,1.8333333333333286
2022200464,2023-03-23,2022-23,SLC,AUS,134,107,241,1,27,1592.7504738663226,1337.453457543766,255.2970163225566,116.33333333333333,99.33333333333333,0.6666666666666666,0.0,120.4,104.8,0.8,0.2,119.8,107.0,0.7,0.2,1,1,0,1,10.211880652902265,171.3,-3.4666666666666686,-7.666666666666671
22201094,2023-03-23,2022-23,BKN,CLE,114,116,230,0,-2,1465.8541259227866,1646.6847346570353,-180.8306087342487,117.66666666666667,116.33333333333333,0.6666666666666666,1.0,116.8,113.6,0.6,0.8,113.7,114.4,0.4,0.6,1,1,0,1,-7.233224349369948,172.6,3.9666666666666686,1.933333333333323
22201096,2023-03-23,2022-23,LAC,OKC,127,105,232,1,22,1566.7426382723258,1556.6786681601352,10.063970112190646,111.66666666666667,104.66666666666667,0.3333333333333333,0.6666666666666666,115.0,105.0,0.4,0.6,114.5,114.4,0.5,0.5,1,1,0,1,0.4025588044876258,170.0,-2.8333333333333286,-9.733333333333334
22201095,2023-03-23,2022-23,NOP,CHA,115,96,211,1,19,1435.7234315568044,1377.9431415342135,57.78029002259086,112.33333333333333,103.66666666666667,0.3333333333333333,0.6666666666666666,111.4,109.6,0.4,0.6,108.4,107.4,0.3,0.3,1,13,-12,1,2.3112116009036345,170.25,3.933333333333323,-3.7333333333333343
2022200463,2023-03-23,2022-23,WCB,CPS,126,115,241,1,11,1586.6168052135029,1504.877164310025,81.73964090347795,123.0,115.0,1.0,0.3333333333333333,119.4,119.8,0.8,0.4,121.8,115.1,0.7,0.4,1,1,0,1,3.269585636139118,174.8,1.2000000000000028,-0.09999999999999432
2022200461,2023-03-23,2022-23,MNE,WES,110,97,207,1,13,1573.7279283250186,1329.7547749466146,243.97315337840405,100.66666666666667,109.33333333333333,0.3333333333333333,0.0,108.2,108.0,0.6,0.0,112.3,109.9,0.5,0.2,10,2,8,1,9.758926135136162,169.05,-11.633333333333326,-0.5666666666666771
2022200460,2023-03-23,2022-23,OSC,LIN,115,113,228,1,2,1544.5118875889818,1667.7694400042813,-123.25755241529941,119.66666666666667,111.0,1.0,0.3333333333333333,113.0,112.0,0.6,0.4,112.8,113.3,0.6,0.7,1,1,0,1,-4.930302096611976,171.25,6.866666666666674,-2.299999999999997
2022200470,2023-03-24,2022-23,SXF,MHU,119,105,224,1,14,1621.2620729248727,1646.982844862745,-25.720771937872314,132.0,107.33333333333333,1.0,1.0,131.2,110.8,0.8,1.0,117.9,111.7,0.6,0.7,11,1,10,1,-1.0288308775148927,175.5,14.099999999999994,-4.366666666666674
2022200471,2023-03-24,2022-23,STO,MXC,116,104,220,1,12,1663.262656309577,1449.2345920467728,214.02806426280426,121.66666666666667,114.66666666666667,0.6666666666666666,0.3333333333333333,118.8,115.4,0.6,0.4,116.7,114.6,0.6,0.6,1,1,0,1,8.56112257051217,173.55,4.966666666666669,0.06666666666667709
22201104,2023-03-24,2022-23,POR,CHI,96,124,220,0,-28,1368.03362733507,1559.2012436420684,-191.16761630699853,118.66666666666667,115.0,0.3333333333333333,1.0,111.8,112.0,0.4,0.8,113.4,108.4,0.3,0.5,4,3,1,1,-7.646704652279941,170.95,5.266666666666666,6.599999999999994
2022200468,2023-03-24,2022-23,GBO,RAP,118,116,234,1,2,1372.131120989689,1499.0639187508934,-126.93279776120448,115.66666666666667,111.33333333333333,0.3333333333333333,0.6666666666666666,112.8,109.4,0.2,0.4,111.5,114.1,0.2,0.6,2,9,-7,1,-5.077311910448179,170.55,4.166666666666671,-2.7666666666666657
22201098,2023-03-24,2022-23,WAS,SAS,136,124,260,1,12,1404.7613923673548,1251.3223290143153,153.4390633530395,99.66666666666667,96.0,0.0,0.0,107.4,98.4,0.4,0.2,110.8,106.4,0.4,0.1,1,1,0,1,6.13756253412158,166.45,-11.133333333333326,-10.400000000000006
22201105,2023-03-24,2022-23,SAC,PHX,135,127,262,1,8,1577.4571686559693,1528.0322130508182,49.424955605151126,117.66666666666667,114.33333333333333,0.6666666666666666,0.0,119.6,119.6,0.8,0.4,126.0,114.4,0.8,0.5,2,1,1,1,1.976998224206045,174.8,-8.333333333333329,-0.06666666666667709
22201102,2023-03-24,2022-23,UTA,MIL,116,144,260,0,-28,1414.6759029257864,1720.7697948313173,-306.0938919055309,121.66666666666667,121.66666666666667,0.6666666666666666,0.6666666666666666,120.0,123.2,0.4,0.8,117.9,120.7,0.4,0.9,1,9,-8,1,-12.243755676221236,175.8,3.7666666666666657,0.9666666666666686
22201106,2023-03-24,2022-23,LAL,OKC,116,111,227,1,5,1574.4690188022182,1526.2317129415349,48.237305860683364,118.66666666666667,105.66666666666667,0.6666666666666666,0.3333333333333333,115.2,105.8,0.6,0.6,116.7,113.5,0.6,0.5,1,0,1,1,1.9294922344273346,170.25,1.9666666666666686,-7.833333333333329
22201103,2023-03-24,2022-23,GSW,PHI,120,112,232,1,8,1522.4889753455839,1726.8789445309599,-204.389969185376,122.33333333333333,126.0,0.6666666666666666,1.0,122.4,122.6,0.4,1.0,119.0,123.9,0.2,0.9,10,1,9,1,-8.17559876741504,176.25,3.3333333333333286,2.0999999999999943
22201100,2023-03-24,2022-23,MEM,HOU,151,114,265,1,37,1613.9900720385451,1257.0433812068177,356.94669083172744,116.33333333333333,124.0,0.6666666666666666,0.3333333333333333,116.2,117.4,0.4,0.2,111.8,112.0,0.3,0.2,1,1,0,1,14.277867633269098,173.4,4.533333333333331,12.0
22201099,2023-03-24,2022-23,TOR,DET,118,97,215,1,21,1535.2773808993743,1221.2736349312936,314.0037459680807,107.66666666666667,98.0,0.0,0.0,110.4,101.2,0.2,0.0,107.1,105.3,0.4,0.1,1,2,-1,1,12.560149838723227,167.9,0.5666666666666771,-7.299999999999997
22201101,2023-03-24,2022-23,DAL,CHA,109,117,226,0,-8,1443.2278828686835,1352.9224449804406,90.30543788824298,118.66666666666667,107.0,0.6666666666666666,0.6666666666666666,114.0,105.6,0.4,0.6,116.3,107.3,0.5,0.3,1,0,1,1,3.612217515529719,169.9,2.3666666666666742,-0.29999999999999716
22201097,2023-03-24,2022-23,BOS,IND,120,95,215,1,25,1652.3743808192937,1408.5948388663307,243.77954195296297,125.0,122.0,0.6666666666666666,0.6666666666666666,117.6,116.8,0.6,0.6,118.2,116.6,0.6,0.6,15,1,14,1,9.751181678118519,173.6,6.799999999999997,5.400000000000006
2022200469,2023-03-24,2022-23,MCC,CLC,106,113,219,0,-7,1594.736320808268,1536.5392285943033,58.19709221396465,117.66666666666667,115.66666666666667,0.6666666666666666,0.3333333333333333,113.4,113.6,0.8,0.4,115.2,108.7,0.6,0.3,3,8,-5,1,2.327883688558586,171.75,2.4666666666666686,6.966666666666669
2022200467,2023-03-24,2022-23,DEL,FWN,110,114,224,0,-4,1614.2649636144656,1523.8695475788925,90.39541603557313,117.0,118.66666666666667,0.6666666666666666,0.6666666666666666,124.0,117.0,0.8,0.4,124.2,119.1,0.9,0.4,7,7,0,1,3.6158166414229256,175.25,-7.200000000000003,-0.4333333333333229
2022200472,2023-03-25,2022-23,GBO,RAP,126,137,263,0,-11,1386.9614055213494,1484.233634219233,-97.27222869788352,115.66666666666667,115.33333333333333,0.3333333333333333,0.3333333333333333,112.8,110.6,0.2,0.4,111.5,115.2,0.2,0.5,0,0,0,1,-3.890889147915341,170.85,4.166666666666671,0.13333333333332575
2022200479,2023-03-25,2022-23,RGV,LIN,135,116,251,1,19,1578.1647615112938,1653.0415151223349,-74.87675361104107,116.33333333333333,110.33333333333333,0.6666666666666666,0.3333333333333333,117.2,111.6,0.8,0.2,120.2,113.0,0.7,0.6,1,1,0,1,-2.9950701444416428,172.2,-3.8666666666666742,-2.6666666666666714
22201107,2023-03-25,2022-23,ATL,IND,143,130,273,1,13,1471.402110419548,1395.7389287820774,75.66318163747064,118.66666666666667,107.33333333333333,0.3333333333333333,0.3333333333333333,121.2,111.6,0.4,0.4,118.3,114.8,0.3,0.6,3,0,3,1,3.026527265498826,173.2,0.36666666666667425,-7.466666666666669
22201109,2023-03-25,2022-23,DEN,MIL,129,106,235,1,23,1590.8004104628365,1730.638515233546,-139.8381047707096,112.0,131.0,0.6666666666666666,1.0,113.0,128.6,0.6,0.8,113.9,122.4,0.6,0.9,12,0,12,1,-5.593524190828385,175.4,-1.9000000000000057,8.599999999999994
22201110,2023-03-25,2022-23,PHX,PHI,125,105,230,1,20,1509.1647456297628,1693.2908819501417,-184.12613632037892,119.33333333333333,123.0,0.0,0.6666666666666666,120.0,121.6,0.2,0.8,115.5,125.0,0.4,0.8,8,0,8,1,-7.365045452815156,175.4,3.8333333333333286,-2.0
2022200473,2023-03-25,2022-23,DEL,FWN,121,125,246,0,-4,1594.0751624808483,1544.0593487125097,50.0158137683386,117.0,118.66666666666667,0.6666666666666666,1.0,124.0,119.0,0.8,0.6,124.2,118.4,0.9,0.5,0,0,0,1,2.000632550733544,175.75,-7.200000000000003,0.2666666666666657
2022200477,2023-03-25,2022-23,SXF,MHU,116,88,204,1,28,1650.343699126721,1617.9012186608966,32.442480465824474,132.0,103.66666666666667,1.0,0.6666666666666666,131.2,110.6,0.8,0.8,117.9,111.8,0.6,0.7,0,0,0,1,1.297699218632979,175.45,14.099999999999994,-8.133333333333326
2022200475,2023-03-25,2022-23,BHM,CPS,122,120,242,1,2,1410.1053548881448,1485.7687031027458,-75.663348214601,119.0,118.66666666666667,0.3333333333333333,0.3333333333333333,118.2,115.8,0.6,0.4,113.3,115.5,0.5,0.3,15,1,14,1,-3.02653392858404,173.5,5.700000000000003,3.1666666666666714
2022200476,2023-03-25,2022-23,IWA,OSC,121,133,254,0,-12,1326.3822682250152,1559.2398124709282,-232.857544245913,115.33333333333333,119.66666666666667,0.0,1.0,115.0,113.0,0.2,0.6,115.6,112.8,0.2,0.6,2,6,-4,1,-9.31430176983652,172.0,-0.2666666666666657,6.866666666666674
2022200474,2023-03-25,2022-23,CCG,WES,114,105,219,1,9,1554.0224452801447,1319.3508041099085,234.67164117023617,111.0,100.66666666666667,0.6666666666666666,0.0,109.8,106.6,0.6,0.0,113.1,108.4,0.6,0.2,1,1,0,1,9.386865646809447,169.1,-2.0999999999999943,-7.733333333333334
2022200478,2023-03-25,2022-23,SBL,GLI,120,96,216,1,24,1605.0235929005778,1350.955377165188,254.06821573538969,123.0,106.33333333333333,0.6666666666666666,0.6666666666666666,122.8,106.4,0.8,0.4,122.4,102.0,0.7,0.3,3,5,-2,1,10.162728629415588,172.3,0.5999999999999943,4.333333333333329
22201108,2023-03-25,2022-23,MIA,BKN,100,129,229,0,-29,1547.6419662580915,1460.1200781117361,87.52188814635542,108.33333333333333,117.66666666666667,0.3333333333333333,0.6666666666666666,105.8,116.8,0.4,0.6,105.9,113.7,0.3,0.4,2,10,-8,1,3.500875525854217,170.65,2.433333333333323,3.9666666666666686
22201112,2023-03-25,2022-23,LAC,NOP,110,131,241,0,-21,1597.1895934909262,1460.7441281105773,136.44546538034888,111.66666666666667,112.33333333333333,0.3333333333333333,0.3333333333333333,115.0,111.4,0.4,0.4,114.5,108.4,0.5,0.3,1,5,-4,1,5.457818615213955,171.6,-2.8333333333333286,3.933333333333323
22201111,2023-03-25,2022-23,SAC,UTA,121,113,234,1,8,1596.3246360770247,1404.8071825235577,191.51745355346702,117.66666666666667,121.66666666666667,0.6666666666666666,0.6666666666666666,119.6,120.0,0.8,0.4,126.0,117.9,0.8,0.4,0,11,-11,1,7.660698142138681,174.9,-8.333333333333329,3.7666666666666657
2022200480,2023-03-25,2022-23,SCW,TEX,134,111,245,1,23,1531.1664812929755,1262.8781250922561,268.28835620071936,120.33333333333333,116.0,0.3333333333333333,0.3333333333333333,117.0,114.0,0.4,0.2,117.3,110.5,0.4,0.2,6,1,5,1,10.731534248028774,172.75,3.0333333333333314,5.5
22201114,2023-03-26,2022-23,LAL,CHI,108,118,226,0,-10,1589.9148298939265,1576.0145373626312,13.900292531295236,118.66666666666667,117.33333333333333,0.6666666666666666,1.0,115.2,117.2,0.6,1.0,116.7,108.0,0.6,0.5,1,1,0,1,0.5560117012518094,173.1,1.9666666666666686,9.333333333333329
22201120,2023-03-26,2022-23,POR,OKC,112,118,230,0,-6,1351.2203336145071,1510.7859018498266,-159.56556823531946,118.66666666666667,105.66666666666667,0.3333333333333333,0.3333333333333333,111.8,106.0,0.4,0.4,113.4,111.3,0.3,0.4,1,1,0,1,-6.382622729412779,169.45,5.266666666666666,-5.633333333333326
22201118,2023-03-26,2022-23,ORL,BKN,119,106,225,1,13,1479.0472330210534,1502.523200396973,-23.47596737591948,110.33333333333333,119.33333333333333,0.3333333333333333,0.6666666666666666,112.4,119.0,0.4,0.6,111.2,116.0,0.5,0.5,2,0,2,1,-0.9390386950367793,172.85,-0.8666666666666742,3.3333333333333286
22201113,2023-03-26,2022-23,CHA,DAL,110,104,214,1,6,1380.4804893980436,1415.6698384510805,-35.18934905303695,108.66666666666667,118.66666666666667,0.6666666666666666,0.6666666666666666,104.8,114.0,0.6,0.4,107.5,116.3,0.4,0.5,5,5,0,1,-1.407573962121478,169.7,1.1666666666666714,2.3666666666666742
22201116,2023-03-26,2022-23,BOS,SAS,137,93,230,1,44,1665.230290903547,1236.3173040083961,428.9129868951509,125.0,100.66666666666667,0.6666666666666666,0.0,117.6,102.8,0.6,0.2,118.2,105.7,0.6,0.1,1,1,0,1,17.156519475806036,170.1,6.799999999999997,-5.033333333333331
22201119,2023-03-26,2022-23,TOR,WAS,114,104,218,1,10,1543.990064358216,1419.766417373274,124.22364698494198,107.66666666666667,99.66666666666667,0.0,0.0,110.4,107.4,0.2,0.4,107.1,110.8,0.4,0.4,1,4,-3,1,4.968945879397679,169.45,0.5666666666666771,-11.133333333333326
22201121,2023-03-26,2022-23,GSW,MIN,96,99,195,0,-3,1556.0770379264022,1522.5151248872014,33.56191303920082,122.33333333333333,126.0,0.6666666666666666,0.3333333333333333,122.4,130.4,0.4,0.6,119.0,120.5,0.2,0.6,1,5,-4,1,1.3424765215680328,178.2,3.3333333333333286,5.5
22201117,2023-03-26,2022-23,CLE,HOU,108,91,199,1,17,1652.4187824680857,1248.7807303349964,403.63805213308933,117.0,121.33333333333333,1.0,0.0,116.0,120.0,0.8,0.2,114.6,111.7,0.6,0.1,8,1,7,1,16.145522085323574,174.0,2.4000000000000057,9.633333333333326
22201115,2023-03-26,2022-23,ATL,MEM,119,123,242,0,-4,1492.1346123305866,1622.2527229103664,-130.1181105797798,118.66666666666667,116.33333333333333,0.3333333333333333,0.6666666666666666,121.2,116.2,0.4,0.4,118.3,111.8,0.3,0.3,0,8,-8,1,-5.204724423191192,174.35,0.36666666666667425,4.533333333333331
22201129,2023-03-27,2022-23,LAC,CHI,124,112,236,1,12,1554.7278154243893,1600.952334676685,-46.22451925229575,111.66666666666667,117.0,0.3333333333333333,1.0,115.0,117.4,0.4,1.0,114.5,110.9,0.5,0.6,1,0,1,1,-1.84898077009183,173.1,-2.8333333333333286,6.099999999999994
22201125,2023-03-27,2022-23,UTA,PHX,103,117,220,0,-14,1393.8527580647205,1554.386519931627,-160.5337618669064,115.66666666666667,119.33333333333333,0.3333333333333333,0.0,118.8,120.0,0.4,0.2,117.0,115.5,0.3,0.4,2,2,0,1,-6.421350474676256,174.7,-1.3333333333333286,3.8333333333333286
22201127,2023-03-27,2022-23,POR,NOP,90,124,214,0,-34,1340.118649640525,1503.2059061771142,-163.08725653658917,118.66666666666667,120.0,0.3333333333333333,0.6666666666666666,111.8,113.4,0.4,0.4,113.4,110.9,0.3,0.4,0,1,-1,1,-6.523490261463567,171.3,5.266666666666666,9.099999999999994
22201126,2023-03-27,2022-23,DEN,PHI,116,111,227,1,5,1634.7234797205547,1648.0691076482776,-13.345627927722944,112.0,111.0,0.6666666666666666,0.3333333333333333,113.0,119.0,0.6,0.6,113.9,123.6,0.6,0.7,1,1,0,1,-0.5338251171089178,173.0,-1.9000000000000057,-12.599999999999994
22201128,2023-03-27,2022-23,SAC,MIN,115,119,234,0,-4,1607.2790605358618,1537.7130644460335,69.56599608982833,117.66666666666667,115.33333333333333,0.6666666666666666,0.6666666666666666,119.6,122.6,0.8,0.6,126.0,119.7,0.8,0.7,1,0,1,1,2.782639843593133,175.55,-8.333333333333329,-4.366666666666674
22201123,2023-03-27,2022-23,IND,DAL,104,127,231,0,-23,1375.006426871039,1394.2465707909025,-19.240143919863613,114.33333333333333,107.66666666666667,0.3333333333333333,0.3333333333333333,118.2,113.6,0.4,0.4,115.7,114.3,0.5,0.4,8,0,8,1,-0.7696057567945445,172.95,-1.3666666666666742,-6.633333333333326
22201124,2023-03-27,2022-23,NYK,HOU,137,115,252,1,22,1559.0942327161697,1243.624706821112,315.4695258950576,116.33333333333333,110.0,0.3333333333333333,0.0,111.2,115.4,0.4,0.2,116.3,108.7,0.6,0.1,6,0,6,1,12.618781035802304,171.65,0.03333333333333144,1.2999999999999972
22201122,2023-03-27,2022-23,DET,MIL,117,126,243,0,-9,1212.560951472452,1686.7154459758276,-474.15449450337564,100.33333333333333,122.0,0.0,0.6666666666666666,99.4,123.0,0.0,0.6,102.0,121.5,0.0,0.8,7,1,6,1,-18.966179780135025,170.6,-1.6666666666666714,0.5
22201135,2023-03-28,2022-23,GSW,NOP,120,109,229,1,11,1540.8790983675701,1523.1970342867237,17.68206408084643,122.33333333333333,124.0,0.6666666666666666,1.0,122.4,118.4,0.4,0.6,119.0,113.0,0.2,0.4,1,0,1,1,0.7072825632338572,175.2,3.3333333333333286,11.0
22201133,2023-03-28,2022-23,MEM,ORL,113,108,221,1,5,1632.5864365226437,1507.2182891385967,125.368147384047,122.66666666666667,110.33333333333333,0.6666666666666666,0.3333333333333333,115.0,112.4,0.6,0.4,112.8,111.2,0.4,0.5,3,8,-5,1,5.01472589536188,171.85,9.866666666666674,-0.8666666666666742
22201131,2023-03-28,2022-23,ATL,CLE,120,118,238,1,2,1481.8008987183093,1657.57480598197,-175.7739072636607,118.66666666666667,117.0,0.3333333333333333,1.0,121.2,116.0,0.4,0.8,118.3,114.6,0.3,0.6,1,4,-3,1,-7.0309562905464285,174.3,0.36666666666667425,2.4000000000000057
22201132,2023-03-28,2022-23,TOR,MIA,106,92,198,1,14,1559.7430555422259,1505.2388439728547,54.50421156937114,107.66666666666667,108.33333333333333,0.0,0.3333333333333333,110.4,105.8,0.2,0.4,107.1,105.9,0.4,0.3,1,8,-7,1,2.1801684627748457,169.05,0.5666666666666771,2.433333333333323
22201134,2023-03-28,2022-23,OKC,CHA,134,137,271,0,-3,1521.8875858238086,1401.9037570582216,119.98382876558708,111.33333333333333,108.66666666666667,0.3333333333333333,0.6666666666666666,109.2,104.8,0.4,0.6,109.3,107.5,0.4,0.4,8,3,5,1,4.799353150623483,168.5,2.0333333333333314,1.1666666666666714
22201130,2023-03-28,2022-23,WAS,BOS,130,111,241,1,19,1404.013426189264,1671.1731469621827,-267.1597207729187,103.33333333333333,125.0,0.0,0.6666666666666666,104.4,117.6,0.2,0.6,108.9,118.2,0.4,0.6,3,6,-3,1,-10.686388830916748,170.5,-5.566666666666677,6.799999999999997
22201142,2023-03-29,2022-23,OKC,DET,107,106,213,1,1,1503.4188532758765,1209.7399333985823,293.6789198772942,111.33333333333333,100.33333333333333,0.3333333333333333,0.0,109.2,99.4,0.4,0.0,109.3,102.0,0.4,0.0,0,4,-4,1,11.747156795091769,167.15,2.0333333333333314,-1.6666666666666714
22201139,2023-03-29,2022-23,PHI,DAL,116,108,224,1,8,1629.46360409994,1424.2689764512063,205.19462764873379,109.33333333333333,113.0,0.0,0.3333333333333333,117.0,117.4,0.4,0.6,122.1,116.0,0.7,0.4,8,1,7,1,8.207785105949352,173.6,-12.766666666666666,-3.0
22201144,2023-03-29,2022-23,PHX,MIN,107,100,207,1,7,1569.7748463325586,1556.9875882384977,12.787258094060917,118.33333333333333,119.33333333333333,0.3333333333333333,1.0,117.4,119.2,0.2,0.6,116.5,119.2,0.5,0.7,3,1,2,1,0.5114903237624366,174.15,1.8333333333333286,0.13333333333332575
22201137,2023-03-29,2022-23,BKN,HOU,123,114,237,1,9,1474.3521442794297,1234.850596326954,239.50154795247568,114.0,106.66666666666667,0.3333333333333333,0.0,117.6,114.0,0.6,0.0,117.9,110.7,0.5,0.1,5,1,4,1,9.580061918099027,172.9,-3.9000000000000057,-4.033333333333331
22201141,2023-03-29,2022-23,MEM,LAC,132,141,273,0,-9,1644.3053958998528,1583.7698488505641,60.53554704928865,122.66666666666667,111.66666666666667,0.6666666666666666,0.3333333333333333,115.0,115.0,0.6,0.4,112.8,114.5,0.4,0.5,0,9,-9,1,2.421421881971546,172.5,9.866666666666674,-2.8333333333333286
22201140,2023-03-29,2022-23,CHI,LAL,110,121,231,0,-11,1571.9103012505102,1564.9770325798727,6.933268670637517,118.0,118.66666666666667,0.6666666666666666,0.6666666666666666,116.4,115.2,0.8,0.6,111.6,116.7,0.6,0.6,6,13,-7,1,0.2773307468255007,172.9,6.400000000000006,1.9666666666666686
22201145,2023-03-29,2022-23,POR,SAC,80,120,200,0,-40,1320.1275215309156,1588.0045367433977,-267.8770152124821,118.66666666666667,117.66666666666667,0.3333333333333333,0.6666666666666666,111.8,119.6,0.4,0.8,113.4,126.0,0.3,0.8,1,8,-7,1,-10.715080608499283,172.85,5.266666666666666,-8.333333333333329
22201143,2023-03-29,2022-23,SAS,UTA,117,128,245,0,-11,1230.3744479497605,1378.464431663789,-148.08998371402845,103.66666666666667,115.66666666666667,0.0,0.3333333333333333,101.0,118.8,0.0,0.4,104.4,117.0,0.1,0.3,9,3,6,1,-5.923599348561138,169.95,-0.7333333333333343,-1.3333333333333286
22201136,2023-03-29,2022-23,IND,MIL,136,149,285,0,-13,1344.9840212107351,1689.5364640496973,-344.5524428389622,114.33333333333333,125.33333333333333,0.3333333333333333,0.6666666666666666,118.2,125.0,0.4,0.8,115.7,122.2,0.5,0.8,1,1,0,1,-13.782097713558487,175.8,-1.3666666666666742,3.1333333333333258
22201138,2023-03-29,2022-23,NYK,MIA,101,92,193,1,9,1567.8683432103278,1482.3721052022386,85.49623800808922,116.33333333333333,101.0,0.3333333333333333,0.3333333333333333,111.2,103.6,0.4,0.4,116.3,104.7,0.6,0.3,1,0,1,1,3.419849520323569,168.7,0.03333333333333144,-3.700000000000003
22201146,2023-03-30,2022-23,MIL,BOS,99,140,239,0,-41,1695.9206874309764,1621.8538967693867,74.06679066158972,127.0,120.0,0.6666666666666666,0.3333333333333333,128.2,118.0,0.8,0.6,125.9,115.1,0.8,0.5,7,1,6,1,2.962671626463589,176.55,1.0999999999999943,4.900000000000006
22201147,2023-03-30,2022-23,DEN,NOP,88,107,195,0,-19,1653.3289832688922,1499.61152238119,153.71746088770215,112.0,121.33333333333333,0.6666666666666666,0.6666666666666666,113.0,118.6,0.6,0.6,113.9,113.7,0.6,0.4,2,1,1,1,6.148698435508086,172.9,-1.9000000000000057,7.633333333333326
22201153,2023-03-31,2022-23,BKN,ATL,124,107,231,1,17,1483.6187046754703,1497.9148887931328,-14.296184117662506,114.0,118.66666666666667,0.3333333333333333,0.3333333333333333,117.6,121.2,0.6,0.4,117.9,118.3,0.5,0.3,1,8,-7,1,-0.5718473647065002,174.7,-3.9000000000000057,0.36666666666667425
22201151,2023-03-31,2022-23,WAS,ORL,109,116,225,0,-7,1453.33267638206,1495.4993297613876,-42.1666533793275,103.33333333333333,108.66666666666667,0.0,0.3333333333333333,104.4,110.6,0.2,0.2,108.9,110.1,0.4,0.4,2,2,0,1,-1.6866661351731,168.75,-5.566666666666677,-1.433333333333323
22201160,2023-03-31,2022-23,PHX,DEN,100,93,193,1,7,1589.804275173564,1610.9195909960927,-21.1153158225286,118.33333333333333,112.0,0.3333333333333333,0.6666666666666666,117.4,113.0,0.2,0.6,116.5,113.9,0.5,0.6,1,8,-7,1,-0.8446126329011441,172.6,1.8333333333333286,-1.9000000000000057
22201157,2023-03-31,2022-23,MIN,LAL,111,123,234,0,-12,1536.9581593974922,1590.3219100875876,-53.36375069009546,106.0,118.0,0.6666666666666666,0.6666666666666666,113.0,117.2,0.6,0.6,118.8,115.9,0.7,0.6,8,1,7,1,-2.1345500276038183,172.55,-12.799999999999997,2.0999999999999943
22201155,2023-03-31,2022-23,HOU,DET,121,115,236,1,6,1225.5840359309134,1207.5814274357692,18.00260849514416,106.66666666666667,103.33333333333333,0.0,0.0,111.8,99.4,0.0,0.0,111.7,102.1,0.1,0.0,10,1,9,1,0.7201043398057664,167.8,-5.033333333333331,1.2333333333333343
22201159,2023-03-31,2022-23,POR,SAC,114,138,252,0,-24,1307.0378314032832,1601.09422687103,-294.0563954677468,118.66666666666667,124.0,0.3333333333333333,0.6666666666666666,111.8,118.0,0.4,0.8,113.4,125.0,0.3,0.8,1,1,0,1,-11.762255818709873,172.45,5.266666666666666,-1.0
22201149,2023-03-31,2022-23,IND,OKC,121,117,238,1,4,1338.599797829456,1505.5773592386895,-166.97756140923343,114.33333333333333,111.33333333333333,0.3333333333333333,0.3333333333333333,118.2,109.2,0.4,0.4,115.7,109.3,0.5,0.4,1,4,-3,1,-6.679102456369337,171.85,-1.3666666666666742,2.0333333333333314
22201150,2023-03-31,2022-23,PHI,TOR,117,110,227,1,7,1639.7834124507947,1582.609794312842,57.173618137952644,109.33333333333333,107.66666666666667,0.0,0.0,117.0,110.4,0.4,0.2,122.1,107.1,0.7,0.4,1,11,-10,1,2.2869447255181057,171.85,-12.766666666666666,0.5666666666666771
22201148,2023-03-31,2022-23,CHA,CHI,91,121,212,0,-30,1420.3724896061537,1546.5654237427952,-126.1929341366415,116.66666666666667,118.0,0.6666666666666666,0.6666666666666666,115.0,116.4,0.8,0.8,111.4,111.6,0.5,0.6,4,3,1,1,-5.04771736546566,172.85,5.266666666666666,6.400000000000006
22201152,2023-03-31,2022-23,BOS,UTA,122,114,236,1,8,1667.0800569165442,1393.3199012906907,273.7601556258535,127.66666666666667,118.66666666666667,0.6666666666666666,0.3333333333333333,125.2,121.2,0.6,0.6,118.1,117.8,0.5,0.4,4,1,3,1,10.95040622503414,176.6,9.566666666666677,0.8666666666666742
22201156,2023-03-31,2022-23,MEM,LAC,108,94,202,1,14,1617.307739528124,1610.7675052222928,6.540234305831291,122.66666666666667,128.33333333333334,0.6666666666666666,0.6666666666666666,115.0,120.0,0.6,0.4,112.8,118.7,0.4,0.6,1,1,0,1,0.26160937223325165,173.75,9.866666666666674,9.63333333333334
22201158,2023-03-31,2022-23,GSW,SAS,130,115,245,1,15,1564.4646102731037,1215.5189783228586,348.9456319502451,122.33333333333333,103.66666666666667,0.6666666666666666,0.0,122.4,101.0,0.4,0.0,119.0,104.4,0.2,0.1,2,4,-2,1,13.957825278009805,170.85,3.3333333333333286,-0.7333333333333343
22201154,2023-03-31,2022-23,CLE,NYK,116,130,246,0,-14,1641.4608159071465,1585.3397059993724,56.1211099077741,116.33333333333333,116.33333333333333,0.6666666666666666,0.3333333333333333,116.6,111.2,0.8,0.4,114.6,116.3,0.5,0.6,4,7,-3,1,2.244844396310964,171.95,1.7333333333333343,0.03333333333333144
22201161,2023-04-01,2022-23,MIA,DAL,129,122,251,1,7,1464.900742413194,1413.9491681003517,50.95157431284224,98.66666666666667,113.0,0.3333333333333333,0.3333333333333333,101.8,111.6,0.2,0.4,102.4,114.6,0.3,0.3,6,2,4,1,2.0380629725136896,168.35,-3.7333333333333343,-1.5999999999999943
22201162,2023-04-01,2022-23,NOP,LAC,122,114,236,1,8,1542.0209146539896,1584.1967147041921,-42.1758000502025,113.33333333333333,117.33333333333333,0.6666666666666666,0.6666666666666666,117.6,114.0,0.8,0.4,113.4,117.3,0.5,0.5,8,0,8,1,-1.6870320020080998,172.9,-0.06666666666667709,0.03333333333333144
22201171,2023-04-02,2022-23,HOU,LAL,109,134,243,0,-25,1244.0357523951297,1612.0625052063076,-368.02675281117786,106.66666666666667,118.0,0.0,0.6666666666666666,111.8,120.0,0.0,0.8,111.7,117.0,0.1,0.6,1,1,0,1,-14.721070112447114,172.95,-5.033333333333331,1.0
22201163,2023-04-02,2022-23,CHA,TOR,108,128,236,0,-20,1397.9842842558962,1565.2067280053366,-167.22244374944034,116.66666666666667,111.0,0.6666666666666666,0.0,115.0,109.2,0.8,0.0,111.4,106.4,0.5,0.3,1,1,0,1,-6.688897749977614,171.05,5.266666666666666,4.599999999999994
22201174,2023-04-02,2022-23,MIL,PHI,117,104,221,1,13,1650.6945272838188,1657.1864787583002,-6.491951474481311,127.0,109.33333333333333,0.6666666666666666,0.0,128.2,117.0,0.8,0.4,125.9,122.1,0.8,0.7,2,5,-3,1,-0.25967805897925245,176.3,1.0999999999999943,-12.766666666666666
22201168,2023-04-02,2022-23,NYK,WAS,118,109,227,1,9,1616.7568574711152,1435.049664655461,181.70719281565425,118.66666666666667,103.33333333333333,0.3333333333333333,0.0,118.2,104.4,0.6,0.2,117.1,108.9,0.6,0.4,3,6,-3,1,7.2682877126261705,170.65,1.566666666666677,-5.566666666666677
22201173,2023-04-02,2022-23,CLE,IND,115,105,220,1,10,1610.0436644354038,1361.8839231034863,248.15974133191753,116.33333333333333,114.33333333333333,0.6666666666666666,0.3333333333333333,116.6,118.2,0.8,0.4,114.6,115.7,0.5,0.5,1,7,-6,1,9.9263896532767,173.7,1.7333333333333343,-1.3666666666666742
22201164,2023-04-02,2022-23,BKN,UTA,111,110,221,1,1,1513.7110737190544,1385.7887678441296,127.92230587492486,114.0,118.33333333333333,0.3333333333333333,0.3333333333333333,117.6,117.8,0.6,0.4,117.9,116.9,0.5,0.3,1,1,0,1,5.116892234996994,173.85,-3.9000000000000057,1.433333333333323
22201169,2023-04-02,2022-23,ORL,DET,128,102,230,1,26,1513.7823414879867,1189.1297109715529,324.6526305164339,109.66666666666667,106.0,0.3333333333333333,0.0,111.0,104.4,0.4,0.0,111.7,105.1,0.4,0.0,6,1,5,1,12.986105220657356,168.85,-2.0333333333333314,0.9000000000000057
22201167,2023-04-02,2022-23,ATL,DAL,132,130,262,1,2,1467.8225197495487,1396.18258759395,71.63993215559867,116.33333333333333,119.0,0.0,0.3333333333333333,117.0,113.8,0.4,0.2,117.5,114.0,0.2,0.3,4,0,4,1,2.865597286223947,172.7,-1.1666666666666714,5.0
22201175,2023-04-02,2022-23,DEN,GSW,112,110,222,1,2,1588.8629535368648,1571.0241825139863,17.838771022878518,106.33333333333333,122.33333333333333,0.6666666666666666,0.6666666666666666,109.6,122.4,0.6,0.4,112.0,119.0,0.5,0.2,2,10,-8,1,0.7135508409151408,173.0,-5.666666666666671,3.3333333333333286
22201172,2023-04-02,2022-23,OKC,PHX,118,128,246,0,-10,1482.2932339646593,1611.860912632792,-129.56767866813266,115.33333333333333,118.33333333333333,0.3333333333333333,0.3333333333333333,110.4,117.4,0.4,0.2,109.1,116.5,0.4,0.5,3,5,-2,1,-5.182707146725306,171.95,6.233333333333334,1.8333333333333286
22201170,2023-04-02,2022-23,SAC,SAS,134,142,276,0,-8,1611.0996423273314,1208.959406081976,402.14023624535525,126.0,110.66666666666667,0.6666666666666666,0.0,122.2,102.0,0.8,0.0,127.9,105.0,0.9,0.1,5,1,4,1,16.08560944981421,171.05,-1.9000000000000057,5.666666666666671
22201165,2023-04-02,2022-23,CHI,MEM,128,107,235,1,21,1568.9536290930528,1643.8785300462248,-74.92490095317203,117.0,122.66666666666667,0.6666666666666666,0.6666666666666666,116.8,115.0,0.8,0.6,114.8,112.8,0.7,0.4,3,6,-3,1,-2.996996038126881,172.95,2.200000000000003,9.866666666666674
22201166,2023-04-02,2022-23,MIN,POR,105,107,212,0,-2,1515.2175642787722,1297.032415946982,218.1851483317903,106.0,118.66666666666667,0.6666666666666666,0.3333333333333333,113.0,111.8,0.6,0.4,118.8,113.4,0.7,0.3,1,10,-9,1,8.727405933271612,171.2,-12.799999999999997,5.266666666666666
22201176,2023-04-04,2022-23,CHA,TOR,100,120,220,0,-20,1381.1568445734324,1582.0341676878004,-200.87732311436798,116.66666666666667,116.33333333333333,0.6666666666666666,0.3333333333333333,115.0,112.2,0.8,0.2,111.4,108.6,0.5,0.3,1,1,0,1,-8.03509292457472,171.8,5.266666666666666,7.733333333333334
22201185,2023-04-04,2022-23,NOP,SAC,103,121,224,0,-18,1566.6473842168505,1571.1055853280695,-4.4582011112190685,113.33333333333333,126.0,0.6666666666666666,0.6666666666666666,117.6,122.2,0.8,0.8,113.4,127.9,0.5,0.9,2,3,-1,1,-0.17832804444876274,174.95,-0.06666666666667709,-1.9000000000000057
22201181,2023-04-04,2022-23,PHI,BOS,103,101,204,1,2,1630.3028460517683,1674.6111903631054,-44.30834431133712,106.66666666666667,127.66666666666667,0.0,0.6666666666666666,109.6,125.2,0.2,0.6,119.2,118.1,0.6,0.5,3,4,-1,1,-1.772333772453485,173.7,-12.533333333333331,9.566666666666677
22201178,2023-04-04,2022-23,ORL,CLE,113,117,230,0,-4,1522.5937451465636,1619.3153198266139,-96.72157468005025,109.66666666666667,116.33333333333333,0.3333333333333333,0.6666666666666666,111.0,116.6,0.4,0.8,111.7,114.6,0.4,0.5,1,6,-5,1,-3.86886298720201,171.9,-2.0333333333333314,1.7333333333333343
22201180,2023-04-04,2022-23,BKN,MIN,102,107,209,0,-5,1518.1998428426907,1498.1158536617959,20.083989180894832,114.0,106.0,0.3333333333333333,0.6666666666666666,117.6,113.0,0.6,0.6,117.9,118.8,0.5,0.7,1,5,-4,1,0.8033595672357933,172.65,-3.9000000000000057,-12.799999999999997
22201187,2023-04-04,2022-23,GSW,OKC,136,125,261,1,11,1560.6016371818084,1466.8639333647143,93.73770381709414,119.33333333333333,115.33333333333333,0.6666666666666666,0.3333333333333333,119.2,110.4,0.4,0.4,117.6,109.1,0.2,0.4,3,3,0,1,3.7495081526837657,172.4,1.7333333333333343,6.233333333333334
22201186,2023-04-04,2022-23,UTA,LAL,133,135,268,0,-2,1381.2999987204932,1619.05493990678,-237.75494118628671,117.33333333333333,126.0,0.3333333333333333,1.0,116.0,122.2,0.2,0.8,116.8,117.8,0.3,0.7,7,1,6,1,-9.510197647451468,174.55,0.5333333333333314,8.200000000000003
22201182,2023-04-04,2022-23,CHI,ATL,105,123,228,0,-18,1606.4284774022326,1476.5749124830757,129.85356491915695,117.0,116.33333333333333,0.6666666666666666,0.0,116.8,117.0,0.8,0.4,114.8,117.5,0.7,0.2,1,3,-2,1,5.194142596766278,173.45,2.200000000000003,-1.1666666666666714
22201179,2023-04-04,2022-23,WAS,MIL,128,140,268,0,-12,1423.0764182369169,1677.5781599903507,-254.50174175343386,108.33333333333333,127.0,0.0,0.6666666666666666,102.4,128.2,0.0,0.8,107.2,125.9,0.4,0.8,3,5,-2,1,-10.180069670137355,172.65,1.1333333333333258,1.0999999999999943
22201184,2023-04-04,2022-23,MEM,POR,119,109,228,1,10,1606.403681737045,1314.1341265639583,292.2695551730867,118.66666666666667,114.66666666666667,0.6666666666666666,0.6666666666666666,115.8,111.2,0.6,0.4,112.6,112.0,0.4,0.4,3,1,2,1,11.690782206923467,171.75,6.066666666666677,2.6666666666666714
22201188,2023-04-04,2022-23,PHX,SAS,115,94,209,1,21,1627.290213232737,1248.953463081238,378.336750151499,124.0,116.66666666666667,0.6666666666666666,0.3333333333333333,120.6,113.6,0.4,0.2,117.6,108.2,0.5,0.2,3,1,2,1,15.13347000605996,173.55,6.400000000000006,8.466666666666669
22201177,2023-04-04,2022-23,DET,MIA,105,118,223,0,-13,1180.318307312976,1482.6673229195956,-302.34901560661956,107.66666666666667,98.66666666666667,0.0,0.3333333333333333,105.4,101.8,0.0,0.2,103.5,102.4,0.0,0.3,7,5,2,1,-12.093960624264783,166.8,4.166666666666671,-3.7333333333333343
22201183,2023-04-04,2022-23,HOU,DEN,124,103,227,1,21,1237.0433176946574,1599.2854988690426,-362.2421811743852,106.66666666666667,106.33333333333333,0.0,0.6666666666666666,111.8,109.6,0.0,0.6,111.7,112.0,0.1,0.5,1,3,-2,1,-14.489687246975409,170.35,-5.033333333333331,-5.666666666666671
22201190,2023-04-05,2022-23,IND,NYK,129,138,267,0,-9,1352.6122677122762,1628.7301038896592,-276.11783617738297,110.0,118.66666666666667,0.0,0.3333333333333333,111.4,118.2,0.2,0.6,113.8,117.1,0.4,0.6,4,4,0,1,-11.044713447095319,172.4,-3.799999999999997,1.566666666666677
22201192,2023-04-05,2022-23,BOS,TOR,97,93,190,1,4,1662.231557308966,1596.607227849427,65.62432945953901,117.33333333333333,119.33333333333333,0.3333333333333333,0.6666666666666666,120.2,116.2,0.4,0.4,118.8,111.1,0.5,0.3,4,0,4,1,2.6249731783815604,174.1,-1.4666666666666686,8.233333333333334
22201196,2023-04-05,2022-23,LAC,LAL,125,118,243,1,7,1559.5702451413313,1623.5118274096772,-63.94158226834588,116.33333333333333,130.66666666666666,0.3333333333333333,1.0,118.6,124.6,0.4,0.8,118.2,120.4,0.5,0.7,8,0,8,1,-2.5576632907338355,175.8,-1.8666666666666742,10.266666666666652
22201193,2023-04-05,2022-23,MIL,CHI,105,92,197,1,13,1687.2069407294812,1566.4646018427195,120.74233888676167,138.33333333333334,117.0,1.0,0.6666666666666666,133.0,116.8,0.8,0.8,128.1,114.8,0.8,0.7,2,4,-2,1,4.829693555470467,177.45,10.233333333333348,2.200000000000003
22201195,2023-04-05,2022-23,DAL,SAC,123,119,242,1,4,1387.4301948604232,1600.1721732692542,-212.74197840883107,120.0,126.33333333333333,0.0,1.0,118.2,126.2,0.2,0.8,116.1,122.4,0.3,0.9,11,0,11,1,-8.509679136353244,176.1,3.9000000000000057,3.933333333333323
22201194,2023-04-05,2022-23,NOP,MEM,138,131,269,1,7,1537.5807962756658,1613.9221769187322,-76.34138064306649,113.33333333333333,118.66666666666667,0.6666666666666666,0.6666666666666666,117.6,115.8,0.8,0.6,113.4,112.6,0.5,0.4,0,2,-2,1,-3.0536552257226592,173.35,-0.06666666666667709,6.066666666666677
22201191,2023-04-05,2022-23,ATL,WAS,134,116,250,1,18,1516.5387880425887,1413.4476374977864,103.0911505448023,118.0,108.33333333333333,0.3333333333333333,0.0,117.2,102.4,0.4,0.0,119.0,107.2,0.3,0.4,2,2,0,1,4.1236460217920925,169.9,-1.0,1.1333333333333258
22201189,2023-04-05,2022-23,DET,BKN,108,123,231,0,-15,1172.4404884889984,1499.247649225154,-326.80716073615554,107.66666666666667,114.0,0.0,0.3333333333333333,105.4,117.6,0.0,0.6,103.5,117.9,0.0,0.5,0,9,-9,1,-13.07228642944622,170.75,4.166666666666671,-3.9000000000000057
22201198,2023-04-06,2022-23,PHI,MIA,101,129,230,0,-28,1642.6824791059075,1490.5451417435731,152.1373373623344,106.66666666666667,100.66666666666667,0.0,0.3333333333333333,109.6,102.6,0.2,0.4,119.2,103.5,0.6,0.3,1,1,0,1,6.085493494493376,168.05,-12.533333333333331,-2.8333333333333286
22201199,2023-04-06,2022-23,SAS,POR,129,127,256,1,2,1242.662919347155,1306.615631382271,-63.952712035116065,117.0,114.33333333333333,0.3333333333333333,0.6666666666666666,113.6,114.4,0.2,0.4,106.0,111.3,0.2,0.4,7,1,6,1,-2.5581084814046426,172.0,11.0,3.0333333333333314
22201197,2023-04-06,2022-23,ORL,CLE,94,118,212,0,-24,1510.8675675491643,1631.0414974240132,-120.17392987484891,109.66666666666667,117.0,0.3333333333333333,0.6666666666666666,111.0,117.2,0.4,0.8,111.7,115.1,0.4,0.6,1,1,0,1,-4.806957194993957,172.05,-2.0333333333333314,1.9000000000000057
22201201,2023-04-06,2022-23,PHX,DEN,119,115,234,1,4,1633.58075696682,1544.298347577032,89.28240938978797,124.0,104.66666666666667,0.6666666666666666,0.3333333333333333,120.6,106.4,0.4,0.4,117.6,110.8,0.5,0.4,1,1,0,1,3.571296375591519,171.75,6.400000000000006,-6.133333333333326
22201200,2023-04-06,2022-23,UTA,OKC,98,114,212,0,-16,1376.843111217596,1448.5610455042076,-71.71793428661158,117.33333333333333,120.0,0.3333333333333333,0.3333333333333333,116.0,115.2,0.2,0.2,116.8,110.1,0.3,0.4,1,1,0,1,-2.8687173714644634,172.8,0.5333333333333314,9.900000000000006
22201208,2023-04-07,2022-23,MIL,MEM,114,137,251,0,-23,1704.7783592705032,1588.6307831285512,116.14757614195196,138.33333333333334,120.33333333333333,1.0,0.3333333333333333,133.0,121.2,0.8,0.4,128.1,115.2,0.8,0.4,1,1,0,1,4.645903045678079,178.55,10.233333333333348,5.133333333333326
22201202,2023-04-07,2022-23,CHA,HOU,109,112,221,0,-3,1366.5837844118057,1292.030468986668,74.55331542513773,116.66666666666667,106.66666666666667,0.6666666666666666,0.0,115.0,111.8,0.8,0.0,111.4,111.7,0.5,0.1,2,8,-6,1,2.982132617005509,171.7,5.266666666666666,-5.033333333333331
22201207,2023-04-07,2022-23,BKN,ORL,101,84,185,1,17,1506.5808685793359,1489.388785352512,17.192083226823797,119.33333333333333,109.66666666666667,0.6666666666666666,0.3333333333333333,117.4,111.0,0.6,0.4,117.5,111.7,0.6,0.4,2,6,-4,1,0.6876833290729519,172.1,1.8333333333333286,-2.0333333333333314
22201210,2023-04-07,2022-23,DAL,CHI,112,115,227,0,-3,1412.3082196513776,1548.8931833016975,-136.58496365031988,120.0,108.33333333333333,0.0,0.3333333333333333,118.2,113.4,0.2,0.6,116.1,112.7,0.3,0.7,1,1,0,1,-5.463398546012795,172.9,3.9000000000000057,-4.366666666666674
22201204,2023-04-07,2022-23,WAS,MIA,114,108,222,1,6,1392.4923088184544,1538.0876884826844,-145.59537966423,109.66666666666667,113.0,0.0,0.6666666666666666,107.0,108.6,0.0,0.6,106.2,105.9,0.3,0.4,2,0,2,1,-5.8238151865692,168.9,3.4666666666666686,7.099999999999994
22201206,2023-04-07,2022-23,BOS,TOR,121,102,223,1,19,1675.321640669667,1583.5171444887262,91.80449618094076,117.33333333333333,113.66666666666667,0.3333333333333333,0.6666666666666666,120.2,112.4,0.4,0.4,118.8,111.1,0.5,0.3,1,1,0,1,3.6721798472376306,173.15,-1.4666666666666686,2.566666666666677
22201209,2023-04-07,2022-23,NOP,NYK,113,105,218,1,8,1562.8721900658468,1636.5340067961963,-73.66181673034953,113.33333333333333,124.66666666666667,0.6666666666666666,0.6666666666666666,117.6,123.4,0.8,0.6,113.4,119.4,0.5,0.6,1,1,0,1,-2.946472669213981,175.25,-0.06666666666667709,5.266666666666666
22201205,2023-04-07,2022-23,ATL,PHI,131,136,267,0,-5,1537.4941167219208,1595.1399323667963,-57.64581564487548,118.0,106.66666666666667,0.3333333333333333,0.0,117.2,109.6,0.4,0.2,119.0,119.2,0.3,0.6,1,4,-3,1,-2.3058326257950195,171.7,-1.0,-12.533333333333331
22201211,2023-04-07,2022-23,SAC,GSW,97,119,216,0,-22,1575.2941484782998,1578.904525042315,-3.6103765640152687,126.0,119.33333333333333,0.6666666666666666,0.6666666666666666,123.6,119.2,0.6,0.4,121.9,117.6,0.8,0.2,4,4,0,1,-0.14441506256061076,175.7,4.099999999999994,1.7333333333333343
22201212,2023-04-07,2022-23,LAL,PHX,121,107,228,1,14,1598.9330648897433,1645.627972985968,-46.69490809622471,129.0,124.0,0.6666666666666666,0.6666666666666666,126.2,120.6,0.8,0.4,120.7,117.6,0.7,0.5,11,4,7,1,-1.8677963238489883,176.7,8.299999999999997,6.400000000000006
22201203,2023-04-07,2022-23,IND,DET,115,122,237,0,-7,1344.808364805739,1165.1072691348165,179.70109567092254,110.0,107.66666666666667,0.0,0.0,111.4,105.4,0.2,0.0,113.8,103.5,0.4,0.0,1,4,-3,1,7.188043826836902,169.2,-3.799999999999997,4.166666666666671
22201215,2023-04-08,2022-23,LAC,POR,136,125,261,1,11,1584.1490076612652,1293.6298188074413,290.51918885382383,116.33333333333333,114.33333333333333,0.3333333333333333,0.3333333333333333,118.6,116.0,0.4,0.4,118.2,113.5,0.5,0.4,2,1,1,1,11.620767554152954,173.65,-1.8666666666666742,0.8333333333333286
22201213,2023-04-08,2022-23,UTA,DEN,118,114,232,1,4,1354.2776463255775,1532.251131557884,-177.97348523230653,117.33333333333333,103.66666666666667,0.3333333333333333,0.0,116.0,107.4,0.2,0.4,116.8,112.9,0.3,0.4,1,1,0,1,-7.1189394092922615,170.85,0.5333333333333314,-9.233333333333334
22201214,2023-04-08,2022-23,SAS,MIN,131,151,282,0,-20,1255.6487319219846,1517.0680472793326,-261.41931535734807,117.0,108.66666666666667,0.3333333333333333,0.6666666666666666,113.6,113.0,0.2,0.8,106.0,118.7,0.2,0.7,1,3,-2,1,-10.456772614293923,171.65,11.0,-10.033333333333331
22201228,2023-04-09,2022-23,LAL,UTA,128,117,245,1,11,1629.631395706908,1377.9636725382015,251.66772316870652,129.0,117.33333333333333,0.6666666666666666,0.3333333333333333,126.2,116.0,0.8,0.2,120.7,116.8,0.7,0.3,1,6,-5,1,10.06670892674826,175.55,8.299999999999997,0.5333333333333314
22201220,2023-04-09,2022-23,NYK,IND,136,141,277,0,-5,1609.9718665678702,1314.1251114392403,295.84675512862987,124.33333333333333,110.0,0.6666666666666666,0.0,119.8,111.4,0.4,0.2,117.7,113.8,0.5,0.4,6,6,0,1,11.833870205145194,172.8,6.633333333333326,-3.799999999999997
22201218,2023-04-09,2022-23,CLE,CHA,95,106,201,0,-11,1652.5202796206654,1349.790938886286,302.7293407343793,117.66666666666667,116.66666666666667,0.6666666666666666,0.6666666666666666,116.8,115.0,0.8,0.8,115.0,111.4,0.7,0.5,6,11,-5,1,12.109173629375173,172.95,2.6666666666666714,5.266666666666666
22201219,2023-04-09,2022-23,MIA,ORL,123,110,233,1,13,1510.9201389537045,1461.9141382614134,49.00600069229108,118.33333333333333,102.66666666666667,0.6666666666666666,0.3333333333333333,107.8,105.2,0.4,0.4,106.8,108.8,0.4,0.4,7,1,6,1,1.9602400276916432,168.25,11.533333333333331,-6.133333333333326
22201222,2023-04-09,2022-23,WAS,HOU,109,114,223,0,-5,1419.6598583474342,1308.8233145121876,110.83654383524663,109.66666666666667,113.66666666666667,0.0,0.3333333333333333,107.0,109.2,0.0,0.2,106.2,113.3,0.3,0.2,1,1,0,1,4.4334617534098655,169.05,3.4666666666666686,0.36666666666667425
22201221,2023-04-09,2022-23,TOR,MIL,121,105,226,1,16,1561.2963601051508,1662.7524476225803,-101.45608751742952,105.0,138.33333333333334,0.3333333333333333,1.0,110.6,133.0,0.4,0.8,110.5,128.1,0.3,0.8,11,4,7,1,-4.058243500697181,175.9,-5.5,10.233333333333348
22201224,2023-04-09,2022-23,DAL,SAS,117,138,255,0,-21,1403.630703459956,1244.584742770355,159.0459606896011,120.0,117.0,0.0,0.3333333333333333,118.2,113.6,0.2,0.2,116.1,106.0,0.3,0.2,1,4,-3,1,6.361838427584043,172.95,3.9000000000000057,11.0
22201223,2023-04-09,2022-23,CHI,DET,103,81,184,1,22,1557.570699493119,1195.7905225013153,361.7801769918037,109.33333333333333,113.0,0.6666666666666666,0.3333333333333333,111.6,108.4,0.6,0.2,114.4,104.8,0.8,0.1,4,1,3,1,14.47120707967215,170.0,-5.066666666666677,8.200000000000003
22201216,2023-04-09,2022-23,BOS,ATL,120,114,234,1,6,1697.5424250532424,1522.5223908331288,175.02003422011353,117.33333333333333,118.0,0.3333333333333333,0.3333333333333333,120.2,117.2,0.4,0.4,118.8,119.0,0.5,0.3,1,4,-3,1,7.000801368804542,174.35,-1.4666666666666686,-1.0
22201227,2023-04-09,2022-23,DEN,SAC,109,95,204,1,14,1508.56510534526,1544.2650194439427,-35.69991409868271,110.66666666666667,126.0,0.0,0.6666666666666666,108.6,123.6,0.2,0.6,111.0,121.9,0.3,0.8,6,3,3,1,-1.4279965639473085,173.05,-0.3333333333333286,4.099999999999994
22201230,2023-04-09,2022-23,POR,GSW,101,157,258,0,-56,1285.7720768523482,1609.9336540766722,-324.161577224324,120.33333333333333,118.66666666666667,0.0,0.6666666666666666,119.0,119.2,0.4,0.6,114.9,118.4,0.4,0.3,8,1,7,1,-12.96646308897296,174.55,5.433333333333323,0.2666666666666657
22201229,2023-04-09,2022-23,PHX,LAC,114,119,233,0,-5,1614.9296421688032,1592.0067496163583,22.922892552444864,117.33333333333333,116.33333333333333,0.6666666666666666,0.3333333333333333,118.0,118.6,0.4,0.4,118.2,118.2,0.5,0.5,2,7,-5,1,0.9169157020977946,174.15,-0.8666666666666742,-1.8666666666666742
22201225,2023-04-09,2022-23,MIN,NOP,113,108,221,1,5,1528.1320364309622,1589.434330294173,-61.30229386321071,119.33333333333333,113.33333333333333,0.6666666666666666,0.6666666666666666,115.2,117.6,0.8,0.8,122.8,113.4,0.7,0.5,6,9,-3,1,-2.4520917545284284,173.2,-3.4666666666666686,-0.06666666666667709
22201226,2023-04-09,2022-23,OKC,MEM,115,100,215,1,15,1471.1265103962262,1630.656694776474,-159.53018438024787,118.66666666666667,125.0,0.3333333333333333,0.3333333333333333,117.0,124.8,0.4,0.6,111.4,117.6,0.5,0.4,6,1,5,1,-6.3812073752099145,175.45,7.266666666666666,7.400000000000006
22201217,2023-04-09,2022-23,BKN,PHI,105,134,239,0,-29,1534.0555156704345,1610.1116582555883,-76.0561425851538,119.33333333333333,117.0,0.6666666666666666,0.3333333333333333,117.4,113.6,0.6,0.2,117.5,118.1,0.6,0.6,1,1,0,1,-3.042245703406152,172.75,1.8333333333333286,-1.0999999999999943
